artifact_type,path,sha256,source_stage,platform,npu,mac,workload,memory_mode,system_config,timing_adapter,measurement_type,file_ext,size_bytes,notes
derived frozen result,docs/paper/analysis/.omc/state/sessions/cacdc52d-41ab-4b19-8701-3b76597632c2/pre-tool-advisory-throttle.json,a56d2d28464fa99ca56bb048a506bd5f579daf703941b480e17f610aa871f8c9,.omc,,,,,,,,FVP whole-model PMU,.json,342,read-only input
derived frozen result,docs/paper/analysis/ANALYSIS_PLAN.md,d9ad168f1b43cc3d4bec91edc54978f1d318b1499fd8c2a93942b0a61ca8099d,ANALYSIS_PLAN.md,,,,,,,,FVP whole-model PMU,.md,4738,read-only input
derived frozen result,docs/paper/analysis/ANALYSIS_RESULTS_FROZEN.json,036e5819e393f2343768ed97be98a3aba09fd1ce814201d80c56f902558b74b5,ANALYSIS_RESULTS_FROZEN.json,,,,,,,,FVP whole-model PMU,.json,2468,read-only input
derived frozen result,docs/paper/analysis/ANALYSIS_RESULTS_FROZEN.sha256,167d267b820493bf305617469644ac6a856dc3b84e97a436f4eb3bd7355c849e,ANALYSIS_RESULTS_FROZEN.sha256,,,,,,,,FVP whole-model PMU,.sha256,65,read-only input
derived frozen result,docs/paper/analysis/DERIVED_RESULTS.md,8d5352f1adbd7c210cd851e49e5cfacb04d24526a44fa8716577caad45639fe7,DERIVED_RESULTS.md,,,,,,,,FVP whole-model PMU,.md,3592,read-only input
derived frozen result,docs/paper/analysis/PMU_CAPTURE_CORRECTION.md,4fbabf2463765d70056f127f51b3bbb88392c539e64c61fa6a146cfb99641528,PMU_CAPTURE_CORRECTION.md,,,,,,,,FVP whole-model PMU,.md,3497,read-only input
derived frozen result,docs/paper/analysis/PMU_PARSER_REQUALIFICATION.md,0000967c2b0debf1a2982f21b16ea545e6ac31b47205350483ee614849b4b48c,PMU_PARSER_REQUALIFICATION.md,,,,,,,,FVP whole-model PMU,.md,3048,read-only input
derived frozen result,docs/paper/analysis/analysis_meta.json,d310125db6228ec58a1492c90ab59a6a4a131be3aca4fd948e5c06474d7e64aa,analysis_meta.json,,,,,,,,FVP whole-model PMU,.json,362,read-only input
derived frozen result,docs/paper/analysis/analysis_plan_anchor.json,e160927185985fada2d66a0b19a1b08169f6d608cae9a3c991656517d5911af8,analysis_plan_anchor.json,,,,,,,,FVP whole-model PMU,.json,1567,read-only input
derived frozen result,docs/paper/analysis/analysis_plan_anchor.sha256,f955436dec079e8ba2d3c6d88d6affcde280f267cc5b54ff60d58737f7814785,analysis_plan_anchor.sha256,,,,,,,,FVP whole-model PMU,.sha256,65,read-only input
derived frozen result,docs/paper/analysis/analyzer.py,0c88203e1badd4a5951935dfb5ca7b2fa76bb27c1d516ee8cc0da0600bc5d959,analyzer.py,,,,,,,,FVP whole-model PMU,.py,7342,read-only input
derived frozen result,docs/paper/analysis/analyzer_test.py,ac912067b53df85c174fed1cdd4dadc9092c82c3674d982796d98b75448cdaa4,analyzer_test.py,,,,,,,,FVP whole-model PMU,.py,5550,read-only input
board derived result,docs/paper/analysis/board_rq3/RQ3_ANALYSIS_PLAN.md,4cdd25911e71a18d904a758d2a076b72bf457da0980883774c5d4a6724ebacff,board_rq3,,,,,,,,board PMU,.md,4748,read-only input
board derived result,docs/paper/analysis/board_rq3/RQ3_ANALYSIS_RESULTS_FROZEN.json,d7769531b2ef4df394725d98af3e78ec5fb0de25d94588caa2cc58976150c8b2,board_rq3,,,,,,,,board PMU,.json,2057,read-only input
board derived result,docs/paper/analysis/board_rq3/RQ3_ANALYSIS_RESULTS_FROZEN.sha256,d1101a4902d791d402a9f40973d715b23a00c14cb6da6090e9f2c4f617de687e,board_rq3,,,,,,,,board PMU,.sha256,65,read-only input
board derived result,docs/paper/analysis/board_rq3/RQ3_DERIVED_RESULTS.md,2bc77b9339d65d913ef135b5dd94d199d8583b4d808f3edc85228854c97408bf,board_rq3,,,,,,,,board PMU,.md,4019,read-only input
board derived result,docs/paper/analysis/board_rq3/canonical_board_cost.csv,0aaa91a141095f841d6c79999f0137f37e80c4fb6003202cb07f4a0486a6dbfe,board_rq3,,,,,,,,board PMU,.csv,366,read-only input
board derived result,docs/paper/analysis/board_rq3/fvp_board_ranking.csv,6d4f197554f886fd8900ac8174c1e4bd318a3f28836287d6e97d6fd9a8652256,board_rq3,,,,,,,,board PMU,.csv,192,read-only input
board derived result,docs/paper/analysis/board_rq3/normalized_relative_cost.csv,bacad0f36278aeb5417dc8f54cbdc3aed9a5e538086361174b14b7c885bf6897,board_rq3,,,,,,,,board PMU,.csv,312,read-only input
board derived result,docs/paper/analysis/board_rq3/ranking_preservation.json,097af11f27b7fd0cc229a9d848ede85b0a0c38eef8484dbbeea370f56fe87482,board_rq3,,,,,,,,board PMU,.json,144,read-only input
board derived result,docs/paper/analysis/board_rq3/rq3_analysis_meta.json,d412343e8e1ba6b2c1e4ecd703603d911da6056ec42b012150fc9bcc959b8b60,board_rq3,,,,,,,,board PMU,.json,602,read-only input
board derived result,docs/paper/analysis/board_rq3/rq3_analysis_plan_anchor.json,c5bd69cab7314afdce5075f56eeb03af78c17f61896852de381af5be1c90cdd9,board_rq3,,,,,,,,board PMU,.json,2657,read-only input
board derived result,docs/paper/analysis/board_rq3/rq3_analysis_plan_anchor.sha256,7bbfe14aa09a2c52bcc91d89f2de94b032c787e4ccf66ffd8de821d53f2de1a0,board_rq3,,,,,,,,board PMU,.sha256,65,read-only input
board derived result,docs/paper/analysis/board_rq3/rq3_analyzer.py,d962ce56535cdf5ecd0dd531e92c548d6b34f4a8da408a3a842acd4bf3f10599,board_rq3,,,,,,,,board PMU,.py,5186,read-only input
board derived result,docs/paper/analysis/board_rq3/rq3_analyzer_test.py,8c5e5866a509e2b3bb223b0811d98abfe77b50c0e75934e65f8a75a416f0539a,board_rq3,,,,,,,,board PMU,.py,4044,read-only input
derived frozen result,docs/paper/analysis/canonical_cells.csv,a67ca25e48b294970acde69cf8ed466345f196680e3287247722cd4077690b4b,canonical_cells.csv,,,,,,,,FVP whole-model PMU,.csv,24975,read-only input
derived frozen result,docs/paper/analysis/executability.csv,fe8c7580b5b7a4c98d708de63d8334d6ba8dabfa492a80e62de5468b04232b37,executability.csv,,,,,,,,FVP whole-model PMU,.csv,20353,read-only input
derived frozen result,docs/paper/analysis/pmu_within_generation.csv,87357d281d27f22c7e521d8198bd4d528d2283d366f98792b106aa4308d697c4,pmu_within_generation.csv,,,,,,,,FVP whole-model PMU,.csv,7834,read-only input
derived frozen result,docs/paper/analysis/pmuparse.py,5c837e17bfb8ba893f021f3233ed1e1908276e6c0e9a217fc7b6a3e98e8f9945,pmuparse.py,,,,,,,,FVP whole-model PMU,.py,2600,read-only input
derived frozen result,docs/paper/analysis/ranking_preservation.csv,c2de7c2f654a7cb2522482b336191ec74d4e68da8d96373c4a829b9424153988,ranking_preservation.csv,,,,,,,,FVP whole-model PMU,.csv,2918,read-only input
derived frozen result,docs/paper/analysis/saturation.csv,df76fa059475e1a99f1e8e348ab38537494b248874eddfdc292e0dd4cf5d2d7c,saturation.csv,,,,,,,,FVP whole-model PMU,.csv,1591,read-only input
derived frozen result,docs/paper/analysis/scaling.csv,20b4d4ada6c0dc7f3dd13ceaf2a9ab79387b1a62fb3c4e7622752588d06342d5,scaling.csv,,,,,,,,FVP whole-model PMU,.csv,9134,read-only input
derived frozen result,docs/paper/analysis/vela_fvp_trend_agreement.csv,4c488abd2b4df978410d1c5325ad57c58036bb0c1affa59c0ac02b63202acf1f,vela_fvp_trend_agreement.csv,,,,,,,,FVP whole-model PMU,.csv,1666,read-only input
derived frozen result,docs/paper/analysis/workload_ranking.csv,43639f11229991a5c4f5e5e9fe4ea1b75183fb38dc55f99b193b6e555958fae6,workload_ranking.csv,,,,,,,,FVP whole-model PMU,.csv,3794,read-only input
frozen evidence,docs/paper/evidence/.omc/state/sessions/cacdc52d-41ab-4b19-8701-3b76597632c2/pre-tool-advisory-throttle.json,b1adba64285e41c058f10ac764d267d8f63500639856dcffd69caad5de264539,.omc,,,,,,,,mixed,.json,342,read-only input
frozen evidence,docs/paper/evidence/BOARD_FORMAL_EVIDENCE_FROZEN.json,26090188cff9d2a551c84f2871ee078f523a81064b42010adec7121e9e83eda9,BOARD_FORMAL_EVIDENCE_FROZEN.json,,,,,,,,mixed,.json,16056,read-only input
frozen evidence,docs/paper/evidence/BOARD_FORMAL_EVIDENCE_FROZEN.sha256,e7a40b208694284466d3518ccfab26245281d11f3b3db917d708078eacad4f73,BOARD_FORMAL_EVIDENCE_FROZEN.sha256,,,,,,,,mixed,.sha256,65,read-only input
frozen evidence,docs/paper/evidence/FORMAL_EVIDENCE_FROZEN.json,766ca0a9deaf8dbd4cf9dac09669a2389d82a1951a692aa21310c094f85d7431,FORMAL_EVIDENCE_FROZEN.json,,,,,,,,mixed,.json,119298,read-only input
frozen evidence,docs/paper/evidence/FORMAL_EVIDENCE_FROZEN.sha256,6896a07b0b904345903a09b1efcdf1e2c8d4fe35a7ada65dd440035a043ead84,FORMAL_EVIDENCE_FROZEN.sha256,,,,,,,,mixed,.sha256,65,read-only input
board stage evidence,docs/paper/evidence/board-qualification-20260825/BOARD_DEPLOYMENT_IDENTITY.json,97d6f4ce64e1ab6185eefd0a88df03f3b0b3a7100a6594d6631504fe58967911,board-qualification-20260825,,,,,,,,board PMU,.json,6738,read-only input
board stage evidence,docs/paper/evidence/board-qualification-20260825/BOARD_DEPLOYMENT_IDENTITY.sha256,278fcfbb62c62f6d120f7d32269a2811c0fa606636ee12f0cf845a03189566ec,board-qualification-20260825,,,,,,,,board PMU,.sha256,65,read-only input
board stage evidence,docs/paper/evidence/board-qualification-20260825/BOARD_EXECUTABILITY_QUALIFICATION.md,f989326bc41f0cc70c131543f5ed085e2c6819fb53d0861610eb81ad38ff88e9,board-qualification-20260825,,,,,,,,board PMU,.md,2950,read-only input
board stage evidence,docs/paper/evidence/board-qualification-20260825/BOARD_FORMAL_PRECAMPAIGN_ANCHOR.json,7758c5e15ddfc52f312dba480cbe4ba401faf3ffca4c66f1947cae51c3e9570a,board-qualification-20260825,,,,,,,,board PMU,.json,2298,read-only input
board stage evidence,docs/paper/evidence/board-qualification-20260825/BOARD_FORMAL_PRECAMPAIGN_ANCHOR.sha256,87be2d9a14b7c2714e3a0abfeb47c4b30a0d6bdd3adc9f57212fccdaada20069,board-qualification-20260825,,,,,,,,board PMU,.sha256,65,read-only input
board stage evidence,docs/paper/evidence/board-qualification-20260825/BOARD_PROBE_HARNESS_FROZEN.json,ad99e871e3396ddf49085a4f80d44acce72fb6888160e49c96df266fa1cfd884,board-qualification-20260825,,,,,,,,board PMU,.json,2299,read-only input
board stage evidence,docs/paper/evidence/board-qualification-20260825/BOARD_PROBE_HARNESS_FROZEN.sha256,3cb2ec2600587e28db828a168aa69fd45c432b5fce944f8686b5ae5c90ab3f91,board-qualification-20260825,,,,,,,,board PMU,.sha256,65,read-only input
board stage evidence,docs/paper/evidence/board-qualification-20260825/BOARD_QUALIFICATION_FROZEN.json,4dfd920ccff6c4b83e3739260bed282a72b67b138870bb9f8ce39bc9489fe7fe,board-qualification-20260825,,,,,,,,board PMU,.json,1705,read-only input
board stage evidence,docs/paper/evidence/board-qualification-20260825/BOARD_QUALIFICATION_FROZEN.sha256,8b10703b9b4621b6b44cad1b1579a116a774e57a827cdc3e7f30524fe116caaa,board-qualification-20260825,,,,,,,,board PMU,.sha256,65,read-only input
board stage evidence,docs/paper/evidence/board-qualification-20260825/BOARD_QUALIFICATION_RESULTS.md,c187fc48c3bafa37cbb4d8be2fee480a5c95b3c97c948c9cb6ba78774cddcf10,board-qualification-20260825,,,,,,,,board PMU,.md,5212,read-only input
board stage evidence,docs/paper/evidence/board-qualification-20260825/attempt1_console.log,1649f621dc7f77de5d81fae0e9bc25a2b9b8f213de9420eef021a2b08271f0be,board-qualification-20260825,,,,,,,,board PMU,.log,2343,read-only input
board stage evidence,docs/paper/evidence/board-qualification-20260825/attempt1_evidence.json,04f2297d1dc5939e761412d649cb1f2af7895756a70ab661e027cdec2b653868,board-qualification-20260825,,,,,,,,board PMU,.json,6865,read-only input
board stage evidence,docs/paper/evidence/board-qualification-20260825/attempt2_app_uart.txt,1520a539ea2796d8b6256743bcdef7a5c91398fcf3bf2d2013ff12d366f3445f,board-qualification-20260825,,,,,,,,board PMU,.txt,3658,read-only input
board stage evidence,docs/paper/evidence/board-qualification-20260825/attempt2_console.log,d9af7cbcc385e7db7fba43bb9c2e70f06065fcdc15f47dbd15cee89d23fd4aa2,board-qualification-20260825,,,,,,,,board PMU,.log,3596,read-only input
board stage evidence,docs/paper/evidence/board-qualification-20260825/attempt2_evidence.json,5857a9b245c546f131d5765449a6c4cd0243e61300ca57bdd0445be8aa7399e5,board-qualification-20260825,,,,,,,,board PMU,.json,14379,read-only input
board stage evidence,docs/paper/evidence/board-qualification-20260825/board_probe.py,ce5051ebb238688a37de5c0e0bf1faa23e60266f83cbd9dacca2de86b7518128,board-qualification-20260825,,,,,,,,board PMU,.py,22505,read-only input
board stage evidence,docs/paper/evidence/board-qualification-20260825/harness_order_test.py,53d4a064a25fec1c66f6ce2c91e26909f5d36cbdf1cb0b8856e81dfa3d811c67,board-qualification-20260825,,,,,,,,board PMU,.py,4452,read-only input
board stage evidence,docs/paper/evidence/board-qualification-20260825/six/board_exec_qualification.tar.gz,a02c7ece03122c85ada478a8954ade8fa2147a69912fdce30e35a010764b8207,board-qualification-20260825,,,,,,,,board PMU,.gz,7517,read-only input
board stage evidence,docs/paper/evidence/board-qualification-20260825/six/six_runs_console.log,528c88123c7f2b758a33906f570fbafd93605f1308fe4a138c51b576fee9b841,board-qualification-20260825,,,,,,,,board PMU,.log,23121,read-only input
board stage evidence,docs/paper/evidence/board-stage-b1-20260825/STAGE_B1_EVIDENCE_FROZEN.json,5ac06ca4d8157fce063e055a8b79899a1ff1ba50b2a69546bdefda455da09782,board-stage-b1-20260825,,,,,,,,board PMU,.json,12378,read-only input
board stage evidence,docs/paper/evidence/board-stage-b1-20260825/STAGE_B1_EVIDENCE_FROZEN.sha256,4300ad54598a8c8d97ae62920424ac0662c3f99ea0cf34411e59837932e95e57,board-stage-b1-20260825,,,,,,,,board PMU,.sha256,65,read-only input
board stage evidence,docs/paper/evidence/board-stage-b1-20260825/STAGE_B1_RESULTS.md,88d50fbb35ca7c015a45bfb33e17aa442ca51261a8412855ce01e5872254bffe,board-stage-b1-20260825,,,,,,,,board PMU,.md,2975,read-only input
board stage evidence,docs/paper/evidence/board-stage-b1-20260825/stage_b1_console.log,d538fd9dfa1ffd73cc1e77698785ae778aab11d5f1ae7a269465eff57ecdc0d4,board-stage-b1-20260825,,,,,,,,board PMU,.log,30502,read-only input
board stage evidence,docs/paper/evidence/board-stage-b1-20260825/stage_b1_records.tar.gz,e8cd6b20292d39bb870fabb4195c35bad0f955a3c946dccf2faa76fcc2834151,board-stage-b1-20260825,,,,,,,,board PMU,.gz,8852,read-only input
board stage evidence,docs/paper/evidence/board-stage-b2-20260826/STAGE_B2_EVIDENCE_FROZEN.json,44238dabe3f537db143acdbc61fec2535dfc6cc7245b39c8187fa4fe57526873,board-stage-b2-20260826,,,,,,,,board PMU,.json,12461,read-only input
board stage evidence,docs/paper/evidence/board-stage-b2-20260826/STAGE_B2_EVIDENCE_FROZEN.sha256,b03c3697b7ae33c7d9c4e07b8a171428bab4ef2476691bd3781a4202af048b45,board-stage-b2-20260826,,,,,,,,board PMU,.sha256,65,read-only input
board stage evidence,docs/paper/evidence/board-stage-b2-20260826/STAGE_B2_RESULTS.md,17119375172cee2200386b8b8e90d951c67b8d2801a89606dcd14491554c7521,board-stage-b2-20260826,,,,,,,,board PMU,.md,2935,read-only input
board stage evidence,docs/paper/evidence/board-stage-b2-20260826/stage_b2_console.log,f799929c0f2cc02fdf8a3396a0e77f4cca28682735b121c6cea3f4e209b9332c,board-stage-b2-20260826,,,,,,,,board PMU,.log,30496,read-only input
board stage evidence,docs/paper/evidence/board-stage-b2-20260826/stage_b2_records.tar.gz,48832a20d52660ceafa7dcb53afba12e6a859b31fd8af3e7e04e0fec0210583b,board-stage-b2-20260826,,,,,,,,board PMU,.gz,8847,read-only input
board stage evidence,docs/paper/evidence/board-stage-b3-20260826/STAGE_B3_RESULTS.md,2387042b8c255e4a95b2c51b8f0ade6bfad7c266171de46ee79402f1960f45bf,board-stage-b3-20260826,,,,,,,,board PMU,.md,2534,read-only input
board stage evidence,docs/paper/evidence/board-stage-b3-20260826/stage_b3_console.log,aa583f9426b6d98de9d0aedda64f77ec9512bb665b7de0fae14002771f18d303,board-stage-b3-20260826,,,,,,,,board PMU,.log,30793,read-only input
board stage evidence,docs/paper/evidence/board-stage-b3-20260826/stage_b3_records.tar.gz,937525a16f009368f095a7d860a703b8f9deb8342e522d166e8e311fcecad49b,board-stage-b3-20260826,,,,,,,,board PMU,.gz,8855,read-only input
executability result,docs/paper/evidence/executability-20260825/AMENDMENT_ARENA_RETRY.md,f7b8e2f98bce901cfbe32475a2a2cd5ed9aa27603b11a56de408a8788eeef287,executability-20260825,,,,,,,,build outcome,.md,3637,read-only input
executability result,docs/paper/evidence/executability-20260825/ANCHOR_SUPERSESSION.md,59e2b071e9730f5023325281968c6e66ac4e5a1b2424ea0971d53ee417471434,executability-20260825,,,,,,,,build outcome,.md,1726,read-only input
executability result,docs/paper/evidence/executability-20260825/ARENA_RULE_OPERATIONALIZATION.md,52e4150e558002e71b7ae1077f77742c10ca5f4e2428d1b0b017749d7c19b665,executability-20260825,,,,,,,,build outcome,.md,2840,read-only input
executability result,docs/paper/evidence/executability-20260825/BUILD_PROVENANCE_CLOSURE.md,6987257ada8eef415076e192d460ba7a6d5f2baf272c6ebd6ec340f574c6c700,executability-20260825,,,,,,,,build outcome,.md,3373,read-only input
executability result,docs/paper/evidence/executability-20260825/BUILD_TREE_HYGIENE.md,c93a6227efdf2f1e8faf00beb1f5fb307f88ddb93522c1605fc4f7d837df9866,executability-20260825,,,,,,,,build outcome,.md,2279,read-only input
executability result,docs/paper/evidence/executability-20260825/FORMAL_PRESWEEP_ANCHOR.json,9f9363f2323a74f0880e4ceb912a0b3a2f468295d3be73ea59368d778c5a141c,executability-20260825,,,,,,,,build outcome,.json,139594,read-only input
executability result,docs/paper/evidence/executability-20260825/FORMAL_PRESWEEP_ANCHOR.sha256,24f8ce09e0fa6e2670aef3b54ebdc599c2c7928c7159f4833ddf0f397e8808fc,executability-20260825,,,,,,,,build outcome,.sha256,65,read-only input
executability result,docs/paper/evidence/executability-20260825/FORMAL_REBASELINE_RESULTS.md,8204fbb0708df5df72240cef6e9dd9981f9fbcee3bf9075559e51d6a8efac689,executability-20260825,,,,,,,,build outcome,.md,2605,read-only input
executability result,docs/paper/evidence/executability-20260825/HARNESS_REQUALIFICATION.md,cf5cf841fe4c8d6afb3b2286a36eb5126c654c1bde996e1c54a76b056d7ce45f,executability-20260825,,,,,,,,build outcome,.md,2271,read-only input
executability result,docs/paper/evidence/executability-20260825/MATRIX_SPLIT.md,3d3d2497e1136459088b6153d958d5e8336bb8a95d45b0b9d05cac68c72b2c19,executability-20260825,,,,,,,,build outcome,.md,2979,read-only input
executability result,docs/paper/evidence/executability-20260825/PAPER_FVP_REPRODUCIBLE_BUILD_AMENDMENT.md,e25fe0afa5cda2d45c36dc689e968b57b51afce60d7cc0d58c5257d38cb45d02,executability-20260825,,,,,,,,build outcome,.md,7088,read-only input
executability result,docs/paper/evidence/executability-20260825/RESULTS.md,e3b48a363723984990ffd52722d8b49a8f1890c3089a16558372e3a7de03617e,executability-20260825,,,,,,,,build outcome,.md,6544,read-only input
executability result,docs/paper/evidence/executability-20260825/STAGE1_HALT_AXF_REPRODUCTION.md,fffc4463b41da1feca3bd9837a273193e829f7fe7180ff78e3c0b89cac0bbea4,executability-20260825,,,,,,,,build outcome,.md,3850,read-only input
executability result,docs/paper/evidence/executability-20260825/SUMMARY.json,748700e785b57ad3f1d12bb1fc7ad41ad3735318c4b1f67bd625d3c14c060f2f,executability-20260825,,,,,,,,build outcome,.json,4381,read-only input
executability result,docs/paper/evidence/executability-20260825/canonical_74_cell_order.json,93dffff356b9deafbc22df9f07de626dabcb340e57a25f87eca9b0026e1bdff3,executability-20260825,,,,,,,,build outcome,.json,76513,read-only input
executability result,docs/paper/evidence/executability-20260825/ccident.py,9bed7620e5571be37225d197e0acec58378f4bcf346d7fff363ab64b62f17b1b,executability-20260825,,,,,,,,build outcome,.py,2674,read-only input
executability result,docs/paper/evidence/executability-20260825/ccident_test.py,7002bcb463eb5155818064505def799e3659cbb2ade279442fb65a74f4be9fb9,executability-20260825,,,,,,,,build outcome,.py,2337,read-only input
executability result,docs/paper/evidence/executability-20260825/cells/per_cell_evidence.tar.gz,a5e9d022f3039840736a800373108a6e1dc05953969a10b1d7d6ba50f34d3dab,executability-20260825,,,,,,,,build outcome,.gz,61986,read-only input
executability result,docs/paper/evidence/executability-20260825/closure_sse-300.txt,a943463c018c3d7a85599fbf03cfc581fdb8ee36e12064efb8a413807acce800,executability-20260825,,,,,,,,build outcome,.txt,54107,read-only input
executability result,docs/paper/evidence/executability-20260825/closure_sse-310.txt,0c24f5f08730e070f805f2df5af05d228459d07166bf06e84ccdaf5c7cc2d1c3,executability-20260825,,,,,,,,build outcome,.txt,53851,read-only input
executability result,docs/paper/evidence/executability-20260825/closure_sse-315.txt,0a11b4005338755a7593a7b2bfe6b9137d1c6f08888dba8c782bbfc5191709f6,executability-20260825,,,,,,,,build outcome,.txt,53968,read-only input
executability result,docs/paper/evidence/executability-20260825/closure_sse-320.txt,d4b4ee8f1128165b7fec92e631c44b4f6759ce2cbbd130bc5333429e1d427e74,executability-20260825,,,,,,,,build outcome,.txt,54220,read-only input
executability result,docs/paper/evidence/executability-20260825/driver.log,24bea1bdc61cbc42caa779275c29a0cde6832866f8b126cb9a988a988bc9212f,executability-20260825,,,,,,,,build outcome,.log,17619,read-only input
executability result,docs/paper/evidence/executability-20260825/formal/AB_GATE.json,d5d26f31647cb621921e32100aa8e67a0cd343bf1812ee78bb18a431b75480b0,executability-20260825,,,,,,,,build outcome,.json,1567,read-only input
executability result,docs/paper/evidence/executability-20260825/formal/formal_reference_evidence.tar.gz,49ae2e46fbc77f7d327b0c93b3c4b735a66678405783b4e8c75ed29bce0dd041,executability-20260825,,,,,,,,build outcome,.gz,26078,read-only input
executability result,docs/paper/evidence/executability-20260825/formal/rebase.log,bfcb8adfa3e362df8698d617e5e64025e76a4d34d54fd3973b7183d8752be78f,executability-20260825,,,,,,,,build outcome,.log,6236,read-only input
executability result,docs/paper/evidence/executability-20260825/formal_baseline.py,eceffbf075cd959faaf5539b98a4e9e7b5591dea29b1193cb8a5074a88a5a329,executability-20260825,,,,,,,,build outcome,.py,10784,read-only input
executability result,docs/paper/evidence/executability-20260825/mps4_platform_drivers_local_mod.diff,a5c008fe7ad4bc6d8d2a3f3432fd4a9842159e8bbca64aa6ea884f0eba5ce23f,executability-20260825,,,,,,,,build outcome,.diff,800,read-only input
fpga build evidence,docs/paper/evidence/fpga-builds-20260825/BOARD_RNNOISE_PREPROBE_ANCHOR.json,261acbe063b1f0534689e72503ad7a2275fe453f93901fed6b594ff9dc26e4b1,fpga-builds-20260825,,,,,,,,build metadata,.json,2968,read-only input
fpga build evidence,docs/paper/evidence/fpga-builds-20260825/BOARD_RNNOISE_PREPROBE_ANCHOR.sha256,0a2e6d52ed567c3b54eb03fda87e3a5d9225c2e89fdee44c0ef08bbf034d96fd,fpga-builds-20260825,,,,,,,,build metadata,.sha256,65,read-only input
fpga build evidence,docs/paper/evidence/fpga-builds-20260825/FPGA_BUILDS.md,2d194d2b449e11f17909e9be124419df1ff9612b6f06c6ceb46045ee3c7b267b,fpga-builds-20260825,,,,,,,,build metadata,.md,3339,read-only input
fpga build evidence,docs/paper/evidence/fpga-builds-20260825/fpga_build.py,6c688a5d7d522de1f8743ec3b35eb786a321c10ea622102d422447a215c452ef,fpga-builds-20260825,,,,,,,,build metadata,.py,6057,read-only input
fpga build evidence,docs/paper/evidence/fpga-builds-20260825/fpga_builds.json,067ade05b651a35eeead4f9759dc497b1ebc94dec614aac5bf621c5739dfe29d,fpga-builds-20260825,,,,,,,,build metadata,.json,16326,read-only input
qualification evidence,docs/paper/evidence/fvp-qualification-20260824/README.md,4513a3b58661f1cbb86615df27909443be87f14de454803d3a685b7f8ba2ffb2,fvp-qualification-20260824,,,,,,,,FVP whole-model PMU,.md,5369,read-only input
qualification evidence,docs/paper/evidence/fvp-qualification-20260824/qualification_uart.txt,bfd41b76c96cf7865efe6cbf161085a8d643d56382ba28ca46ef8b97af8f3e68,fvp-qualification-20260824,,,,,,,,FVP whole-model PMU,.txt,2323,read-only input
qualification evidence,docs/paper/evidence/fvp-qualification-20260824/rnnoise_uart.txt,43b41ea1bd30df8182a5eb81a4fdeb1d8b67cb50481269dd98ddb93144ae7d86,fvp-qualification-20260824,,,,,,,,FVP whole-model PMU,.txt,3439,read-only input
qualification evidence,docs/paper/evidence/pre-sweep-qualification-20260824/BUILD_GRAPH_AUDIT.md,5c5298b73479d0cf2fc6d230828ce1163f51b2bd10f9e104eb54b2e29c05178b,pre-sweep-qualification-20260824,,,,,,,,FVP whole-model PMU,.md,1578,read-only input
qualification evidence,docs/paper/evidence/pre-sweep-qualification-20260824/EXECUTABILITY.md,107d66890ff3ca0a826c9f2b846372915e4f99d41f63d172efc784c628b453f6,pre-sweep-qualification-20260824,,,,,,,,FVP whole-model PMU,.md,2955,read-only input
qualification evidence,docs/paper/evidence/pre-sweep-qualification-20260824/EXECUTION_SEMANTICS.md,6e0f2c97a0ab71702cc72d986fa151c5a2a1fb100d7dda50129df197776ea93f,pre-sweep-qualification-20260824,,,,,,,,FVP whole-model PMU,.md,3353,read-only input
qualification evidence,docs/paper/evidence/pre-sweep-qualification-20260824/TIMING_ADAPTER_AUDIT.md,2d07cc271aa805412aff1ffe1e8ab13e4f17697ead8b1ace65cb89cd44a563e3,pre-sweep-qualification-20260824,,,,,,,,FVP whole-model PMU,.md,4124,read-only input
qualification evidence,docs/paper/evidence/pre-sweep-qualification-20260824/probe_results.json,95bb715ef70f19f2df21a2cb127907c6a75be1ef2164bc2707c8d83a2f8ff545,pre-sweep-qualification-20260824,,,,,,,,FVP whole-model PMU,.json,1165,read-only input
stage evidence (parsed JSON + tarball),docs/paper/evidence/stage1-formal-20260825/.omc/state/sessions/cacdc52d-41ab-4b19-8701-3b76597632c2/pre-tool-advisory-throttle.json,2ac453fbed79f48965b05d232fe000c1b2d478f92c8fafcf40b4486b3cd0e2f2,stage1-formal-20260825,,,,,,,,FVP whole-model PMU,.json,342,read-only input
stage evidence (parsed JSON + tarball),docs/paper/evidence/stage1-formal-20260825/DETERMINISTIC_METRIC_VECTOR.md,99ffa462f3276dd1e065e439861803afe2975b2354347248dba06bbf8b0c54ea,stage1-formal-20260825,,,,,,,,FVP whole-model PMU,.md,2218,read-only input
stage evidence (parsed JSON + tarball),docs/paper/evidence/stage1-formal-20260825/STAGE1_EVIDENCE_FROZEN.json,32d7e70ed6303d4a1ece33074028e6009b54d0116faf5af21a2353db611de3d7,stage1-formal-20260825,,,,,,,,FVP whole-model PMU,.json,118056,read-only input
stage evidence (parsed JSON + tarball),docs/paper/evidence/stage1-formal-20260825/STAGE1_EVIDENCE_FROZEN.sha256,89007dc6cf1c58dfe89b6d9c51a6a36dc102cff0e692767ca6e699f2f5a40a42,stage1-formal-20260825,,,,,,,,FVP whole-model PMU,.sha256,65,read-only input
stage evidence (parsed JSON + tarball),docs/paper/evidence/stage1-formal-20260825/STAGE1_RESULTS.md,8989c6467de0f1e4fc073fffcb0664e3540d24eec452a76a05c79d91cd6f4607,stage1-formal-20260825,,,,,,,,FVP whole-model PMU,.md,2325,read-only input
stage evidence (parsed JSON + tarball),docs/paper/evidence/stage1-formal-20260825/stage1.log,cb993b933d9c763ba21705f16bfc657fac5593728ebcc39c043658bfa3bd3d32,stage1-formal-20260825,,,,,,,,FVP whole-model PMU,.log,6832,read-only input
stage evidence (parsed JSON + tarball),docs/paper/evidence/stage1-formal-20260825/stage1.py,403146af1dc872ea3ecdf46c8194de5fdb73b9e3b94fac284e6d26012b7793be,stage1-formal-20260825,,,,,,,,FVP whole-model PMU,.py,12253,read-only input
stage evidence (parsed JSON + tarball),docs/paper/evidence/stage1-formal-20260825/stage1_m1_evidence.tar.gz,d043458b2eda753ad0c2216a2301e7ca00e0732335cd4e2235f2c92c01449625,stage1-formal-20260825,,,,,,,,FVP whole-model PMU,.gz,19631,read-only input
stage evidence (parsed JSON + tarball),docs/paper/evidence/stage2-formal-20260825/STAGE2_EVIDENCE_FROZEN.json,f8ad3d92baa082ae6cb60d405fb5e5e8d3615d5e15f26457cc9b7ac2081963a4,stage2-formal-20260825,,,,,,,,FVP whole-model PMU,.json,124626,read-only input
stage evidence (parsed JSON + tarball),docs/paper/evidence/stage2-formal-20260825/STAGE2_EVIDENCE_FROZEN.sha256,65df977ff04fc852b7e64b17572b13c5848a961f7baeba065dc28e97dfb1837a,stage2-formal-20260825,,,,,,,,FVP whole-model PMU,.sha256,65,read-only input
stage evidence (parsed JSON + tarball),docs/paper/evidence/stage2-formal-20260825/STAGE2_RESULTS.md,c60e8893a594298275a7bac26578c8c796f8ea1c39eae443c65734a1fdaf2b2e,stage2-formal-20260825,,,,,,,,FVP whole-model PMU,.md,2545,read-only input
stage evidence (parsed JSON + tarball),docs/paper/evidence/stage2-formal-20260825/stage2.log,be68cc36d900a1abfc1ed2530899c219e5277ebd5f4ffd9ccab6faf71c4f2233,stage2-formal-20260825,,,,,,,,FVP whole-model PMU,.log,7638,read-only input
stage evidence (parsed JSON + tarball),docs/paper/evidence/stage2-formal-20260825/stage2.py,0d8a84ec1a4d664412c93116f0aa1fbff508586f64f201ec3cb8812633b8f403,stage2-formal-20260825,,,,,,,,FVP whole-model PMU,.py,14327,read-only input
stage evidence (parsed JSON + tarball),docs/paper/evidence/stage2-formal-20260825/stage2_m2_evidence.tar.gz,2febbb0db5ae1431c4a957112c35ecf805e3e0ad4078debfb82b1a41b4a96d63,stage2-formal-20260825,,,,,,,,FVP whole-model PMU,.gz,19837,read-only input
stage evidence (parsed JSON + tarball),docs/paper/evidence/stage3-formal-20260825/STAGE3_RESULTS.md,909ae58a8c111bcbf25d5f0d11628e22ce0e53f5e7bd6b408971224756541bf1,stage3-formal-20260825,,,,,,,,FVP whole-model PMU,.md,2512,read-only input
stage evidence (parsed JSON + tarball),docs/paper/evidence/stage3-formal-20260825/stage3.log,2e651cc9722a67d61e62e334dc7f7c820d55064ce8deee37f9703477bb8ddfcd,stage3-formal-20260825,,,,,,,,FVP whole-model PMU,.log,7934,read-only input
stage evidence (parsed JSON + tarball),docs/paper/evidence/stage3-formal-20260825/stage3.py,855962317edfeb3ee11e5374d48e04a9e936e150308cacbc4fd9a826507caf8b,stage3-formal-20260825,,,,,,,,FVP whole-model PMU,.py,14736,read-only input
stage evidence (parsed JSON + tarball),docs/paper/evidence/stage3-formal-20260825/stage3_m3_evidence.tar.gz,8a75f6aa3596eaaa57fd0e3b992f468fbdc9c5a3651e8463fce19251a636f384,stage3-formal-20260825,,,,,,,,FVP whole-model PMU,.gz,19840,read-only input
Vela summary CSV,docs/paper/evidence/vela-matrix-20260824/README.md,6ccfa1bece63d566f487c6bb47b1a950708dad8f305f4608fc455f5bc20ae398,vela-matrix-20260824,,,,,,,,compiler estimate,.md,3799,read-only input
Vela summary CSV,docs/paper/evidence/vela-matrix-20260824/matrix_meta.json,3779983fa310471e8f96b09110689e18b7f51993e59dd4159f2107778c27c135,vela-matrix-20260824,,,,,,,,compiler estimate,.json,75,read-only input
Vela summary CSV,docs/paper/evidence/vela-matrix-20260824/vela_matrix.csv,ce5fd190f1772097829244f9bbcb6932f0b57f1322e598aa0cc2b48958a160b1,vela-matrix-20260824,,,,,,,,compiler estimate,.csv,97472,read-only input
mechanism derived result,docs/paper/mechanism/.omc/state/sessions/cacdc52d-41ab-4b19-8701-3b76597632c2/pre-tool-advisory-throttle.json,d3066d3b10627bf14605e882ad522e47a4d7e596959755d20386287d4f53e51c,.omc,,,,,,,,per-layer / IRQ profiling PMU,.json,342,read-only input
mechanism derived result,docs/paper/mechanism/U65_BINARY_BACKEND_AUDIT.md,e783e037a15d2fac9451c0812dd0483b8d227e0753ad90c7f680fad8893127f6,U65_BINARY_BACKEND_AUDIT.md,,,,,,,,per-layer / IRQ profiling PMU,.md,2243,read-only input
mechanism derived result,docs/paper/mechanism/U65_BRIDGE_LIMITATIONS.md,f3692da5a53c2d8d1e616364d0717ef71753055503fc3f2c1f50b257a8581035,U65_BRIDGE_LIMITATIONS.md,,,,,,,,per-layer / IRQ profiling PMU,.md,1339,read-only input
mechanism derived result,docs/paper/mechanism/U65_BRIDGE_PLAN.md,5de4e806daa46e0b2f89e0e8360c11201a716d149fd4eb7f7c0deb4f037be5b3,U65_BRIDGE_PLAN.md,,,,,,,,per-layer / IRQ profiling PMU,.md,5908,read-only input
mechanism derived result,docs/paper/mechanism/U65_BRIDGE_RESULTS.md,19d988bec1e1ca2068268c092eeac842e2e36544622d389f638f9c5ce83bf2b3,U65_BRIDGE_RESULTS.md,,,,,,,,per-layer / IRQ profiling PMU,.md,3443,read-only input
mechanism derived result,docs/paper/mechanism/U65_BRIDGE_RUNTIME_EQUIVALENCE.csv,c688737855fb98fac689b9027e2d3eccc075b9a63eb9615333ac64a651766eba,U65_BRIDGE_RUNTIME_EQUIVALENCE.csv,,,,,,,,per-layer / IRQ profiling PMU,.csv,769,read-only input
mechanism derived result,docs/paper/mechanism/U65_BRIDGE_STRUCTURAL_EQUIVALENCE.csv,37e6114a86f3e72cc16ae565a93441dcb282e66b2e6a867489534cbee5cd6c76,U65_BRIDGE_STRUCTURAL_EQUIVALENCE.csv,,,,,,,,per-layer / IRQ profiling PMU,.csv,806,read-only input
mechanism derived result,docs/paper/mechanism/U85_256_512_DIFFERENTIAL.csv,7bcdb5d1e6a638a4c69f7253a00ad852f9829c2c53bf93ae0138fa2067d591bd,U85_256_512_DIFFERENTIAL.csv,,,,,,,,per-layer / IRQ profiling PMU,.csv,142294,read-only input
mechanism derived result,docs/paper/mechanism/U85_ATTRIBUTION_UNITS.csv,c3c369f1f9bb6b4071425c40eca92311abf650cf1a89d35131321eb8f647d6cb,U85_ATTRIBUTION_UNITS.csv,,,,,,,,per-layer / IRQ profiling PMU,.csv,50630,read-only input
mechanism derived result,docs/paper/mechanism/U85_BASELINE_BINDING.md,6b7939c5319ac51339715d9b7ceec6aed653882c43c80453430b77e2ad9701f6,U85_BASELINE_BINDING.md,,,,,,,,per-layer / IRQ profiling PMU,.md,4937,read-only input
mechanism derived result,docs/paper/mechanism/U85_COMMANDSTREAM_REWRITE_PLAN.md,9bd42ffa0ad85bd355aa60226a871b012b6f4fdb1918d6dfa013aa70a61b116b,U85_COMMANDSTREAM_REWRITE_PLAN.md,,,,,,,,per-layer / IRQ profiling PMU,.md,4401,read-only input
mechanism derived result,docs/paper/mechanism/U85_COMMANDSTREAM_REWRITE_RESULTS.md,956de54239ffb11a33a9024d376649061e4591b3504c83665a3273e4566d1b42,U85_COMMANDSTREAM_REWRITE_RESULTS.md,,,,,,,,per-layer / IRQ profiling PMU,.md,5631,read-only input
mechanism derived result,docs/paper/mechanism/U85_FORMAL_MATRIX.csv,7bd22d1e2997a70324bc16aa92edafc739a49a1fd3112663f6916c392d00907f,U85_FORMAL_MATRIX.csv,,,,,,,,per-layer / IRQ profiling PMU,.csv,7963,read-only input
mechanism derived result,docs/paper/mechanism/U85_GROUP_DIFFERENTIAL.csv,08bf014283c52496f2ded7add7c4bbfc28259b1329b309d56f6367a492b4701f,U85_GROUP_DIFFERENTIAL.csv,,,,,,,,per-layer / IRQ profiling PMU,.csv,23204,read-only input
mechanism derived result,docs/paper/mechanism/U85_LAYER_PROFILING_PATH.md,01581b1ae3858ac25270e029e577d388b4fc591b75afc27ae535cff176dc2630,U85_LAYER_PROFILING_PATH.md,,,,,,,,per-layer / IRQ profiling PMU,.md,5226,read-only input
mechanism derived result,docs/paper/mechanism/U85_MECHANISM_ANALYSIS_PLAN.md,3ff3dd5f2e3944827ea287d6715c9df613abdf6f444a16fa9ddc85f1ac3ab3cb,U85_MECHANISM_ANALYSIS_PLAN.md,,,,,,,,per-layer / IRQ profiling PMU,.md,7777,read-only input
mechanism derived result,docs/paper/mechanism/U85_MECHANISM_CAPABILITY_AUDIT.md,8bb24c5b87c14e998be6cf3e0ff2980366bdc567ecab95563a471c8472fa3ab8,U85_MECHANISM_CAPABILITY_AUDIT.md,,,,,,,,per-layer / IRQ profiling PMU,.md,6471,read-only input
mechanism derived result,docs/paper/mechanism/U85_MECHANISM_LIMITATIONS.md,abb7d39468051a2d5e9617ad70bc7b0975ed65a1b8ed3eb11e724ad0356c02a1,U85_MECHANISM_LIMITATIONS.md,,,,,,,,per-layer / IRQ profiling PMU,.md,2537,read-only input
mechanism derived result,docs/paper/mechanism/U85_MECHANISM_META.json,308ce95e538a69eeb7f0bb3af159ba8a0708e204320cf7402c41252768759aa6,U85_MECHANISM_META.json,,,,,,,,per-layer / IRQ profiling PMU,.json,1576,read-only input
mechanism derived result,docs/paper/mechanism/U85_MECHANISM_NARRATIVE.md,f3fbcfb02e795585fa220a0f51e85335f0f8abe3c55aa6778ad8fd200374fa5f,U85_MECHANISM_NARRATIVE.md,,,,,,,,per-layer / IRQ profiling PMU,.md,8503,read-only input
mechanism derived result,docs/paper/mechanism/U85_MECHANISM_PLAN_ANCHOR.sha256,bd30e2047da92b85127da730038ff54a8e8895ce96d33b4267d58f852ff4473a,U85_MECHANISM_PLAN_ANCHOR.sha256,,,,,,,,per-layer / IRQ profiling PMU,.sha256,475,read-only input
mechanism derived result,docs/paper/mechanism/U85_MECHANISM_RESULTS.md,4b091feec215d4e2d79976ac76c82dcbed26a5adb9b9fd4b19bf2eb131b7f589,U85_MECHANISM_RESULTS.md,,,,,,,,per-layer / IRQ profiling PMU,.md,5384,read-only input
mechanism derived result,docs/paper/mechanism/U85_OPERATOR_MATCH.csv,a94f792278d51dcb83088e46ef72f3b359906ef2d277912093c48025f9d6e361,U85_OPERATOR_MATCH.csv,,,,,,,,per-layer / IRQ profiling PMU,.csv,31903,read-only input
mechanism derived result,docs/paper/mechanism/U85_P1A_MATRIX.json,4c02fcefb4af76d21fe350cdf3535d48564506d40a5fe3fe4648a8ea055948c1,U85_P1A_MATRIX.json,,,,,,,,per-layer / IRQ profiling PMU,.json,6811,read-only input
mechanism derived result,docs/paper/mechanism/U85_P1A_MEMORY_ROBUSTNESS_PLAN.md,d5676b6e6e3e96c6190e732b8351b0e7f95d7ecee1bdecc95b88a05a516dc2dd,U85_P1A_MEMORY_ROBUSTNESS_PLAN.md,,,,,,,,per-layer / IRQ profiling PMU,.md,3631,read-only input
mechanism derived result,docs/paper/mechanism/U85_P1A_RESULTS.md,f205efbf0aea224ea9ff775a8bedca7ff5ead7cc5502429b3e40b200df4279c3,U85_P1A_RESULTS.md,,,,,,,,per-layer / IRQ profiling PMU,.md,3758,read-only input
mechanism derived result,docs/paper/mechanism/U85_P1B_CROSSMODE_GROUPS.csv,99945faf3092706b62b60e9a5b9aab3ee6485e863c60f94eedd9cf5ad95ce6bc,U85_P1B_CROSSMODE_GROUPS.csv,,,,,,,,per-layer / IRQ profiling PMU,.csv,5991,read-only input
mechanism derived result,docs/paper/mechanism/U85_P1B_PLAN.md,0d2fed56836779a207590df4b1bd3662a79a6678ec07433ab584988b9672f240,U85_P1B_PLAN.md,,,,,,,,per-layer / IRQ profiling PMU,.md,2841,read-only input
mechanism derived result,docs/paper/mechanism/U85_P1B_RESULTS.md,4c7411404789554d58702943d06a9d1fbee292acb11a18436b2883ceb25718bb,U85_P1B_RESULTS.md,,,,,,,,per-layer / IRQ profiling PMU,.md,3941,read-only input
mechanism derived result,docs/paper/mechanism/U85_PMU_EVENT_AUTHORITY.csv,5f6d417d837e942cc6dd85ce043bce2abbd6721598d9f4421f2fb1cdbe6cd9a3,U85_PMU_EVENT_AUTHORITY.csv,,,,,,,,per-layer / IRQ profiling PMU,.csv,38685,read-only input
mechanism derived result,docs/paper/mechanism/U85_PROFILING_QUALIFICATION.md,bd6668457cfa9437c2e216f52a1f964e5422c3862023a52ba8376af76bd58063,U85_PROFILING_QUALIFICATION.md,,,,,,,,per-layer / IRQ profiling PMU,.md,8126,read-only input
mechanism derived result,docs/paper/mechanism/evidence/20260902-p0c-profiling-qualification/binaries.tar.gz,14475b11a085f118f17e3de7fbc02d2f874552523928a31dd3142a17c1082103,evidence,,,,,,,,per-layer / IRQ profiling PMU,.gz,6026545,read-only input
mechanism derived result,docs/paper/mechanism/evidence/20260902-p0c-profiling-qualification/build-logs/pc/build-clean.build.log,450fd14dbb017127cd24749faeb46bc8522d54936db093f8dceac3119506969b,evidence,,,,,,,,per-layer / IRQ profiling PMU,.log,67475,read-only input
mechanism derived result,docs/paper/mechanism/evidence/20260902-p0c-profiling-qualification/build-logs/pc/build-clean.configure.log,f99ccd1dd217fb610f28c26922bdb1eff0beb50b5042f6a37a9d9c07cc83fc62,evidence,,,,,,,,per-layer / IRQ profiling PMU,.log,15624,read-only input
mechanism derived result,docs/paper/mechanism/evidence/20260902-p0c-profiling-qualification/build-logs/pc/build-full_nc.build.log,50c6e982042923e369aa95f5776c643ca42f4574a9f1fdafb7129e055bc861b6,evidence,,,,,,,,per-layer / IRQ profiling PMU,.log,67464,read-only input
mechanism derived result,docs/paper/mechanism/evidence/20260902-p0c-profiling-qualification/build-logs/pc/build-full_nc.configure.log,dc594b2083fac4561872ae185d265736e8bb2227005c5004ee666d5cfb946193,evidence,,,,,,,,per-layer / IRQ profiling PMU,.log,15471,read-only input
mechanism derived result,docs/paper/mechanism/evidence/20260902-p0c-profiling-qualification/build-logs/pc/build-full_wc.build.log,07813e05e0a36de7bfd9975fe86e2f3ac12f449ac269a7fca8ba0fdaf9724250,evidence,,,,,,,,per-layer / IRQ profiling PMU,.log,67464,read-only input
mechanism derived result,docs/paper/mechanism/evidence/20260902-p0c-profiling-qualification/build-logs/pc/build-full_wc.configure.log,c0572578aa617a21e600e40fbfb682aede3de5d13fb4028d27ae54d24222b547,evidence,,,,,,,,per-layer / IRQ profiling PMU,.log,15471,read-only input
mechanism derived result,docs/paper/mechanism/evidence/20260902-p0c-profiling-qualification/build-logs/pc/build-qa.build.log,9b189b86c1e7406f1ecbae363318ce65241d8801c0d27ee702c157f3b8e010df,evidence,,,,,,,,per-layer / IRQ profiling PMU,.log,67464,read-only input
mechanism derived result,docs/paper/mechanism/evidence/20260902-p0c-profiling-qualification/build-logs/pc/build-qa.configure.log,e3fd414b098f56ef3cedab79d3a7b9399502d7aeb4884f84c413ee9828a68794,evidence,,,,,,,,per-layer / IRQ profiling PMU,.log,15464,read-only input
mechanism derived result,docs/paper/mechanism/evidence/20260902-p0c-profiling-qualification/manifests/EVIDENCE.sha256,d532f00b780948470f164d016a01c705a13b4881323283b23d3df17371199b8f,evidence,,,,,,,,per-layer / IRQ profiling PMU,.sha256,6805,read-only input
mechanism derived result,docs/paper/mechanism/evidence/20260902-p0c-profiling-qualification/misc/pc/run_clean.fvp.log,5441dd8137633a197e965fd878ce53a85c5e817cf7cab73a9dea11eac10a2100,evidence,,,,,,,,per-layer / IRQ profiling PMU,.log,401,read-only input
mechanism derived result,docs/paper/mechanism/evidence/20260902-p0c-profiling-qualification/misc/pc/run_full_nc.fvp.log,5441dd8137633a197e965fd878ce53a85c5e817cf7cab73a9dea11eac10a2100,evidence,,,,,,,,per-layer / IRQ profiling PMU,.log,401,read-only input
mechanism derived result,docs/paper/mechanism/evidence/20260902-p0c-profiling-qualification/misc/pc/run_full_wc.fvp.log,5441dd8137633a197e965fd878ce53a85c5e817cf7cab73a9dea11eac10a2100,evidence,,,,,,,,per-layer / IRQ profiling PMU,.log,401,read-only input
mechanism derived result,docs/paper/mechanism/evidence/20260902-p0c-profiling-qualification/misc/pc/run_full_wc_r2.fvp.log,5441dd8137633a197e965fd878ce53a85c5e817cf7cab73a9dea11eac10a2100,evidence,,,,,,,,per-layer / IRQ profiling PMU,.log,401,read-only input
mechanism derived result,docs/paper/mechanism/evidence/20260902-p0c-profiling-qualification/misc/pc/run_full_wc_r3.fvp.log,5441dd8137633a197e965fd878ce53a85c5e817cf7cab73a9dea11eac10a2100,evidence,,,,,,,,per-layer / IRQ profiling PMU,.log,401,read-only input
mechanism derived result,docs/paper/mechanism/evidence/20260902-p0c-profiling-qualification/misc/pc/run_qa.fvp.log,5441dd8137633a197e965fd878ce53a85c5e817cf7cab73a9dea11eac10a2100,evidence,,,,,,,,per-layer / IRQ profiling PMU,.log,401,read-only input
mechanism derived result,docs/paper/mechanism/evidence/20260902-p0c-profiling-qualification/reports/c0c_p1.out,a02fcf85e6ae7b63df25952650e05d26736db662d50ee13d2cc741f17fe3c731,evidence,,,,,,,,per-layer / IRQ profiling PMU,.out,2972,read-only input
mechanism derived result,docs/paper/mechanism/evidence/20260902-p0c-profiling-qualification/reports/pc/build-clean/bin/sectors/images.txt,af688281435a73dda3b2247845149817ecc7a9bbdff5a3ccd2e4dfa52875423f,evidence,,,,,,,,per-layer / IRQ profiling PMU,.txt,788,read-only input
mechanism derived result,docs/paper/mechanism/evidence/20260902-p0c-profiling-qualification/reports/pc/build-full_nc/bin/sectors/images.txt,af688281435a73dda3b2247845149817ecc7a9bbdff5a3ccd2e4dfa52875423f,evidence,,,,,,,,per-layer / IRQ profiling PMU,.txt,788,read-only input
mechanism derived result,docs/paper/mechanism/evidence/20260902-p0c-profiling-qualification/reports/pc/build-full_wc/bin/sectors/images.txt,af688281435a73dda3b2247845149817ecc7a9bbdff5a3ccd2e4dfa52875423f,evidence,,,,,,,,per-layer / IRQ profiling PMU,.txt,788,read-only input
mechanism derived result,docs/paper/mechanism/evidence/20260902-p0c-profiling-qualification/reports/pc/build-qa/bin/sectors/images.txt,af688281435a73dda3b2247845149817ecc7a9bbdff5a3ccd2e4dfa52875423f,evidence,,,,,,,,per-layer / IRQ profiling PMU,.txt,788,read-only input
mechanism derived result,docs/paper/mechanism/evidence/20260902-p0c-profiling-qualification/reports/pc/vela_verbose/kws_micronet_m_per-layer.csv,94dfa6a96b63e746cde535efc593d73991338e2c24ebea4f91ad661d779cec14,evidence,,,,,,,,per-layer / IRQ profiling PMU,.csv,13577,read-only input
mechanism derived result,docs/paper/mechanism/evidence/20260902-p0c-profiling-qualification/reports/pc/vela_verbose/kws_micronet_m_summary_Ethos_U85_SYS_DRAM_Mid_512.csv,35d52e75d870278d1d1652de2d802ec0c3ca3f27fef18277477fb116c9630404,evidence,,,,,,,,per-layer / IRQ profiling PMU,.csv,1567,read-only input
mechanism derived result,docs/paper/mechanism/evidence/20260902-p0c-profiling-qualification/tools/c0c_phase1.sh,6a030548083290222ae670ddbbb87d8665d7068a9bf1a6eb7c2ad28140c19884,evidence,,,,,,,,per-layer / IRQ profiling PMU,.sh,3987,read-only input
mechanism derived result,docs/paper/mechanism/evidence/20260902-p0c-profiling-qualification/tools/insert_irq.py,58963df445672c8e5e276ac41f9d6ab4dc712110a2e451aeb63bb50c28f77ccf,evidence,,,,,,,,per-layer / IRQ profiling PMU,.py,20778,read-only input
mechanism derived result,docs/paper/mechanism/evidence/20260902-p0c-profiling-qualification/tools/patch_app.py,e337c388cc9afc2d8051bff975479be220d03e7f6643c313f175bcb5ca26de09,evidence,,,,,,,,per-layer / IRQ profiling PMU,.py,1764,read-only input
mechanism derived result,docs/paper/mechanism/evidence/20260902-p0c-profiling-qualification/tools/patch_device_u85.py,c699d184fab9d29c3bbc4f56bf83d0265edb74e28f20e1c5dc5d9549d4b9412f,evidence,,,,,,,,per-layer / IRQ profiling PMU,.py,1434,read-only input
mechanism derived result,docs/paper/mechanism/evidence/20260902-p0c-profiling-qualification/tools/patch_driver_u85_v2.py,9c2bdb08a0af70ad9466498fec8429123dbcd6e235cf48dfa09bc457dbe78ab7,evidence,,,,,,,,per-layer / IRQ profiling PMU,.py,4509,read-only input
mechanism derived result,docs/paper/mechanism/evidence/20260902-p0c-profiling-qualification/uart-logs/pc/run_clean.uart.log,9bf9ce751d1b1b4ce63353cd2fb5f34adbcdf86da03e52b9a53828cb206ba2b4,evidence,,,,,,,,per-layer / IRQ profiling PMU,.log,2407,read-only input
mechanism derived result,docs/paper/mechanism/evidence/20260902-p0c-profiling-qualification/uart-logs/pc/run_full_nc.uart.log,1eadc493adaef74181f7870736be2245474f0bbc361464b5a68e809e97f99ade,evidence,,,,,,,,per-layer / IRQ profiling PMU,.log,2924,read-only input
mechanism derived result,docs/paper/mechanism/evidence/20260902-p0c-profiling-qualification/uart-logs/pc/run_full_wc.uart.log,1eadc493adaef74181f7870736be2245474f0bbc361464b5a68e809e97f99ade,evidence,,,,,,,,per-layer / IRQ profiling PMU,.log,2924,read-only input
mechanism derived result,docs/paper/mechanism/evidence/20260902-p0c-profiling-qualification/uart-logs/pc/run_full_wc_r2.uart.log,1eadc493adaef74181f7870736be2245474f0bbc361464b5a68e809e97f99ade,evidence,,,,,,,,per-layer / IRQ profiling PMU,.log,2924,read-only input
mechanism derived result,docs/paper/mechanism/evidence/20260902-p0c-profiling-qualification/uart-logs/pc/run_full_wc_r3.uart.log,1eadc493adaef74181f7870736be2245474f0bbc361464b5a68e809e97f99ade,evidence,,,,,,,,per-layer / IRQ profiling PMU,.log,2924,read-only input
mechanism derived result,docs/paper/mechanism/evidence/20260902-p0c-profiling-qualification/uart-logs/pc/run_qa.uart.log,7054c83ffa6c0faadf6944ca03cf0e044fbcd7c7ffb4438f10d8ba111092df95,evidence,,,,,,,,per-layer / IRQ profiling PMU,.log,2471,read-only input
mechanism derived result,docs/paper/mechanism/evidence/20260902-p0c-profiling-qualification/vela-debug/pc/vela_verbose/kws_micronet_m_per-layer.csv,94dfa6a96b63e746cde535efc593d73991338e2c24ebea4f91ad661d779cec14,evidence,,,,,,,,per-layer / IRQ profiling PMU,.csv,13577,read-only input
mechanism derived result,docs/paper/mechanism/evidence/20260902-p0c-profiling-qualification/vela-debug/pc/vela_verbose/kws_micronet_m_summary_Ethos_U85_SYS_DRAM_Mid_512.csv,35d52e75d870278d1d1652de2d802ec0c3ca3f27fef18277477fb116c9630404,evidence,,,,,,,,per-layer / IRQ profiling PMU,.csv,1567,read-only input
mechanism derived result,docs/paper/mechanism/evidence/20260902-p0c-profiling-qualification/vela-debug/pc/vela_verbose/kws_micronet_m_vela.tflite,af461b1ee988ee39f778a962366042bb0f63e1c1f2a5dd47b231800847bcd3a0,evidence,,,,,,,,per-layer / IRQ profiling PMU,.tflite,145200,read-only input
mechanism derived result,docs/paper/mechanism/evidence/20260902-p0c-profiling-qualification/vela-debug/pc/vela_verbose/verbose.log,8a0678577ffd9f2167a4194ce4f324d99f07a82698c42f916d65be20f17b0a7e,evidence,,,,,,,,per-layer / IRQ profiling PMU,.log,25686,read-only input
mechanism derived result,docs/paper/mechanism/evidence/20260902-p0c0-commandstream-feasibility/binaries.tar.gz,b79ebe812ebafd3d654f68638c2253b9bcd93b3f3504f573fe2fb062968ea5a3,evidence,,,,,,,,per-layer / IRQ profiling PMU,.gz,14596957,read-only input
mechanism derived result,docs/paper/mechanism/evidence/20260902-p0c0-commandstream-feasibility/build-logs/poc/build-control.build.log,18dcaf8ebb94ddb7058c41c3b6a6de5ff28e5a60f46e7570bcc14926ff09c13a,evidence,,,,,,,,per-layer / IRQ profiling PMU,.log,67467,read-only input
mechanism derived result,docs/paper/mechanism/evidence/20260902-p0c0-commandstream-feasibility/build-logs/poc/build-control.configure.log,88848ab7c6492b7c446928d6f0547f8e53feb890db5e4bcf6c35b58ab5b6d209,evidence,,,,,,,,per-layer / IRQ profiling PMU,.log,15491,read-only input
mechanism derived result,docs/paper/mechanism/evidence/20260902-p0c0-commandstream-feasibility/build-logs/poc/build-irq1.build.log,82878043857a14dce1580dce7f9e5606f50043541fd2982a27a3e46762b2f3de,evidence,,,,,,,,per-layer / IRQ profiling PMU,.log,67464,read-only input
mechanism derived result,docs/paper/mechanism/evidence/20260902-p0c0-commandstream-feasibility/build-logs/poc/build-irq1.configure.log,4ee19f06c97865805c6495f432a206db8ff5b249b57312f390a98bba413a9e70,evidence,,,,,,,,per-layer / IRQ profiling PMU,.log,15470,read-only input
mechanism derived result,docs/paper/mechanism/evidence/20260902-p0c0-commandstream-feasibility/build-logs/poc/build-log-irq1.build.log,7415ce84787525e4418b9c173570c9f047cce9a6559d410cb9f2ee76b1c612ea,evidence,,,,,,,,per-layer / IRQ profiling PMU,.log,67464,read-only input
mechanism derived result,docs/paper/mechanism/evidence/20260902-p0c0-commandstream-feasibility/build-logs/poc/build-log-irq1.configure.log,f6e5ededd9a3423d2858b548b9a09c7be586d59bff68b15addb9faacc940f59c,evidence,,,,,,,,per-layer / IRQ profiling PMU,.log,15475,read-only input
mechanism derived result,docs/paper/mechanism/evidence/20260902-p0c0-commandstream-feasibility/build-logs/poc/build-log-irq3.build.log,48aa1e0270e52cad089a53733f222b2e625a225ddaa2dee28d2f51ca0c0cee26,evidence,,,,,,,,per-layer / IRQ profiling PMU,.log,67464,read-only input
mechanism derived result,docs/paper/mechanism/evidence/20260902-p0c0-commandstream-feasibility/build-logs/poc/build-log-irq3.configure.log,6e3ba08a69102cda9730a44bc73eebb6de2248d36987c5ff93daef9565d7e20b,evidence,,,,,,,,per-layer / IRQ profiling PMU,.log,15475,read-only input
mechanism derived result,docs/paper/mechanism/evidence/20260902-p0c0-commandstream-feasibility/build-logs/poc/build-log-orig.build.log,8f5f6c1ef918ddd788f713e481bf44e85a3c990267fc2463880b77d88f6da79f,evidence,,,,,,,,per-layer / IRQ profiling PMU,.log,67475,read-only input
mechanism derived result,docs/paper/mechanism/evidence/20260902-p0c0-commandstream-feasibility/build-logs/poc/build-log-orig.configure.log,eb93e870d2423971f4822b959d6f32dddf2855c4f4b5f80793b2e23b5f8a0cbb,evidence,,,,,,,,per-layer / IRQ profiling PMU,.log,15629,read-only input
mechanism derived result,docs/paper/mechanism/evidence/20260902-p0c0-commandstream-feasibility/build-logs/poc/build-orig.build.log,b6a5e450c5f7d47fd6a43e971d10a01af2d7749b7817d909481138c7854d9d62,evidence,,,,,,,,per-layer / IRQ profiling PMU,.log,67475,read-only input
mechanism derived result,docs/paper/mechanism/evidence/20260902-p0c0-commandstream-feasibility/build-logs/poc/build-orig.configure.log,56a6a099a6b9e66e8650f367c3778fc4a42407e39436f7409b3d0b31c5cc7aac,evidence,,,,,,,,per-layer / IRQ profiling PMU,.log,15624,read-only input
mechanism derived result,docs/paper/mechanism/evidence/20260902-p0c0-commandstream-feasibility/manifests/EVIDENCE.sha256,10712732c6e6cc611fa651dfd030545cba534093aac9823e858986659967808a,evidence,,,,,,,,per-layer / IRQ profiling PMU,.sha256,10632,read-only input
mechanism derived result,docs/paper/mechanism/evidence/20260902-p0c0-commandstream-feasibility/misc/control.fvp.log,6291d3ef9df2d19d4b4301f3cfa8ed3983e9d8cde06b32a970779a77ff939831,evidence,,,,,,,,per-layer / IRQ profiling PMU,.log,201,read-only input
mechanism derived result,docs/paper/mechanism/evidence/20260902-p0c0-commandstream-feasibility/misc/irq1.fvp.log,6291d3ef9df2d19d4b4301f3cfa8ed3983e9d8cde06b32a970779a77ff939831,evidence,,,,,,,,per-layer / IRQ profiling PMU,.log,201,read-only input
mechanism derived result,docs/paper/mechanism/evidence/20260902-p0c0-commandstream-feasibility/misc/orig.fvp.log,6291d3ef9df2d19d4b4301f3cfa8ed3983e9d8cde06b32a970779a77ff939831,evidence,,,,,,,,per-layer / IRQ profiling PMU,.log,201,read-only input
mechanism derived result,docs/paper/mechanism/evidence/20260902-p0c0-commandstream-feasibility/misc/poc/run/control.fvp.log,5441dd8137633a197e965fd878ce53a85c5e817cf7cab73a9dea11eac10a2100,evidence,,,,,,,,per-layer / IRQ profiling PMU,.log,401,read-only input
mechanism derived result,docs/paper/mechanism/evidence/20260902-p0c0-commandstream-feasibility/misc/poc/run/irq1.fvp.log,5441dd8137633a197e965fd878ce53a85c5e817cf7cab73a9dea11eac10a2100,evidence,,,,,,,,per-layer / IRQ profiling PMU,.log,401,read-only input
mechanism derived result,docs/paper/mechanism/evidence/20260902-p0c0-commandstream-feasibility/misc/poc/run/orig.fvp.log,5441dd8137633a197e965fd878ce53a85c5e817cf7cab73a9dea11eac10a2100,evidence,,,,,,,,per-layer / IRQ profiling PMU,.log,401,read-only input
mechanism derived result,docs/paper/mechanism/evidence/20260902-p0c0-commandstream-feasibility/misc/poc/runlog/control.fvp.log,794f8e78e93ae1ed6504f8e2d0299158dbee426c08c0b0ccd2e812a654bd8a27,evidence,,,,,,,,per-layer / IRQ profiling PMU,.log,89,read-only input
mechanism derived result,docs/paper/mechanism/evidence/20260902-p0c0-commandstream-feasibility/misc/poc/runlog/irq1.fvp.log,73ae28969ba0fba14ecb6bd7b350088ea1a411262b0a52fde0cddfc579fcd8d5,evidence,,,,,,,,per-layer / IRQ profiling PMU,.log,401,read-only input
mechanism derived result,docs/paper/mechanism/evidence/20260902-p0c0-commandstream-feasibility/misc/poc/runlog/irq3.fvp.log,5441dd8137633a197e965fd878ce53a85c5e817cf7cab73a9dea11eac10a2100,evidence,,,,,,,,per-layer / IRQ profiling PMU,.log,401,read-only input
mechanism derived result,docs/paper/mechanism/evidence/20260902-p0c0-commandstream-feasibility/misc/poc/runlog/orig.fvp.log,5441dd8137633a197e965fd878ce53a85c5e817cf7cab73a9dea11eac10a2100,evidence,,,,,,,,per-layer / IRQ profiling PMU,.log,401,read-only input
mechanism derived result,docs/paper/mechanism/evidence/20260902-p0c0-commandstream-feasibility/reports/c045.out,bb4a255260450dfa9ad0a1e8c54badecb79eeff3ba9c52e75d54d04e07ec76c4,evidence,,,,,,,,per-layer / IRQ profiling PMU,.out,2165,read-only input
mechanism derived result,docs/paper/mechanism/evidence/20260902-p0c0-commandstream-feasibility/reports/c04_build2.out,4438ceafeb9f440c0190cc23c62587d64956bec47694328ccf820f3bbc9bb923,evidence,,,,,,,,per-layer / IRQ profiling PMU,.out,1097,read-only input
mechanism derived result,docs/paper/mechanism/evidence/20260902-p0c0-commandstream-feasibility/reports/c04_build3.out,589c1356a8354e659811dcc4d44fd2bdd8d335977a3d199490930003acafb470,evidence,,,,,,,,per-layer / IRQ profiling PMU,.out,1510,read-only input
mechanism derived result,docs/paper/mechanism/evidence/20260902-p0c0-commandstream-feasibility/reports/c0_audit_report.json,2096811a156a78a790d95b2e8c70d3f3e351048d7625a2429741872a6cf04ed4,evidence,,,,,,,,per-layer / IRQ profiling PMU,.json,17467,read-only input
mechanism derived result,docs/paper/mechanism/evidence/20260902-p0c0-commandstream-feasibility/reports/poc/build-control/bin/sectors/images.txt,af688281435a73dda3b2247845149817ecc7a9bbdff5a3ccd2e4dfa52875423f,evidence,,,,,,,,per-layer / IRQ profiling PMU,.txt,788,read-only input
mechanism derived result,docs/paper/mechanism/evidence/20260902-p0c0-commandstream-feasibility/reports/poc/build-irq1/bin/sectors/images.txt,af688281435a73dda3b2247845149817ecc7a9bbdff5a3ccd2e4dfa52875423f,evidence,,,,,,,,per-layer / IRQ profiling PMU,.txt,788,read-only input
mechanism derived result,docs/paper/mechanism/evidence/20260902-p0c0-commandstream-feasibility/reports/poc/build-log-irq1/bin/sectors/images.txt,af688281435a73dda3b2247845149817ecc7a9bbdff5a3ccd2e4dfa52875423f,evidence,,,,,,,,per-layer / IRQ profiling PMU,.txt,788,read-only input
mechanism derived result,docs/paper/mechanism/evidence/20260902-p0c0-commandstream-feasibility/reports/poc/build-log-irq3/bin/sectors/images.txt,af688281435a73dda3b2247845149817ecc7a9bbdff5a3ccd2e4dfa52875423f,evidence,,,,,,,,per-layer / IRQ profiling PMU,.txt,788,read-only input
mechanism derived result,docs/paper/mechanism/evidence/20260902-p0c0-commandstream-feasibility/reports/poc/build-log-orig/bin/sectors/images.txt,af688281435a73dda3b2247845149817ecc7a9bbdff5a3ccd2e4dfa52875423f,evidence,,,,,,,,per-layer / IRQ profiling PMU,.txt,788,read-only input
mechanism derived result,docs/paper/mechanism/evidence/20260902-p0c0-commandstream-feasibility/reports/poc/build-orig/bin/sectors/images.txt,af688281435a73dda3b2247845149817ecc7a9bbdff5a3ccd2e4dfa52875423f,evidence,,,,,,,,per-layer / IRQ profiling PMU,.txt,788,read-only input
mechanism derived result,docs/paper/mechanism/evidence/20260902-p0c0-commandstream-feasibility/tools/c045_final.sh,05a8e3a1721dfc3c97df48ca5b4e973fe02254fa3d2b89c18091944b10cd6245,evidence,,,,,,,,per-layer / IRQ profiling PMU,.sh,2234,read-only input
mechanism derived result,docs/paper/mechanism/evidence/20260902-p0c0-commandstream-feasibility/tools/c04_build2.sh,9de46d3c334f492995ca557a4ce83114c6e03a41e4097a087f4076a8644fc3c1,evidence,,,,,,,,per-layer / IRQ profiling PMU,.sh,1906,read-only input
mechanism derived result,docs/paper/mechanism/evidence/20260902-p0c0-commandstream-feasibility/tools/c04_run.py,c57534394af70ab432af285a8808c04fc4c2e6041591f19d8492b6880a62eec2,evidence,,,,,,,,per-layer / IRQ profiling PMU,.py,2731,read-only input
mechanism derived result,docs/paper/mechanism/evidence/20260902-p0c0-commandstream-feasibility/tools/c0_audit.py,9467f7eab122ab5bdb92b0a129af0aaaf50a382ed09566ee6ad9432fcc7406ac,evidence,,,,,,,,per-layer / IRQ profiling PMU,.py,9825,read-only input
mechanism derived result,docs/paper/mechanism/evidence/20260902-p0c0-commandstream-feasibility/tools/insert_irq.py,c39c7439e9a040f6c6a98a059798de681fd347a5e87fdb2a38e7a0e7cc446a21,evidence,,,,,,,,per-layer / IRQ profiling PMU,.py,19245,read-only input
mechanism derived result,docs/paper/mechanism/evidence/20260902-p0c0-commandstream-feasibility/tools/patch_app.py,e337c388cc9afc2d8051bff975479be220d03e7f6643c313f175bcb5ca26de09,evidence,,,,,,,,per-layer / IRQ profiling PMU,.py,1764,read-only input
mechanism derived result,docs/paper/mechanism/evidence/20260902-p0c0-commandstream-feasibility/tools/patch_device_u85.py,c699d184fab9d29c3bbc4f56bf83d0265edb74e28f20e1c5dc5d9549d4b9412f,evidence,,,,,,,,per-layer / IRQ profiling PMU,.py,1434,read-only input
mechanism derived result,docs/paper/mechanism/evidence/20260902-p0c0-commandstream-feasibility/uart-logs/poc/run/control.uart.log,d557c8344db7649e1a8da20b3ef6dbb08a5913937478bf6dc5b854d6628bd78f,evidence,,,,,,,,per-layer / IRQ profiling PMU,.log,2408,read-only input
mechanism derived result,docs/paper/mechanism/evidence/20260902-p0c0-commandstream-feasibility/uart-logs/poc/run/irq1.uart.log,40ea61f0442327366d8e401a0ef1749e278c8ce6e7df8237023994d779cf9e03,evidence,,,,,,,,per-layer / IRQ profiling PMU,.log,2408,read-only input
mechanism derived result,docs/paper/mechanism/evidence/20260902-p0c0-commandstream-feasibility/uart-logs/poc/run/orig.uart.log,670be071355981f2ec3e24c71c52f917457e0dfb933b83924c2e17a90a9dfeeb,evidence,,,,,,,,per-layer / IRQ profiling PMU,.log,2407,read-only input
mechanism derived result,docs/paper/mechanism/evidence/20260902-p0c0-commandstream-feasibility/uart-logs/poc/runlog/irq1.uart.log,34527c475d569873fd9e1fb4ff85544f3a7008ddeb918f57226a257c7385640b,evidence,,,,,,,,per-layer / IRQ profiling PMU,.log,3242,read-only input
mechanism derived result,docs/paper/mechanism/evidence/20260902-p0c0-commandstream-feasibility/uart-logs/poc/runlog/irq3.uart.log,73100c576236181715b2cf1477e1286bdc371024dfadd7fd89ce259baf71ce82,evidence,,,,,,,,per-layer / IRQ profiling PMU,.log,3305,read-only input
mechanism derived result,docs/paper/mechanism/evidence/20260902-p0c0-commandstream-feasibility/uart-logs/poc/runlog/orig.uart.log,d35b45e2d05d8ecbca44d3420daf3db343ddfc9d482511dd708332906581dee7,evidence,,,,,,,,per-layer / IRQ profiling PMU,.log,3212,read-only input
mechanism derived result,docs/paper/mechanism/evidence/20260902-p0d-formal-clean/binaries.tar.gz,0d8f7c69ef8589957da15c2b09a2f98aa660eb50ea7fc640f2bacd099e6abdf6,evidence,,,,,,,,per-layer / IRQ profiling PMU,.gz,31197435,read-only input
mechanism derived result,docs/paper/mechanism/evidence/20260902-p0d-formal-clean/manifests/EVIDENCE.sha256,859f4574e9d474490b15a63a3b834ce78eca64247bc44fe81dcd0e05e50ecbf8,evidence,,,,,,,,per-layer / IRQ profiling PMU,.sha256,44796,read-only input
mechanism derived result,docs/paper/mechanism/evidence/20260902-p0d-formal-clean/reports/pd/U85_FORMAL_MATRIX.csv,7bd22d1e2997a70324bc16aa92edafc739a49a1fd3112663f6916c392d00907f,evidence,,,,,,,,per-layer / IRQ profiling PMU,.csv,7963,read-only input
mechanism derived result,docs/paper/mechanism/evidence/20260902-p0d-formal-clean/reports/pd/ad_medium_int8__256_Low/vela_verbose/ad_medium_int8_per-layer.csv,9bedbf18d41fc6fa6c9658a824ac244508d949ecfcb32dce3afd72137e9b8d42,evidence,,,,,,,,per-layer / IRQ profiling PMU,.csv,15635,read-only input
mechanism derived result,docs/paper/mechanism/evidence/20260902-p0d-formal-clean/reports/pd/ad_medium_int8__256_Low/vela_verbose/ad_medium_int8_summary_Ethos_U85_SYS_DRAM_Low.csv,c700cf1cb40eba5170c4aec316ccb35afd4556ca6f19fb92ec340189488fda6c,evidence,,,,,,,,per-layer / IRQ profiling PMU,.csv,1566,read-only input
mechanism derived result,docs/paper/mechanism/evidence/20260902-p0d-formal-clean/reports/pd/ad_medium_int8__512_Low/vela_verbose/ad_medium_int8_per-layer.csv,ecf669b6b669a32154fc88834ee2e3d7f647afac69ca89f59a7a28bd6db7c6f5,evidence,,,,,,,,per-layer / IRQ profiling PMU,.csv,15631,read-only input
mechanism derived result,docs/paper/mechanism/evidence/20260902-p0d-formal-clean/reports/pd/ad_medium_int8__512_Low/vela_verbose/ad_medium_int8_summary_Ethos_U85_SYS_DRAM_Low.csv,cf82d19431cf0a7a127247105a9b592aa5c9a0f24b3f8c3fa82f933667dd5eb2,evidence,,,,,,,,per-layer / IRQ profiling PMU,.csv,1567,read-only input
mechanism derived result,docs/paper/mechanism/evidence/20260902-p0d-formal-clean/reports/pd/ad_medium_int8__512_Mid512/vela_verbose/ad_medium_int8_per-layer.csv,158f7010f49b44d9eb6b38a6469de57350cbe1e9bbef5bebebf09b2988e3d1ed,evidence,,,,,,,,per-layer / IRQ profiling PMU,.csv,15620,read-only input
mechanism derived result,docs/paper/mechanism/evidence/20260902-p0d-formal-clean/reports/pd/ad_medium_int8__512_Mid512/vela_verbose/ad_medium_int8_summary_Ethos_U85_SYS_DRAM_Mid_512.csv,65722b017068f76eae42f3bbbaacb8e71a2d22d6bf836a36fa075a4a47bbf5a5,evidence,,,,,,,,per-layer / IRQ profiling PMU,.csv,1570,read-only input
mechanism derived result,docs/paper/mechanism/evidence/20260902-p0d-formal-clean/reports/pd/dnn_s_quantized__256_Low/vela_verbose/dnn_s_quantized_per-layer.csv,f8161617ddfdb1a94823a92d64e7ceebb74420821454f65ccc998e316aa3745b,evidence,,,,,,,,per-layer / IRQ profiling PMU,.csv,65158,read-only input
mechanism derived result,docs/paper/mechanism/evidence/20260902-p0d-formal-clean/reports/pd/dnn_s_quantized__256_Low/vela_verbose/dnn_s_quantized_summary_Ethos_U85_SYS_DRAM_Low.csv,716b0a80b79855f1e855f93fcf9af79dff99d0918483cc65088c01db5ac5adfa,evidence,,,,,,,,per-layer / IRQ profiling PMU,.csv,1529,read-only input
mechanism derived result,docs/paper/mechanism/evidence/20260902-p0d-formal-clean/reports/pd/dnn_s_quantized__512_Low/vela_verbose/dnn_s_quantized_per-layer.csv,bdec72619401ba1d4665a10720b2d4536d83c789a3df3737aadd3f0788755c18,evidence,,,,,,,,per-layer / IRQ profiling PMU,.csv,65161,read-only input
mechanism derived result,docs/paper/mechanism/evidence/20260902-p0d-formal-clean/reports/pd/dnn_s_quantized__512_Low/vela_verbose/dnn_s_quantized_summary_Ethos_U85_SYS_DRAM_Low.csv,3e59c2573c4a0d4533e3e2c786af90b09305e3c2c762c0e11b01514bd32f02f6,evidence,,,,,,,,per-layer / IRQ profiling PMU,.csv,1528,read-only input
mechanism derived result,docs/paper/mechanism/evidence/20260902-p0d-formal-clean/reports/pd/dnn_s_quantized__512_Mid512/vela_verbose/dnn_s_quantized_per-layer.csv,a9019aceb8d7d7e9b07741b9bf6bbc60939f75b4802ae6303d0956cfdb7af713,evidence,,,,,,,,per-layer / IRQ profiling PMU,.csv,65155,read-only input
mechanism derived result,docs/paper/mechanism/evidence/20260902-p0d-formal-clean/reports/pd/dnn_s_quantized__512_Mid512/vela_verbose/dnn_s_quantized_summary_Ethos_U85_SYS_DRAM_Mid_512.csv,f4560d1fd4f077d429c36a768f5c2bfc4a9bdb709083d496116c277582cb3a81,evidence,,,,,,,,per-layer / IRQ profiling PMU,.csv,1534,read-only input
mechanism derived result,docs/paper/mechanism/evidence/20260902-p0d-formal-clean/reports/pd/kws_micronet_m__256_Low/vela_verbose/kws_micronet_m_per-layer.csv,ae0c8d039d5f6d70881339c4221d42fd2fe649180f5e7dc3df992b8b73711eac,evidence,,,,,,,,per-layer / IRQ profiling PMU,.csv,13614,read-only input
mechanism derived result,docs/paper/mechanism/evidence/20260902-p0d-formal-clean/reports/pd/kws_micronet_m__256_Low/vela_verbose/kws_micronet_m_summary_Ethos_U85_SYS_DRAM_Low.csv,02c336356d3601262518b2248373f99f4852f69e66e484f8a2ba578c85b426de,evidence,,,,,,,,per-layer / IRQ profiling PMU,.csv,1565,read-only input
mechanism derived result,docs/paper/mechanism/evidence/20260902-p0d-formal-clean/reports/pd/kws_micronet_m__512_Low/vela_verbose/kws_micronet_m_per-layer.csv,07f9fac17ab11753b10e661f2683c3faee92fced6c2a4c7932e7c226962ccad2,evidence,,,,,,,,per-layer / IRQ profiling PMU,.csv,13588,read-only input
mechanism derived result,docs/paper/mechanism/evidence/20260902-p0d-formal-clean/reports/pd/kws_micronet_m__512_Low/vela_verbose/kws_micronet_m_summary_Ethos_U85_SYS_DRAM_Low.csv,ab97257bdcec4dae1b82fb19994d415616ddcd230006f2a90053c9a1a7c47f2d,evidence,,,,,,,,per-layer / IRQ profiling PMU,.csv,1564,read-only input
mechanism derived result,docs/paper/mechanism/evidence/20260902-p0d-formal-clean/reports/pd/kws_micronet_m__512_Mid512/vela_verbose/kws_micronet_m_per-layer.csv,94dfa6a96b63e746cde535efc593d73991338e2c24ebea4f91ad661d779cec14,evidence,,,,,,,,per-layer / IRQ profiling PMU,.csv,13577,read-only input
mechanism derived result,docs/paper/mechanism/evidence/20260902-p0d-formal-clean/reports/pd/kws_micronet_m__512_Mid512/vela_verbose/kws_micronet_m_summary_Ethos_U85_SYS_DRAM_Mid_512.csv,35d52e75d870278d1d1652de2d802ec0c3ca3f27fef18277477fb116c9630404,evidence,,,,,,,,per-layer / IRQ profiling PMU,.csv,1567,read-only input
mechanism derived result,docs/paper/mechanism/evidence/20260902-p0d-formal-clean/reports/pd/rnnoise_INT8__256_Low/vela_verbose/rnnoise_INT8_per-layer.csv,f8b0ec631b9380d74edc29dc5ff8ded200540f8636b4470f48eff0d16f4ac71a,evidence,,,,,,,,per-layer / IRQ profiling PMU,.csv,8546,read-only input
mechanism derived result,docs/paper/mechanism/evidence/20260902-p0d-formal-clean/reports/pd/rnnoise_INT8__256_Low/vela_verbose/rnnoise_INT8_summary_Ethos_U85_SYS_DRAM_Low.csv,ea7f9eb56f1d88e9d517d8279acb77fe4f5e4000b8544048bbd2fb1f8d5086de,evidence,,,,,,,,per-layer / IRQ profiling PMU,.csv,1532,read-only input
mechanism derived result,docs/paper/mechanism/evidence/20260902-p0d-formal-clean/reports/pd/rnnoise_INT8__512_Low/vela_verbose/rnnoise_INT8_per-layer.csv,bf2386ae720f0ddcfbae57897dd3b9d99bbee5c6939707518d6ac2ffb38fbe7b,evidence,,,,,,,,per-layer / IRQ profiling PMU,.csv,8589,read-only input
mechanism derived result,docs/paper/mechanism/evidence/20260902-p0d-formal-clean/reports/pd/rnnoise_INT8__512_Low/vela_verbose/rnnoise_INT8_summary_Ethos_U85_SYS_DRAM_Low.csv,d7d8348810f8a233b49ec064827d72915de878433511bb2276ab20fbcfadf39a,evidence,,,,,,,,per-layer / IRQ profiling PMU,.csv,1531,read-only input
mechanism derived result,docs/paper/mechanism/evidence/20260902-p0d-formal-clean/reports/pd/rnnoise_INT8__512_Mid512/vela_verbose/rnnoise_INT8_per-layer.csv,f1d1bdd5a74dfc8395bc72c3080c26080f86d4a27555a8027ddb7dc5adafe7a3,evidence,,,,,,,,per-layer / IRQ profiling PMU,.csv,8622,read-only input
mechanism derived result,docs/paper/mechanism/evidence/20260902-p0d-formal-clean/reports/pd/rnnoise_INT8__512_Mid512/vela_verbose/rnnoise_INT8_summary_Ethos_U85_SYS_DRAM_Mid_512.csv,e2cc0a1baa129b8371ac172a123dedc1b8937f08ff9e9c5c73004f416ccc6e2e,evidence,,,,,,,,per-layer / IRQ profiling PMU,.csv,1540,read-only input
mechanism derived result,docs/paper/mechanism/evidence/20260902-p0d-formal-clean/reports/pd/vww4_128_128_INT8__256_Low/vela_verbose/vww4_128_128_INT8_per-layer.csv,681341295461a33e602b9dbe42a511dc21e3e898eab7af113af12815221de4ae,evidence,,,,,,,,per-layer / IRQ profiling PMU,.csv,55787,read-only input
mechanism derived result,docs/paper/mechanism/evidence/20260902-p0d-formal-clean/reports/pd/vww4_128_128_INT8__256_Low/vela_verbose/vww4_128_128_INT8_summary_Ethos_U85_SYS_DRAM_Low.csv,a2c422881bfbb7c2ef4f3436a7781c20964538c955787598262d7c1609f3a5cb,evidence,,,,,,,,per-layer / IRQ profiling PMU,.csv,1571,read-only input
mechanism derived result,docs/paper/mechanism/evidence/20260902-p0d-formal-clean/reports/pd/vww4_128_128_INT8__512_Low/vela_verbose/vww4_128_128_INT8_per-layer.csv,cff28ffbf68a424a94970b66b393217870ece77f62ccdfe4d538dc17249dcb79,evidence,,,,,,,,per-layer / IRQ profiling PMU,.csv,55706,read-only input
mechanism derived result,docs/paper/mechanism/evidence/20260902-p0d-formal-clean/reports/pd/vww4_128_128_INT8__512_Low/vela_verbose/vww4_128_128_INT8_summary_Ethos_U85_SYS_DRAM_Low.csv,2b74506ebd97d433ed4a8e383ad50aa5a681433b52264073e823f3c236f599f4,evidence,,,,,,,,per-layer / IRQ profiling PMU,.csv,1568,read-only input
mechanism derived result,docs/paper/mechanism/evidence/20260902-p0d-formal-clean/reports/pd/vww4_128_128_INT8__512_Mid512/vela_verbose/vww4_128_128_INT8_per-layer.csv,e01e036d41bf7e586570a2b42a9fb07780d4efe9c7ca91417a5bb2ab1e76fa6a,evidence,,,,,,,,per-layer / IRQ profiling PMU,.csv,55740,read-only input
mechanism derived result,docs/paper/mechanism/evidence/20260902-p0d-formal-clean/reports/pd/vww4_128_128_INT8__512_Mid512/vela_verbose/vww4_128_128_INT8_summary_Ethos_U85_SYS_DRAM_Mid_512.csv,feb4ce04ccfd1f800e11138299f380c997ed7ae7da2ca710a47c9765383cd04d,evidence,,,,,,,,per-layer / IRQ profiling PMU,.csv,1571,read-only input
mechanism derived result,docs/paper/mechanism/evidence/20260902-p0d-formal-clean/reports/pd/yolo-fastest_192_face_v4__256_Low/vela_verbose/yolo-fastest_192_face_v4_per-layer.csv,b0148584f84f9c9974c42fcb1b1a490641094d0f81386f2515cf9220a1c9a5d2,evidence,,,,,,,,per-layer / IRQ profiling PMU,.csv,38852,read-only input
mechanism derived result,docs/paper/mechanism/evidence/20260902-p0d-formal-clean/reports/pd/yolo-fastest_192_face_v4__256_Low/vela_verbose/yolo-fastest_192_face_v4_summary_Ethos_U85_SYS_DRAM_Low.csv,602c4b4dec11d623a150ffabb255174bd26edfb7439b51911d45a9b160d3c42f,evidence,,,,,,,,per-layer / IRQ profiling PMU,.csv,1584,read-only input
mechanism derived result,docs/paper/mechanism/evidence/20260902-p0d-formal-clean/reports/pd/yolo-fastest_192_face_v4__512_Low/vela_verbose/yolo-fastest_192_face_v4_per-layer.csv,98e4b80df662a01ecf49bd6758d3666463431d4dda703f21b0afbfda0e0ee0c4,evidence,,,,,,,,per-layer / IRQ profiling PMU,.csv,38698,read-only input
mechanism derived result,docs/paper/mechanism/evidence/20260902-p0d-formal-clean/reports/pd/yolo-fastest_192_face_v4__512_Low/vela_verbose/yolo-fastest_192_face_v4_summary_Ethos_U85_SYS_DRAM_Low.csv,abe4e7a5eea38a62eac6995a73478720676a31b5d26f62e6a60d47559b9bd7e7,evidence,,,,,,,,per-layer / IRQ profiling PMU,.csv,1580,read-only input
mechanism derived result,docs/paper/mechanism/evidence/20260902-p0d-formal-clean/reports/pd/yolo-fastest_192_face_v4__512_Mid512/vela_verbose/yolo-fastest_192_face_v4_per-layer.csv,127f0215fd88e3a86a7149948b5ee38f31ccd94c8988a132f7735f291ee57c4a,evidence,,,,,,,,per-layer / IRQ profiling PMU,.csv,38651,read-only input
mechanism derived result,docs/paper/mechanism/evidence/20260902-p0d-formal-clean/reports/pd/yolo-fastest_192_face_v4__512_Mid512/vela_verbose/yolo-fastest_192_face_v4_summary_Ethos_U85_SYS_DRAM_Mid_512.csv,e0c646755ad67f576d1f4b372aef95d0f6e9f5c9d83c289cabcbd0016c28f1c6,evidence,,,,,,,,per-layer / IRQ profiling PMU,.csv,1589,read-only input
mechanism derived result,docs/paper/mechanism/evidence/20260902-p0d-formal-clean/reports/pd_orchestrator.log,74b4a93aff7e7815e2979ef121f3eb48fa221bdc06fd7cd506927cd7303a232e,evidence,,,,,,,,per-layer / IRQ profiling PMU,.log,5601,read-only input
mechanism derived result,docs/paper/mechanism/evidence/20260902-p0d-formal-clean/run-vectors/pd/ad_medium_int8__256_Low/clean.build.json,02ec917cb90cb1c1f9969a7ed2e3474e6f39cec7186d69a7ae08b9777e56e37f,evidence,,,,,,,,per-layer / IRQ profiling PMU,.json,322,read-only input
mechanism derived result,docs/paper/mechanism/evidence/20260902-p0d-formal-clean/run-vectors/pd/ad_medium_int8__256_Low/clean.run1.json,a3d46d9d0fe461f68502d2f52826a80c0d3fb586ac672e389726a75619756027,evidence,,,,,,,,per-layer / IRQ profiling PMU,.json,118,read-only input
mechanism derived result,docs/paper/mechanism/evidence/20260902-p0d-formal-clean/run-vectors/pd/ad_medium_int8__256_Low/clean.run2.json,a3d46d9d0fe461f68502d2f52826a80c0d3fb586ac672e389726a75619756027,evidence,,,,,,,,per-layer / IRQ profiling PMU,.json,118,read-only input
mechanism derived result,docs/paper/mechanism/evidence/20260902-p0d-formal-clean/run-vectors/pd/ad_medium_int8__256_Low/clean.run3.json,a3d46d9d0fe461f68502d2f52826a80c0d3fb586ac672e389726a75619756027,evidence,,,,,,,,per-layer / IRQ profiling PMU,.json,118,read-only input
mechanism derived result,docs/paper/mechanism/evidence/20260902-p0d-formal-clean/run-vectors/pd/ad_medium_int8__256_Low/instr.meta.json,a1c4b84c3178f2b4930d8ac7035edf3dbeba6f0cb4934c8396c740c03f589cf1,evidence,,,,,,,,per-layer / IRQ profiling PMU,.json,119,read-only input
mechanism derived result,docs/paper/mechanism/evidence/20260902-p0d-formal-clean/run-vectors/pd/ad_medium_int8__256_Low/prof.build.json,ab772360b12f4bfae99a53caa7f2979913bc7c117734dc6c363a267d4c662fc3,evidence,,,,,,,,per-layer / IRQ profiling PMU,.json,301,read-only input
mechanism derived result,docs/paper/mechanism/evidence/20260902-p0d-formal-clean/run-vectors/pd/ad_medium_int8__256_Low/prof.run1.json,ab28d16e715f073c17fd67373649189dbce8d65bba9a3dede2a4d7e267b853b5,evidence,,,,,,,,per-layer / IRQ profiling PMU,.json,672,read-only input
mechanism derived result,docs/paper/mechanism/evidence/20260902-p0d-formal-clean/run-vectors/pd/ad_medium_int8__256_Low/prof.run2.json,ab28d16e715f073c17fd67373649189dbce8d65bba9a3dede2a4d7e267b853b5,evidence,,,,,,,,per-layer / IRQ profiling PMU,.json,672,read-only input
mechanism derived result,docs/paper/mechanism/evidence/20260902-p0d-formal-clean/run-vectors/pd/ad_medium_int8__256_Low/prof.run3.json,ab28d16e715f073c17fd67373649189dbce8d65bba9a3dede2a4d7e267b853b5,evidence,,,,,,,,per-layer / IRQ profiling PMU,.json,672,read-only input
mechanism derived result,docs/paper/mechanism/evidence/20260902-p0d-formal-clean/run-vectors/pd/ad_medium_int8__512_Low/clean.build.json,f3335fe0e6a491dc4cec9a28e45a7a61d00b4e42008ad669786d5ac8eb0fcbe6,evidence,,,,,,,,per-layer / IRQ profiling PMU,.json,322,read-only input
mechanism derived result,docs/paper/mechanism/evidence/20260902-p0d-formal-clean/run-vectors/pd/ad_medium_int8__512_Low/clean.run1.json,621673b9fef74341e124e7f3283f26632518e17bdf645a1704b4f5773a1c1056,evidence,,,,,,,,per-layer / IRQ profiling PMU,.json,117,read-only input
mechanism derived result,docs/paper/mechanism/evidence/20260902-p0d-formal-clean/run-vectors/pd/ad_medium_int8__512_Low/clean.run2.json,621673b9fef74341e124e7f3283f26632518e17bdf645a1704b4f5773a1c1056,evidence,,,,,,,,per-layer / IRQ profiling PMU,.json,117,read-only input
mechanism derived result,docs/paper/mechanism/evidence/20260902-p0d-formal-clean/run-vectors/pd/ad_medium_int8__512_Low/clean.run3.json,621673b9fef74341e124e7f3283f26632518e17bdf645a1704b4f5773a1c1056,evidence,,,,,,,,per-layer / IRQ profiling PMU,.json,117,read-only input
mechanism derived result,docs/paper/mechanism/evidence/20260902-p0d-formal-clean/run-vectors/pd/ad_medium_int8__512_Low/instr.meta.json,5e75aab7e52d9432b5aa576b52405fa4ed61a8f936a34ca5611442a30b45bcc8,evidence,,,,,,,,per-layer / IRQ profiling PMU,.json,119,read-only input
mechanism derived result,docs/paper/mechanism/evidence/20260902-p0d-formal-clean/run-vectors/pd/ad_medium_int8__512_Low/prof.build.json,69bc4e0c819536395449e68c92f2ed93d8736db58994f96d7a41084a74945149,evidence,,,,,,,,per-layer / IRQ profiling PMU,.json,301,read-only input
mechanism derived result,docs/paper/mechanism/evidence/20260902-p0d-formal-clean/run-vectors/pd/ad_medium_int8__512_Low/prof.run1.json,f7deab582c0d7e8682fb376a628a631435822cd81dbb7ceea37e3eb5f1f72f22,evidence,,,,,,,,per-layer / IRQ profiling PMU,.json,701,read-only input
mechanism derived result,docs/paper/mechanism/evidence/20260902-p0d-formal-clean/run-vectors/pd/ad_medium_int8__512_Low/prof.run2.json,f7deab582c0d7e8682fb376a628a631435822cd81dbb7ceea37e3eb5f1f72f22,evidence,,,,,,,,per-layer / IRQ profiling PMU,.json,701,read-only input
mechanism derived result,docs/paper/mechanism/evidence/20260902-p0d-formal-clean/run-vectors/pd/ad_medium_int8__512_Low/prof.run3.json,f7deab582c0d7e8682fb376a628a631435822cd81dbb7ceea37e3eb5f1f72f22,evidence,,,,,,,,per-layer / IRQ profiling PMU,.json,701,read-only input
mechanism derived result,docs/paper/mechanism/evidence/20260902-p0d-formal-clean/run-vectors/pd/ad_medium_int8__512_Mid512/clean.build.json,b69ec8fc916987862f817047091fc8a280718b9789c0b4f295d12c712a88815b,evidence,,,,,,,,per-layer / IRQ profiling PMU,.json,325,read-only input
mechanism derived result,docs/paper/mechanism/evidence/20260902-p0d-formal-clean/run-vectors/pd/ad_medium_int8__512_Mid512/clean.run1.json,4cda80a6f26fe9cd0dcfde6d599a2d4d26df73c1d451454a68a154db4d30acdb,evidence,,,,,,,,per-layer / IRQ profiling PMU,.json,117,read-only input
mechanism derived result,docs/paper/mechanism/evidence/20260902-p0d-formal-clean/run-vectors/pd/ad_medium_int8__512_Mid512/clean.run2.json,4cda80a6f26fe9cd0dcfde6d599a2d4d26df73c1d451454a68a154db4d30acdb,evidence,,,,,,,,per-layer / IRQ profiling PMU,.json,117,read-only input
mechanism derived result,docs/paper/mechanism/evidence/20260902-p0d-formal-clean/run-vectors/pd/ad_medium_int8__512_Mid512/clean.run3.json,4cda80a6f26fe9cd0dcfde6d599a2d4d26df73c1d451454a68a154db4d30acdb,evidence,,,,,,,,per-layer / IRQ profiling PMU,.json,117,read-only input
mechanism derived result,docs/paper/mechanism/evidence/20260902-p0d-formal-clean/run-vectors/pd/ad_medium_int8__512_Mid512/instr.meta.json,a543f4a537fec3359c9da7bbd246aeb898a7057eba02526664d0f30393ddb07e,evidence,,,,,,,,per-layer / IRQ profiling PMU,.json,119,read-only input
mechanism derived result,docs/paper/mechanism/evidence/20260902-p0d-formal-clean/run-vectors/pd/ad_medium_int8__512_Mid512/prof.build.json,4e66e4f3df0a0cc95cd369df7a68185b3c1f048948945d7191a73cda89617060,evidence,,,,,,,,per-layer / IRQ profiling PMU,.json,304,read-only input
mechanism derived result,docs/paper/mechanism/evidence/20260902-p0d-formal-clean/run-vectors/pd/ad_medium_int8__512_Mid512/prof.run1.json,1ccbaf99f69d412c224ab0c42ba5f97a24a869cff115fdd803e541fc0dd3a7e0,evidence,,,,,,,,per-layer / IRQ profiling PMU,.json,713,read-only input
mechanism derived result,docs/paper/mechanism/evidence/20260902-p0d-formal-clean/run-vectors/pd/ad_medium_int8__512_Mid512/prof.run2.json,1ccbaf99f69d412c224ab0c42ba5f97a24a869cff115fdd803e541fc0dd3a7e0,evidence,,,,,,,,per-layer / IRQ profiling PMU,.json,713,read-only input
mechanism derived result,docs/paper/mechanism/evidence/20260902-p0d-formal-clean/run-vectors/pd/ad_medium_int8__512_Mid512/prof.run3.json,1ccbaf99f69d412c224ab0c42ba5f97a24a869cff115fdd803e541fc0dd3a7e0,evidence,,,,,,,,per-layer / IRQ profiling PMU,.json,713,read-only input
mechanism derived result,docs/paper/mechanism/evidence/20260902-p0d-formal-clean/run-vectors/pd/dnn_s_quantized__256_Low/clean.build.json,c8f82a29c5aa39dad30efc5b8b07a5d7c0586ba1926a167262c447a7d1a12a91,evidence,,,,,,,,per-layer / IRQ profiling PMU,.json,324,read-only input
mechanism derived result,docs/paper/mechanism/evidence/20260902-p0d-formal-clean/run-vectors/pd/dnn_s_quantized__256_Low/clean.run1.json,8d50c305b8e513e517ac667312be920de9dc5280c97fd5477bd69181f39b348c,evidence,,,,,,,,per-layer / IRQ profiling PMU,.json,116,read-only input
mechanism derived result,docs/paper/mechanism/evidence/20260902-p0d-formal-clean/run-vectors/pd/dnn_s_quantized__256_Low/clean.run2.json,8d50c305b8e513e517ac667312be920de9dc5280c97fd5477bd69181f39b348c,evidence,,,,,,,,per-layer / IRQ profiling PMU,.json,116,read-only input
mechanism derived result,docs/paper/mechanism/evidence/20260902-p0d-formal-clean/run-vectors/pd/dnn_s_quantized__256_Low/clean.run3.json,8d50c305b8e513e517ac667312be920de9dc5280c97fd5477bd69181f39b348c,evidence,,,,,,,,per-layer / IRQ profiling PMU,.json,116,read-only input
mechanism derived result,docs/paper/mechanism/evidence/20260902-p0d-formal-clean/run-vectors/pd/dnn_s_quantized__256_Low/instr.meta.json,15ae56aed29ecd1aff72e3a3bd6d10c8c864cd46a396929066415dc8be2a66e3,evidence,,,,,,,,per-layer / IRQ profiling PMU,.json,92,read-only input
mechanism derived result,docs/paper/mechanism/evidence/20260902-p0d-formal-clean/run-vectors/pd/dnn_s_quantized__512_Low/clean.build.json,2c26416c39284da9e0e6051949203194676461aa9f7d9dcad168fc0f89500052,evidence,,,,,,,,per-layer / IRQ profiling PMU,.json,324,read-only input
mechanism derived result,docs/paper/mechanism/evidence/20260902-p0d-formal-clean/run-vectors/pd/dnn_s_quantized__512_Low/clean.run1.json,ae44b5b293b6b8bd2feb518771cec313acb791457dd290d89b073fddc09394f1,evidence,,,,,,,,per-layer / IRQ profiling PMU,.json,116,read-only input
mechanism derived result,docs/paper/mechanism/evidence/20260902-p0d-formal-clean/run-vectors/pd/dnn_s_quantized__512_Low/clean.run2.json,ae44b5b293b6b8bd2feb518771cec313acb791457dd290d89b073fddc09394f1,evidence,,,,,,,,per-layer / IRQ profiling PMU,.json,116,read-only input
mechanism derived result,docs/paper/mechanism/evidence/20260902-p0d-formal-clean/run-vectors/pd/dnn_s_quantized__512_Low/clean.run3.json,ae44b5b293b6b8bd2feb518771cec313acb791457dd290d89b073fddc09394f1,evidence,,,,,,,,per-layer / IRQ profiling PMU,.json,116,read-only input
mechanism derived result,docs/paper/mechanism/evidence/20260902-p0d-formal-clean/run-vectors/pd/dnn_s_quantized__512_Low/instr.meta.json,15ae56aed29ecd1aff72e3a3bd6d10c8c864cd46a396929066415dc8be2a66e3,evidence,,,,,,,,per-layer / IRQ profiling PMU,.json,92,read-only input
mechanism derived result,docs/paper/mechanism/evidence/20260902-p0d-formal-clean/run-vectors/pd/dnn_s_quantized__512_Mid512/clean.build.json,b6901b24a31173813f3b8617797a87c0ddc50e51dab20f743d11509d510d9c03,evidence,,,,,,,,per-layer / IRQ profiling PMU,.json,327,read-only input
mechanism derived result,docs/paper/mechanism/evidence/20260902-p0d-formal-clean/run-vectors/pd/dnn_s_quantized__512_Mid512/clean.run1.json,ae44b5b293b6b8bd2feb518771cec313acb791457dd290d89b073fddc09394f1,evidence,,,,,,,,per-layer / IRQ profiling PMU,.json,116,read-only input
mechanism derived result,docs/paper/mechanism/evidence/20260902-p0d-formal-clean/run-vectors/pd/dnn_s_quantized__512_Mid512/clean.run2.json,ae44b5b293b6b8bd2feb518771cec313acb791457dd290d89b073fddc09394f1,evidence,,,,,,,,per-layer / IRQ profiling PMU,.json,116,read-only input
mechanism derived result,docs/paper/mechanism/evidence/20260902-p0d-formal-clean/run-vectors/pd/dnn_s_quantized__512_Mid512/clean.run3.json,ae44b5b293b6b8bd2feb518771cec313acb791457dd290d89b073fddc09394f1,evidence,,,,,,,,per-layer / IRQ profiling PMU,.json,116,read-only input
mechanism derived result,docs/paper/mechanism/evidence/20260902-p0d-formal-clean/run-vectors/pd/dnn_s_quantized__512_Mid512/instr.meta.json,15ae56aed29ecd1aff72e3a3bd6d10c8c864cd46a396929066415dc8be2a66e3,evidence,,,,,,,,per-layer / IRQ profiling PMU,.json,92,read-only input
mechanism derived result,docs/paper/mechanism/evidence/20260902-p0d-formal-clean/run-vectors/pd/kws_micronet_m__256_Low/clean.build.json,f83d73ae8b835060ef32a2eb3ca7ee74c701bb6757626de500e23751d1ceb4e9,evidence,,,,,,,,per-layer / IRQ profiling PMU,.json,322,read-only input
mechanism derived result,docs/paper/mechanism/evidence/20260902-p0d-formal-clean/run-vectors/pd/kws_micronet_m__256_Low/clean.run1.json,8cea5320e182e3ae7f7e23c92422e6419154cdacad4b781929577ee12cd0416f,evidence,,,,,,,,per-layer / IRQ profiling PMU,.json,118,read-only input
mechanism derived result,docs/paper/mechanism/evidence/20260902-p0d-formal-clean/run-vectors/pd/kws_micronet_m__256_Low/clean.run2.json,8cea5320e182e3ae7f7e23c92422e6419154cdacad4b781929577ee12cd0416f,evidence,,,,,,,,per-layer / IRQ profiling PMU,.json,118,read-only input
mechanism derived result,docs/paper/mechanism/evidence/20260902-p0d-formal-clean/run-vectors/pd/kws_micronet_m__256_Low/clean.run3.json,8cea5320e182e3ae7f7e23c92422e6419154cdacad4b781929577ee12cd0416f,evidence,,,,,,,,per-layer / IRQ profiling PMU,.json,118,read-only input
mechanism derived result,docs/paper/mechanism/evidence/20260902-p0d-formal-clean/run-vectors/pd/kws_micronet_m__256_Low/instr.meta.json,1cf7a260dcdbc9560ad1d74ec597ecc6f6fa1aa556b5fc8f930c50cbc941f9eb,evidence,,,,,,,,per-layer / IRQ profiling PMU,.json,119,read-only input
mechanism derived result,docs/paper/mechanism/evidence/20260902-p0d-formal-clean/run-vectors/pd/kws_micronet_m__256_Low/prof.build.json,1e219ffa871f53aeb7ca6961a8ebc787f57e4e11c0591df5e2ee400d90f13aa3,evidence,,,,,,,,per-layer / IRQ profiling PMU,.json,301,read-only input
mechanism derived result,docs/paper/mechanism/evidence/20260902-p0d-formal-clean/run-vectors/pd/kws_micronet_m__256_Low/prof.run1.json,72fc9d93acecb928793de7e69700ae00bc93e3a139405244751af08dbfa07795,evidence,,,,,,,,per-layer / IRQ profiling PMU,.json,724,read-only input
mechanism derived result,docs/paper/mechanism/evidence/20260902-p0d-formal-clean/run-vectors/pd/kws_micronet_m__256_Low/prof.run2.json,72fc9d93acecb928793de7e69700ae00bc93e3a139405244751af08dbfa07795,evidence,,,,,,,,per-layer / IRQ profiling PMU,.json,724,read-only input
mechanism derived result,docs/paper/mechanism/evidence/20260902-p0d-formal-clean/run-vectors/pd/kws_micronet_m__256_Low/prof.run3.json,72fc9d93acecb928793de7e69700ae00bc93e3a139405244751af08dbfa07795,evidence,,,,,,,,per-layer / IRQ profiling PMU,.json,724,read-only input
mechanism derived result,docs/paper/mechanism/evidence/20260902-p0d-formal-clean/run-vectors/pd/kws_micronet_m__512_Low/clean.build.json,88b9b116cb4bd634f54bbdbdbe6fc83a98185cbd345c59dd3ecf761494d8677c,evidence,,,,,,,,per-layer / IRQ profiling PMU,.json,322,read-only input
mechanism derived result,docs/paper/mechanism/evidence/20260902-p0d-formal-clean/run-vectors/pd/kws_micronet_m__512_Low/clean.run1.json,d9f0b8753feb3d7777d82e5b40b9c927f43fe5a31ba2282e44d7bd610af47acc,evidence,,,,,,,,per-layer / IRQ profiling PMU,.json,118,read-only input
mechanism derived result,docs/paper/mechanism/evidence/20260902-p0d-formal-clean/run-vectors/pd/kws_micronet_m__512_Low/clean.run2.json,d9f0b8753feb3d7777d82e5b40b9c927f43fe5a31ba2282e44d7bd610af47acc,evidence,,,,,,,,per-layer / IRQ profiling PMU,.json,118,read-only input
mechanism derived result,docs/paper/mechanism/evidence/20260902-p0d-formal-clean/run-vectors/pd/kws_micronet_m__512_Low/clean.run3.json,d9f0b8753feb3d7777d82e5b40b9c927f43fe5a31ba2282e44d7bd610af47acc,evidence,,,,,,,,per-layer / IRQ profiling PMU,.json,118,read-only input
mechanism derived result,docs/paper/mechanism/evidence/20260902-p0d-formal-clean/run-vectors/pd/kws_micronet_m__512_Low/instr.meta.json,01503bf63ebf3b5f4e6e012b42cd4e126da1236fabb7017865b4b13843c9350c,evidence,,,,,,,,per-layer / IRQ profiling PMU,.json,119,read-only input
mechanism derived result,docs/paper/mechanism/evidence/20260902-p0d-formal-clean/run-vectors/pd/kws_micronet_m__512_Low/prof.build.json,2c6665320a20fda71d3c0d6aa5b6d5b49158c72f49ec15a2d68926903ea1dabb,evidence,,,,,,,,per-layer / IRQ profiling PMU,.json,301,read-only input
mechanism derived result,docs/paper/mechanism/evidence/20260902-p0d-formal-clean/run-vectors/pd/kws_micronet_m__512_Low/prof.run1.json,4b812353ee83baa288afb0adf3208a0b7419186ce036e899d74ff0d23e505112,evidence,,,,,,,,per-layer / IRQ profiling PMU,.json,783,read-only input
mechanism derived result,docs/paper/mechanism/evidence/20260902-p0d-formal-clean/run-vectors/pd/kws_micronet_m__512_Low/prof.run2.json,4b812353ee83baa288afb0adf3208a0b7419186ce036e899d74ff0d23e505112,evidence,,,,,,,,per-layer / IRQ profiling PMU,.json,783,read-only input
mechanism derived result,docs/paper/mechanism/evidence/20260902-p0d-formal-clean/run-vectors/pd/kws_micronet_m__512_Low/prof.run3.json,4b812353ee83baa288afb0adf3208a0b7419186ce036e899d74ff0d23e505112,evidence,,,,,,,,per-layer / IRQ profiling PMU,.json,783,read-only input
mechanism derived result,docs/paper/mechanism/evidence/20260902-p0d-formal-clean/run-vectors/pd/kws_micronet_m__512_Mid512/clean.build.json,3e42263b7a9cc9c92b94ceb3861d258c93c80f5bcbd209c723f839108f8ad9e0,evidence,,,,,,,,per-layer / IRQ profiling PMU,.json,325,read-only input
mechanism derived result,docs/paper/mechanism/evidence/20260902-p0d-formal-clean/run-vectors/pd/kws_micronet_m__512_Mid512/clean.run1.json,72b806a2402d9b0fb4f4a9477428d2d3aba8d32af18a3feb24eb9583ebed39f0,evidence,,,,,,,,per-layer / IRQ profiling PMU,.json,117,read-only input
mechanism derived result,docs/paper/mechanism/evidence/20260902-p0d-formal-clean/run-vectors/pd/kws_micronet_m__512_Mid512/clean.run2.json,72b806a2402d9b0fb4f4a9477428d2d3aba8d32af18a3feb24eb9583ebed39f0,evidence,,,,,,,,per-layer / IRQ profiling PMU,.json,117,read-only input
mechanism derived result,docs/paper/mechanism/evidence/20260902-p0d-formal-clean/run-vectors/pd/kws_micronet_m__512_Mid512/clean.run3.json,72b806a2402d9b0fb4f4a9477428d2d3aba8d32af18a3feb24eb9583ebed39f0,evidence,,,,,,,,per-layer / IRQ profiling PMU,.json,117,read-only input
mechanism derived result,docs/paper/mechanism/evidence/20260902-p0d-formal-clean/run-vectors/pd/kws_micronet_m__512_Mid512/instr.meta.json,0c3c44ff15cdd4e7c9cfd0d5a9bf43b4dfa6e6b2e7cf2cc316660a3588d07245,evidence,,,,,,,,per-layer / IRQ profiling PMU,.json,119,read-only input
mechanism derived result,docs/paper/mechanism/evidence/20260902-p0d-formal-clean/run-vectors/pd/kws_micronet_m__512_Mid512/prof.build.json,db3b5ac5e584e079037e4e02fe753bf0a1167f98d1bda01ff55f5608a72571a9,evidence,,,,,,,,per-layer / IRQ profiling PMU,.json,304,read-only input
mechanism derived result,docs/paper/mechanism/evidence/20260902-p0d-formal-clean/run-vectors/pd/kws_micronet_m__512_Mid512/prof.run1.json,060435eb327c37a776d4dd6df63dc6b0e531550ee881d858fdc1ab3e34572bb6,evidence,,,,,,,,per-layer / IRQ profiling PMU,.json,642,read-only input
mechanism derived result,docs/paper/mechanism/evidence/20260902-p0d-formal-clean/run-vectors/pd/kws_micronet_m__512_Mid512/prof.run2.json,060435eb327c37a776d4dd6df63dc6b0e531550ee881d858fdc1ab3e34572bb6,evidence,,,,,,,,per-layer / IRQ profiling PMU,.json,642,read-only input
mechanism derived result,docs/paper/mechanism/evidence/20260902-p0d-formal-clean/run-vectors/pd/kws_micronet_m__512_Mid512/prof.run3.json,060435eb327c37a776d4dd6df63dc6b0e531550ee881d858fdc1ab3e34572bb6,evidence,,,,,,,,per-layer / IRQ profiling PMU,.json,642,read-only input
mechanism derived result,docs/paper/mechanism/evidence/20260902-p0d-formal-clean/run-vectors/pd/rnnoise_INT8__256_Low/clean.build.json,c4101a363b5c5b6a8d8bf2f622a046266c80b361b0feabe837b780f087377841,evidence,,,,,,,,per-layer / IRQ profiling PMU,.json,318,read-only input
mechanism derived result,docs/paper/mechanism/evidence/20260902-p0d-formal-clean/run-vectors/pd/rnnoise_INT8__256_Low/clean.run1.json,aeaadbab0d76ae934046ef2c5d074225554e5397bc3666ee779a3f3e90fc0377,evidence,,,,,,,,per-layer / IRQ profiling PMU,.json,179,read-only input
mechanism derived result,docs/paper/mechanism/evidence/20260902-p0d-formal-clean/run-vectors/pd/rnnoise_INT8__256_Low/clean.run2.json,aeaadbab0d76ae934046ef2c5d074225554e5397bc3666ee779a3f3e90fc0377,evidence,,,,,,,,per-layer / IRQ profiling PMU,.json,179,read-only input
mechanism derived result,docs/paper/mechanism/evidence/20260902-p0d-formal-clean/run-vectors/pd/rnnoise_INT8__256_Low/clean.run3.json,aeaadbab0d76ae934046ef2c5d074225554e5397bc3666ee779a3f3e90fc0377,evidence,,,,,,,,per-layer / IRQ profiling PMU,.json,179,read-only input
mechanism derived result,docs/paper/mechanism/evidence/20260902-p0d-formal-clean/run-vectors/pd/rnnoise_INT8__256_Low/instr.meta.json,a76057dcc928e76bb08361b9a3daefc62ce9b38cae7eab467f284dc25ca91a4b,evidence,,,,,,,,per-layer / IRQ profiling PMU,.json,119,read-only input
mechanism derived result,docs/paper/mechanism/evidence/20260902-p0d-formal-clean/run-vectors/pd/rnnoise_INT8__256_Low/prof.build.json,44024b995f6f76a7329b7527221a5c3835b0394f25a71de29bc7c2061fd22039,evidence,,,,,,,,per-layer / IRQ profiling PMU,.json,299,read-only input
mechanism derived result,docs/paper/mechanism/evidence/20260902-p0d-formal-clean/run-vectors/pd/rnnoise_INT8__256_Low/prof.run1.json,2a34dc24835c1175f06ed8570aace96883f3f136eda38542358675deb67f0095,evidence,,,,,,,,per-layer / IRQ profiling PMU,.json,723,read-only input
mechanism derived result,docs/paper/mechanism/evidence/20260902-p0d-formal-clean/run-vectors/pd/rnnoise_INT8__256_Low/prof.run2.json,2a34dc24835c1175f06ed8570aace96883f3f136eda38542358675deb67f0095,evidence,,,,,,,,per-layer / IRQ profiling PMU,.json,723,read-only input
mechanism derived result,docs/paper/mechanism/evidence/20260902-p0d-formal-clean/run-vectors/pd/rnnoise_INT8__256_Low/prof.run3.json,2a34dc24835c1175f06ed8570aace96883f3f136eda38542358675deb67f0095,evidence,,,,,,,,per-layer / IRQ profiling PMU,.json,723,read-only input
mechanism derived result,docs/paper/mechanism/evidence/20260902-p0d-formal-clean/run-vectors/pd/rnnoise_INT8__512_Low/clean.build.json,39991281dfddc411a6e9c76ae10ce09defce2f73e996498fa96d368c53684725,evidence,,,,,,,,per-layer / IRQ profiling PMU,.json,318,read-only input
mechanism derived result,docs/paper/mechanism/evidence/20260902-p0d-formal-clean/run-vectors/pd/rnnoise_INT8__512_Low/clean.run1.json,6805e45b837e9202ad1f70ab0b6116ae5957bd33c13314ab6247aa0e2db33aae,evidence,,,,,,,,per-layer / IRQ profiling PMU,.json,179,read-only input
mechanism derived result,docs/paper/mechanism/evidence/20260902-p0d-formal-clean/run-vectors/pd/rnnoise_INT8__512_Low/clean.run2.json,6805e45b837e9202ad1f70ab0b6116ae5957bd33c13314ab6247aa0e2db33aae,evidence,,,,,,,,per-layer / IRQ profiling PMU,.json,179,read-only input
mechanism derived result,docs/paper/mechanism/evidence/20260902-p0d-formal-clean/run-vectors/pd/rnnoise_INT8__512_Low/clean.run3.json,6805e45b837e9202ad1f70ab0b6116ae5957bd33c13314ab6247aa0e2db33aae,evidence,,,,,,,,per-layer / IRQ profiling PMU,.json,179,read-only input
mechanism derived result,docs/paper/mechanism/evidence/20260902-p0d-formal-clean/run-vectors/pd/rnnoise_INT8__512_Low/instr.meta.json,1b29bfe7ee7f218735e01e81c45317558bcca3b2f848ffdab478db38f3906f72,evidence,,,,,,,,per-layer / IRQ profiling PMU,.json,119,read-only input
mechanism derived result,docs/paper/mechanism/evidence/20260902-p0d-formal-clean/run-vectors/pd/rnnoise_INT8__512_Low/prof.build.json,7e31bc714ef1e50fa013684cf41276a9cf3e1f0bc42f00533394cf8faac19b3c,evidence,,,,,,,,per-layer / IRQ profiling PMU,.json,299,read-only input
mechanism derived result,docs/paper/mechanism/evidence/20260902-p0d-formal-clean/run-vectors/pd/rnnoise_INT8__512_Low/prof.run1.json,e7cf31c698f2030c9f773b9b252750209b224800607b7db667ff483d5f4d2731,evidence,,,,,,,,per-layer / IRQ profiling PMU,.json,813,read-only input
mechanism derived result,docs/paper/mechanism/evidence/20260902-p0d-formal-clean/run-vectors/pd/rnnoise_INT8__512_Low/prof.run2.json,e7cf31c698f2030c9f773b9b252750209b224800607b7db667ff483d5f4d2731,evidence,,,,,,,,per-layer / IRQ profiling PMU,.json,813,read-only input
mechanism derived result,docs/paper/mechanism/evidence/20260902-p0d-formal-clean/run-vectors/pd/rnnoise_INT8__512_Low/prof.run3.json,e7cf31c698f2030c9f773b9b252750209b224800607b7db667ff483d5f4d2731,evidence,,,,,,,,per-layer / IRQ profiling PMU,.json,813,read-only input
mechanism derived result,docs/paper/mechanism/evidence/20260902-p0d-formal-clean/run-vectors/pd/rnnoise_INT8__512_Mid512/clean.build.json,a2fd3014aadea3225b792a47baf1cfef6aacf6bc98b453484771b4946f7dc9c8,evidence,,,,,,,,per-layer / IRQ profiling PMU,.json,321,read-only input
mechanism derived result,docs/paper/mechanism/evidence/20260902-p0d-formal-clean/run-vectors/pd/rnnoise_INT8__512_Mid512/clean.run1.json,6805e45b837e9202ad1f70ab0b6116ae5957bd33c13314ab6247aa0e2db33aae,evidence,,,,,,,,per-layer / IRQ profiling PMU,.json,179,read-only input
mechanism derived result,docs/paper/mechanism/evidence/20260902-p0d-formal-clean/run-vectors/pd/rnnoise_INT8__512_Mid512/clean.run2.json,6805e45b837e9202ad1f70ab0b6116ae5957bd33c13314ab6247aa0e2db33aae,evidence,,,,,,,,per-layer / IRQ profiling PMU,.json,179,read-only input
mechanism derived result,docs/paper/mechanism/evidence/20260902-p0d-formal-clean/run-vectors/pd/rnnoise_INT8__512_Mid512/clean.run3.json,6805e45b837e9202ad1f70ab0b6116ae5957bd33c13314ab6247aa0e2db33aae,evidence,,,,,,,,per-layer / IRQ profiling PMU,.json,179,read-only input
mechanism derived result,docs/paper/mechanism/evidence/20260902-p0d-formal-clean/run-vectors/pd/rnnoise_INT8__512_Mid512/instr.meta.json,1b29bfe7ee7f218735e01e81c45317558bcca3b2f848ffdab478db38f3906f72,evidence,,,,,,,,per-layer / IRQ profiling PMU,.json,119,read-only input
mechanism derived result,docs/paper/mechanism/evidence/20260902-p0d-formal-clean/run-vectors/pd/rnnoise_INT8__512_Mid512/prof.build.json,45665d8bdbf51dbe06bc2d60d102c6e211ca4cb1d0b55310fcbbc0a5f727bcb5,evidence,,,,,,,,per-layer / IRQ profiling PMU,.json,302,read-only input
mechanism derived result,docs/paper/mechanism/evidence/20260902-p0d-formal-clean/run-vectors/pd/rnnoise_INT8__512_Mid512/prof.run1.json,e7cf31c698f2030c9f773b9b252750209b224800607b7db667ff483d5f4d2731,evidence,,,,,,,,per-layer / IRQ profiling PMU,.json,813,read-only input
mechanism derived result,docs/paper/mechanism/evidence/20260902-p0d-formal-clean/run-vectors/pd/rnnoise_INT8__512_Mid512/prof.run2.json,e7cf31c698f2030c9f773b9b252750209b224800607b7db667ff483d5f4d2731,evidence,,,,,,,,per-layer / IRQ profiling PMU,.json,813,read-only input
mechanism derived result,docs/paper/mechanism/evidence/20260902-p0d-formal-clean/run-vectors/pd/rnnoise_INT8__512_Mid512/prof.run3.json,e7cf31c698f2030c9f773b9b252750209b224800607b7db667ff483d5f4d2731,evidence,,,,,,,,per-layer / IRQ profiling PMU,.json,813,read-only input
mechanism derived result,docs/paper/mechanism/evidence/20260902-p0d-formal-clean/run-vectors/pd/vww4_128_128_INT8__256_Low/clean.build.json,6ecea7138bacdc7206a8db0098bb9c084139312e9a714f3ae51e9b31ec47e35b,evidence,,,,,,,,per-layer / IRQ profiling PMU,.json,328,read-only input
mechanism derived result,docs/paper/mechanism/evidence/20260902-p0d-formal-clean/run-vectors/pd/vww4_128_128_INT8__256_Low/clean.run1.json,ae1eb04e8e8a2e89d243f654e6a286c04758f322251da2161dc148a4713a60ea,evidence,,,,,,,,per-layer / IRQ profiling PMU,.json,118,read-only input
mechanism derived result,docs/paper/mechanism/evidence/20260902-p0d-formal-clean/run-vectors/pd/vww4_128_128_INT8__256_Low/clean.run2.json,ae1eb04e8e8a2e89d243f654e6a286c04758f322251da2161dc148a4713a60ea,evidence,,,,,,,,per-layer / IRQ profiling PMU,.json,118,read-only input
mechanism derived result,docs/paper/mechanism/evidence/20260902-p0d-formal-clean/run-vectors/pd/vww4_128_128_INT8__256_Low/clean.run3.json,ae1eb04e8e8a2e89d243f654e6a286c04758f322251da2161dc148a4713a60ea,evidence,,,,,,,,per-layer / IRQ profiling PMU,.json,118,read-only input
mechanism derived result,docs/paper/mechanism/evidence/20260902-p0d-formal-clean/run-vectors/pd/vww4_128_128_INT8__256_Low/instr.meta.json,65311fed07090fe23fc0b5947e040a51c50cac35ac70a26b753876299abe64fb,evidence,,,,,,,,per-layer / IRQ profiling PMU,.json,119,read-only input
mechanism derived result,docs/paper/mechanism/evidence/20260902-p0d-formal-clean/run-vectors/pd/vww4_128_128_INT8__256_Low/prof.build.json,722529df139002fe146838316d30fac71feec218fc6011dd1508c79f0a1ea607,evidence,,,,,,,,per-layer / IRQ profiling PMU,.json,304,read-only input
mechanism derived result,docs/paper/mechanism/evidence/20260902-p0d-formal-clean/run-vectors/pd/vww4_128_128_INT8__256_Low/prof.run1.json,43cc94f571089da4f59af2e2b7d18a27119c9e1c81de999ae16831310ebd4f78,evidence,,,,,,,,per-layer / IRQ profiling PMU,.json,2758,read-only input
mechanism derived result,docs/paper/mechanism/evidence/20260902-p0d-formal-clean/run-vectors/pd/vww4_128_128_INT8__256_Low/prof.run2.json,43cc94f571089da4f59af2e2b7d18a27119c9e1c81de999ae16831310ebd4f78,evidence,,,,,,,,per-layer / IRQ profiling PMU,.json,2758,read-only input
mechanism derived result,docs/paper/mechanism/evidence/20260902-p0d-formal-clean/run-vectors/pd/vww4_128_128_INT8__256_Low/prof.run3.json,43cc94f571089da4f59af2e2b7d18a27119c9e1c81de999ae16831310ebd4f78,evidence,,,,,,,,per-layer / IRQ profiling PMU,.json,2758,read-only input
mechanism derived result,docs/paper/mechanism/evidence/20260902-p0d-formal-clean/run-vectors/pd/vww4_128_128_INT8__512_Low/clean.build.json,b9063e5a6334a1e86900ab284d3fa4c9e8421052afa0084323e2e0d9c0cff5f5,evidence,,,,,,,,per-layer / IRQ profiling PMU,.json,328,read-only input
mechanism derived result,docs/paper/mechanism/evidence/20260902-p0d-formal-clean/run-vectors/pd/vww4_128_128_INT8__512_Low/clean.run1.json,9a9997c7e451ab3c90f13d444942b025601da2dff4328c55de6c0fe738321286,evidence,,,,,,,,per-layer / IRQ profiling PMU,.json,118,read-only input
mechanism derived result,docs/paper/mechanism/evidence/20260902-p0d-formal-clean/run-vectors/pd/vww4_128_128_INT8__512_Low/clean.run2.json,9a9997c7e451ab3c90f13d444942b025601da2dff4328c55de6c0fe738321286,evidence,,,,,,,,per-layer / IRQ profiling PMU,.json,118,read-only input
mechanism derived result,docs/paper/mechanism/evidence/20260902-p0d-formal-clean/run-vectors/pd/vww4_128_128_INT8__512_Low/clean.run3.json,9a9997c7e451ab3c90f13d444942b025601da2dff4328c55de6c0fe738321286,evidence,,,,,,,,per-layer / IRQ profiling PMU,.json,118,read-only input
mechanism derived result,docs/paper/mechanism/evidence/20260902-p0d-formal-clean/run-vectors/pd/vww4_128_128_INT8__512_Low/instr.meta.json,b43e12f807cf7398277ec6f7f157216e32758875206c0c5805f25b8a07705c84,evidence,,,,,,,,per-layer / IRQ profiling PMU,.json,119,read-only input
mechanism derived result,docs/paper/mechanism/evidence/20260902-p0d-formal-clean/run-vectors/pd/vww4_128_128_INT8__512_Low/prof.build.json,0b82f7823e013649b023a5dd73e31f0915f49b620f150f04e8a3bc739f438227,evidence,,,,,,,,per-layer / IRQ profiling PMU,.json,304,read-only input
mechanism derived result,docs/paper/mechanism/evidence/20260902-p0d-formal-clean/run-vectors/pd/vww4_128_128_INT8__512_Low/prof.run1.json,513603545ff8884dd65fe3e11c2a8b1d3d4258facca35ffbcf28324d37dbe61a,evidence,,,,,,,,per-layer / IRQ profiling PMU,.json,2737,read-only input
mechanism derived result,docs/paper/mechanism/evidence/20260902-p0d-formal-clean/run-vectors/pd/vww4_128_128_INT8__512_Low/prof.run2.json,513603545ff8884dd65fe3e11c2a8b1d3d4258facca35ffbcf28324d37dbe61a,evidence,,,,,,,,per-layer / IRQ profiling PMU,.json,2737,read-only input
mechanism derived result,docs/paper/mechanism/evidence/20260902-p0d-formal-clean/run-vectors/pd/vww4_128_128_INT8__512_Low/prof.run3.json,513603545ff8884dd65fe3e11c2a8b1d3d4258facca35ffbcf28324d37dbe61a,evidence,,,,,,,,per-layer / IRQ profiling PMU,.json,2737,read-only input
mechanism derived result,docs/paper/mechanism/evidence/20260902-p0d-formal-clean/run-vectors/pd/vww4_128_128_INT8__512_Mid512/clean.build.json,baeca2e573b2879746bf1eb534f28af9b1f9b45d8a9befa78488fdeff9fc9c32,evidence,,,,,,,,per-layer / IRQ profiling PMU,.json,331,read-only input
mechanism derived result,docs/paper/mechanism/evidence/20260902-p0d-formal-clean/run-vectors/pd/vww4_128_128_INT8__512_Mid512/clean.run1.json,9a9997c7e451ab3c90f13d444942b025601da2dff4328c55de6c0fe738321286,evidence,,,,,,,,per-layer / IRQ profiling PMU,.json,118,read-only input
mechanism derived result,docs/paper/mechanism/evidence/20260902-p0d-formal-clean/run-vectors/pd/vww4_128_128_INT8__512_Mid512/clean.run2.json,9a9997c7e451ab3c90f13d444942b025601da2dff4328c55de6c0fe738321286,evidence,,,,,,,,per-layer / IRQ profiling PMU,.json,118,read-only input
mechanism derived result,docs/paper/mechanism/evidence/20260902-p0d-formal-clean/run-vectors/pd/vww4_128_128_INT8__512_Mid512/clean.run3.json,9a9997c7e451ab3c90f13d444942b025601da2dff4328c55de6c0fe738321286,evidence,,,,,,,,per-layer / IRQ profiling PMU,.json,118,read-only input
mechanism derived result,docs/paper/mechanism/evidence/20260902-p0d-formal-clean/run-vectors/pd/vww4_128_128_INT8__512_Mid512/instr.meta.json,8256b07eee8e8e3b276216c15f1555eaff865785e980c06c834ba34c1ed12ad9,evidence,,,,,,,,per-layer / IRQ profiling PMU,.json,119,read-only input
mechanism derived result,docs/paper/mechanism/evidence/20260902-p0d-formal-clean/run-vectors/pd/vww4_128_128_INT8__512_Mid512/prof.build.json,354e9cfb27843edc760773349b8aea71f1168b8cf24d5091b921fd24a903f659,evidence,,,,,,,,per-layer / IRQ profiling PMU,.json,307,read-only input
mechanism derived result,docs/paper/mechanism/evidence/20260902-p0d-formal-clean/run-vectors/pd/vww4_128_128_INT8__512_Mid512/prof.run1.json,e683d2009422913dcdfb356ef1c9246f676a11c44780eb6660c635dadfc72f22,evidence,,,,,,,,per-layer / IRQ profiling PMU,.json,2741,read-only input
mechanism derived result,docs/paper/mechanism/evidence/20260902-p0d-formal-clean/run-vectors/pd/vww4_128_128_INT8__512_Mid512/prof.run2.json,e683d2009422913dcdfb356ef1c9246f676a11c44780eb6660c635dadfc72f22,evidence,,,,,,,,per-layer / IRQ profiling PMU,.json,2741,read-only input
mechanism derived result,docs/paper/mechanism/evidence/20260902-p0d-formal-clean/run-vectors/pd/vww4_128_128_INT8__512_Mid512/prof.run3.json,e683d2009422913dcdfb356ef1c9246f676a11c44780eb6660c635dadfc72f22,evidence,,,,,,,,per-layer / IRQ profiling PMU,.json,2741,read-only input
mechanism derived result,docs/paper/mechanism/evidence/20260902-p0d-formal-clean/run-vectors/pd/yolo-fastest_192_face_v4__256_Low/clean.build.json,acec466faa1a3f8f864ed4818648f3dea2e4028cb1022b5d263071e53faa17cf,evidence,,,,,,,,per-layer / IRQ profiling PMU,.json,342,read-only input
mechanism derived result,docs/paper/mechanism/evidence/20260902-p0d-formal-clean/run-vectors/pd/yolo-fastest_192_face_v4__256_Low/clean.run1.json,e711f7e10555f21f0694fba1ba7c37ec31c32a736c1cc9c8925a8141a4f05c94,evidence,,,,,,,,per-layer / IRQ profiling PMU,.json,137,read-only input
mechanism derived result,docs/paper/mechanism/evidence/20260902-p0d-formal-clean/run-vectors/pd/yolo-fastest_192_face_v4__256_Low/clean.run2.json,e711f7e10555f21f0694fba1ba7c37ec31c32a736c1cc9c8925a8141a4f05c94,evidence,,,,,,,,per-layer / IRQ profiling PMU,.json,137,read-only input
mechanism derived result,docs/paper/mechanism/evidence/20260902-p0d-formal-clean/run-vectors/pd/yolo-fastest_192_face_v4__256_Low/clean.run3.json,e711f7e10555f21f0694fba1ba7c37ec31c32a736c1cc9c8925a8141a4f05c94,evidence,,,,,,,,per-layer / IRQ profiling PMU,.json,137,read-only input
mechanism derived result,docs/paper/mechanism/evidence/20260902-p0d-formal-clean/run-vectors/pd/yolo-fastest_192_face_v4__256_Low/instr.meta.json,462af09563eaca939dfcce27b584a7fc2c7ccabaec52cb2ca33b46d16e55bdcb,evidence,,,,,,,,per-layer / IRQ profiling PMU,.json,120,read-only input
mechanism derived result,docs/paper/mechanism/evidence/20260902-p0d-formal-clean/run-vectors/pd/yolo-fastest_192_face_v4__256_Low/prof.build.json,5da33615aa9be6c2fbb13d3d60a3baf5fe3cb1fef30e4e9a0e900d66c2266d88,evidence,,,,,,,,per-layer / IRQ profiling PMU,.json,311,read-only input
mechanism derived result,docs/paper/mechanism/evidence/20260902-p0d-formal-clean/run-vectors/pd/yolo-fastest_192_face_v4__256_Low/prof.run1.json,e0c5d2b2992aa04eb0c7030dc63bff5a28e5c1a70e477b6dda31b18a98021da5,evidence,,,,,,,,per-layer / IRQ profiling PMU,.json,3552,read-only input
mechanism derived result,docs/paper/mechanism/evidence/20260902-p0d-formal-clean/run-vectors/pd/yolo-fastest_192_face_v4__256_Low/prof.run2.json,e0c5d2b2992aa04eb0c7030dc63bff5a28e5c1a70e477b6dda31b18a98021da5,evidence,,,,,,,,per-layer / IRQ profiling PMU,.json,3552,read-only input
mechanism derived result,docs/paper/mechanism/evidence/20260902-p0d-formal-clean/run-vectors/pd/yolo-fastest_192_face_v4__256_Low/prof.run3.json,e0c5d2b2992aa04eb0c7030dc63bff5a28e5c1a70e477b6dda31b18a98021da5,evidence,,,,,,,,per-layer / IRQ profiling PMU,.json,3552,read-only input
mechanism derived result,docs/paper/mechanism/evidence/20260902-p0d-formal-clean/run-vectors/pd/yolo-fastest_192_face_v4__512_Low/clean.build.json,431e7077a7e4cad8348c0303838b0ff17128ae180a5d9731b82f48db095c7bbd,evidence,,,,,,,,per-layer / IRQ profiling PMU,.json,342,read-only input
mechanism derived result,docs/paper/mechanism/evidence/20260902-p0d-formal-clean/run-vectors/pd/yolo-fastest_192_face_v4__512_Low/clean.run1.json,30e3521c51e37a40d2f42f8f0dcad1d3977eaba851682492caf67f9075d5be0d,evidence,,,,,,,,per-layer / IRQ profiling PMU,.json,138,read-only input
mechanism derived result,docs/paper/mechanism/evidence/20260902-p0d-formal-clean/run-vectors/pd/yolo-fastest_192_face_v4__512_Low/clean.run2.json,30e3521c51e37a40d2f42f8f0dcad1d3977eaba851682492caf67f9075d5be0d,evidence,,,,,,,,per-layer / IRQ profiling PMU,.json,138,read-only input
mechanism derived result,docs/paper/mechanism/evidence/20260902-p0d-formal-clean/run-vectors/pd/yolo-fastest_192_face_v4__512_Low/clean.run3.json,30e3521c51e37a40d2f42f8f0dcad1d3977eaba851682492caf67f9075d5be0d,evidence,,,,,,,,per-layer / IRQ profiling PMU,.json,138,read-only input
mechanism derived result,docs/paper/mechanism/evidence/20260902-p0d-formal-clean/run-vectors/pd/yolo-fastest_192_face_v4__512_Low/instr.meta.json,e77552985dbebed42db4dec8c2214a66a069a8ba7b872751766e2fad92437095,evidence,,,,,,,,per-layer / IRQ profiling PMU,.json,120,read-only input
mechanism derived result,docs/paper/mechanism/evidence/20260902-p0d-formal-clean/run-vectors/pd/yolo-fastest_192_face_v4__512_Low/prof.build.json,7d354883f82e32ffcd336e391bd649ac4442a76d16cbc93fbb828940f9b0dc83,evidence,,,,,,,,per-layer / IRQ profiling PMU,.json,311,read-only input
mechanism derived result,docs/paper/mechanism/evidence/20260902-p0d-formal-clean/run-vectors/pd/yolo-fastest_192_face_v4__512_Low/prof.run1.json,1088d117270234f77d0db50aa8e34b422c3f8a3d21e58c71510a8c52dd1a878a,evidence,,,,,,,,per-layer / IRQ profiling PMU,.json,3521,read-only input
mechanism derived result,docs/paper/mechanism/evidence/20260902-p0d-formal-clean/run-vectors/pd/yolo-fastest_192_face_v4__512_Low/prof.run2.json,1088d117270234f77d0db50aa8e34b422c3f8a3d21e58c71510a8c52dd1a878a,evidence,,,,,,,,per-layer / IRQ profiling PMU,.json,3521,read-only input
mechanism derived result,docs/paper/mechanism/evidence/20260902-p0d-formal-clean/run-vectors/pd/yolo-fastest_192_face_v4__512_Low/prof.run3.json,1088d117270234f77d0db50aa8e34b422c3f8a3d21e58c71510a8c52dd1a878a,evidence,,,,,,,,per-layer / IRQ profiling PMU,.json,3521,read-only input
mechanism derived result,docs/paper/mechanism/evidence/20260902-p0d-formal-clean/run-vectors/pd/yolo-fastest_192_face_v4__512_Mid512/clean.build.json,b882f5b94b06af77c6a007bcba3c588bf802d9903a2445a1677bc635e671013c,evidence,,,,,,,,per-layer / IRQ profiling PMU,.json,345,read-only input
mechanism derived result,docs/paper/mechanism/evidence/20260902-p0d-formal-clean/run-vectors/pd/yolo-fastest_192_face_v4__512_Mid512/clean.run1.json,e87d36e6513ce9acca86d95532b7581ca649e0c6cb86d0597c5e73c322d5cec2,evidence,,,,,,,,per-layer / IRQ profiling PMU,.json,137,read-only input
mechanism derived result,docs/paper/mechanism/evidence/20260902-p0d-formal-clean/run-vectors/pd/yolo-fastest_192_face_v4__512_Mid512/clean.run2.json,e87d36e6513ce9acca86d95532b7581ca649e0c6cb86d0597c5e73c322d5cec2,evidence,,,,,,,,per-layer / IRQ profiling PMU,.json,137,read-only input
mechanism derived result,docs/paper/mechanism/evidence/20260902-p0d-formal-clean/run-vectors/pd/yolo-fastest_192_face_v4__512_Mid512/clean.run3.json,e87d36e6513ce9acca86d95532b7581ca649e0c6cb86d0597c5e73c322d5cec2,evidence,,,,,,,,per-layer / IRQ profiling PMU,.json,137,read-only input
mechanism derived result,docs/paper/mechanism/evidence/20260902-p0d-formal-clean/run-vectors/pd/yolo-fastest_192_face_v4__512_Mid512/instr.meta.json,4e57196b4b406e6ab9a8da4c19e73b0218a45cd04bdd6de618498ca7bb5ddc07,evidence,,,,,,,,per-layer / IRQ profiling PMU,.json,120,read-only input
mechanism derived result,docs/paper/mechanism/evidence/20260902-p0d-formal-clean/run-vectors/pd/yolo-fastest_192_face_v4__512_Mid512/prof.build.json,edef916f29a9406fa588e03ac31831b622936904a609a2f32803c418a4dd4e91,evidence,,,,,,,,per-layer / IRQ profiling PMU,.json,314,read-only input
mechanism derived result,docs/paper/mechanism/evidence/20260902-p0d-formal-clean/run-vectors/pd/yolo-fastest_192_face_v4__512_Mid512/prof.run1.json,179655b47a91fb8f07746d94fffe0c75415bd1728fd250dd0d8c0378b9d5efad,evidence,,,,,,,,per-layer / IRQ profiling PMU,.json,3358,read-only input
mechanism derived result,docs/paper/mechanism/evidence/20260902-p0d-formal-clean/run-vectors/pd/yolo-fastest_192_face_v4__512_Mid512/prof.run2.json,179655b47a91fb8f07746d94fffe0c75415bd1728fd250dd0d8c0378b9d5efad,evidence,,,,,,,,per-layer / IRQ profiling PMU,.json,3358,read-only input
mechanism derived result,docs/paper/mechanism/evidence/20260902-p0d-formal-clean/run-vectors/pd/yolo-fastest_192_face_v4__512_Mid512/prof.run3.json,179655b47a91fb8f07746d94fffe0c75415bd1728fd250dd0d8c0378b9d5efad,evidence,,,,,,,,per-layer / IRQ profiling PMU,.json,3358,read-only input
mechanism derived result,docs/paper/mechanism/evidence/20260902-p0d-formal-clean/tools/insert_irq.py,58963df445672c8e5e276ac41f9d6ab4dc712110a2e451aeb63bb50c28f77ccf,evidence,,,,,,,,per-layer / IRQ profiling PMU,.py,20778,read-only input
mechanism derived result,docs/paper/mechanism/evidence/20260902-p0d-formal-clean/tools/patch_app.py,e337c388cc9afc2d8051bff975479be220d03e7f6643c313f175bcb5ca26de09,evidence,,,,,,,,per-layer / IRQ profiling PMU,.py,1764,read-only input
mechanism derived result,docs/paper/mechanism/evidence/20260902-p0d-formal-clean/tools/patch_driver_u85_v2.py,9c2bdb08a0af70ad9466498fec8429123dbcd6e235cf48dfa09bc457dbe78ab7,evidence,,,,,,,,per-layer / IRQ profiling PMU,.py,4509,read-only input
mechanism derived result,docs/paper/mechanism/evidence/20260902-p0d-formal-clean/tools/pd_all.py,ed232961969910ef347ff7423cc63eebd31ecbb639a492ee9b6fb0600483b710,evidence,,,,,,,,per-layer / IRQ profiling PMU,.py,12176,read-only input
mechanism derived result,docs/paper/mechanism/evidence/20260902-p0d-formal-clean/uart-logs/pd/ad_medium_int8__256_Low/clean.run1.uart.log,815e71d32dd1f413587b4e9d4a03c17ec941c297803b28b0d02b151a4b2b09c7,evidence,,,,,,,,per-layer / IRQ profiling PMU,.log,2410,read-only input
mechanism derived result,docs/paper/mechanism/evidence/20260902-p0d-formal-clean/uart-logs/pd/ad_medium_int8__256_Low/clean.run2.uart.log,815e71d32dd1f413587b4e9d4a03c17ec941c297803b28b0d02b151a4b2b09c7,evidence,,,,,,,,per-layer / IRQ profiling PMU,.log,2410,read-only input
mechanism derived result,docs/paper/mechanism/evidence/20260902-p0d-formal-clean/uart-logs/pd/ad_medium_int8__256_Low/clean.run3.uart.log,815e71d32dd1f413587b4e9d4a03c17ec941c297803b28b0d02b151a4b2b09c7,evidence,,,,,,,,per-layer / IRQ profiling PMU,.log,2410,read-only input
mechanism derived result,docs/paper/mechanism/evidence/20260902-p0d-formal-clean/uart-logs/pd/ad_medium_int8__256_Low/prof.run1.uart.log,dca96f0437c3364dbb79f5b8472b943a890e16404a99a59a95ed4237f139fec7,evidence,,,,,,,,per-layer / IRQ profiling PMU,.log,2956,read-only input
mechanism derived result,docs/paper/mechanism/evidence/20260902-p0d-formal-clean/uart-logs/pd/ad_medium_int8__256_Low/prof.run2.uart.log,dca96f0437c3364dbb79f5b8472b943a890e16404a99a59a95ed4237f139fec7,evidence,,,,,,,,per-layer / IRQ profiling PMU,.log,2956,read-only input
mechanism derived result,docs/paper/mechanism/evidence/20260902-p0d-formal-clean/uart-logs/pd/ad_medium_int8__256_Low/prof.run3.uart.log,dca96f0437c3364dbb79f5b8472b943a890e16404a99a59a95ed4237f139fec7,evidence,,,,,,,,per-layer / IRQ profiling PMU,.log,2956,read-only input
mechanism derived result,docs/paper/mechanism/evidence/20260902-p0d-formal-clean/uart-logs/pd/ad_medium_int8__512_Low/clean.run1.uart.log,6fdd0e9f48328cb78f81a6c0eb70e3ea19e3aa120ce6b30b5fb8ffbc00ccdaaa,evidence,,,,,,,,per-layer / IRQ profiling PMU,.log,2409,read-only input
mechanism derived result,docs/paper/mechanism/evidence/20260902-p0d-formal-clean/uart-logs/pd/ad_medium_int8__512_Low/clean.run2.uart.log,6fdd0e9f48328cb78f81a6c0eb70e3ea19e3aa120ce6b30b5fb8ffbc00ccdaaa,evidence,,,,,,,,per-layer / IRQ profiling PMU,.log,2409,read-only input
mechanism derived result,docs/paper/mechanism/evidence/20260902-p0d-formal-clean/uart-logs/pd/ad_medium_int8__512_Low/clean.run3.uart.log,6fdd0e9f48328cb78f81a6c0eb70e3ea19e3aa120ce6b30b5fb8ffbc00ccdaaa,evidence,,,,,,,,per-layer / IRQ profiling PMU,.log,2409,read-only input
mechanism derived result,docs/paper/mechanism/evidence/20260902-p0d-formal-clean/uart-logs/pd/ad_medium_int8__512_Low/prof.run1.uart.log,fff38f58d73f557f8391bc883fbe73adb8272417d9334c8245f47f5c2d773e59,evidence,,,,,,,,per-layer / IRQ profiling PMU,.log,2987,read-only input
mechanism derived result,docs/paper/mechanism/evidence/20260902-p0d-formal-clean/uart-logs/pd/ad_medium_int8__512_Low/prof.run2.uart.log,fff38f58d73f557f8391bc883fbe73adb8272417d9334c8245f47f5c2d773e59,evidence,,,,,,,,per-layer / IRQ profiling PMU,.log,2987,read-only input
mechanism derived result,docs/paper/mechanism/evidence/20260902-p0d-formal-clean/uart-logs/pd/ad_medium_int8__512_Low/prof.run3.uart.log,fff38f58d73f557f8391bc883fbe73adb8272417d9334c8245f47f5c2d773e59,evidence,,,,,,,,per-layer / IRQ profiling PMU,.log,2987,read-only input
mechanism derived result,docs/paper/mechanism/evidence/20260902-p0d-formal-clean/uart-logs/pd/ad_medium_int8__512_Mid512/clean.run1.uart.log,075976eed273c5029adf2a63032c82ffb8b2d45ec7f61bb23381421ec9b58b26,evidence,,,,,,,,per-layer / IRQ profiling PMU,.log,2409,read-only input
mechanism derived result,docs/paper/mechanism/evidence/20260902-p0d-formal-clean/uart-logs/pd/ad_medium_int8__512_Mid512/clean.run2.uart.log,075976eed273c5029adf2a63032c82ffb8b2d45ec7f61bb23381421ec9b58b26,evidence,,,,,,,,per-layer / IRQ profiling PMU,.log,2409,read-only input
mechanism derived result,docs/paper/mechanism/evidence/20260902-p0d-formal-clean/uart-logs/pd/ad_medium_int8__512_Mid512/clean.run3.uart.log,075976eed273c5029adf2a63032c82ffb8b2d45ec7f61bb23381421ec9b58b26,evidence,,,,,,,,per-layer / IRQ profiling PMU,.log,2409,read-only input
mechanism derived result,docs/paper/mechanism/evidence/20260902-p0d-formal-clean/uart-logs/pd/ad_medium_int8__512_Mid512/prof.run1.uart.log,a54ca94ee9e715e802ea53bba2cae2d5486c69084d2a106429e142d81c7ef8de,evidence,,,,,,,,per-layer / IRQ profiling PMU,.log,2999,read-only input
mechanism derived result,docs/paper/mechanism/evidence/20260902-p0d-formal-clean/uart-logs/pd/ad_medium_int8__512_Mid512/prof.run2.uart.log,a54ca94ee9e715e802ea53bba2cae2d5486c69084d2a106429e142d81c7ef8de,evidence,,,,,,,,per-layer / IRQ profiling PMU,.log,2999,read-only input
mechanism derived result,docs/paper/mechanism/evidence/20260902-p0d-formal-clean/uart-logs/pd/ad_medium_int8__512_Mid512/prof.run3.uart.log,a54ca94ee9e715e802ea53bba2cae2d5486c69084d2a106429e142d81c7ef8de,evidence,,,,,,,,per-layer / IRQ profiling PMU,.log,2999,read-only input
mechanism derived result,docs/paper/mechanism/evidence/20260902-p0d-formal-clean/uart-logs/pd/dnn_s_quantized__256_Low/clean.run1.uart.log,a5149998d06e8b842c66fe346fe855600dddd5af836ef00a0991d5bbc72059c8,evidence,,,,,,,,per-layer / IRQ profiling PMU,.log,2425,read-only input
mechanism derived result,docs/paper/mechanism/evidence/20260902-p0d-formal-clean/uart-logs/pd/dnn_s_quantized__256_Low/clean.run2.uart.log,a5149998d06e8b842c66fe346fe855600dddd5af836ef00a0991d5bbc72059c8,evidence,,,,,,,,per-layer / IRQ profiling PMU,.log,2425,read-only input
mechanism derived result,docs/paper/mechanism/evidence/20260902-p0d-formal-clean/uart-logs/pd/dnn_s_quantized__256_Low/clean.run3.uart.log,a5149998d06e8b842c66fe346fe855600dddd5af836ef00a0991d5bbc72059c8,evidence,,,,,,,,per-layer / IRQ profiling PMU,.log,2425,read-only input
mechanism derived result,docs/paper/mechanism/evidence/20260902-p0d-formal-clean/uart-logs/pd/dnn_s_quantized__512_Low/clean.run1.uart.log,33539f25bfdf995748c5a4198d1f0ba2d6274ab342669cd3731efce3c830d81a,evidence,,,,,,,,per-layer / IRQ profiling PMU,.log,2425,read-only input
mechanism derived result,docs/paper/mechanism/evidence/20260902-p0d-formal-clean/uart-logs/pd/dnn_s_quantized__512_Low/clean.run2.uart.log,33539f25bfdf995748c5a4198d1f0ba2d6274ab342669cd3731efce3c830d81a,evidence,,,,,,,,per-layer / IRQ profiling PMU,.log,2425,read-only input
mechanism derived result,docs/paper/mechanism/evidence/20260902-p0d-formal-clean/uart-logs/pd/dnn_s_quantized__512_Low/clean.run3.uart.log,33539f25bfdf995748c5a4198d1f0ba2d6274ab342669cd3731efce3c830d81a,evidence,,,,,,,,per-layer / IRQ profiling PMU,.log,2425,read-only input
mechanism derived result,docs/paper/mechanism/evidence/20260902-p0d-formal-clean/uart-logs/pd/dnn_s_quantized__512_Mid512/clean.run1.uart.log,33539f25bfdf995748c5a4198d1f0ba2d6274ab342669cd3731efce3c830d81a,evidence,,,,,,,,per-layer / IRQ profiling PMU,.log,2425,read-only input
mechanism derived result,docs/paper/mechanism/evidence/20260902-p0d-formal-clean/uart-logs/pd/dnn_s_quantized__512_Mid512/clean.run2.uart.log,33539f25bfdf995748c5a4198d1f0ba2d6274ab342669cd3731efce3c830d81a,evidence,,,,,,,,per-layer / IRQ profiling PMU,.log,2425,read-only input
mechanism derived result,docs/paper/mechanism/evidence/20260902-p0d-formal-clean/uart-logs/pd/dnn_s_quantized__512_Mid512/clean.run3.uart.log,33539f25bfdf995748c5a4198d1f0ba2d6274ab342669cd3731efce3c830d81a,evidence,,,,,,,,per-layer / IRQ profiling PMU,.log,2425,read-only input
mechanism derived result,docs/paper/mechanism/evidence/20260902-p0d-formal-clean/uart-logs/pd/kws_micronet_m__256_Low/clean.run1.uart.log,a5874a19d3f76ceff28d1fc549b815f52a080f408a01f401e4178d527ef1867c,evidence,,,,,,,,per-layer / IRQ profiling PMU,.log,2409,read-only input
mechanism derived result,docs/paper/mechanism/evidence/20260902-p0d-formal-clean/uart-logs/pd/kws_micronet_m__256_Low/clean.run2.uart.log,a5874a19d3f76ceff28d1fc549b815f52a080f408a01f401e4178d527ef1867c,evidence,,,,,,,,per-layer / IRQ profiling PMU,.log,2409,read-only input
mechanism derived result,docs/paper/mechanism/evidence/20260902-p0d-formal-clean/uart-logs/pd/kws_micronet_m__256_Low/clean.run3.uart.log,a5874a19d3f76ceff28d1fc549b815f52a080f408a01f401e4178d527ef1867c,evidence,,,,,,,,per-layer / IRQ profiling PMU,.log,2409,read-only input
mechanism derived result,docs/paper/mechanism/evidence/20260902-p0d-formal-clean/uart-logs/pd/kws_micronet_m__256_Low/prof.run1.uart.log,4eb62e331b5ee80f18c57e23329e07fe6b32f8e78d137a15ad63c2d6ffede249,evidence,,,,,,,,per-layer / IRQ profiling PMU,.log,3008,read-only input
mechanism derived result,docs/paper/mechanism/evidence/20260902-p0d-formal-clean/uart-logs/pd/kws_micronet_m__256_Low/prof.run2.uart.log,4eb62e331b5ee80f18c57e23329e07fe6b32f8e78d137a15ad63c2d6ffede249,evidence,,,,,,,,per-layer / IRQ profiling PMU,.log,3008,read-only input
mechanism derived result,docs/paper/mechanism/evidence/20260902-p0d-formal-clean/uart-logs/pd/kws_micronet_m__256_Low/prof.run3.uart.log,4eb62e331b5ee80f18c57e23329e07fe6b32f8e78d137a15ad63c2d6ffede249,evidence,,,,,,,,per-layer / IRQ profiling PMU,.log,3008,read-only input
mechanism derived result,docs/paper/mechanism/evidence/20260902-p0d-formal-clean/uart-logs/pd/kws_micronet_m__512_Low/clean.run1.uart.log,cdafcb999e554bc6d5d8135719cb61cbf1d018bbfc400bee68b061fec4e28cc0,evidence,,,,,,,,per-layer / IRQ profiling PMU,.log,2408,read-only input
mechanism derived result,docs/paper/mechanism/evidence/20260902-p0d-formal-clean/uart-logs/pd/kws_micronet_m__512_Low/clean.run2.uart.log,cdafcb999e554bc6d5d8135719cb61cbf1d018bbfc400bee68b061fec4e28cc0,evidence,,,,,,,,per-layer / IRQ profiling PMU,.log,2408,read-only input
mechanism derived result,docs/paper/mechanism/evidence/20260902-p0d-formal-clean/uart-logs/pd/kws_micronet_m__512_Low/clean.run3.uart.log,cdafcb999e554bc6d5d8135719cb61cbf1d018bbfc400bee68b061fec4e28cc0,evidence,,,,,,,,per-layer / IRQ profiling PMU,.log,2408,read-only input
mechanism derived result,docs/paper/mechanism/evidence/20260902-p0d-formal-clean/uart-logs/pd/kws_micronet_m__512_Low/prof.run1.uart.log,67521df6ff1a882e0d9fe6a2227eb0e47328c2c062900a71d203dd3bed1acd03,evidence,,,,,,,,per-layer / IRQ profiling PMU,.log,3066,read-only input
mechanism derived result,docs/paper/mechanism/evidence/20260902-p0d-formal-clean/uart-logs/pd/kws_micronet_m__512_Low/prof.run2.uart.log,67521df6ff1a882e0d9fe6a2227eb0e47328c2c062900a71d203dd3bed1acd03,evidence,,,,,,,,per-layer / IRQ profiling PMU,.log,3066,read-only input
mechanism derived result,docs/paper/mechanism/evidence/20260902-p0d-formal-clean/uart-logs/pd/kws_micronet_m__512_Low/prof.run3.uart.log,67521df6ff1a882e0d9fe6a2227eb0e47328c2c062900a71d203dd3bed1acd03,evidence,,,,,,,,per-layer / IRQ profiling PMU,.log,3066,read-only input
mechanism derived result,docs/paper/mechanism/evidence/20260902-p0d-formal-clean/uart-logs/pd/kws_micronet_m__512_Mid512/clean.run1.uart.log,9bf9ce751d1b1b4ce63353cd2fb5f34adbcdf86da03e52b9a53828cb206ba2b4,evidence,,,,,,,,per-layer / IRQ profiling PMU,.log,2407,read-only input
mechanism derived result,docs/paper/mechanism/evidence/20260902-p0d-formal-clean/uart-logs/pd/kws_micronet_m__512_Mid512/clean.run2.uart.log,9bf9ce751d1b1b4ce63353cd2fb5f34adbcdf86da03e52b9a53828cb206ba2b4,evidence,,,,,,,,per-layer / IRQ profiling PMU,.log,2407,read-only input
mechanism derived result,docs/paper/mechanism/evidence/20260902-p0d-formal-clean/uart-logs/pd/kws_micronet_m__512_Mid512/clean.run3.uart.log,9bf9ce751d1b1b4ce63353cd2fb5f34adbcdf86da03e52b9a53828cb206ba2b4,evidence,,,,,,,,per-layer / IRQ profiling PMU,.log,2407,read-only input
mechanism derived result,docs/paper/mechanism/evidence/20260902-p0d-formal-clean/uart-logs/pd/kws_micronet_m__512_Mid512/prof.run1.uart.log,1eadc493adaef74181f7870736be2245474f0bbc361464b5a68e809e97f99ade,evidence,,,,,,,,per-layer / IRQ profiling PMU,.log,2924,read-only input
mechanism derived result,docs/paper/mechanism/evidence/20260902-p0d-formal-clean/uart-logs/pd/kws_micronet_m__512_Mid512/prof.run2.uart.log,1eadc493adaef74181f7870736be2245474f0bbc361464b5a68e809e97f99ade,evidence,,,,,,,,per-layer / IRQ profiling PMU,.log,2924,read-only input
mechanism derived result,docs/paper/mechanism/evidence/20260902-p0d-formal-clean/uart-logs/pd/kws_micronet_m__512_Mid512/prof.run3.uart.log,1eadc493adaef74181f7870736be2245474f0bbc361464b5a68e809e97f99ade,evidence,,,,,,,,per-layer / IRQ profiling PMU,.log,2924,read-only input
mechanism derived result,docs/paper/mechanism/evidence/20260902-p0d-formal-clean/uart-logs/pd/rnnoise_INT8__256_Low/clean.run1.uart.log,26c4a26da9725710137f61af9f209818f6f1400acf282e3f27a30241d50a10fc,evidence,,,,,,,,per-layer / IRQ profiling PMU,.log,3812,read-only input
mechanism derived result,docs/paper/mechanism/evidence/20260902-p0d-formal-clean/uart-logs/pd/rnnoise_INT8__256_Low/clean.run2.uart.log,26c4a26da9725710137f61af9f209818f6f1400acf282e3f27a30241d50a10fc,evidence,,,,,,,,per-layer / IRQ profiling PMU,.log,3812,read-only input
mechanism derived result,docs/paper/mechanism/evidence/20260902-p0d-formal-clean/uart-logs/pd/rnnoise_INT8__256_Low/clean.run3.uart.log,26c4a26da9725710137f61af9f209818f6f1400acf282e3f27a30241d50a10fc,evidence,,,,,,,,per-layer / IRQ profiling PMU,.log,3812,read-only input
mechanism derived result,docs/paper/mechanism/evidence/20260902-p0d-formal-clean/uart-logs/pd/rnnoise_INT8__256_Low/prof.run1.uart.log,06f0d68a7ee44a7593bff30db35302bfa63c39bf814b0167af1f197aac478545,evidence,,,,,,,,per-layer / IRQ profiling PMU,.log,4354,read-only input
mechanism derived result,docs/paper/mechanism/evidence/20260902-p0d-formal-clean/uart-logs/pd/rnnoise_INT8__256_Low/prof.run2.uart.log,06f0d68a7ee44a7593bff30db35302bfa63c39bf814b0167af1f197aac478545,evidence,,,,,,,,per-layer / IRQ profiling PMU,.log,4354,read-only input
mechanism derived result,docs/paper/mechanism/evidence/20260902-p0d-formal-clean/uart-logs/pd/rnnoise_INT8__256_Low/prof.run3.uart.log,06f0d68a7ee44a7593bff30db35302bfa63c39bf814b0167af1f197aac478545,evidence,,,,,,,,per-layer / IRQ profiling PMU,.log,4354,read-only input
mechanism derived result,docs/paper/mechanism/evidence/20260902-p0d-formal-clean/uart-logs/pd/rnnoise_INT8__512_Low/clean.run1.uart.log,79c2bddd28ff3fbb87afbe581d3014b8af7c668aa983f9aa9125f8358a29dafa,evidence,,,,,,,,per-layer / IRQ profiling PMU,.log,3812,read-only input
mechanism derived result,docs/paper/mechanism/evidence/20260902-p0d-formal-clean/uart-logs/pd/rnnoise_INT8__512_Low/clean.run2.uart.log,79c2bddd28ff3fbb87afbe581d3014b8af7c668aa983f9aa9125f8358a29dafa,evidence,,,,,,,,per-layer / IRQ profiling PMU,.log,3812,read-only input
mechanism derived result,docs/paper/mechanism/evidence/20260902-p0d-formal-clean/uart-logs/pd/rnnoise_INT8__512_Low/clean.run3.uart.log,79c2bddd28ff3fbb87afbe581d3014b8af7c668aa983f9aa9125f8358a29dafa,evidence,,,,,,,,per-layer / IRQ profiling PMU,.log,3812,read-only input
mechanism derived result,docs/paper/mechanism/evidence/20260902-p0d-formal-clean/uart-logs/pd/rnnoise_INT8__512_Low/prof.run1.uart.log,8228690bd2d19dac87991a8d19218c9e49ccb990453d76f875463fb83f23658a,evidence,,,,,,,,per-layer / IRQ profiling PMU,.log,4442,read-only input
mechanism derived result,docs/paper/mechanism/evidence/20260902-p0d-formal-clean/uart-logs/pd/rnnoise_INT8__512_Low/prof.run2.uart.log,8228690bd2d19dac87991a8d19218c9e49ccb990453d76f875463fb83f23658a,evidence,,,,,,,,per-layer / IRQ profiling PMU,.log,4442,read-only input
mechanism derived result,docs/paper/mechanism/evidence/20260902-p0d-formal-clean/uart-logs/pd/rnnoise_INT8__512_Low/prof.run3.uart.log,8228690bd2d19dac87991a8d19218c9e49ccb990453d76f875463fb83f23658a,evidence,,,,,,,,per-layer / IRQ profiling PMU,.log,4442,read-only input
mechanism derived result,docs/paper/mechanism/evidence/20260902-p0d-formal-clean/uart-logs/pd/rnnoise_INT8__512_Mid512/clean.run1.uart.log,79c2bddd28ff3fbb87afbe581d3014b8af7c668aa983f9aa9125f8358a29dafa,evidence,,,,,,,,per-layer / IRQ profiling PMU,.log,3812,read-only input
mechanism derived result,docs/paper/mechanism/evidence/20260902-p0d-formal-clean/uart-logs/pd/rnnoise_INT8__512_Mid512/clean.run2.uart.log,79c2bddd28ff3fbb87afbe581d3014b8af7c668aa983f9aa9125f8358a29dafa,evidence,,,,,,,,per-layer / IRQ profiling PMU,.log,3812,read-only input
mechanism derived result,docs/paper/mechanism/evidence/20260902-p0d-formal-clean/uart-logs/pd/rnnoise_INT8__512_Mid512/clean.run3.uart.log,79c2bddd28ff3fbb87afbe581d3014b8af7c668aa983f9aa9125f8358a29dafa,evidence,,,,,,,,per-layer / IRQ profiling PMU,.log,3812,read-only input
mechanism derived result,docs/paper/mechanism/evidence/20260902-p0d-formal-clean/uart-logs/pd/rnnoise_INT8__512_Mid512/prof.run1.uart.log,8228690bd2d19dac87991a8d19218c9e49ccb990453d76f875463fb83f23658a,evidence,,,,,,,,per-layer / IRQ profiling PMU,.log,4442,read-only input
mechanism derived result,docs/paper/mechanism/evidence/20260902-p0d-formal-clean/uart-logs/pd/rnnoise_INT8__512_Mid512/prof.run2.uart.log,8228690bd2d19dac87991a8d19218c9e49ccb990453d76f875463fb83f23658a,evidence,,,,,,,,per-layer / IRQ profiling PMU,.log,4442,read-only input
mechanism derived result,docs/paper/mechanism/evidence/20260902-p0d-formal-clean/uart-logs/pd/rnnoise_INT8__512_Mid512/prof.run3.uart.log,8228690bd2d19dac87991a8d19218c9e49ccb990453d76f875463fb83f23658a,evidence,,,,,,,,per-layer / IRQ profiling PMU,.log,4442,read-only input
mechanism derived result,docs/paper/mechanism/evidence/20260902-p0d-formal-clean/uart-logs/pd/vww4_128_128_INT8__256_Low/clean.run1.uart.log,bff5ca0708cce70bf5ffab055fd57b3d6e3f965304b2d94c0ae29d9ebbf48c14,evidence,,,,,,,,per-layer / IRQ profiling PMU,.log,2411,read-only input
mechanism derived result,docs/paper/mechanism/evidence/20260902-p0d-formal-clean/uart-logs/pd/vww4_128_128_INT8__256_Low/clean.run2.uart.log,bff5ca0708cce70bf5ffab055fd57b3d6e3f965304b2d94c0ae29d9ebbf48c14,evidence,,,,,,,,per-layer / IRQ profiling PMU,.log,2411,read-only input
mechanism derived result,docs/paper/mechanism/evidence/20260902-p0d-formal-clean/uart-logs/pd/vww4_128_128_INT8__256_Low/clean.run3.uart.log,bff5ca0708cce70bf5ffab055fd57b3d6e3f965304b2d94c0ae29d9ebbf48c14,evidence,,,,,,,,per-layer / IRQ profiling PMU,.log,2411,read-only input
mechanism derived result,docs/paper/mechanism/evidence/20260902-p0d-formal-clean/uart-logs/pd/vww4_128_128_INT8__256_Low/prof.run1.uart.log,c493222f892c54593a4ae49afacdd6f510b14cef96b9b822b0e5bcfeee2efca4,evidence,,,,,,,,per-layer / IRQ profiling PMU,.log,5043,read-only input
mechanism derived result,docs/paper/mechanism/evidence/20260902-p0d-formal-clean/uart-logs/pd/vww4_128_128_INT8__256_Low/prof.run2.uart.log,c493222f892c54593a4ae49afacdd6f510b14cef96b9b822b0e5bcfeee2efca4,evidence,,,,,,,,per-layer / IRQ profiling PMU,.log,5043,read-only input
mechanism derived result,docs/paper/mechanism/evidence/20260902-p0d-formal-clean/uart-logs/pd/vww4_128_128_INT8__256_Low/prof.run3.uart.log,c493222f892c54593a4ae49afacdd6f510b14cef96b9b822b0e5bcfeee2efca4,evidence,,,,,,,,per-layer / IRQ profiling PMU,.log,5043,read-only input
mechanism derived result,docs/paper/mechanism/evidence/20260902-p0d-formal-clean/uart-logs/pd/vww4_128_128_INT8__512_Low/clean.run1.uart.log,c495e76bf59d066f0b4891b2896194926cf7fb521e82dbddc0f2e23ca26ef0b4,evidence,,,,,,,,per-layer / IRQ profiling PMU,.log,2411,read-only input
mechanism derived result,docs/paper/mechanism/evidence/20260902-p0d-formal-clean/uart-logs/pd/vww4_128_128_INT8__512_Low/clean.run2.uart.log,c495e76bf59d066f0b4891b2896194926cf7fb521e82dbddc0f2e23ca26ef0b4,evidence,,,,,,,,per-layer / IRQ profiling PMU,.log,2411,read-only input
mechanism derived result,docs/paper/mechanism/evidence/20260902-p0d-formal-clean/uart-logs/pd/vww4_128_128_INT8__512_Low/clean.run3.uart.log,c495e76bf59d066f0b4891b2896194926cf7fb521e82dbddc0f2e23ca26ef0b4,evidence,,,,,,,,per-layer / IRQ profiling PMU,.log,2411,read-only input
mechanism derived result,docs/paper/mechanism/evidence/20260902-p0d-formal-clean/uart-logs/pd/vww4_128_128_INT8__512_Low/prof.run1.uart.log,fbb9fdf57f2959005201d42ce8b376d5482c56fe84ab70cb0eb0a90f063ddccb,evidence,,,,,,,,per-layer / IRQ profiling PMU,.log,5023,read-only input
mechanism derived result,docs/paper/mechanism/evidence/20260902-p0d-formal-clean/uart-logs/pd/vww4_128_128_INT8__512_Low/prof.run2.uart.log,fbb9fdf57f2959005201d42ce8b376d5482c56fe84ab70cb0eb0a90f063ddccb,evidence,,,,,,,,per-layer / IRQ profiling PMU,.log,5023,read-only input
mechanism derived result,docs/paper/mechanism/evidence/20260902-p0d-formal-clean/uart-logs/pd/vww4_128_128_INT8__512_Low/prof.run3.uart.log,fbb9fdf57f2959005201d42ce8b376d5482c56fe84ab70cb0eb0a90f063ddccb,evidence,,,,,,,,per-layer / IRQ profiling PMU,.log,5023,read-only input
mechanism derived result,docs/paper/mechanism/evidence/20260902-p0d-formal-clean/uart-logs/pd/vww4_128_128_INT8__512_Mid512/clean.run1.uart.log,2be5c1f03d16a0bce94d74d9b69b4f94b0cad016d276df88a263728960da5d65,evidence,,,,,,,,per-layer / IRQ profiling PMU,.log,2411,read-only input
mechanism derived result,docs/paper/mechanism/evidence/20260902-p0d-formal-clean/uart-logs/pd/vww4_128_128_INT8__512_Mid512/clean.run2.uart.log,2be5c1f03d16a0bce94d74d9b69b4f94b0cad016d276df88a263728960da5d65,evidence,,,,,,,,per-layer / IRQ profiling PMU,.log,2411,read-only input
mechanism derived result,docs/paper/mechanism/evidence/20260902-p0d-formal-clean/uart-logs/pd/vww4_128_128_INT8__512_Mid512/clean.run3.uart.log,2be5c1f03d16a0bce94d74d9b69b4f94b0cad016d276df88a263728960da5d65,evidence,,,,,,,,per-layer / IRQ profiling PMU,.log,2411,read-only input
mechanism derived result,docs/paper/mechanism/evidence/20260902-p0d-formal-clean/uart-logs/pd/vww4_128_128_INT8__512_Mid512/prof.run1.uart.log,cccad1fccebef8f426bc1877d38a856ff23ef1f525172eeb4e54d2f73839484a,evidence,,,,,,,,per-layer / IRQ profiling PMU,.log,5027,read-only input
mechanism derived result,docs/paper/mechanism/evidence/20260902-p0d-formal-clean/uart-logs/pd/vww4_128_128_INT8__512_Mid512/prof.run2.uart.log,cccad1fccebef8f426bc1877d38a856ff23ef1f525172eeb4e54d2f73839484a,evidence,,,,,,,,per-layer / IRQ profiling PMU,.log,5027,read-only input
mechanism derived result,docs/paper/mechanism/evidence/20260902-p0d-formal-clean/uart-logs/pd/vww4_128_128_INT8__512_Mid512/prof.run3.uart.log,cccad1fccebef8f426bc1877d38a856ff23ef1f525172eeb4e54d2f73839484a,evidence,,,,,,,,per-layer / IRQ profiling PMU,.log,5027,read-only input
mechanism derived result,docs/paper/mechanism/evidence/20260902-p0d-formal-clean/uart-logs/pd/yolo-fastest_192_face_v4__256_Low/clean.run1.uart.log,e61e5382477854509f0f8806a422c6273080724c29166a43dcecefe7f22cb4f4,evidence,,,,,,,,per-layer / IRQ profiling PMU,.log,2704,read-only input
mechanism derived result,docs/paper/mechanism/evidence/20260902-p0d-formal-clean/uart-logs/pd/yolo-fastest_192_face_v4__256_Low/clean.run2.uart.log,e61e5382477854509f0f8806a422c6273080724c29166a43dcecefe7f22cb4f4,evidence,,,,,,,,per-layer / IRQ profiling PMU,.log,2704,read-only input
mechanism derived result,docs/paper/mechanism/evidence/20260902-p0d-formal-clean/uart-logs/pd/yolo-fastest_192_face_v4__256_Low/clean.run3.uart.log,e61e5382477854509f0f8806a422c6273080724c29166a43dcecefe7f22cb4f4,evidence,,,,,,,,per-layer / IRQ profiling PMU,.log,2704,read-only input
mechanism derived result,docs/paper/mechanism/evidence/20260902-p0d-formal-clean/uart-logs/pd/yolo-fastest_192_face_v4__256_Low/prof.run1.uart.log,eaeafb02c2679efbff02a8b58cfa85d7950946132e4614b04b175cbbf2002783,evidence,,,,,,,,per-layer / IRQ profiling PMU,.log,6108,read-only input
mechanism derived result,docs/paper/mechanism/evidence/20260902-p0d-formal-clean/uart-logs/pd/yolo-fastest_192_face_v4__256_Low/prof.run2.uart.log,eaeafb02c2679efbff02a8b58cfa85d7950946132e4614b04b175cbbf2002783,evidence,,,,,,,,per-layer / IRQ profiling PMU,.log,6108,read-only input
mechanism derived result,docs/paper/mechanism/evidence/20260902-p0d-formal-clean/uart-logs/pd/yolo-fastest_192_face_v4__256_Low/prof.run3.uart.log,eaeafb02c2679efbff02a8b58cfa85d7950946132e4614b04b175cbbf2002783,evidence,,,,,,,,per-layer / IRQ profiling PMU,.log,6108,read-only input
mechanism derived result,docs/paper/mechanism/evidence/20260902-p0d-formal-clean/uart-logs/pd/yolo-fastest_192_face_v4__512_Low/clean.run1.uart.log,a94e04f40bcdd03d90541cc41cd872c5b9a07e6b4768fa84d84f4f0b66812347,evidence,,,,,,,,per-layer / IRQ profiling PMU,.log,2705,read-only input
mechanism derived result,docs/paper/mechanism/evidence/20260902-p0d-formal-clean/uart-logs/pd/yolo-fastest_192_face_v4__512_Low/clean.run2.uart.log,a94e04f40bcdd03d90541cc41cd872c5b9a07e6b4768fa84d84f4f0b66812347,evidence,,,,,,,,per-layer / IRQ profiling PMU,.log,2705,read-only input
mechanism derived result,docs/paper/mechanism/evidence/20260902-p0d-formal-clean/uart-logs/pd/yolo-fastest_192_face_v4__512_Low/clean.run3.uart.log,a94e04f40bcdd03d90541cc41cd872c5b9a07e6b4768fa84d84f4f0b66812347,evidence,,,,,,,,per-layer / IRQ profiling PMU,.log,2705,read-only input
mechanism derived result,docs/paper/mechanism/evidence/20260902-p0d-formal-clean/uart-logs/pd/yolo-fastest_192_face_v4__512_Low/prof.run1.uart.log,cf9a9316a08305b3e007d72fac6d730930ddb4103a50ee680d88480a26f4f56d,evidence,,,,,,,,per-layer / IRQ profiling PMU,.log,6080,read-only input
mechanism derived result,docs/paper/mechanism/evidence/20260902-p0d-formal-clean/uart-logs/pd/yolo-fastest_192_face_v4__512_Low/prof.run2.uart.log,cf9a9316a08305b3e007d72fac6d730930ddb4103a50ee680d88480a26f4f56d,evidence,,,,,,,,per-layer / IRQ profiling PMU,.log,6080,read-only input
mechanism derived result,docs/paper/mechanism/evidence/20260902-p0d-formal-clean/uart-logs/pd/yolo-fastest_192_face_v4__512_Low/prof.run3.uart.log,cf9a9316a08305b3e007d72fac6d730930ddb4103a50ee680d88480a26f4f56d,evidence,,,,,,,,per-layer / IRQ profiling PMU,.log,6080,read-only input
mechanism derived result,docs/paper/mechanism/evidence/20260902-p0d-formal-clean/uart-logs/pd/yolo-fastest_192_face_v4__512_Mid512/clean.run1.uart.log,f403b7229da117a861377f54d218b92bd8fa95f7a4762ee444db7adcad231402,evidence,,,,,,,,per-layer / IRQ profiling PMU,.log,2704,read-only input
mechanism derived result,docs/paper/mechanism/evidence/20260902-p0d-formal-clean/uart-logs/pd/yolo-fastest_192_face_v4__512_Mid512/clean.run2.uart.log,f403b7229da117a861377f54d218b92bd8fa95f7a4762ee444db7adcad231402,evidence,,,,,,,,per-layer / IRQ profiling PMU,.log,2704,read-only input
mechanism derived result,docs/paper/mechanism/evidence/20260902-p0d-formal-clean/uart-logs/pd/yolo-fastest_192_face_v4__512_Mid512/clean.run3.uart.log,f403b7229da117a861377f54d218b92bd8fa95f7a4762ee444db7adcad231402,evidence,,,,,,,,per-layer / IRQ profiling PMU,.log,2704,read-only input
mechanism derived result,docs/paper/mechanism/evidence/20260902-p0d-formal-clean/uart-logs/pd/yolo-fastest_192_face_v4__512_Mid512/prof.run1.uart.log,fbf98b0d2d9b5cc7bd8095cc28563837d0bfc0f1b97fc758ee4ba9732a54b1f2,evidence,,,,,,,,per-layer / IRQ profiling PMU,.log,5914,read-only input
mechanism derived result,docs/paper/mechanism/evidence/20260902-p0d-formal-clean/uart-logs/pd/yolo-fastest_192_face_v4__512_Mid512/prof.run2.uart.log,fbf98b0d2d9b5cc7bd8095cc28563837d0bfc0f1b97fc758ee4ba9732a54b1f2,evidence,,,,,,,,per-layer / IRQ profiling PMU,.log,5914,read-only input
mechanism derived result,docs/paper/mechanism/evidence/20260902-p0d-formal-clean/uart-logs/pd/yolo-fastest_192_face_v4__512_Mid512/prof.run3.uart.log,fbf98b0d2d9b5cc7bd8095cc28563837d0bfc0f1b97fc758ee4ba9732a54b1f2,evidence,,,,,,,,per-layer / IRQ profiling PMU,.log,5914,read-only input
mechanism derived result,docs/paper/mechanism/evidence/20260902-p0d-formal-clean/vela-debug/pd/ad_medium_int8__256_Low/vela_verbose/ad_medium_int8_per-layer.csv,9bedbf18d41fc6fa6c9658a824ac244508d949ecfcb32dce3afd72137e9b8d42,evidence,,,,,,,,per-layer / IRQ profiling PMU,.csv,15635,read-only input
mechanism derived result,docs/paper/mechanism/evidence/20260902-p0d-formal-clean/vela-debug/pd/ad_medium_int8__256_Low/vela_verbose/ad_medium_int8_summary_Ethos_U85_SYS_DRAM_Low.csv,c700cf1cb40eba5170c4aec316ccb35afd4556ca6f19fb92ec340189488fda6c,evidence,,,,,,,,per-layer / IRQ profiling PMU,.csv,1566,read-only input
mechanism derived result,docs/paper/mechanism/evidence/20260902-p0d-formal-clean/vela-debug/pd/ad_medium_int8__256_Low/vela_verbose/ad_medium_int8_vela.tflite,ceb93f0095600c90b42763683fabc07397f7a2d1386493caa625cecd7c86abaa,evidence,,,,,,,,per-layer / IRQ profiling PMU,.tflite,454112,read-only input
mechanism derived result,docs/paper/mechanism/evidence/20260902-p0d-formal-clean/vela-debug/pd/ad_medium_int8__256_Low/vela_verbose/verbose.log,98519ee77ad0c58b25635ff527db1be533dff59e3e2d871b2cf7a93d8a0f71d0,evidence,,,,,,,,per-layer / IRQ profiling PMU,.log,27756,read-only input
mechanism derived result,docs/paper/mechanism/evidence/20260902-p0d-formal-clean/vela-debug/pd/ad_medium_int8__512_Low/vela_verbose/ad_medium_int8_per-layer.csv,ecf669b6b669a32154fc88834ee2e3d7f647afac69ca89f59a7a28bd6db7c6f5,evidence,,,,,,,,per-layer / IRQ profiling PMU,.csv,15631,read-only input
mechanism derived result,docs/paper/mechanism/evidence/20260902-p0d-formal-clean/vela-debug/pd/ad_medium_int8__512_Low/vela_verbose/ad_medium_int8_summary_Ethos_U85_SYS_DRAM_Low.csv,cf82d19431cf0a7a127247105a9b592aa5c9a0f24b3f8c3fa82f933667dd5eb2,evidence,,,,,,,,per-layer / IRQ profiling PMU,.csv,1567,read-only input
mechanism derived result,docs/paper/mechanism/evidence/20260902-p0d-formal-clean/vela-debug/pd/ad_medium_int8__512_Low/vela_verbose/ad_medium_int8_vela.tflite,12d568820a72e9616ecbf08cc4c31df552cd76c40bdb5cd265b610cb621d882f,evidence,,,,,,,,per-layer / IRQ profiling PMU,.tflite,457712,read-only input
mechanism derived result,docs/paper/mechanism/evidence/20260902-p0d-formal-clean/vela-debug/pd/ad_medium_int8__512_Low/vela_verbose/verbose.log,a0f9e0c37e7531fddb5c5ee3f51421aaafe00d178b94bafcf9a5f3f56eb051b3,evidence,,,,,,,,per-layer / IRQ profiling PMU,.log,27765,read-only input
mechanism derived result,docs/paper/mechanism/evidence/20260902-p0d-formal-clean/vela-debug/pd/ad_medium_int8__512_Mid512/vela_verbose/ad_medium_int8_per-layer.csv,158f7010f49b44d9eb6b38a6469de57350cbe1e9bbef5bebebf09b2988e3d1ed,evidence,,,,,,,,per-layer / IRQ profiling PMU,.csv,15620,read-only input
mechanism derived result,docs/paper/mechanism/evidence/20260902-p0d-formal-clean/vela-debug/pd/ad_medium_int8__512_Mid512/vela_verbose/ad_medium_int8_summary_Ethos_U85_SYS_DRAM_Mid_512.csv,65722b017068f76eae42f3bbbaacb8e71a2d22d6bf836a36fa075a4a47bbf5a5,evidence,,,,,,,,per-layer / IRQ profiling PMU,.csv,1570,read-only input
mechanism derived result,docs/paper/mechanism/evidence/20260902-p0d-formal-clean/vela-debug/pd/ad_medium_int8__512_Mid512/vela_verbose/ad_medium_int8_vela.tflite,9fa6d6e7239b70d027301eea62d6123e88e67f800d93038a67af5cf789834a99,evidence,,,,,,,,per-layer / IRQ profiling PMU,.tflite,457824,read-only input
mechanism derived result,docs/paper/mechanism/evidence/20260902-p0d-formal-clean/vela-debug/pd/ad_medium_int8__512_Mid512/vela_verbose/verbose.log,13da998f872c790f9c28476e8aba446900e76ce9e95b322b8ac347e9ec680c3b,evidence,,,,,,,,per-layer / IRQ profiling PMU,.log,27771,read-only input
mechanism derived result,docs/paper/mechanism/evidence/20260902-p0d-formal-clean/vela-debug/pd/dnn_s_quantized__256_Low/vela_verbose/dnn_s_quantized_per-layer.csv,f8161617ddfdb1a94823a92d64e7ceebb74420821454f65ccc998e316aa3745b,evidence,,,,,,,,per-layer / IRQ profiling PMU,.csv,65158,read-only input
mechanism derived result,docs/paper/mechanism/evidence/20260902-p0d-formal-clean/vela-debug/pd/dnn_s_quantized__256_Low/vela_verbose/dnn_s_quantized_summary_Ethos_U85_SYS_DRAM_Low.csv,716b0a80b79855f1e855f93fcf9af79dff99d0918483cc65088c01db5ac5adfa,evidence,,,,,,,,per-layer / IRQ profiling PMU,.csv,1529,read-only input
mechanism derived result,docs/paper/mechanism/evidence/20260902-p0d-formal-clean/vela-debug/pd/dnn_s_quantized__256_Low/vela_verbose/dnn_s_quantized_vela.tflite,421edf54f7cc21a688f102a71278b4d09fdb687f16668270aa0657fc209dcec1,evidence,,,,,,,,per-layer / IRQ profiling PMU,.tflite,89504,read-only input
mechanism derived result,docs/paper/mechanism/evidence/20260902-p0d-formal-clean/vela-debug/pd/dnn_s_quantized__256_Low/vela_verbose/verbose.log,12a51a1c4c7f714adb76a0ef380b6d39dcef406b0ddbb0bc10e68cc2f364c916,evidence,,,,,,,,per-layer / IRQ profiling PMU,.log,83689,read-only input
mechanism derived result,docs/paper/mechanism/evidence/20260902-p0d-formal-clean/vela-debug/pd/dnn_s_quantized__512_Low/vela_verbose/dnn_s_quantized_per-layer.csv,bdec72619401ba1d4665a10720b2d4536d83c789a3df3737aadd3f0788755c18,evidence,,,,,,,,per-layer / IRQ profiling PMU,.csv,65161,read-only input
mechanism derived result,docs/paper/mechanism/evidence/20260902-p0d-formal-clean/vela-debug/pd/dnn_s_quantized__512_Low/vela_verbose/dnn_s_quantized_summary_Ethos_U85_SYS_DRAM_Low.csv,3e59c2573c4a0d4533e3e2c786af90b09305e3c2c762c0e11b01514bd32f02f6,evidence,,,,,,,,per-layer / IRQ profiling PMU,.csv,1528,read-only input
mechanism derived result,docs/paper/mechanism/evidence/20260902-p0d-formal-clean/vela-debug/pd/dnn_s_quantized__512_Low/vela_verbose/dnn_s_quantized_vela.tflite,dbd1b15d979e17f46c227fe2d83781dd455173d0974bcc1d95b916e4fa708229,evidence,,,,,,,,per-layer / IRQ profiling PMU,.tflite,89696,read-only input
mechanism derived result,docs/paper/mechanism/evidence/20260902-p0d-formal-clean/vela-debug/pd/dnn_s_quantized__512_Low/vela_verbose/verbose.log,ca1c437b36b20e35ace5b3e56ccb65d8cd3cf92d71d882d722878f815a318dc3,evidence,,,,,,,,per-layer / IRQ profiling PMU,.log,83691,read-only input
mechanism derived result,docs/paper/mechanism/evidence/20260902-p0d-formal-clean/vela-debug/pd/dnn_s_quantized__512_Mid512/vela_verbose/dnn_s_quantized_per-layer.csv,a9019aceb8d7d7e9b07741b9bf6bbc60939f75b4802ae6303d0956cfdb7af713,evidence,,,,,,,,per-layer / IRQ profiling PMU,.csv,65155,read-only input
mechanism derived result,docs/paper/mechanism/evidence/20260902-p0d-formal-clean/vela-debug/pd/dnn_s_quantized__512_Mid512/vela_verbose/dnn_s_quantized_summary_Ethos_U85_SYS_DRAM_Mid_512.csv,f4560d1fd4f077d429c36a768f5c2bfc4a9bdb709083d496116c277582cb3a81,evidence,,,,,,,,per-layer / IRQ profiling PMU,.csv,1534,read-only input
mechanism derived result,docs/paper/mechanism/evidence/20260902-p0d-formal-clean/vela-debug/pd/dnn_s_quantized__512_Mid512/vela_verbose/dnn_s_quantized_vela.tflite,dbd1b15d979e17f46c227fe2d83781dd455173d0974bcc1d95b916e4fa708229,evidence,,,,,,,,per-layer / IRQ profiling PMU,.tflite,89696,read-only input
mechanism derived result,docs/paper/mechanism/evidence/20260902-p0d-formal-clean/vela-debug/pd/dnn_s_quantized__512_Mid512/vela_verbose/verbose.log,1d0c8eff9da267c98dd0c895fca777309d1260d57d7b4ac130b014645b7c1015,evidence,,,,,,,,per-layer / IRQ profiling PMU,.log,83698,read-only input
mechanism derived result,docs/paper/mechanism/evidence/20260902-p0d-formal-clean/vela-debug/pd/kws_micronet_m__256_Low/vela_verbose/kws_micronet_m_per-layer.csv,ae0c8d039d5f6d70881339c4221d42fd2fe649180f5e7dc3df992b8b73711eac,evidence,,,,,,,,per-layer / IRQ profiling PMU,.csv,13614,read-only input
mechanism derived result,docs/paper/mechanism/evidence/20260902-p0d-formal-clean/vela-debug/pd/kws_micronet_m__256_Low/vela_verbose/kws_micronet_m_summary_Ethos_U85_SYS_DRAM_Low.csv,02c336356d3601262518b2248373f99f4852f69e66e484f8a2ba578c85b426de,evidence,,,,,,,,per-layer / IRQ profiling PMU,.csv,1565,read-only input
mechanism derived result,docs/paper/mechanism/evidence/20260902-p0d-formal-clean/vela-debug/pd/kws_micronet_m__256_Low/vela_verbose/kws_micronet_m_vela.tflite,7d1431a8bc9cd5ec3735e9c1f8c91cd8d1e4496286147ee5a1adec1acd72ce92,evidence,,,,,,,,per-layer / IRQ profiling PMU,.tflite,144256,read-only input
mechanism derived result,docs/paper/mechanism/evidence/20260902-p0d-formal-clean/vela-debug/pd/kws_micronet_m__256_Low/vela_verbose/verbose.log,e55d02515b642d79f14b2887acdea1e3c8605492a2d5611dcea5bdaf9ae96734,evidence,,,,,,,,per-layer / IRQ profiling PMU,.log,25747,read-only input
mechanism derived result,docs/paper/mechanism/evidence/20260902-p0d-formal-clean/vela-debug/pd/kws_micronet_m__512_Low/vela_verbose/kws_micronet_m_per-layer.csv,07f9fac17ab11753b10e661f2683c3faee92fced6c2a4c7932e7c226962ccad2,evidence,,,,,,,,per-layer / IRQ profiling PMU,.csv,13588,read-only input
mechanism derived result,docs/paper/mechanism/evidence/20260902-p0d-formal-clean/vela-debug/pd/kws_micronet_m__512_Low/vela_verbose/kws_micronet_m_summary_Ethos_U85_SYS_DRAM_Low.csv,ab97257bdcec4dae1b82fb19994d415616ddcd230006f2a90053c9a1a7c47f2d,evidence,,,,,,,,per-layer / IRQ profiling PMU,.csv,1564,read-only input
mechanism derived result,docs/paper/mechanism/evidence/20260902-p0d-formal-clean/vela-debug/pd/kws_micronet_m__512_Low/vela_verbose/kws_micronet_m_vela.tflite,e7819207461507ea6753bce6ce4902e18ff722de52c0ac1ff335cf5897fa9454,evidence,,,,,,,,per-layer / IRQ profiling PMU,.tflite,146032,read-only input
mechanism derived result,docs/paper/mechanism/evidence/20260902-p0d-formal-clean/vela-debug/pd/kws_micronet_m__512_Low/vela_verbose/verbose.log,cc48c31345963a9603a8c6bbd19fc1367bf188b7a5880c0357dae9dcb0da6652,evidence,,,,,,,,per-layer / IRQ profiling PMU,.log,25755,read-only input
mechanism derived result,docs/paper/mechanism/evidence/20260902-p0d-formal-clean/vela-debug/pd/kws_micronet_m__512_Mid512/vela_verbose/kws_micronet_m_per-layer.csv,94dfa6a96b63e746cde535efc593d73991338e2c24ebea4f91ad661d779cec14,evidence,,,,,,,,per-layer / IRQ profiling PMU,.csv,13577,read-only input
mechanism derived result,docs/paper/mechanism/evidence/20260902-p0d-formal-clean/vela-debug/pd/kws_micronet_m__512_Mid512/vela_verbose/kws_micronet_m_summary_Ethos_U85_SYS_DRAM_Mid_512.csv,35d52e75d870278d1d1652de2d802ec0c3ca3f27fef18277477fb116c9630404,evidence,,,,,,,,per-layer / IRQ profiling PMU,.csv,1567,read-only input
mechanism derived result,docs/paper/mechanism/evidence/20260902-p0d-formal-clean/vela-debug/pd/kws_micronet_m__512_Mid512/vela_verbose/kws_micronet_m_vela.tflite,af461b1ee988ee39f778a962366042bb0f63e1c1f2a5dd47b231800847bcd3a0,evidence,,,,,,,,per-layer / IRQ profiling PMU,.tflite,145200,read-only input
mechanism derived result,docs/paper/mechanism/evidence/20260902-p0d-formal-clean/vela-debug/pd/kws_micronet_m__512_Mid512/vela_verbose/verbose.log,6a92f158ec35fb541e55c1bb9ec5a74f5e0d4c5b1e91176640403c4e798a3aca,evidence,,,,,,,,per-layer / IRQ profiling PMU,.log,25713,read-only input
mechanism derived result,docs/paper/mechanism/evidence/20260902-p0d-formal-clean/vela-debug/pd/rnnoise_INT8__256_Low/vela_verbose/rnnoise_INT8_per-layer.csv,f8b0ec631b9380d74edc29dc5ff8ded200540f8636b4470f48eff0d16f4ac71a,evidence,,,,,,,,per-layer / IRQ profiling PMU,.csv,8546,read-only input
mechanism derived result,docs/paper/mechanism/evidence/20260902-p0d-formal-clean/vela-debug/pd/rnnoise_INT8__256_Low/vela_verbose/rnnoise_INT8_summary_Ethos_U85_SYS_DRAM_Low.csv,ea7f9eb56f1d88e9d517d8279acb77fe4f5e4000b8544048bbd2fb1f8d5086de,evidence,,,,,,,,per-layer / IRQ profiling PMU,.csv,1532,read-only input
mechanism derived result,docs/paper/mechanism/evidence/20260902-p0d-formal-clean/vela-debug/pd/rnnoise_INT8__256_Low/vela_verbose/rnnoise_INT8_vela.tflite,8f342f545a9a9e1da4493fa2f73ff5779785fa5a0c7f6bfac2096153f1b2116e,evidence,,,,,,,,per-layer / IRQ profiling PMU,.tflite,123408,read-only input
mechanism derived result,docs/paper/mechanism/evidence/20260902-p0d-formal-clean/vela-debug/pd/rnnoise_INT8__256_Low/vela_verbose/verbose.log,0397b204ba40e3691109f249be661fb2d41ca5bc68ae2d2f333666033477f670,evidence,,,,,,,,per-layer / IRQ profiling PMU,.log,37469,read-only input
mechanism derived result,docs/paper/mechanism/evidence/20260902-p0d-formal-clean/vela-debug/pd/rnnoise_INT8__512_Low/vela_verbose/rnnoise_INT8_per-layer.csv,bf2386ae720f0ddcfbae57897dd3b9d99bbee5c6939707518d6ac2ffb38fbe7b,evidence,,,,,,,,per-layer / IRQ profiling PMU,.csv,8589,read-only input
mechanism derived result,docs/paper/mechanism/evidence/20260902-p0d-formal-clean/vela-debug/pd/rnnoise_INT8__512_Low/vela_verbose/rnnoise_INT8_summary_Ethos_U85_SYS_DRAM_Low.csv,d7d8348810f8a233b49ec064827d72915de878433511bb2276ab20fbcfadf39a,evidence,,,,,,,,per-layer / IRQ profiling PMU,.csv,1531,read-only input
mechanism derived result,docs/paper/mechanism/evidence/20260902-p0d-formal-clean/vela-debug/pd/rnnoise_INT8__512_Low/vela_verbose/rnnoise_INT8_vela.tflite,12087f72b6dce2e03b1146f11dcd5e1c254f1ed6f737bc5df22c8ab0dbdf335c,evidence,,,,,,,,per-layer / IRQ profiling PMU,.tflite,123936,read-only input
mechanism derived result,docs/paper/mechanism/evidence/20260902-p0d-formal-clean/vela-debug/pd/rnnoise_INT8__512_Low/vela_verbose/verbose.log,8999e29c6d3f22007c40d6c323c2c125eb58db8efe0b6ae6e69a83d1e7db018d,evidence,,,,,,,,per-layer / IRQ profiling PMU,.log,37483,read-only input
mechanism derived result,docs/paper/mechanism/evidence/20260902-p0d-formal-clean/vela-debug/pd/rnnoise_INT8__512_Mid512/vela_verbose/rnnoise_INT8_per-layer.csv,f1d1bdd5a74dfc8395bc72c3080c26080f86d4a27555a8027ddb7dc5adafe7a3,evidence,,,,,,,,per-layer / IRQ profiling PMU,.csv,8622,read-only input
mechanism derived result,docs/paper/mechanism/evidence/20260902-p0d-formal-clean/vela-debug/pd/rnnoise_INT8__512_Mid512/vela_verbose/rnnoise_INT8_summary_Ethos_U85_SYS_DRAM_Mid_512.csv,e2cc0a1baa129b8371ac172a123dedc1b8937f08ff9e9c5c73004f416ccc6e2e,evidence,,,,,,,,per-layer / IRQ profiling PMU,.csv,1540,read-only input
mechanism derived result,docs/paper/mechanism/evidence/20260902-p0d-formal-clean/vela-debug/pd/rnnoise_INT8__512_Mid512/vela_verbose/rnnoise_INT8_vela.tflite,12087f72b6dce2e03b1146f11dcd5e1c254f1ed6f737bc5df22c8ab0dbdf335c,evidence,,,,,,,,per-layer / IRQ profiling PMU,.tflite,123936,read-only input
mechanism derived result,docs/paper/mechanism/evidence/20260902-p0d-formal-clean/vela-debug/pd/rnnoise_INT8__512_Mid512/vela_verbose/verbose.log,4b9bed8e54f41bc3452fe830f38280769f20050405bf7cc0b90221c848770836,evidence,,,,,,,,per-layer / IRQ profiling PMU,.log,37490,read-only input
mechanism derived result,docs/paper/mechanism/evidence/20260902-p0d-formal-clean/vela-debug/pd/vww4_128_128_INT8__256_Low/vela_verbose/verbose.log,f92f35d22cf6087c2b1e130a5fe20f90a5a58818d53b0cf2f65af9e20193243c,evidence,,,,,,,,per-layer / IRQ profiling PMU,.log,114515,read-only input
mechanism derived result,docs/paper/mechanism/evidence/20260902-p0d-formal-clean/vela-debug/pd/vww4_128_128_INT8__256_Low/vela_verbose/vww4_128_128_INT8_per-layer.csv,681341295461a33e602b9dbe42a511dc21e3e898eab7af113af12815221de4ae,evidence,,,,,,,,per-layer / IRQ profiling PMU,.csv,55787,read-only input
mechanism derived result,docs/paper/mechanism/evidence/20260902-p0d-formal-clean/vela-debug/pd/vww4_128_128_INT8__256_Low/vela_verbose/vww4_128_128_INT8_summary_Ethos_U85_SYS_DRAM_Low.csv,a2c422881bfbb7c2ef4f3436a7781c20964538c955787598262d7c1609f3a5cb,evidence,,,,,,,,per-layer / IRQ profiling PMU,.csv,1571,read-only input
mechanism derived result,docs/paper/mechanism/evidence/20260902-p0d-formal-clean/vela-debug/pd/vww4_128_128_INT8__256_Low/vela_verbose/vww4_128_128_INT8_vela.tflite,869a0c6b8e7dd5339829bfd9430abfb9afe20401a17d31c437e2a193fd6afc8e,evidence,,,,,,,,per-layer / IRQ profiling PMU,.tflite,345776,read-only input
mechanism derived result,docs/paper/mechanism/evidence/20260902-p0d-formal-clean/vela-debug/pd/vww4_128_128_INT8__512_Low/vela_verbose/verbose.log,a085a9d290f55596f9c016e611de0110efc96b59e6d66b17bf2b918aba0fb09a,evidence,,,,,,,,per-layer / IRQ profiling PMU,.log,114520,read-only input
mechanism derived result,docs/paper/mechanism/evidence/20260902-p0d-formal-clean/vela-debug/pd/vww4_128_128_INT8__512_Low/vela_verbose/vww4_128_128_INT8_per-layer.csv,cff28ffbf68a424a94970b66b393217870ece77f62ccdfe4d538dc17249dcb79,evidence,,,,,,,,per-layer / IRQ profiling PMU,.csv,55706,read-only input
mechanism derived result,docs/paper/mechanism/evidence/20260902-p0d-formal-clean/vela-debug/pd/vww4_128_128_INT8__512_Low/vela_verbose/vww4_128_128_INT8_summary_Ethos_U85_SYS_DRAM_Low.csv,2b74506ebd97d433ed4a8e383ad50aa5a681433b52264073e823f3c236f599f4,evidence,,,,,,,,per-layer / IRQ profiling PMU,.csv,1568,read-only input
mechanism derived result,docs/paper/mechanism/evidence/20260902-p0d-formal-clean/vela-debug/pd/vww4_128_128_INT8__512_Low/vela_verbose/vww4_128_128_INT8_vela.tflite,aae31e5a76f512d34316b70e677de837048a443b414781ff074ec0e22b6e7413,evidence,,,,,,,,per-layer / IRQ profiling PMU,.tflite,350064,read-only input
mechanism derived result,docs/paper/mechanism/evidence/20260902-p0d-formal-clean/vela-debug/pd/vww4_128_128_INT8__512_Mid512/vela_verbose/verbose.log,ede92b96b89b7669fb27d66dd129bb78fe50f50ad33aea30a9160309ded0aba2,evidence,,,,,,,,per-layer / IRQ profiling PMU,.log,114513,read-only input
mechanism derived result,docs/paper/mechanism/evidence/20260902-p0d-formal-clean/vela-debug/pd/vww4_128_128_INT8__512_Mid512/vela_verbose/vww4_128_128_INT8_per-layer.csv,e01e036d41bf7e586570a2b42a9fb07780d4efe9c7ca91417a5bb2ab1e76fa6a,evidence,,,,,,,,per-layer / IRQ profiling PMU,.csv,55740,read-only input
mechanism derived result,docs/paper/mechanism/evidence/20260902-p0d-formal-clean/vela-debug/pd/vww4_128_128_INT8__512_Mid512/vela_verbose/vww4_128_128_INT8_summary_Ethos_U85_SYS_DRAM_Mid_512.csv,feb4ce04ccfd1f800e11138299f380c997ed7ae7da2ca710a47c9765383cd04d,evidence,,,,,,,,per-layer / IRQ profiling PMU,.csv,1571,read-only input
mechanism derived result,docs/paper/mechanism/evidence/20260902-p0d-formal-clean/vela-debug/pd/vww4_128_128_INT8__512_Mid512/vela_verbose/vww4_128_128_INT8_vela.tflite,e3c387fd064ce4f22d3f4a2ca4002fe15cb72ce892ca77c884d7913c29b00350,evidence,,,,,,,,per-layer / IRQ profiling PMU,.tflite,350016,read-only input
mechanism derived result,docs/paper/mechanism/evidence/20260902-p0d-formal-clean/vela-debug/pd/yolo-fastest_192_face_v4__256_Low/vela_verbose/verbose.log,a826d4dcc30c7795685d2beb571dcb2597e1731cc60f1e4bebb80c028a723703,evidence,,,,,,,,per-layer / IRQ profiling PMU,.log,113805,read-only input
mechanism derived result,docs/paper/mechanism/evidence/20260902-p0d-formal-clean/vela-debug/pd/yolo-fastest_192_face_v4__256_Low/vela_verbose/yolo-fastest_192_face_v4_per-layer.csv,b0148584f84f9c9974c42fcb1b1a490641094d0f81386f2515cf9220a1c9a5d2,evidence,,,,,,,,per-layer / IRQ profiling PMU,.csv,38852,read-only input
mechanism derived result,docs/paper/mechanism/evidence/20260902-p0d-formal-clean/vela-debug/pd/yolo-fastest_192_face_v4__256_Low/vela_verbose/yolo-fastest_192_face_v4_summary_Ethos_U85_SYS_DRAM_Low.csv,602c4b4dec11d623a150ffabb255174bd26edfb7439b51911d45a9b160d3c42f,evidence,,,,,,,,per-layer / IRQ profiling PMU,.csv,1584,read-only input
mechanism derived result,docs/paper/mechanism/evidence/20260902-p0d-formal-clean/vela-debug/pd/yolo-fastest_192_face_v4__256_Low/vela_verbose/yolo-fastest_192_face_v4_vela.tflite,aec60a683ca0dfd54e791bf0fec34f999cf472bbf7a16c4f2e6adb09fddab53e,evidence,,,,,,,,per-layer / IRQ profiling PMU,.tflite,396288,read-only input
mechanism derived result,docs/paper/mechanism/evidence/20260902-p0d-formal-clean/vela-debug/pd/yolo-fastest_192_face_v4__512_Low/vela_verbose/verbose.log,70ece30c4f344b6d3d012c9af3c18e08229f20611b067cf3ff68f32e31ffdf8c,evidence,,,,,,,,per-layer / IRQ profiling PMU,.log,113908,read-only input
mechanism derived result,docs/paper/mechanism/evidence/20260902-p0d-formal-clean/vela-debug/pd/yolo-fastest_192_face_v4__512_Low/vela_verbose/yolo-fastest_192_face_v4_per-layer.csv,98e4b80df662a01ecf49bd6758d3666463431d4dda703f21b0afbfda0e0ee0c4,evidence,,,,,,,,per-layer / IRQ profiling PMU,.csv,38698,read-only input
mechanism derived result,docs/paper/mechanism/evidence/20260902-p0d-formal-clean/vela-debug/pd/yolo-fastest_192_face_v4__512_Low/vela_verbose/yolo-fastest_192_face_v4_summary_Ethos_U85_SYS_DRAM_Low.csv,abe4e7a5eea38a62eac6995a73478720676a31b5d26f62e6a60d47559b9bd7e7,evidence,,,,,,,,per-layer / IRQ profiling PMU,.csv,1580,read-only input
mechanism derived result,docs/paper/mechanism/evidence/20260902-p0d-formal-clean/vela-debug/pd/yolo-fastest_192_face_v4__512_Low/vela_verbose/yolo-fastest_192_face_v4_vela.tflite,c5e208bb572d9da5c4ad3c6d6564b2d686eaf516e6cfba4d3880b60ee39dfa96,evidence,,,,,,,,per-layer / IRQ profiling PMU,.tflite,403968,read-only input
mechanism derived result,docs/paper/mechanism/evidence/20260902-p0d-formal-clean/vela-debug/pd/yolo-fastest_192_face_v4__512_Mid512/vela_verbose/verbose.log,c1b395ed85487115ed438ea9bf7d1713d4ad3b96397a7c0b2ae92ba49d3724ea,evidence,,,,,,,,per-layer / IRQ profiling PMU,.log,113821,read-only input
mechanism derived result,docs/paper/mechanism/evidence/20260902-p0d-formal-clean/vela-debug/pd/yolo-fastest_192_face_v4__512_Mid512/vela_verbose/yolo-fastest_192_face_v4_per-layer.csv,127f0215fd88e3a86a7149948b5ee38f31ccd94c8988a132f7735f291ee57c4a,evidence,,,,,,,,per-layer / IRQ profiling PMU,.csv,38651,read-only input
mechanism derived result,docs/paper/mechanism/evidence/20260902-p0d-formal-clean/vela-debug/pd/yolo-fastest_192_face_v4__512_Mid512/vela_verbose/yolo-fastest_192_face_v4_summary_Ethos_U85_SYS_DRAM_Mid_512.csv,e0c646755ad67f576d1f4b372aef95d0f6e9f5c9d83c289cabcbd0016c28f1c6,evidence,,,,,,,,per-layer / IRQ profiling PMU,.csv,1589,read-only input
mechanism derived result,docs/paper/mechanism/evidence/20260902-p0d-formal-clean/vela-debug/pd/yolo-fastest_192_face_v4__512_Mid512/vela_verbose/yolo-fastest_192_face_v4_vela.tflite,8b2f4e1e0fca98e2adcf3ab9db295127c87746cfd134f37eb5cbb1d8b47b847a,evidence,,,,,,,,per-layer / IRQ profiling PMU,.tflite,402848,read-only input
mechanism derived result,docs/paper/mechanism/evidence/20260902-p0d2-profiled-irqhistory/binaries.tar.gz,1bcb77aca3daac9dbdb91758b7f2ffed75650f836a826bfd7a2cd2389b01ece6,evidence,,,,,,,,per-layer / IRQ profiling PMU,.gz,14688888,read-only input
mechanism derived result,docs/paper/mechanism/evidence/20260902-p0d2-profiled-irqhistory/manifests/EVIDENCE.sha256,f1f7d81e8ad2fa9956650ca15c39e031472ac280fd00e333320a38e6f3ac4434,evidence,,,,,,,,per-layer / IRQ profiling PMU,.sha256,30341,read-only input
mechanism derived result,docs/paper/mechanism/evidence/20260902-p0d2-profiled-irqhistory/misc/view/ad_medium_int8__256_Low/launches.json,e58b279af95b8460e51b52179baea0fa4a297751f555f51ad2b7fb5ae13b2d71,evidence,,,,,,,,per-layer / IRQ profiling PMU,.json,298,read-only input
mechanism derived result,docs/paper/mechanism/evidence/20260902-p0d2-profiled-irqhistory/misc/view/ad_medium_int8__512_Low/launches.json,036730c243ad41e049a42a47742879860a9d5368daf72572415ca23c7f7240f0,evidence,,,,,,,,per-layer / IRQ profiling PMU,.json,276,read-only input
mechanism derived result,docs/paper/mechanism/evidence/20260902-p0d2-profiled-irqhistory/misc/view/ad_medium_int8__512_Mid512/launches.json,3b1e17d6361a898629382ae5c578f02bac63a1b5cff066d95bbb19d1f19e599c,evidence,,,,,,,,per-layer / IRQ profiling PMU,.json,292,read-only input
mechanism derived result,docs/paper/mechanism/evidence/20260902-p0d2-profiled-irqhistory/misc/view/dnn_s_quantized__256_Low/launches.json,bc548ceca03b0666d7428b851aef25bcff37a8e08cf1a93824b9037a8f1eafdf,evidence,,,,,,,,per-layer / IRQ profiling PMU,.json,665,read-only input
mechanism derived result,docs/paper/mechanism/evidence/20260902-p0d2-profiled-irqhistory/misc/view/dnn_s_quantized__512_Low/launches.json,fd7caf8f125bce06356b65a4e085405157ebf47a7b07c7d0fa258bf449aa6fac,evidence,,,,,,,,per-layer / IRQ profiling PMU,.json,665,read-only input
mechanism derived result,docs/paper/mechanism/evidence/20260902-p0d2-profiled-irqhistory/misc/view/dnn_s_quantized__512_Mid512/launches.json,fd7caf8f125bce06356b65a4e085405157ebf47a7b07c7d0fa258bf449aa6fac,evidence,,,,,,,,per-layer / IRQ profiling PMU,.json,665,read-only input
mechanism derived result,docs/paper/mechanism/evidence/20260902-p0d2-profiled-irqhistory/misc/view/kws_micronet_m__256_Low/launches.json,f03742fbcd297815aaf5d1ae63455e6cf0d3a41bd51d8789e8f59653b5fa9787,evidence,,,,,,,,per-layer / IRQ profiling PMU,.json,315,read-only input
mechanism derived result,docs/paper/mechanism/evidence/20260902-p0d2-profiled-irqhistory/misc/view/kws_micronet_m__512_Low/launches.json,5ed6d5026ab0076a609bf5c2a0dee96792692924e59886ec93fd38cda030d19d,evidence,,,,,,,,per-layer / IRQ profiling PMU,.json,347,read-only input
mechanism derived result,docs/paper/mechanism/evidence/20260902-p0d2-profiled-irqhistory/misc/view/kws_micronet_m__512_Mid512/launches.json,dc8ac819d6f7bfa00b01e0ed269d03ace950e1dd88b254f8b460842138993cd6,evidence,,,,,,,,per-layer / IRQ profiling PMU,.json,259,read-only input
mechanism derived result,docs/paper/mechanism/evidence/20260902-p0d2-profiled-irqhistory/misc/view/rnnoise_INT8__256_Low/launches.json,618a6f6c5e3c2e0b02b3aa98e7c073949f62bf0c7b1f150e4aa66bf1e058afde,evidence,,,,,,,,per-layer / IRQ profiling PMU,.json,931,read-only input
mechanism derived result,docs/paper/mechanism/evidence/20260902-p0d2-profiled-irqhistory/misc/view/rnnoise_INT8__512_Low/launches.json,f116bd27e71e4d8b0dc80c8f19ef6f5094820bf2b340f6cbb32ab84b1d4d9d5d,evidence,,,,,,,,per-layer / IRQ profiling PMU,.json,931,read-only input
mechanism derived result,docs/paper/mechanism/evidence/20260902-p0d2-profiled-irqhistory/misc/view/rnnoise_INT8__512_Mid512/launches.json,f116bd27e71e4d8b0dc80c8f19ef6f5094820bf2b340f6cbb32ab84b1d4d9d5d,evidence,,,,,,,,per-layer / IRQ profiling PMU,.json,931,read-only input
mechanism derived result,docs/paper/mechanism/evidence/20260902-p0d2-profiled-irqhistory/misc/view/vww4_128_128_INT8__256_Low/launches.json,8bbc4c3150ab36450e0489a8421cc1d2c4030b39e2475d657bf4f3179e688cb6,evidence,,,,,,,,per-layer / IRQ profiling PMU,.json,1654,read-only input
mechanism derived result,docs/paper/mechanism/evidence/20260902-p0d2-profiled-irqhistory/misc/view/vww4_128_128_INT8__512_Low/launches.json,534bd407a692dea2b4812db78d949cc46df2b9e9f3459a3c32930324fda92e97,evidence,,,,,,,,per-layer / IRQ profiling PMU,.json,1635,read-only input
mechanism derived result,docs/paper/mechanism/evidence/20260902-p0d2-profiled-irqhistory/misc/view/vww4_128_128_INT8__512_Mid512/launches.json,fa4070cf697062bab58cf4422c91622150e43fa145ddd356bb2c94fc6305400a,evidence,,,,,,,,per-layer / IRQ profiling PMU,.json,1635,read-only input
mechanism derived result,docs/paper/mechanism/evidence/20260902-p0d2-profiled-irqhistory/misc/view/yolo-fastest_192_face_v4__256_Low/launches.json,84d1414ebde17dfb23cec75d1bd8a35eba10b87bdd0999682e59716a3e0fd91e,evidence,,,,,,,,per-layer / IRQ profiling PMU,.json,2696,read-only input
mechanism derived result,docs/paper/mechanism/evidence/20260902-p0d2-profiled-irqhistory/misc/view/yolo-fastest_192_face_v4__512_Low/launches.json,f3d4ea30d18131f0e26842567b449b0ba208c295962c4d6b2ad3cfc71f55f64a,evidence,,,,,,,,per-layer / IRQ profiling PMU,.json,2684,read-only input
mechanism derived result,docs/paper/mechanism/evidence/20260902-p0d2-profiled-irqhistory/misc/view/yolo-fastest_192_face_v4__512_Mid512/launches.json,230232466b99979200eebcd2cca2d071ff327ed53adc3985698ba88d6e0dd5a3,evidence,,,,,,,,per-layer / IRQ profiling PMU,.json,2481,read-only input
mechanism derived result,docs/paper/mechanism/evidence/20260902-p0d2-profiled-irqhistory/reports/pd2_orchestrator.log,aec5c2765dc7bcfda224e6448ae627120b21e4e2ba93bf4c54dc6613ec9ab479,evidence,,,,,,,,per-layer / IRQ profiling PMU,.log,3133,read-only input
mechanism derived result,docs/paper/mechanism/evidence/20260902-p0d2-profiled-irqhistory/reports/view/U85_256_512_DIFFERENTIAL.csv,7bcdb5d1e6a638a4c69f7253a00ad852f9829c2c53bf93ae0138fa2067d591bd,evidence,,,,,,,,per-layer / IRQ profiling PMU,.csv,142294,read-only input
mechanism derived result,docs/paper/mechanism/evidence/20260902-p0d2-profiled-irqhistory/reports/view/U85_ATTRIBUTION_UNITS.csv,c3c369f1f9bb6b4071425c40eca92311abf650cf1a89d35131321eb8f647d6cb,evidence,,,,,,,,per-layer / IRQ profiling PMU,.csv,50630,read-only input
mechanism derived result,docs/paper/mechanism/evidence/20260902-p0d2-profiled-irqhistory/reports/view/U85_OPERATOR_MATCH.csv,a94f792278d51dcb83088e46ef72f3b359906ef2d277912093c48025f9d6e361,evidence,,,,,,,,per-layer / IRQ profiling PMU,.csv,31903,read-only input
mechanism derived result,docs/paper/mechanism/evidence/20260902-p0d2-profiled-irqhistory/run-vectors/pd2/ad_medium_int8__256_Low/instr.meta.json,8ac11c566a05d1ebb01fa22cff1956947bcb127bbc1b1ec13cd6342916cc5d22,evidence,,,,,,,,per-layer / IRQ profiling PMU,.json,123,read-only input
mechanism derived result,docs/paper/mechanism/evidence/20260902-p0d2-profiled-irqhistory/run-vectors/pd2/ad_medium_int8__256_Low/prof.build.json,6a43411d196d1196a1317c3170848c39391274099d980383411058010d08c433,evidence,,,,,,,,per-layer / IRQ profiling PMU,.json,82,read-only input
mechanism derived result,docs/paper/mechanism/evidence/20260902-p0d2-profiled-irqhistory/run-vectors/pd2/ad_medium_int8__256_Low/prof.run1.json,97bd8d39d5410e0ad91faa7b724091f8ba65b95abd87b090bbfe2c1c763c6761,evidence,,,,,,,,per-layer / IRQ profiling PMU,.json,768,read-only input
mechanism derived result,docs/paper/mechanism/evidence/20260902-p0d2-profiled-irqhistory/run-vectors/pd2/ad_medium_int8__256_Low/prof.run2.json,97bd8d39d5410e0ad91faa7b724091f8ba65b95abd87b090bbfe2c1c763c6761,evidence,,,,,,,,per-layer / IRQ profiling PMU,.json,768,read-only input
mechanism derived result,docs/paper/mechanism/evidence/20260902-p0d2-profiled-irqhistory/run-vectors/pd2/ad_medium_int8__256_Low/prof.run3.json,97bd8d39d5410e0ad91faa7b724091f8ba65b95abd87b090bbfe2c1c763c6761,evidence,,,,,,,,per-layer / IRQ profiling PMU,.json,768,read-only input
mechanism derived result,docs/paper/mechanism/evidence/20260902-p0d2-profiled-irqhistory/run-vectors/pd2/ad_medium_int8__512_Low/instr.meta.json,8988160e142840813b6f450db400ee0b326db59d0f8e5f22f08e2d2ce960b15d,evidence,,,,,,,,per-layer / IRQ profiling PMU,.json,123,read-only input
mechanism derived result,docs/paper/mechanism/evidence/20260902-p0d2-profiled-irqhistory/run-vectors/pd2/ad_medium_int8__512_Low/prof.build.json,37f06977e647538b85c6382da89cc01741afbcfa3e77ff73a1c5e93d6d06bf85,evidence,,,,,,,,per-layer / IRQ profiling PMU,.json,82,read-only input
mechanism derived result,docs/paper/mechanism/evidence/20260902-p0d2-profiled-irqhistory/run-vectors/pd2/ad_medium_int8__512_Low/prof.run1.json,ae369ee4c2a880e8fb06e9fa6854d668a04277eb11931e3ae4a7d1fad280201c,evidence,,,,,,,,per-layer / IRQ profiling PMU,.json,812,read-only input
mechanism derived result,docs/paper/mechanism/evidence/20260902-p0d2-profiled-irqhistory/run-vectors/pd2/ad_medium_int8__512_Low/prof.run2.json,ae369ee4c2a880e8fb06e9fa6854d668a04277eb11931e3ae4a7d1fad280201c,evidence,,,,,,,,per-layer / IRQ profiling PMU,.json,812,read-only input
mechanism derived result,docs/paper/mechanism/evidence/20260902-p0d2-profiled-irqhistory/run-vectors/pd2/ad_medium_int8__512_Low/prof.run3.json,ae369ee4c2a880e8fb06e9fa6854d668a04277eb11931e3ae4a7d1fad280201c,evidence,,,,,,,,per-layer / IRQ profiling PMU,.json,812,read-only input
mechanism derived result,docs/paper/mechanism/evidence/20260902-p0d2-profiled-irqhistory/run-vectors/pd2/ad_medium_int8__512_Mid512/instr.meta.json,df0fb72716d75021491e4a7965a9637fbfc3dddc5ef77f95935e7dfebd492705,evidence,,,,,,,,per-layer / IRQ profiling PMU,.json,123,read-only input
mechanism derived result,docs/paper/mechanism/evidence/20260902-p0d2-profiled-irqhistory/run-vectors/pd2/ad_medium_int8__512_Mid512/prof.build.json,d82a3cd24a00f8a251eb3ce2fa0ca59097fee54a18be28fc6206540fd4a07d6b,evidence,,,,,,,,per-layer / IRQ profiling PMU,.json,82,read-only input
mechanism derived result,docs/paper/mechanism/evidence/20260902-p0d2-profiled-irqhistory/run-vectors/pd2/ad_medium_int8__512_Mid512/prof.run1.json,5576539fd47525b03c6e1b07edaa7e6516ed2d499a37984430de2eb6b677ace5,evidence,,,,,,,,per-layer / IRQ profiling PMU,.json,857,read-only input
mechanism derived result,docs/paper/mechanism/evidence/20260902-p0d2-profiled-irqhistory/run-vectors/pd2/ad_medium_int8__512_Mid512/prof.run2.json,5576539fd47525b03c6e1b07edaa7e6516ed2d499a37984430de2eb6b677ace5,evidence,,,,,,,,per-layer / IRQ profiling PMU,.json,857,read-only input
mechanism derived result,docs/paper/mechanism/evidence/20260902-p0d2-profiled-irqhistory/run-vectors/pd2/ad_medium_int8__512_Mid512/prof.run3.json,5576539fd47525b03c6e1b07edaa7e6516ed2d499a37984430de2eb6b677ace5,evidence,,,,,,,,per-layer / IRQ profiling PMU,.json,857,read-only input
mechanism derived result,docs/paper/mechanism/evidence/20260902-p0d2-profiled-irqhistory/run-vectors/pd2/kws_micronet_m__256_Low/instr.meta.json,a9fa229c300eef7c7d82028e54b785f533517f35ea66bcacd0a98b27658aedd2,evidence,,,,,,,,per-layer / IRQ profiling PMU,.json,123,read-only input
mechanism derived result,docs/paper/mechanism/evidence/20260902-p0d2-profiled-irqhistory/run-vectors/pd2/kws_micronet_m__256_Low/prof.build.json,b0fba1c5fc3173d018b239fb57caa494510c724ce770a2e0dfe310d36354ce01,evidence,,,,,,,,per-layer / IRQ profiling PMU,.json,82,read-only input
mechanism derived result,docs/paper/mechanism/evidence/20260902-p0d2-profiled-irqhistory/run-vectors/pd2/kws_micronet_m__256_Low/prof.run1.json,2eb8f4e2d31fd295988c66f55ebc7ca4f17973a7762207c1b37266facc21c186,evidence,,,,,,,,per-layer / IRQ profiling PMU,.json,834,read-only input
mechanism derived result,docs/paper/mechanism/evidence/20260902-p0d2-profiled-irqhistory/run-vectors/pd2/kws_micronet_m__256_Low/prof.run2.json,2eb8f4e2d31fd295988c66f55ebc7ca4f17973a7762207c1b37266facc21c186,evidence,,,,,,,,per-layer / IRQ profiling PMU,.json,834,read-only input
mechanism derived result,docs/paper/mechanism/evidence/20260902-p0d2-profiled-irqhistory/run-vectors/pd2/kws_micronet_m__256_Low/prof.run3.json,2eb8f4e2d31fd295988c66f55ebc7ca4f17973a7762207c1b37266facc21c186,evidence,,,,,,,,per-layer / IRQ profiling PMU,.json,834,read-only input
mechanism derived result,docs/paper/mechanism/evidence/20260902-p0d2-profiled-irqhistory/run-vectors/pd2/kws_micronet_m__512_Low/instr.meta.json,a348466bda27488bee40701c3ba3591fb639bf427e37b0b8ec95eefd596c0de4,evidence,,,,,,,,per-layer / IRQ profiling PMU,.json,123,read-only input
mechanism derived result,docs/paper/mechanism/evidence/20260902-p0d2-profiled-irqhistory/run-vectors/pd2/kws_micronet_m__512_Low/prof.build.json,4b6fadc47a4712acc71faf566b1dab7c3255f8e34dc9aa2ee5e03c40fd764828,evidence,,,,,,,,per-layer / IRQ profiling PMU,.json,82,read-only input
mechanism derived result,docs/paper/mechanism/evidence/20260902-p0d2-profiled-irqhistory/run-vectors/pd2/kws_micronet_m__512_Low/prof.run1.json,164b00b4733bdb9ec165d3c763f48f5fd3663b011449d199ea48087b8d0a63f4,evidence,,,,,,,,per-layer / IRQ profiling PMU,.json,907,read-only input
mechanism derived result,docs/paper/mechanism/evidence/20260902-p0d2-profiled-irqhistory/run-vectors/pd2/kws_micronet_m__512_Low/prof.run2.json,164b00b4733bdb9ec165d3c763f48f5fd3663b011449d199ea48087b8d0a63f4,evidence,,,,,,,,per-layer / IRQ profiling PMU,.json,907,read-only input
mechanism derived result,docs/paper/mechanism/evidence/20260902-p0d2-profiled-irqhistory/run-vectors/pd2/kws_micronet_m__512_Low/prof.run3.json,164b00b4733bdb9ec165d3c763f48f5fd3663b011449d199ea48087b8d0a63f4,evidence,,,,,,,,per-layer / IRQ profiling PMU,.json,907,read-only input
mechanism derived result,docs/paper/mechanism/evidence/20260902-p0d2-profiled-irqhistory/run-vectors/pd2/kws_micronet_m__512_Mid512/instr.meta.json,730fa47881291a9da8caa157202f932aae698627ab4de4742aebe47489b7cddc,evidence,,,,,,,,per-layer / IRQ profiling PMU,.json,123,read-only input
mechanism derived result,docs/paper/mechanism/evidence/20260902-p0d2-profiled-irqhistory/run-vectors/pd2/kws_micronet_m__512_Mid512/prof.build.json,db32780768b6c90e89910c52f2c97603b2f4580fb092ea4c690ae4d70d8beff9,evidence,,,,,,,,per-layer / IRQ profiling PMU,.json,82,read-only input
mechanism derived result,docs/paper/mechanism/evidence/20260902-p0d2-profiled-irqhistory/run-vectors/pd2/kws_micronet_m__512_Mid512/prof.run1.json,ba1aac973a31198226ef47c5b6cd73bb4c2eb914af814aa1d46cae4107823d68,evidence,,,,,,,,per-layer / IRQ profiling PMU,.json,696,read-only input
mechanism derived result,docs/paper/mechanism/evidence/20260902-p0d2-profiled-irqhistory/run-vectors/pd2/kws_micronet_m__512_Mid512/prof.run2.json,ba1aac973a31198226ef47c5b6cd73bb4c2eb914af814aa1d46cae4107823d68,evidence,,,,,,,,per-layer / IRQ profiling PMU,.json,696,read-only input
mechanism derived result,docs/paper/mechanism/evidence/20260902-p0d2-profiled-irqhistory/run-vectors/pd2/kws_micronet_m__512_Mid512/prof.run3.json,ba1aac973a31198226ef47c5b6cd73bb4c2eb914af814aa1d46cae4107823d68,evidence,,,,,,,,per-layer / IRQ profiling PMU,.json,696,read-only input
mechanism derived result,docs/paper/mechanism/evidence/20260902-p0d2-profiled-irqhistory/run-vectors/pd2/rnnoise_INT8__256_Low/instr.meta.json,db821ce6055aa37becf098e50e6884f9769cd84034e61e678578cc4094109fa3,evidence,,,,,,,,per-layer / IRQ profiling PMU,.json,123,read-only input
mechanism derived result,docs/paper/mechanism/evidence/20260902-p0d2-profiled-irqhistory/run-vectors/pd2/rnnoise_INT8__256_Low/prof.build.json,18d666271970f10caab7be7f7d05c83538f2588394de43d7c2a2b38829bcb06a,evidence,,,,,,,,per-layer / IRQ profiling PMU,.json,82,read-only input
mechanism derived result,docs/paper/mechanism/evidence/20260902-p0d2-profiled-irqhistory/run-vectors/pd2/rnnoise_INT8__256_Low/prof.run1.json,2fbaaa5243ae6528beba608babeeab7c398086ff4c832d88b6d8ed45b8ba9bed,evidence,,,,,,,,per-layer / IRQ profiling PMU,.json,769,read-only input
mechanism derived result,docs/paper/mechanism/evidence/20260902-p0d2-profiled-irqhistory/run-vectors/pd2/rnnoise_INT8__256_Low/prof.run2.json,2fbaaa5243ae6528beba608babeeab7c398086ff4c832d88b6d8ed45b8ba9bed,evidence,,,,,,,,per-layer / IRQ profiling PMU,.json,769,read-only input
mechanism derived result,docs/paper/mechanism/evidence/20260902-p0d2-profiled-irqhistory/run-vectors/pd2/rnnoise_INT8__256_Low/prof.run3.json,2fbaaa5243ae6528beba608babeeab7c398086ff4c832d88b6d8ed45b8ba9bed,evidence,,,,,,,,per-layer / IRQ profiling PMU,.json,769,read-only input
mechanism derived result,docs/paper/mechanism/evidence/20260902-p0d2-profiled-irqhistory/run-vectors/pd2/rnnoise_INT8__512_Low/instr.meta.json,0001d7d98ad09ac0eb5e1d20d8f9dda249491159cb043fa5aa8c6a3e9c71720b,evidence,,,,,,,,per-layer / IRQ profiling PMU,.json,123,read-only input
mechanism derived result,docs/paper/mechanism/evidence/20260902-p0d2-profiled-irqhistory/run-vectors/pd2/rnnoise_INT8__512_Low/prof.build.json,2a40794b2b28bcfc5b4b305a761ec3b4e525d66228aa07702dc4167657d136f0,evidence,,,,,,,,per-layer / IRQ profiling PMU,.json,82,read-only input
mechanism derived result,docs/paper/mechanism/evidence/20260902-p0d2-profiled-irqhistory/run-vectors/pd2/rnnoise_INT8__512_Low/prof.run1.json,3a26343a4d59e4332c1e7b997204a0fe6e97aa32b1feabebc37ffc62fd87932e,evidence,,,,,,,,per-layer / IRQ profiling PMU,.json,913,read-only input
mechanism derived result,docs/paper/mechanism/evidence/20260902-p0d2-profiled-irqhistory/run-vectors/pd2/rnnoise_INT8__512_Low/prof.run2.json,3a26343a4d59e4332c1e7b997204a0fe6e97aa32b1feabebc37ffc62fd87932e,evidence,,,,,,,,per-layer / IRQ profiling PMU,.json,913,read-only input
mechanism derived result,docs/paper/mechanism/evidence/20260902-p0d2-profiled-irqhistory/run-vectors/pd2/rnnoise_INT8__512_Low/prof.run3.json,3a26343a4d59e4332c1e7b997204a0fe6e97aa32b1feabebc37ffc62fd87932e,evidence,,,,,,,,per-layer / IRQ profiling PMU,.json,913,read-only input
mechanism derived result,docs/paper/mechanism/evidence/20260902-p0d2-profiled-irqhistory/run-vectors/pd2/rnnoise_INT8__512_Mid512/instr.meta.json,0001d7d98ad09ac0eb5e1d20d8f9dda249491159cb043fa5aa8c6a3e9c71720b,evidence,,,,,,,,per-layer / IRQ profiling PMU,.json,123,read-only input
mechanism derived result,docs/paper/mechanism/evidence/20260902-p0d2-profiled-irqhistory/run-vectors/pd2/rnnoise_INT8__512_Mid512/prof.build.json,2a40794b2b28bcfc5b4b305a761ec3b4e525d66228aa07702dc4167657d136f0,evidence,,,,,,,,per-layer / IRQ profiling PMU,.json,82,read-only input
mechanism derived result,docs/paper/mechanism/evidence/20260902-p0d2-profiled-irqhistory/run-vectors/pd2/rnnoise_INT8__512_Mid512/prof.run1.json,3a26343a4d59e4332c1e7b997204a0fe6e97aa32b1feabebc37ffc62fd87932e,evidence,,,,,,,,per-layer / IRQ profiling PMU,.json,913,read-only input
mechanism derived result,docs/paper/mechanism/evidence/20260902-p0d2-profiled-irqhistory/run-vectors/pd2/rnnoise_INT8__512_Mid512/prof.run2.json,3a26343a4d59e4332c1e7b997204a0fe6e97aa32b1feabebc37ffc62fd87932e,evidence,,,,,,,,per-layer / IRQ profiling PMU,.json,913,read-only input
mechanism derived result,docs/paper/mechanism/evidence/20260902-p0d2-profiled-irqhistory/run-vectors/pd2/rnnoise_INT8__512_Mid512/prof.run3.json,3a26343a4d59e4332c1e7b997204a0fe6e97aa32b1feabebc37ffc62fd87932e,evidence,,,,,,,,per-layer / IRQ profiling PMU,.json,913,read-only input
mechanism derived result,docs/paper/mechanism/evidence/20260902-p0d2-profiled-irqhistory/run-vectors/pd2/vww4_128_128_INT8__256_Low/instr.meta.json,20e01d8b7adf44becce01da5b98145c8185c0095e760e8a52c46a824899ec96c,evidence,,,,,,,,per-layer / IRQ profiling PMU,.json,123,read-only input
mechanism derived result,docs/paper/mechanism/evidence/20260902-p0d2-profiled-irqhistory/run-vectors/pd2/vww4_128_128_INT8__256_Low/prof.build.json,69e339aa6c6f2e2121c4503ec1b80c0e3c09bbbd795559cf3802d50f92e7b18c,evidence,,,,,,,,per-layer / IRQ profiling PMU,.json,82,read-only input
mechanism derived result,docs/paper/mechanism/evidence/20260902-p0d2-profiled-irqhistory/run-vectors/pd2/vww4_128_128_INT8__256_Low/prof.run1.json,e6c40cff968b65443651540eda573750f8070f218fddd2950ea4b0fee1dd5db4,evidence,,,,,,,,per-layer / IRQ profiling PMU,.json,3277,read-only input
mechanism derived result,docs/paper/mechanism/evidence/20260902-p0d2-profiled-irqhistory/run-vectors/pd2/vww4_128_128_INT8__256_Low/prof.run2.json,e6c40cff968b65443651540eda573750f8070f218fddd2950ea4b0fee1dd5db4,evidence,,,,,,,,per-layer / IRQ profiling PMU,.json,3277,read-only input
mechanism derived result,docs/paper/mechanism/evidence/20260902-p0d2-profiled-irqhistory/run-vectors/pd2/vww4_128_128_INT8__256_Low/prof.run3.json,e6c40cff968b65443651540eda573750f8070f218fddd2950ea4b0fee1dd5db4,evidence,,,,,,,,per-layer / IRQ profiling PMU,.json,3277,read-only input
mechanism derived result,docs/paper/mechanism/evidence/20260902-p0d2-profiled-irqhistory/run-vectors/pd2/vww4_128_128_INT8__512_Low/instr.meta.json,a0309538c4f332a364b91b679ac891d55b9d681ae60c2ef5350f2e625f013f77,evidence,,,,,,,,per-layer / IRQ profiling PMU,.json,123,read-only input
mechanism derived result,docs/paper/mechanism/evidence/20260902-p0d2-profiled-irqhistory/run-vectors/pd2/vww4_128_128_INT8__512_Low/prof.build.json,6cad46152f191318a7b8e9e28ca80d01e2b831a8264b85b07712c2b7a99311ea,evidence,,,,,,,,per-layer / IRQ profiling PMU,.json,82,read-only input
mechanism derived result,docs/paper/mechanism/evidence/20260902-p0d2-profiled-irqhistory/run-vectors/pd2/vww4_128_128_INT8__512_Low/prof.run1.json,bfeb193ad5d6590da1d35f8435e74bde0da44ca59e85535007922d39556709e5,evidence,,,,,,,,per-layer / IRQ profiling PMU,.json,3244,read-only input
mechanism derived result,docs/paper/mechanism/evidence/20260902-p0d2-profiled-irqhistory/run-vectors/pd2/vww4_128_128_INT8__512_Low/prof.run2.json,bfeb193ad5d6590da1d35f8435e74bde0da44ca59e85535007922d39556709e5,evidence,,,,,,,,per-layer / IRQ profiling PMU,.json,3244,read-only input
mechanism derived result,docs/paper/mechanism/evidence/20260902-p0d2-profiled-irqhistory/run-vectors/pd2/vww4_128_128_INT8__512_Low/prof.run3.json,bfeb193ad5d6590da1d35f8435e74bde0da44ca59e85535007922d39556709e5,evidence,,,,,,,,per-layer / IRQ profiling PMU,.json,3244,read-only input
mechanism derived result,docs/paper/mechanism/evidence/20260902-p0d2-profiled-irqhistory/run-vectors/pd2/vww4_128_128_INT8__512_Mid512/instr.meta.json,0f931ac803d030dbc39531c3c8dcb6130c216976ccae82b9cc3a71cc9bad753c,evidence,,,,,,,,per-layer / IRQ profiling PMU,.json,123,read-only input
mechanism derived result,docs/paper/mechanism/evidence/20260902-p0d2-profiled-irqhistory/run-vectors/pd2/vww4_128_128_INT8__512_Mid512/prof.build.json,4724d9df651c2fcb04151d4ba0d7ba5783215c3b5ff644d4e616cf019852c930,evidence,,,,,,,,per-layer / IRQ profiling PMU,.json,82,read-only input
mechanism derived result,docs/paper/mechanism/evidence/20260902-p0d2-profiled-irqhistory/run-vectors/pd2/vww4_128_128_INT8__512_Mid512/prof.run1.json,c41511567f09f02a3f1f5450f39b2e3e8e37f9beca6f29b81654e2689f02b898,evidence,,,,,,,,per-layer / IRQ profiling PMU,.json,3247,read-only input
mechanism derived result,docs/paper/mechanism/evidence/20260902-p0d2-profiled-irqhistory/run-vectors/pd2/vww4_128_128_INT8__512_Mid512/prof.run2.json,c41511567f09f02a3f1f5450f39b2e3e8e37f9beca6f29b81654e2689f02b898,evidence,,,,,,,,per-layer / IRQ profiling PMU,.json,3247,read-only input
mechanism derived result,docs/paper/mechanism/evidence/20260902-p0d2-profiled-irqhistory/run-vectors/pd2/vww4_128_128_INT8__512_Mid512/prof.run3.json,c41511567f09f02a3f1f5450f39b2e3e8e37f9beca6f29b81654e2689f02b898,evidence,,,,,,,,per-layer / IRQ profiling PMU,.json,3247,read-only input
mechanism derived result,docs/paper/mechanism/evidence/20260902-p0d2-profiled-irqhistory/run-vectors/pd2/yolo-fastest_192_face_v4__256_Low/instr.meta.json,4cc188b810e7099e70bb26967268efe495966fc2cc8d98309ab94712071e9c57,evidence,,,,,,,,per-layer / IRQ profiling PMU,.json,124,read-only input
mechanism derived result,docs/paper/mechanism/evidence/20260902-p0d2-profiled-irqhistory/run-vectors/pd2/yolo-fastest_192_face_v4__256_Low/prof.build.json,c58ad52272db61500845ef13367e641034ea190fde14dbd479b0acaa2eb0561f,evidence,,,,,,,,per-layer / IRQ profiling PMU,.json,82,read-only input
mechanism derived result,docs/paper/mechanism/evidence/20260902-p0d2-profiled-irqhistory/run-vectors/pd2/yolo-fastest_192_face_v4__256_Low/prof.run1.json,9d3d114bd8a49a01372ecb4f9138b05a11d306c5931de055e48c13b63079a209,evidence,,,,,,,,per-layer / IRQ profiling PMU,.json,4131,read-only input
mechanism derived result,docs/paper/mechanism/evidence/20260902-p0d2-profiled-irqhistory/run-vectors/pd2/yolo-fastest_192_face_v4__256_Low/prof.run2.json,9d3d114bd8a49a01372ecb4f9138b05a11d306c5931de055e48c13b63079a209,evidence,,,,,,,,per-layer / IRQ profiling PMU,.json,4131,read-only input
mechanism derived result,docs/paper/mechanism/evidence/20260902-p0d2-profiled-irqhistory/run-vectors/pd2/yolo-fastest_192_face_v4__256_Low/prof.run3.json,9d3d114bd8a49a01372ecb4f9138b05a11d306c5931de055e48c13b63079a209,evidence,,,,,,,,per-layer / IRQ profiling PMU,.json,4131,read-only input
mechanism derived result,docs/paper/mechanism/evidence/20260902-p0d2-profiled-irqhistory/run-vectors/pd2/yolo-fastest_192_face_v4__512_Low/instr.meta.json,3b3d622b5125c55fffdac70bdc92e5031235b3a928061f54ebc5cc8f6d448a44,evidence,,,,,,,,per-layer / IRQ profiling PMU,.json,124,read-only input
mechanism derived result,docs/paper/mechanism/evidence/20260902-p0d2-profiled-irqhistory/run-vectors/pd2/yolo-fastest_192_face_v4__512_Low/prof.build.json,ce6e9cc1f7847e8c72abdeba83c7a62559cecd799da9b02a697b779875c37b0c,evidence,,,,,,,,per-layer / IRQ profiling PMU,.json,82,read-only input
mechanism derived result,docs/paper/mechanism/evidence/20260902-p0d2-profiled-irqhistory/run-vectors/pd2/yolo-fastest_192_face_v4__512_Low/prof.run1.json,6936027f71f76195c68b89d20d21df38c8b263fb2edf15508802ed85e492aed6,evidence,,,,,,,,per-layer / IRQ profiling PMU,.json,4061,read-only input
mechanism derived result,docs/paper/mechanism/evidence/20260902-p0d2-profiled-irqhistory/run-vectors/pd2/yolo-fastest_192_face_v4__512_Low/prof.run2.json,6936027f71f76195c68b89d20d21df38c8b263fb2edf15508802ed85e492aed6,evidence,,,,,,,,per-layer / IRQ profiling PMU,.json,4061,read-only input
mechanism derived result,docs/paper/mechanism/evidence/20260902-p0d2-profiled-irqhistory/run-vectors/pd2/yolo-fastest_192_face_v4__512_Low/prof.run3.json,6936027f71f76195c68b89d20d21df38c8b263fb2edf15508802ed85e492aed6,evidence,,,,,,,,per-layer / IRQ profiling PMU,.json,4061,read-only input
mechanism derived result,docs/paper/mechanism/evidence/20260902-p0d2-profiled-irqhistory/run-vectors/pd2/yolo-fastest_192_face_v4__512_Mid512/instr.meta.json,064762d4b6503d4804ccb153910515ece72d1debd7609ea07171642982efdc1b,evidence,,,,,,,,per-layer / IRQ profiling PMU,.json,124,read-only input
mechanism derived result,docs/paper/mechanism/evidence/20260902-p0d2-profiled-irqhistory/run-vectors/pd2/yolo-fastest_192_face_v4__512_Mid512/prof.build.json,2f3484d2aadf5fd2f5bd38e4c8fed140236ba558de32254c37a81c677f9780ec,evidence,,,,,,,,per-layer / IRQ profiling PMU,.json,82,read-only input
mechanism derived result,docs/paper/mechanism/evidence/20260902-p0d2-profiled-irqhistory/run-vectors/pd2/yolo-fastest_192_face_v4__512_Mid512/prof.run1.json,de376092a62ed73864857e86a059bc49978a333326fe48de972bb3636cb58ea8,evidence,,,,,,,,per-layer / IRQ profiling PMU,.json,3935,read-only input
mechanism derived result,docs/paper/mechanism/evidence/20260902-p0d2-profiled-irqhistory/run-vectors/pd2/yolo-fastest_192_face_v4__512_Mid512/prof.run2.json,de376092a62ed73864857e86a059bc49978a333326fe48de972bb3636cb58ea8,evidence,,,,,,,,per-layer / IRQ profiling PMU,.json,3935,read-only input
mechanism derived result,docs/paper/mechanism/evidence/20260902-p0d2-profiled-irqhistory/run-vectors/pd2/yolo-fastest_192_face_v4__512_Mid512/prof.run3.json,de376092a62ed73864857e86a059bc49978a333326fe48de972bb3636cb58ea8,evidence,,,,,,,,per-layer / IRQ profiling PMU,.json,3935,read-only input
mechanism derived result,docs/paper/mechanism/evidence/20260902-p0d2-profiled-irqhistory/run-vectors/view/ad_medium_int8__256_Low/clean.run1.json,a3d46d9d0fe461f68502d2f52826a80c0d3fb586ac672e389726a75619756027,evidence,,,,,,,,per-layer / IRQ profiling PMU,.json,118,read-only input
mechanism derived result,docs/paper/mechanism/evidence/20260902-p0d2-profiled-irqhistory/run-vectors/view/ad_medium_int8__256_Low/instr.meta.json,6776204a5a1b34bb7832dd71f1b2d7508ce9689b81435af5d6ef129f082bbf84,evidence,,,,,,,,per-layer / IRQ profiling PMU,.json,141,read-only input
mechanism derived result,docs/paper/mechanism/evidence/20260902-p0d2-profiled-irqhistory/run-vectors/view/ad_medium_int8__256_Low/prof.run1.json,97bd8d39d5410e0ad91faa7b724091f8ba65b95abd87b090bbfe2c1c763c6761,evidence,,,,,,,,per-layer / IRQ profiling PMU,.json,768,read-only input
mechanism derived result,docs/paper/mechanism/evidence/20260902-p0d2-profiled-irqhistory/run-vectors/view/ad_medium_int8__512_Low/clean.run1.json,621673b9fef74341e124e7f3283f26632518e17bdf645a1704b4f5773a1c1056,evidence,,,,,,,,per-layer / IRQ profiling PMU,.json,117,read-only input
mechanism derived result,docs/paper/mechanism/evidence/20260902-p0d2-profiled-irqhistory/run-vectors/view/ad_medium_int8__512_Low/instr.meta.json,827abf5627bba1f9a6ffbabcfec2703e5eb8fd52ffab2bd096b4c44b90df59c8,evidence,,,,,,,,per-layer / IRQ profiling PMU,.json,141,read-only input
mechanism derived result,docs/paper/mechanism/evidence/20260902-p0d2-profiled-irqhistory/run-vectors/view/ad_medium_int8__512_Low/prof.run1.json,ae369ee4c2a880e8fb06e9fa6854d668a04277eb11931e3ae4a7d1fad280201c,evidence,,,,,,,,per-layer / IRQ profiling PMU,.json,812,read-only input
mechanism derived result,docs/paper/mechanism/evidence/20260902-p0d2-profiled-irqhistory/run-vectors/view/ad_medium_int8__512_Mid512/clean.run1.json,4cda80a6f26fe9cd0dcfde6d599a2d4d26df73c1d451454a68a154db4d30acdb,evidence,,,,,,,,per-layer / IRQ profiling PMU,.json,117,read-only input
mechanism derived result,docs/paper/mechanism/evidence/20260902-p0d2-profiled-irqhistory/run-vectors/view/ad_medium_int8__512_Mid512/instr.meta.json,595cb79203bbe0a5beb1be84c2c41e192fd820b86a664138d58a25c99f4d5589,evidence,,,,,,,,per-layer / IRQ profiling PMU,.json,141,read-only input
mechanism derived result,docs/paper/mechanism/evidence/20260902-p0d2-profiled-irqhistory/run-vectors/view/ad_medium_int8__512_Mid512/prof.run1.json,5576539fd47525b03c6e1b07edaa7e6516ed2d499a37984430de2eb6b677ace5,evidence,,,,,,,,per-layer / IRQ profiling PMU,.json,857,read-only input
mechanism derived result,docs/paper/mechanism/evidence/20260902-p0d2-profiled-irqhistory/run-vectors/view/dnn_s_quantized__256_Low/clean.run1.json,8d50c305b8e513e517ac667312be920de9dc5280c97fd5477bd69181f39b348c,evidence,,,,,,,,per-layer / IRQ profiling PMU,.json,116,read-only input
mechanism derived result,docs/paper/mechanism/evidence/20260902-p0d2-profiled-irqhistory/run-vectors/view/dnn_s_quantized__256_Low/instr.meta.json,06eee1445a28c275a219f3763573da8eb2e510bbf31ab5feeab4eefc0f401390,evidence,,,,,,,,per-layer / IRQ profiling PMU,.json,77,read-only input
mechanism derived result,docs/paper/mechanism/evidence/20260902-p0d2-profiled-irqhistory/run-vectors/view/dnn_s_quantized__512_Low/clean.run1.json,ae44b5b293b6b8bd2feb518771cec313acb791457dd290d89b073fddc09394f1,evidence,,,,,,,,per-layer / IRQ profiling PMU,.json,116,read-only input
mechanism derived result,docs/paper/mechanism/evidence/20260902-p0d2-profiled-irqhistory/run-vectors/view/dnn_s_quantized__512_Low/instr.meta.json,06eee1445a28c275a219f3763573da8eb2e510bbf31ab5feeab4eefc0f401390,evidence,,,,,,,,per-layer / IRQ profiling PMU,.json,77,read-only input
mechanism derived result,docs/paper/mechanism/evidence/20260902-p0d2-profiled-irqhistory/run-vectors/view/dnn_s_quantized__512_Mid512/clean.run1.json,ae44b5b293b6b8bd2feb518771cec313acb791457dd290d89b073fddc09394f1,evidence,,,,,,,,per-layer / IRQ profiling PMU,.json,116,read-only input
mechanism derived result,docs/paper/mechanism/evidence/20260902-p0d2-profiled-irqhistory/run-vectors/view/dnn_s_quantized__512_Mid512/instr.meta.json,06eee1445a28c275a219f3763573da8eb2e510bbf31ab5feeab4eefc0f401390,evidence,,,,,,,,per-layer / IRQ profiling PMU,.json,77,read-only input
mechanism derived result,docs/paper/mechanism/evidence/20260902-p0d2-profiled-irqhistory/run-vectors/view/kws_micronet_m__256_Low/clean.run1.json,8cea5320e182e3ae7f7e23c92422e6419154cdacad4b781929577ee12cd0416f,evidence,,,,,,,,per-layer / IRQ profiling PMU,.json,118,read-only input
mechanism derived result,docs/paper/mechanism/evidence/20260902-p0d2-profiled-irqhistory/run-vectors/view/kws_micronet_m__256_Low/instr.meta.json,1565343837f56ffa573fc2f4aa288d82868c4df596536ef721e82cff53560356,evidence,,,,,,,,per-layer / IRQ profiling PMU,.json,141,read-only input
mechanism derived result,docs/paper/mechanism/evidence/20260902-p0d2-profiled-irqhistory/run-vectors/view/kws_micronet_m__256_Low/prof.run1.json,2eb8f4e2d31fd295988c66f55ebc7ca4f17973a7762207c1b37266facc21c186,evidence,,,,,,,,per-layer / IRQ profiling PMU,.json,834,read-only input
mechanism derived result,docs/paper/mechanism/evidence/20260902-p0d2-profiled-irqhistory/run-vectors/view/kws_micronet_m__512_Low/clean.run1.json,d9f0b8753feb3d7777d82e5b40b9c927f43fe5a31ba2282e44d7bd610af47acc,evidence,,,,,,,,per-layer / IRQ profiling PMU,.json,118,read-only input
mechanism derived result,docs/paper/mechanism/evidence/20260902-p0d2-profiled-irqhistory/run-vectors/view/kws_micronet_m__512_Low/instr.meta.json,7e6e4a2b9c3329fe352e5a7fc62401ed119d50c45b1fc9044650c964243402cf,evidence,,,,,,,,per-layer / IRQ profiling PMU,.json,141,read-only input
mechanism derived result,docs/paper/mechanism/evidence/20260902-p0d2-profiled-irqhistory/run-vectors/view/kws_micronet_m__512_Low/prof.run1.json,164b00b4733bdb9ec165d3c763f48f5fd3663b011449d199ea48087b8d0a63f4,evidence,,,,,,,,per-layer / IRQ profiling PMU,.json,907,read-only input
mechanism derived result,docs/paper/mechanism/evidence/20260902-p0d2-profiled-irqhistory/run-vectors/view/kws_micronet_m__512_Mid512/clean.run1.json,72b806a2402d9b0fb4f4a9477428d2d3aba8d32af18a3feb24eb9583ebed39f0,evidence,,,,,,,,per-layer / IRQ profiling PMU,.json,117,read-only input
mechanism derived result,docs/paper/mechanism/evidence/20260902-p0d2-profiled-irqhistory/run-vectors/view/kws_micronet_m__512_Mid512/instr.meta.json,30944601d8310058c1a9b36514206ee09a92f5c4163c7aa9b4083e4397d26504,evidence,,,,,,,,per-layer / IRQ profiling PMU,.json,141,read-only input
mechanism derived result,docs/paper/mechanism/evidence/20260902-p0d2-profiled-irqhistory/run-vectors/view/kws_micronet_m__512_Mid512/prof.run1.json,ba1aac973a31198226ef47c5b6cd73bb4c2eb914af814aa1d46cae4107823d68,evidence,,,,,,,,per-layer / IRQ profiling PMU,.json,696,read-only input
mechanism derived result,docs/paper/mechanism/evidence/20260902-p0d2-profiled-irqhistory/run-vectors/view/rnnoise_INT8__256_Low/clean.run1.json,aeaadbab0d76ae934046ef2c5d074225554e5397bc3666ee779a3f3e90fc0377,evidence,,,,,,,,per-layer / IRQ profiling PMU,.json,179,read-only input
mechanism derived result,docs/paper/mechanism/evidence/20260902-p0d2-profiled-irqhistory/run-vectors/view/rnnoise_INT8__256_Low/instr.meta.json,1d96c8d2cca70decd97f4df9a9b396c565ec41a569d304b83484a82d033021ce,evidence,,,,,,,,per-layer / IRQ profiling PMU,.json,141,read-only input
mechanism derived result,docs/paper/mechanism/evidence/20260902-p0d2-profiled-irqhistory/run-vectors/view/rnnoise_INT8__256_Low/prof.run1.json,2fbaaa5243ae6528beba608babeeab7c398086ff4c832d88b6d8ed45b8ba9bed,evidence,,,,,,,,per-layer / IRQ profiling PMU,.json,769,read-only input
mechanism derived result,docs/paper/mechanism/evidence/20260902-p0d2-profiled-irqhistory/run-vectors/view/rnnoise_INT8__512_Low/clean.run1.json,6805e45b837e9202ad1f70ab0b6116ae5957bd33c13314ab6247aa0e2db33aae,evidence,,,,,,,,per-layer / IRQ profiling PMU,.json,179,read-only input
mechanism derived result,docs/paper/mechanism/evidence/20260902-p0d2-profiled-irqhistory/run-vectors/view/rnnoise_INT8__512_Low/instr.meta.json,904476939a1a79e330e442787a55b73cf8df209d053ccac7214e5b99331d322f,evidence,,,,,,,,per-layer / IRQ profiling PMU,.json,141,read-only input
mechanism derived result,docs/paper/mechanism/evidence/20260902-p0d2-profiled-irqhistory/run-vectors/view/rnnoise_INT8__512_Low/prof.run1.json,3a26343a4d59e4332c1e7b997204a0fe6e97aa32b1feabebc37ffc62fd87932e,evidence,,,,,,,,per-layer / IRQ profiling PMU,.json,913,read-only input
mechanism derived result,docs/paper/mechanism/evidence/20260902-p0d2-profiled-irqhistory/run-vectors/view/rnnoise_INT8__512_Mid512/clean.run1.json,6805e45b837e9202ad1f70ab0b6116ae5957bd33c13314ab6247aa0e2db33aae,evidence,,,,,,,,per-layer / IRQ profiling PMU,.json,179,read-only input
mechanism derived result,docs/paper/mechanism/evidence/20260902-p0d2-profiled-irqhistory/run-vectors/view/rnnoise_INT8__512_Mid512/instr.meta.json,904476939a1a79e330e442787a55b73cf8df209d053ccac7214e5b99331d322f,evidence,,,,,,,,per-layer / IRQ profiling PMU,.json,141,read-only input
mechanism derived result,docs/paper/mechanism/evidence/20260902-p0d2-profiled-irqhistory/run-vectors/view/rnnoise_INT8__512_Mid512/prof.run1.json,3a26343a4d59e4332c1e7b997204a0fe6e97aa32b1feabebc37ffc62fd87932e,evidence,,,,,,,,per-layer / IRQ profiling PMU,.json,913,read-only input
mechanism derived result,docs/paper/mechanism/evidence/20260902-p0d2-profiled-irqhistory/run-vectors/view/vww4_128_128_INT8__256_Low/clean.run1.json,ae1eb04e8e8a2e89d243f654e6a286c04758f322251da2161dc148a4713a60ea,evidence,,,,,,,,per-layer / IRQ profiling PMU,.json,118,read-only input
mechanism derived result,docs/paper/mechanism/evidence/20260902-p0d2-profiled-irqhistory/run-vectors/view/vww4_128_128_INT8__256_Low/instr.meta.json,87cc9296c064231a6e88f409db62d6fd9d2bf44a5c685f5c2e556f5e0ebc5b60,evidence,,,,,,,,per-layer / IRQ profiling PMU,.json,141,read-only input
mechanism derived result,docs/paper/mechanism/evidence/20260902-p0d2-profiled-irqhistory/run-vectors/view/vww4_128_128_INT8__256_Low/prof.run1.json,e6c40cff968b65443651540eda573750f8070f218fddd2950ea4b0fee1dd5db4,evidence,,,,,,,,per-layer / IRQ profiling PMU,.json,3277,read-only input
mechanism derived result,docs/paper/mechanism/evidence/20260902-p0d2-profiled-irqhistory/run-vectors/view/vww4_128_128_INT8__512_Low/clean.run1.json,9a9997c7e451ab3c90f13d444942b025601da2dff4328c55de6c0fe738321286,evidence,,,,,,,,per-layer / IRQ profiling PMU,.json,118,read-only input
mechanism derived result,docs/paper/mechanism/evidence/20260902-p0d2-profiled-irqhistory/run-vectors/view/vww4_128_128_INT8__512_Low/instr.meta.json,115b65e46b0ff9f1b9d6beaa5f54fd654d56b335b686156393bc6bc44406e1b2,evidence,,,,,,,,per-layer / IRQ profiling PMU,.json,141,read-only input
mechanism derived result,docs/paper/mechanism/evidence/20260902-p0d2-profiled-irqhistory/run-vectors/view/vww4_128_128_INT8__512_Low/prof.run1.json,bfeb193ad5d6590da1d35f8435e74bde0da44ca59e85535007922d39556709e5,evidence,,,,,,,,per-layer / IRQ profiling PMU,.json,3244,read-only input
mechanism derived result,docs/paper/mechanism/evidence/20260902-p0d2-profiled-irqhistory/run-vectors/view/vww4_128_128_INT8__512_Mid512/clean.run1.json,9a9997c7e451ab3c90f13d444942b025601da2dff4328c55de6c0fe738321286,evidence,,,,,,,,per-layer / IRQ profiling PMU,.json,118,read-only input
mechanism derived result,docs/paper/mechanism/evidence/20260902-p0d2-profiled-irqhistory/run-vectors/view/vww4_128_128_INT8__512_Mid512/instr.meta.json,06ccfbffe944b23522a1c686b5e8418bb66eb3cdb1c08d74b94c7d41f25c3ba2,evidence,,,,,,,,per-layer / IRQ profiling PMU,.json,141,read-only input
mechanism derived result,docs/paper/mechanism/evidence/20260902-p0d2-profiled-irqhistory/run-vectors/view/vww4_128_128_INT8__512_Mid512/prof.run1.json,c41511567f09f02a3f1f5450f39b2e3e8e37f9beca6f29b81654e2689f02b898,evidence,,,,,,,,per-layer / IRQ profiling PMU,.json,3247,read-only input
mechanism derived result,docs/paper/mechanism/evidence/20260902-p0d2-profiled-irqhistory/run-vectors/view/yolo-fastest_192_face_v4__256_Low/clean.run1.json,e711f7e10555f21f0694fba1ba7c37ec31c32a736c1cc9c8925a8141a4f05c94,evidence,,,,,,,,per-layer / IRQ profiling PMU,.json,137,read-only input
mechanism derived result,docs/paper/mechanism/evidence/20260902-p0d2-profiled-irqhistory/run-vectors/view/yolo-fastest_192_face_v4__256_Low/instr.meta.json,c47b8e39834e45012abd09ceb294458308f234997619d65b2bbe694f891e38bc,evidence,,,,,,,,per-layer / IRQ profiling PMU,.json,142,read-only input
mechanism derived result,docs/paper/mechanism/evidence/20260902-p0d2-profiled-irqhistory/run-vectors/view/yolo-fastest_192_face_v4__256_Low/prof.run1.json,9d3d114bd8a49a01372ecb4f9138b05a11d306c5931de055e48c13b63079a209,evidence,,,,,,,,per-layer / IRQ profiling PMU,.json,4131,read-only input
mechanism derived result,docs/paper/mechanism/evidence/20260902-p0d2-profiled-irqhistory/run-vectors/view/yolo-fastest_192_face_v4__512_Low/clean.run1.json,30e3521c51e37a40d2f42f8f0dcad1d3977eaba851682492caf67f9075d5be0d,evidence,,,,,,,,per-layer / IRQ profiling PMU,.json,138,read-only input
mechanism derived result,docs/paper/mechanism/evidence/20260902-p0d2-profiled-irqhistory/run-vectors/view/yolo-fastest_192_face_v4__512_Low/instr.meta.json,9d93cc09ae6a98d1b765e18e6a7af0b2f127adbd7df9b07673f7b97e785336e5,evidence,,,,,,,,per-layer / IRQ profiling PMU,.json,142,read-only input
mechanism derived result,docs/paper/mechanism/evidence/20260902-p0d2-profiled-irqhistory/run-vectors/view/yolo-fastest_192_face_v4__512_Low/prof.run1.json,6936027f71f76195c68b89d20d21df38c8b263fb2edf15508802ed85e492aed6,evidence,,,,,,,,per-layer / IRQ profiling PMU,.json,4061,read-only input
mechanism derived result,docs/paper/mechanism/evidence/20260902-p0d2-profiled-irqhistory/run-vectors/view/yolo-fastest_192_face_v4__512_Mid512/clean.run1.json,e87d36e6513ce9acca86d95532b7581ca649e0c6cb86d0597c5e73c322d5cec2,evidence,,,,,,,,per-layer / IRQ profiling PMU,.json,137,read-only input
mechanism derived result,docs/paper/mechanism/evidence/20260902-p0d2-profiled-irqhistory/run-vectors/view/yolo-fastest_192_face_v4__512_Mid512/instr.meta.json,2a1552a30241ba5141eda07cf68124a6040a18d18b17aeeed24175ec93bdcfc8,evidence,,,,,,,,per-layer / IRQ profiling PMU,.json,142,read-only input
mechanism derived result,docs/paper/mechanism/evidence/20260902-p0d2-profiled-irqhistory/run-vectors/view/yolo-fastest_192_face_v4__512_Mid512/prof.run1.json,de376092a62ed73864857e86a059bc49978a333326fe48de972bb3636cb58ea8,evidence,,,,,,,,per-layer / IRQ profiling PMU,.json,3935,read-only input
mechanism derived result,docs/paper/mechanism/evidence/20260902-p0d2-profiled-irqhistory/tools/assemble_view.py,419c87df42ab3254c5f7e7506741f1ff37e413f2a93ecf1df3311f490a0be19c,evidence,,,,,,,,per-layer / IRQ profiling PMU,.py,2612,read-only input
mechanism derived result,docs/paper/mechanism/evidence/20260902-p0d2-profiled-irqhistory/tools/insert_irq.py,2a6a02a75687c1ee1573af524c68e00fdabacfff08b87d91e183f30d89661375,evidence,,,,,,,,per-layer / IRQ profiling PMU,.py,20981,read-only input
mechanism derived result,docs/paper/mechanism/evidence/20260902-p0d2-profiled-irqhistory/tools/patch_driver_u85_v3.py,c875f2b5ad906d3243d267cd0f7309c9eadc6e34e9949a9a143e261cd99441a3,evidence,,,,,,,,per-layer / IRQ profiling PMU,.py,5957,read-only input
mechanism derived result,docs/paper/mechanism/evidence/20260902-p0d2-profiled-irqhistory/tools/pd2_all.py,f1ed84f77742969d42084d38e90153b30b30eddeb9a19ba9d736ee28bc435c32,evidence,,,,,,,,per-layer / IRQ profiling PMU,.py,7176,read-only input
mechanism derived result,docs/paper/mechanism/evidence/20260902-p0d2-profiled-irqhistory/tools/pd_analyzer.py,9f552255801fa99c9c55a284f131782a10877eedad9ef490a6d751146da42229,evidence,,,,,,,,per-layer / IRQ profiling PMU,.py,16886,read-only input
mechanism derived result,docs/paper/mechanism/evidence/20260902-p0d2-profiled-irqhistory/uart-logs/pd2/ad_medium_int8__256_Low/prof.run1.uart.log,db9df47b0c7b603fb13b5e4a4e9b1d66278438e1e20a979facfca8170dfe0725,evidence,,,,,,,,per-layer / IRQ profiling PMU,.log,3081,read-only input
mechanism derived result,docs/paper/mechanism/evidence/20260902-p0d2-profiled-irqhistory/uart-logs/pd2/ad_medium_int8__256_Low/prof.run2.uart.log,db9df47b0c7b603fb13b5e4a4e9b1d66278438e1e20a979facfca8170dfe0725,evidence,,,,,,,,per-layer / IRQ profiling PMU,.log,3081,read-only input
mechanism derived result,docs/paper/mechanism/evidence/20260902-p0d2-profiled-irqhistory/uart-logs/pd2/ad_medium_int8__256_Low/prof.run3.uart.log,db9df47b0c7b603fb13b5e4a4e9b1d66278438e1e20a979facfca8170dfe0725,evidence,,,,,,,,per-layer / IRQ profiling PMU,.log,3081,read-only input
mechanism derived result,docs/paper/mechanism/evidence/20260902-p0d2-profiled-irqhistory/uart-logs/pd2/ad_medium_int8__512_Low/prof.run1.uart.log,7afde57924fec07d8e51481fec63579ac29d01a727acc3c45801f434c60607c8,evidence,,,,,,,,per-layer / IRQ profiling PMU,.log,3122,read-only input
mechanism derived result,docs/paper/mechanism/evidence/20260902-p0d2-profiled-irqhistory/uart-logs/pd2/ad_medium_int8__512_Low/prof.run2.uart.log,7afde57924fec07d8e51481fec63579ac29d01a727acc3c45801f434c60607c8,evidence,,,,,,,,per-layer / IRQ profiling PMU,.log,3122,read-only input
mechanism derived result,docs/paper/mechanism/evidence/20260902-p0d2-profiled-irqhistory/uart-logs/pd2/ad_medium_int8__512_Low/prof.run3.uart.log,7afde57924fec07d8e51481fec63579ac29d01a727acc3c45801f434c60607c8,evidence,,,,,,,,per-layer / IRQ profiling PMU,.log,3122,read-only input
mechanism derived result,docs/paper/mechanism/evidence/20260902-p0d2-profiled-irqhistory/uart-logs/pd2/ad_medium_int8__512_Mid512/prof.run1.uart.log,1d0085bbbea945f336ce33b8e567f2f174da17c1f1639b67ef001a995fcd4492,evidence,,,,,,,,per-layer / IRQ profiling PMU,.log,3167,read-only input
mechanism derived result,docs/paper/mechanism/evidence/20260902-p0d2-profiled-irqhistory/uart-logs/pd2/ad_medium_int8__512_Mid512/prof.run2.uart.log,1d0085bbbea945f336ce33b8e567f2f174da17c1f1639b67ef001a995fcd4492,evidence,,,,,,,,per-layer / IRQ profiling PMU,.log,3167,read-only input
mechanism derived result,docs/paper/mechanism/evidence/20260902-p0d2-profiled-irqhistory/uart-logs/pd2/ad_medium_int8__512_Mid512/prof.run3.uart.log,1d0085bbbea945f336ce33b8e567f2f174da17c1f1639b67ef001a995fcd4492,evidence,,,,,,,,per-layer / IRQ profiling PMU,.log,3167,read-only input
mechanism derived result,docs/paper/mechanism/evidence/20260902-p0d2-profiled-irqhistory/uart-logs/pd2/kws_micronet_m__256_Low/prof.run1.uart.log,3934914d8d94940d8f065303d8c1253db6d07c8d24688aa9f9e9f01d6b19e75e,evidence,,,,,,,,per-layer / IRQ profiling PMU,.log,3146,read-only input
mechanism derived result,docs/paper/mechanism/evidence/20260902-p0d2-profiled-irqhistory/uart-logs/pd2/kws_micronet_m__256_Low/prof.run2.uart.log,3934914d8d94940d8f065303d8c1253db6d07c8d24688aa9f9e9f01d6b19e75e,evidence,,,,,,,,per-layer / IRQ profiling PMU,.log,3146,read-only input
mechanism derived result,docs/paper/mechanism/evidence/20260902-p0d2-profiled-irqhistory/uart-logs/pd2/kws_micronet_m__256_Low/prof.run3.uart.log,3934914d8d94940d8f065303d8c1253db6d07c8d24688aa9f9e9f01d6b19e75e,evidence,,,,,,,,per-layer / IRQ profiling PMU,.log,3146,read-only input
mechanism derived result,docs/paper/mechanism/evidence/20260902-p0d2-profiled-irqhistory/uart-logs/pd2/kws_micronet_m__512_Low/prof.run1.uart.log,0625f0fb77d2df0b9377e8e9d650011caf7ec2556d47f4f53f92af1f8d6c4b5c,evidence,,,,,,,,per-layer / IRQ profiling PMU,.log,3218,read-only input
mechanism derived result,docs/paper/mechanism/evidence/20260902-p0d2-profiled-irqhistory/uart-logs/pd2/kws_micronet_m__512_Low/prof.run2.uart.log,0625f0fb77d2df0b9377e8e9d650011caf7ec2556d47f4f53f92af1f8d6c4b5c,evidence,,,,,,,,per-layer / IRQ profiling PMU,.log,3218,read-only input
mechanism derived result,docs/paper/mechanism/evidence/20260902-p0d2-profiled-irqhistory/uart-logs/pd2/kws_micronet_m__512_Low/prof.run3.uart.log,0625f0fb77d2df0b9377e8e9d650011caf7ec2556d47f4f53f92af1f8d6c4b5c,evidence,,,,,,,,per-layer / IRQ profiling PMU,.log,3218,read-only input
mechanism derived result,docs/paper/mechanism/evidence/20260902-p0d2-profiled-irqhistory/uart-logs/pd2/kws_micronet_m__512_Mid512/prof.run1.uart.log,70e57e9b7641686d7b30c79b106851aa9b9a362bd8f0c242432d9578993352f6,evidence,,,,,,,,per-layer / IRQ profiling PMU,.log,3012,read-only input
mechanism derived result,docs/paper/mechanism/evidence/20260902-p0d2-profiled-irqhistory/uart-logs/pd2/kws_micronet_m__512_Mid512/prof.run2.uart.log,70e57e9b7641686d7b30c79b106851aa9b9a362bd8f0c242432d9578993352f6,evidence,,,,,,,,per-layer / IRQ profiling PMU,.log,3012,read-only input
mechanism derived result,docs/paper/mechanism/evidence/20260902-p0d2-profiled-irqhistory/uart-logs/pd2/kws_micronet_m__512_Mid512/prof.run3.uart.log,70e57e9b7641686d7b30c79b106851aa9b9a362bd8f0c242432d9578993352f6,evidence,,,,,,,,per-layer / IRQ profiling PMU,.log,3012,read-only input
mechanism derived result,docs/paper/mechanism/evidence/20260902-p0d2-profiled-irqhistory/uart-logs/pd2/rnnoise_INT8__256_Low/prof.run1.uart.log,389fad4659d5a97e53bca2aa98bb84d47434b6b9b4aff5ddf182d452280eec0e,evidence,,,,,,,,per-layer / IRQ profiling PMU,.log,4428,read-only input
mechanism derived result,docs/paper/mechanism/evidence/20260902-p0d2-profiled-irqhistory/uart-logs/pd2/rnnoise_INT8__256_Low/prof.run2.uart.log,389fad4659d5a97e53bca2aa98bb84d47434b6b9b4aff5ddf182d452280eec0e,evidence,,,,,,,,per-layer / IRQ profiling PMU,.log,4428,read-only input
mechanism derived result,docs/paper/mechanism/evidence/20260902-p0d2-profiled-irqhistory/uart-logs/pd2/rnnoise_INT8__256_Low/prof.run3.uart.log,389fad4659d5a97e53bca2aa98bb84d47434b6b9b4aff5ddf182d452280eec0e,evidence,,,,,,,,per-layer / IRQ profiling PMU,.log,4428,read-only input
mechanism derived result,docs/paper/mechanism/evidence/20260902-p0d2-profiled-irqhistory/uart-logs/pd2/rnnoise_INT8__512_Low/prof.run1.uart.log,3d0e10cdf4f287701bbb6e0ec40b85a03f927466a78db9b4f820752857e5c96e,evidence,,,,,,,,per-layer / IRQ profiling PMU,.log,4572,read-only input
mechanism derived result,docs/paper/mechanism/evidence/20260902-p0d2-profiled-irqhistory/uart-logs/pd2/rnnoise_INT8__512_Low/prof.run2.uart.log,3d0e10cdf4f287701bbb6e0ec40b85a03f927466a78db9b4f820752857e5c96e,evidence,,,,,,,,per-layer / IRQ profiling PMU,.log,4572,read-only input
mechanism derived result,docs/paper/mechanism/evidence/20260902-p0d2-profiled-irqhistory/uart-logs/pd2/rnnoise_INT8__512_Low/prof.run3.uart.log,3d0e10cdf4f287701bbb6e0ec40b85a03f927466a78db9b4f820752857e5c96e,evidence,,,,,,,,per-layer / IRQ profiling PMU,.log,4572,read-only input
mechanism derived result,docs/paper/mechanism/evidence/20260902-p0d2-profiled-irqhistory/uart-logs/pd2/rnnoise_INT8__512_Mid512/prof.run1.uart.log,3d0e10cdf4f287701bbb6e0ec40b85a03f927466a78db9b4f820752857e5c96e,evidence,,,,,,,,per-layer / IRQ profiling PMU,.log,4572,read-only input
mechanism derived result,docs/paper/mechanism/evidence/20260902-p0d2-profiled-irqhistory/uart-logs/pd2/rnnoise_INT8__512_Mid512/prof.run2.uart.log,3d0e10cdf4f287701bbb6e0ec40b85a03f927466a78db9b4f820752857e5c96e,evidence,,,,,,,,per-layer / IRQ profiling PMU,.log,4572,read-only input
mechanism derived result,docs/paper/mechanism/evidence/20260902-p0d2-profiled-irqhistory/uart-logs/pd2/rnnoise_INT8__512_Mid512/prof.run3.uart.log,3d0e10cdf4f287701bbb6e0ec40b85a03f927466a78db9b4f820752857e5c96e,evidence,,,,,,,,per-layer / IRQ profiling PMU,.log,4572,read-only input
mechanism derived result,docs/paper/mechanism/evidence/20260902-p0d2-profiled-irqhistory/uart-logs/pd2/vww4_128_128_INT8__256_Low/prof.run1.uart.log,4bd24828d5401a2b5e13308f2cd00924543f51dec83997afb9ffd86c82f4bf93,evidence,,,,,,,,per-layer / IRQ profiling PMU,.log,5592,read-only input
mechanism derived result,docs/paper/mechanism/evidence/20260902-p0d2-profiled-irqhistory/uart-logs/pd2/vww4_128_128_INT8__256_Low/prof.run2.uart.log,4bd24828d5401a2b5e13308f2cd00924543f51dec83997afb9ffd86c82f4bf93,evidence,,,,,,,,per-layer / IRQ profiling PMU,.log,5592,read-only input
mechanism derived result,docs/paper/mechanism/evidence/20260902-p0d2-profiled-irqhistory/uart-logs/pd2/vww4_128_128_INT8__256_Low/prof.run3.uart.log,4bd24828d5401a2b5e13308f2cd00924543f51dec83997afb9ffd86c82f4bf93,evidence,,,,,,,,per-layer / IRQ profiling PMU,.log,5592,read-only input
mechanism derived result,docs/paper/mechanism/evidence/20260902-p0d2-profiled-irqhistory/uart-logs/pd2/vww4_128_128_INT8__512_Low/prof.run1.uart.log,c342919fc9a99d46cce07989f066bb2dc3b0d1d2c5491f0d547a66e10d61cea0,evidence,,,,,,,,per-layer / IRQ profiling PMU,.log,5558,read-only input
mechanism derived result,docs/paper/mechanism/evidence/20260902-p0d2-profiled-irqhistory/uart-logs/pd2/vww4_128_128_INT8__512_Low/prof.run2.uart.log,c342919fc9a99d46cce07989f066bb2dc3b0d1d2c5491f0d547a66e10d61cea0,evidence,,,,,,,,per-layer / IRQ profiling PMU,.log,5558,read-only input
mechanism derived result,docs/paper/mechanism/evidence/20260902-p0d2-profiled-irqhistory/uart-logs/pd2/vww4_128_128_INT8__512_Low/prof.run3.uart.log,c342919fc9a99d46cce07989f066bb2dc3b0d1d2c5491f0d547a66e10d61cea0,evidence,,,,,,,,per-layer / IRQ profiling PMU,.log,5558,read-only input
mechanism derived result,docs/paper/mechanism/evidence/20260902-p0d2-profiled-irqhistory/uart-logs/pd2/vww4_128_128_INT8__512_Mid512/prof.run1.uart.log,252362d9308a3c7f8fea945dbcc3f920f8679047a0094c31db823826dfeaac69,evidence,,,,,,,,per-layer / IRQ profiling PMU,.log,5561,read-only input
mechanism derived result,docs/paper/mechanism/evidence/20260902-p0d2-profiled-irqhistory/uart-logs/pd2/vww4_128_128_INT8__512_Mid512/prof.run2.uart.log,252362d9308a3c7f8fea945dbcc3f920f8679047a0094c31db823826dfeaac69,evidence,,,,,,,,per-layer / IRQ profiling PMU,.log,5561,read-only input
mechanism derived result,docs/paper/mechanism/evidence/20260902-p0d2-profiled-irqhistory/uart-logs/pd2/vww4_128_128_INT8__512_Mid512/prof.run3.uart.log,252362d9308a3c7f8fea945dbcc3f920f8679047a0094c31db823826dfeaac69,evidence,,,,,,,,per-layer / IRQ profiling PMU,.log,5561,read-only input
mechanism derived result,docs/paper/mechanism/evidence/20260902-p0d2-profiled-irqhistory/uart-logs/pd2/yolo-fastest_192_face_v4__256_Low/prof.run1.uart.log,e375a3a9cd2bbe2f1282d0434b695c455808720c942f202b4e931de61d9d96e6,evidence,,,,,,,,per-layer / IRQ profiling PMU,.log,6715,read-only input
mechanism derived result,docs/paper/mechanism/evidence/20260902-p0d2-profiled-irqhistory/uart-logs/pd2/yolo-fastest_192_face_v4__256_Low/prof.run2.uart.log,e375a3a9cd2bbe2f1282d0434b695c455808720c942f202b4e931de61d9d96e6,evidence,,,,,,,,per-layer / IRQ profiling PMU,.log,6715,read-only input
mechanism derived result,docs/paper/mechanism/evidence/20260902-p0d2-profiled-irqhistory/uart-logs/pd2/yolo-fastest_192_face_v4__256_Low/prof.run3.uart.log,e375a3a9cd2bbe2f1282d0434b695c455808720c942f202b4e931de61d9d96e6,evidence,,,,,,,,per-layer / IRQ profiling PMU,.log,6715,read-only input
mechanism derived result,docs/paper/mechanism/evidence/20260902-p0d2-profiled-irqhistory/uart-logs/pd2/yolo-fastest_192_face_v4__512_Low/prof.run1.uart.log,665434adad49af77ea1562aacab35686d48918e4301bedf4c4f3301df0738f0d,evidence,,,,,,,,per-layer / IRQ profiling PMU,.log,6649,read-only input
mechanism derived result,docs/paper/mechanism/evidence/20260902-p0d2-profiled-irqhistory/uart-logs/pd2/yolo-fastest_192_face_v4__512_Low/prof.run2.uart.log,665434adad49af77ea1562aacab35686d48918e4301bedf4c4f3301df0738f0d,evidence,,,,,,,,per-layer / IRQ profiling PMU,.log,6649,read-only input
mechanism derived result,docs/paper/mechanism/evidence/20260902-p0d2-profiled-irqhistory/uart-logs/pd2/yolo-fastest_192_face_v4__512_Low/prof.run3.uart.log,665434adad49af77ea1562aacab35686d48918e4301bedf4c4f3301df0738f0d,evidence,,,,,,,,per-layer / IRQ profiling PMU,.log,6649,read-only input
mechanism derived result,docs/paper/mechanism/evidence/20260902-p0d2-profiled-irqhistory/uart-logs/pd2/yolo-fastest_192_face_v4__512_Mid512/prof.run1.uart.log,28ebf92b3a911e33d605c6a2166e3eada9c055270e57ba09b365a3cd00dcc8d7,evidence,,,,,,,,per-layer / IRQ profiling PMU,.log,6525,read-only input
mechanism derived result,docs/paper/mechanism/evidence/20260902-p0d2-profiled-irqhistory/uart-logs/pd2/yolo-fastest_192_face_v4__512_Mid512/prof.run2.uart.log,28ebf92b3a911e33d605c6a2166e3eada9c055270e57ba09b365a3cd00dcc8d7,evidence,,,,,,,,per-layer / IRQ profiling PMU,.log,6525,read-only input
mechanism derived result,docs/paper/mechanism/evidence/20260902-p0d2-profiled-irqhistory/uart-logs/pd2/yolo-fastest_192_face_v4__512_Mid512/prof.run3.uart.log,28ebf92b3a911e33d605c6a2166e3eada9c055270e57ba09b365a3cd00dcc8d7,evidence,,,,,,,,per-layer / IRQ profiling PMU,.log,6525,read-only input
mechanism derived result,docs/paper/mechanism/evidence/20260902-p0d2-profiled-irqhistory/vela-debug/view/ad_medium_int8__256_Low/debug.xml,f6766cec5f05d0fbbaca8cbf30801d729321d7f4d0f14e3a46beaed745b34dfc,evidence,,,,,,,,per-layer / IRQ profiling PMU,.xml,32826,read-only input
mechanism derived result,docs/paper/mechanism/evidence/20260902-p0d2-profiled-irqhistory/vela-debug/view/ad_medium_int8__256_Low/vela_verbose/verbose.log,98519ee77ad0c58b25635ff527db1be533dff59e3e2d871b2cf7a93d8a0f71d0,evidence,,,,,,,,per-layer / IRQ profiling PMU,.log,27756,read-only input
mechanism derived result,docs/paper/mechanism/evidence/20260902-p0d2-profiled-irqhistory/vela-debug/view/ad_medium_int8__512_Low/debug.xml,f9020fb589626306c8393b9d1f8ca134815f9521d44cc0177b8884b7420084ac,evidence,,,,,,,,per-layer / IRQ profiling PMU,.xml,32836,read-only input
mechanism derived result,docs/paper/mechanism/evidence/20260902-p0d2-profiled-irqhistory/vela-debug/view/ad_medium_int8__512_Low/vela_verbose/verbose.log,a0f9e0c37e7531fddb5c5ee3f51421aaafe00d178b94bafcf9a5f3f56eb051b3,evidence,,,,,,,,per-layer / IRQ profiling PMU,.log,27765,read-only input
mechanism derived result,docs/paper/mechanism/evidence/20260902-p0d2-profiled-irqhistory/vela-debug/view/ad_medium_int8__512_Mid512/debug.xml,643dfbf5bdffcdc1352f7ce9639fc6000d44c2ad3db3c19a3b815f841466d386,evidence,,,,,,,,per-layer / IRQ profiling PMU,.xml,32850,read-only input
mechanism derived result,docs/paper/mechanism/evidence/20260902-p0d2-profiled-irqhistory/vela-debug/view/ad_medium_int8__512_Mid512/vela_verbose/verbose.log,13da998f872c790f9c28476e8aba446900e76ce9e95b322b8ac347e9ec680c3b,evidence,,,,,,,,per-layer / IRQ profiling PMU,.log,27771,read-only input
mechanism derived result,docs/paper/mechanism/evidence/20260902-p0d2-profiled-irqhistory/vela-debug/view/dnn_s_quantized__256_Low/debug.xml,c35b2c749d80e41b7c6a6c8cd32c395cbda49fa5d7fd90d00fd2acba92fcfc93,evidence,,,,,,,,per-layer / IRQ profiling PMU,.xml,89263,read-only input
mechanism derived result,docs/paper/mechanism/evidence/20260902-p0d2-profiled-irqhistory/vela-debug/view/dnn_s_quantized__256_Low/vela_verbose/verbose.log,12a51a1c4c7f714adb76a0ef380b6d39dcef406b0ddbb0bc10e68cc2f364c916,evidence,,,,,,,,per-layer / IRQ profiling PMU,.log,83689,read-only input
mechanism derived result,docs/paper/mechanism/evidence/20260902-p0d2-profiled-irqhistory/vela-debug/view/dnn_s_quantized__512_Low/debug.xml,f04a4d2a4cbe881f1433b47f0ee2e035b304699f5e2226aea2f096f6fbd0f2f6,evidence,,,,,,,,per-layer / IRQ profiling PMU,.xml,89259,read-only input
mechanism derived result,docs/paper/mechanism/evidence/20260902-p0d2-profiled-irqhistory/vela-debug/view/dnn_s_quantized__512_Low/vela_verbose/verbose.log,ca1c437b36b20e35ace5b3e56ccb65d8cd3cf92d71d882d722878f815a318dc3,evidence,,,,,,,,per-layer / IRQ profiling PMU,.log,83691,read-only input
mechanism derived result,docs/paper/mechanism/evidence/20260902-p0d2-profiled-irqhistory/vela-debug/view/dnn_s_quantized__512_Mid512/debug.xml,0a3720e3e02f7ebac8931797bfadf1b38e283c926e46492ee778c9d517464a74,evidence,,,,,,,,per-layer / IRQ profiling PMU,.xml,89262,read-only input
mechanism derived result,docs/paper/mechanism/evidence/20260902-p0d2-profiled-irqhistory/vela-debug/view/dnn_s_quantized__512_Mid512/vela_verbose/verbose.log,1d0c8eff9da267c98dd0c895fca777309d1260d57d7b4ac130b014645b7c1015,evidence,,,,,,,,per-layer / IRQ profiling PMU,.log,83698,read-only input
mechanism derived result,docs/paper/mechanism/evidence/20260902-p0d2-profiled-irqhistory/vela-debug/view/kws_micronet_m__256_Low/debug.xml,24c22388d1ee64ebf7bad7896fece10d7f1d94f68a0c8a41177fad61fecd1d59,evidence,,,,,,,,per-layer / IRQ profiling PMU,.xml,30797,read-only input
mechanism derived result,docs/paper/mechanism/evidence/20260902-p0d2-profiled-irqhistory/vela-debug/view/kws_micronet_m__256_Low/vela_verbose/verbose.log,e55d02515b642d79f14b2887acdea1e3c8605492a2d5611dcea5bdaf9ae96734,evidence,,,,,,,,per-layer / IRQ profiling PMU,.log,25747,read-only input
mechanism derived result,docs/paper/mechanism/evidence/20260902-p0d2-profiled-irqhistory/vela-debug/view/kws_micronet_m__512_Low/debug.xml,fd18a1f7afa70eca382bdb9b6461fa4032389b69703c65ccbf4ea50bf214e268,evidence,,,,,,,,per-layer / IRQ profiling PMU,.xml,30823,read-only input
mechanism derived result,docs/paper/mechanism/evidence/20260902-p0d2-profiled-irqhistory/vela-debug/view/kws_micronet_m__512_Low/vela_verbose/verbose.log,cc48c31345963a9603a8c6bbd19fc1367bf188b7a5880c0357dae9dcb0da6652,evidence,,,,,,,,per-layer / IRQ profiling PMU,.log,25755,read-only input
mechanism derived result,docs/paper/mechanism/evidence/20260902-p0d2-profiled-irqhistory/vela-debug/view/kws_micronet_m__512_Mid512/debug.xml,5056e2f6e4913542db7809012722394e1978815d790b353c1cad5c798c52a485,evidence,,,,,,,,per-layer / IRQ profiling PMU,.xml,30685,read-only input
mechanism derived result,docs/paper/mechanism/evidence/20260902-p0d2-profiled-irqhistory/vela-debug/view/kws_micronet_m__512_Mid512/vela_verbose/verbose.log,6a92f158ec35fb541e55c1bb9ec5a74f5e0d4c5b1e91176640403c4e798a3aca,evidence,,,,,,,,per-layer / IRQ profiling PMU,.log,25713,read-only input
mechanism derived result,docs/paper/mechanism/evidence/20260902-p0d2-profiled-irqhistory/vela-debug/view/rnnoise_INT8__256_Low/debug.xml,e76b2cda5b6752a4a031a1f55cd82961b8c17d22d0b6e003e4fe015d107ec721,evidence,,,,,,,,per-layer / IRQ profiling PMU,.xml,48163,read-only input
mechanism derived result,docs/paper/mechanism/evidence/20260902-p0d2-profiled-irqhistory/vela-debug/view/rnnoise_INT8__256_Low/vela_verbose/verbose.log,0397b204ba40e3691109f249be661fb2d41ca5bc68ae2d2f333666033477f670,evidence,,,,,,,,per-layer / IRQ profiling PMU,.log,37469,read-only input
mechanism derived result,docs/paper/mechanism/evidence/20260902-p0d2-profiled-irqhistory/vela-debug/view/rnnoise_INT8__512_Low/debug.xml,136bf2e7c6d4ead327f5478a64efa8bf97f19089763ba8aeda1ea567cef981ca,evidence,,,,,,,,per-layer / IRQ profiling PMU,.xml,48147,read-only input
mechanism derived result,docs/paper/mechanism/evidence/20260902-p0d2-profiled-irqhistory/vela-debug/view/rnnoise_INT8__512_Low/vela_verbose/verbose.log,8999e29c6d3f22007c40d6c323c2c125eb58db8efe0b6ae6e69a83d1e7db018d,evidence,,,,,,,,per-layer / IRQ profiling PMU,.log,37483,read-only input
mechanism derived result,docs/paper/mechanism/evidence/20260902-p0d2-profiled-irqhistory/vela-debug/view/rnnoise_INT8__512_Mid512/debug.xml,ffcaaed1bd1b2792b08d71208ef93b7909b356463e6a4d6ecc3b9fdd2421e196,evidence,,,,,,,,per-layer / IRQ profiling PMU,.xml,48147,read-only input
mechanism derived result,docs/paper/mechanism/evidence/20260902-p0d2-profiled-irqhistory/vela-debug/view/rnnoise_INT8__512_Mid512/vela_verbose/verbose.log,4b9bed8e54f41bc3452fe830f38280769f20050405bf7cc0b90221c848770836,evidence,,,,,,,,per-layer / IRQ profiling PMU,.log,37490,read-only input
mechanism derived result,docs/paper/mechanism/evidence/20260902-p0d2-profiled-irqhistory/vela-debug/view/vww4_128_128_INT8__256_Low/debug.xml,4707310716a9f5e783407b63dd21f840d4f3feb2098d3509a3af41263661a0d4,evidence,,,,,,,,per-layer / IRQ profiling PMU,.xml,126017,read-only input
mechanism derived result,docs/paper/mechanism/evidence/20260902-p0d2-profiled-irqhistory/vela-debug/view/vww4_128_128_INT8__256_Low/vela_verbose/verbose.log,f92f35d22cf6087c2b1e130a5fe20f90a5a58818d53b0cf2f65af9e20193243c,evidence,,,,,,,,per-layer / IRQ profiling PMU,.log,114515,read-only input
mechanism derived result,docs/paper/mechanism/evidence/20260902-p0d2-profiled-irqhistory/vela-debug/view/vww4_128_128_INT8__512_Low/debug.xml,515ac82796423ffc96a1a82a4c687020edea4e4bb334eb2a0bc81246cdf354c8,evidence,,,,,,,,per-layer / IRQ profiling PMU,.xml,125946,read-only input
mechanism derived result,docs/paper/mechanism/evidence/20260902-p0d2-profiled-irqhistory/vela-debug/view/vww4_128_128_INT8__512_Low/vela_verbose/verbose.log,a085a9d290f55596f9c016e611de0110efc96b59e6d66b17bf2b918aba0fb09a,evidence,,,,,,,,per-layer / IRQ profiling PMU,.log,114520,read-only input
mechanism derived result,docs/paper/mechanism/evidence/20260902-p0d2-profiled-irqhistory/vela-debug/view/vww4_128_128_INT8__512_Mid512/debug.xml,0eaed4b728b870e95f053b29b237c0c03c662b1961cc91cd42c7029984b6236e,evidence,,,,,,,,per-layer / IRQ profiling PMU,.xml,125935,read-only input
mechanism derived result,docs/paper/mechanism/evidence/20260902-p0d2-profiled-irqhistory/vela-debug/view/vww4_128_128_INT8__512_Mid512/vela_verbose/verbose.log,ede92b96b89b7669fb27d66dd129bb78fe50f50ad33aea30a9160309ded0aba2,evidence,,,,,,,,per-layer / IRQ profiling PMU,.log,114513,read-only input
mechanism derived result,docs/paper/mechanism/evidence/20260902-p0d2-profiled-irqhistory/vela-debug/view/yolo-fastest_192_face_v4__256_Low/debug.xml,329003094807a42c005c049f5d1400b9fcb95c1ac7a5c3eb0a403269207de840,evidence,,,,,,,,per-layer / IRQ profiling PMU,.xml,137658,read-only input
mechanism derived result,docs/paper/mechanism/evidence/20260902-p0d2-profiled-irqhistory/vela-debug/view/yolo-fastest_192_face_v4__256_Low/vela_verbose/verbose.log,a826d4dcc30c7795685d2beb571dcb2597e1731cc60f1e4bebb80c028a723703,evidence,,,,,,,,per-layer / IRQ profiling PMU,.log,113805,read-only input
mechanism derived result,docs/paper/mechanism/evidence/20260902-p0d2-profiled-irqhistory/vela-debug/view/yolo-fastest_192_face_v4__512_Low/debug.xml,50a7289498b6058e14d410094625608bb1b3fbc5e12dcb015dea6c10b5a1517a,evidence,,,,,,,,per-layer / IRQ profiling PMU,.xml,137749,read-only input
mechanism derived result,docs/paper/mechanism/evidence/20260902-p0d2-profiled-irqhistory/vela-debug/view/yolo-fastest_192_face_v4__512_Low/vela_verbose/verbose.log,70ece30c4f344b6d3d012c9af3c18e08229f20611b067cf3ff68f32e31ffdf8c,evidence,,,,,,,,per-layer / IRQ profiling PMU,.log,113908,read-only input
mechanism derived result,docs/paper/mechanism/evidence/20260902-p0d2-profiled-irqhistory/vela-debug/view/yolo-fastest_192_face_v4__512_Mid512/debug.xml,b7174a28a7a0d3eb5c8ae5ba0b0a18bb44a833d6182b151ce90e4565637f778f,evidence,,,,,,,,per-layer / IRQ profiling PMU,.xml,137535,read-only input
mechanism derived result,docs/paper/mechanism/evidence/20260902-p0d2-profiled-irqhistory/vela-debug/view/yolo-fastest_192_face_v4__512_Mid512/vela_verbose/verbose.log,c1b395ed85487115ed438ea9bf7d1713d4ad3b96397a7c0b2ae92ba49d3724ea,evidence,,,,,,,,per-layer / IRQ profiling PMU,.log,113821,read-only input
mechanism derived result,docs/paper/mechanism/evidence/20260902-p1a-memory-robustness/binaries.tar.gz,1458afac26ebabebc8be95e5313ccaba9f5c057609a3f6cbd46543a98a9d917a,evidence,,,,,,,,per-layer / IRQ profiling PMU,.gz,13652418,read-only input
mechanism derived result,docs/paper/mechanism/evidence/20260902-p1a-memory-robustness/manifests/EVIDENCE.sha256,2d888029313b4db135cfc3058667468d6e8ac9c1fe683948bda6d76cf7831e8a,evidence,,,,,,,,per-layer / IRQ profiling PMU,.sha256,14754,read-only input
mechanism derived result,docs/paper/mechanism/evidence/20260902-p1a-memory-robustness/reports/p1/dnn_s_quantized__Shared_Sram__256/vela/dnn_s_quantized_summary_Ethos_U85_SYS_DRAM_Low.csv,3555f5a77526eee814d81985b2c70ad593a1a752a5a56504befbe9342556db3f,evidence,,,,,,,,per-layer / IRQ profiling PMU,.csv,1534,read-only input
mechanism derived result,docs/paper/mechanism/evidence/20260902-p1a-memory-robustness/reports/p1/dnn_s_quantized__Shared_Sram__512/vela/dnn_s_quantized_summary_Ethos_U85_SYS_DRAM_Mid_512.csv,4b019489e928a893be78b7f569e2e3af09b9cd9f0ae8c04a1368cee6a2f14403,evidence,,,,,,,,per-layer / IRQ profiling PMU,.csv,1541,read-only input
mechanism derived result,docs/paper/mechanism/evidence/20260902-p1a-memory-robustness/reports/p1/dnn_s_quantized__Sram_Only__256/vela/dnn_s_quantized_summary_Ethos_U85_SYS_DRAM_Low.csv,4e57f712e44ec3fb3b0d09ee7b215a897fd4a945bdceaba23ab5e65527f29636,evidence,,,,,,,,per-layer / IRQ profiling PMU,.csv,1533,read-only input
mechanism derived result,docs/paper/mechanism/evidence/20260902-p1a-memory-robustness/reports/p1/dnn_s_quantized__Sram_Only__512/vela/dnn_s_quantized_summary_Ethos_U85_SYS_DRAM_Mid_512.csv,5fa3de88553eaa29aa57b111f32b840d152806633348c4a31bb1cd930f66d727,evidence,,,,,,,,per-layer / IRQ profiling PMU,.csv,1539,read-only input
mechanism derived result,docs/paper/mechanism/evidence/20260902-p1a-memory-robustness/reports/p1/p1a_results.json,4c02fcefb4af76d21fe350cdf3535d48564506d40a5fe3fe4648a8ea055948c1,evidence,,,,,,,,per-layer / IRQ profiling PMU,.json,6811,read-only input
mechanism derived result,docs/paper/mechanism/evidence/20260902-p1a-memory-robustness/reports/p1/rnnoise_INT8__Shared_Sram__256/vela/rnnoise_INT8_summary_Ethos_U85_SYS_DRAM_Low.csv,2ca1146b72ba79faeab0ae17c1aef16ba7a161685da6d2db523fb326b5deb4f0,evidence,,,,,,,,per-layer / IRQ profiling PMU,.csv,1530,read-only input
mechanism derived result,docs/paper/mechanism/evidence/20260902-p1a-memory-robustness/reports/p1/rnnoise_INT8__Shared_Sram__512/vela/rnnoise_INT8_summary_Ethos_U85_SYS_DRAM_Mid_512.csv,4bcabf36a2f9ee9a4e644fc0ee185292bdd091afffb52199b12f05b50cf2f788,evidence,,,,,,,,per-layer / IRQ profiling PMU,.csv,1539,read-only input
mechanism derived result,docs/paper/mechanism/evidence/20260902-p1a-memory-robustness/reports/p1/rnnoise_INT8__Sram_Only__256/vela/rnnoise_INT8_summary_Ethos_U85_SYS_DRAM_Low.csv,d7258a283b10e73037c23303e7371527b1ab128862b17a28b8314d7261a62395,evidence,,,,,,,,per-layer / IRQ profiling PMU,.csv,1533,read-only input
mechanism derived result,docs/paper/mechanism/evidence/20260902-p1a-memory-robustness/reports/p1/rnnoise_INT8__Sram_Only__512/vela/rnnoise_INT8_summary_Ethos_U85_SYS_DRAM_Mid_512.csv,bf12085b7afab7d0abdac39b612f08e7fd9d04b5007140fa717be90df2417f18,evidence,,,,,,,,per-layer / IRQ profiling PMU,.csv,1539,read-only input
mechanism derived result,docs/paper/mechanism/evidence/20260902-p1a-memory-robustness/reports/p1/vww4_128_128_INT8__Shared_Sram__256/vela/vww4_128_128_INT8_summary_Ethos_U85_SYS_DRAM_Low.csv,e66c367381f289fdb287f59c392b2d8a5481e6043ed8e0fe9853f45ab16f49bf,evidence,,,,,,,,per-layer / IRQ profiling PMU,.csv,1575,read-only input
mechanism derived result,docs/paper/mechanism/evidence/20260902-p1a-memory-robustness/reports/p1/vww4_128_128_INT8__Shared_Sram__512/vela/vww4_128_128_INT8_summary_Ethos_U85_SYS_DRAM_Mid_512.csv,535e18f0e474ef7567be7cb27d1269d561538c59098ef59726311dd5c6c0733c,evidence,,,,,,,,per-layer / IRQ profiling PMU,.csv,1580,read-only input
mechanism derived result,docs/paper/mechanism/evidence/20260902-p1a-memory-robustness/reports/p1/vww4_128_128_INT8__Sram_Only__256/vela/vww4_128_128_INT8_summary_Ethos_U85_SYS_DRAM_Low.csv,a2a05ea3b0bb18a193735abe4c7967af110fffa14014b523d462d1836293af04,evidence,,,,,,,,per-layer / IRQ profiling PMU,.csv,1553,read-only input
mechanism derived result,docs/paper/mechanism/evidence/20260902-p1a-memory-robustness/reports/p1/vww4_128_128_INT8__Sram_Only__512/vela/vww4_128_128_INT8_summary_Ethos_U85_SYS_DRAM_Mid_512.csv,0615ac05a66426a933b1bddf580df2195fdcc136b81b690f146bd6a3f321abb5,evidence,,,,,,,,per-layer / IRQ profiling PMU,.csv,1558,read-only input
mechanism derived result,docs/paper/mechanism/evidence/20260902-p1a-memory-robustness/reports/p1/yolo-fastest_192_face_v4__Shared_Sram__256/vela/yolo-fastest_192_face_v4_summary_Ethos_U85_SYS_DRAM_Low.csv,b1775d2fc1b8884efcee9f585edde7c27a9c1dc0cb5e4fb07f1f31fa8abfc23b,evidence,,,,,,,,per-layer / IRQ profiling PMU,.csv,1579,read-only input
mechanism derived result,docs/paper/mechanism/evidence/20260902-p1a-memory-robustness/reports/p1/yolo-fastest_192_face_v4__Shared_Sram__512/vela/yolo-fastest_192_face_v4_summary_Ethos_U85_SYS_DRAM_Mid_512.csv,0e669d2537acb13bebb536390f60855263861c67233884b21df43a591645d995,evidence,,,,,,,,per-layer / IRQ profiling PMU,.csv,1584,read-only input
mechanism derived result,docs/paper/mechanism/evidence/20260902-p1a-memory-robustness/reports/p1/yolo-fastest_192_face_v4__Sram_Only__256/vela/yolo-fastest_192_face_v4_summary_Ethos_U85_SYS_DRAM_Low.csv,92932d0101428be3cc6820a75b2e1786fe017ad1ab506806154c4d23c3e9ee12,evidence,,,,,,,,per-layer / IRQ profiling PMU,.csv,1561,read-only input
mechanism derived result,docs/paper/mechanism/evidence/20260902-p1a-memory-robustness/reports/p1/yolo-fastest_192_face_v4__Sram_Only__512/vela/yolo-fastest_192_face_v4_summary_Ethos_U85_SYS_DRAM_Mid_512.csv,7e0fd8f6d9da7dacc47dc381f19f9a964332e78b3b6ba926df5809431cc81d98,evidence,,,,,,,,per-layer / IRQ profiling PMU,.csv,1564,read-only input
mechanism derived result,docs/paper/mechanism/evidence/20260902-p1a-memory-robustness/reports/p1_orchestrator.log,1f5a6697dfa5f6a456c9da79151d2dbec233eb80c610d27fd13a4ef3b24598d5,evidence,,,,,,,,per-layer / IRQ profiling PMU,.log,830,read-only input
mechanism derived result,docs/paper/mechanism/evidence/20260902-p1a-memory-robustness/run-vectors/p1/dnn_s_quantized__Shared_Sram__256/result.json,1f0f086e3efa87e3438eb4c03cf6d6a6581790fbd902010fa1714c201962741d,evidence,,,,,,,,per-layer / IRQ profiling PMU,.json,375,read-only input
mechanism derived result,docs/paper/mechanism/evidence/20260902-p1a-memory-robustness/run-vectors/p1/dnn_s_quantized__Shared_Sram__512/result.json,16c3ed162b9b0661f11da713060b013fa2735ee38d1c7cab7f18aa547cfd5063,evidence,,,,,,,,per-layer / IRQ profiling PMU,.json,379,read-only input
mechanism derived result,docs/paper/mechanism/evidence/20260902-p1a-memory-robustness/run-vectors/p1/dnn_s_quantized__Sram_Only__256/result.json,f59c432c59b3e97bf6ec57f43088ba00995d9da7ca3bdc4e56e0bcc187264b4b,evidence,,,,,,,,per-layer / IRQ profiling PMU,.json,370,read-only input
mechanism derived result,docs/paper/mechanism/evidence/20260902-p1a-memory-robustness/run-vectors/p1/dnn_s_quantized__Sram_Only__512/result.json,cb44476e47656aa83a7a9c28d5670d706f0a88a8cb77d6bec158a27e684345fe,evidence,,,,,,,,per-layer / IRQ profiling PMU,.json,374,read-only input
mechanism derived result,docs/paper/mechanism/evidence/20260902-p1a-memory-robustness/run-vectors/p1/rnnoise_INT8__Shared_Sram__256/result.json,72052d4d391040dc085997e3cfb34e77bcac89fc88af36ad19117622df56707e,evidence,,,,,,,,per-layer / IRQ profiling PMU,.json,432,read-only input
mechanism derived result,docs/paper/mechanism/evidence/20260902-p1a-memory-robustness/run-vectors/p1/rnnoise_INT8__Shared_Sram__512/result.json,77558dfbc10674e876f5bf88b91691aceee85dc4bc19c0bd826b43423584e7ff,evidence,,,,,,,,per-layer / IRQ profiling PMU,.json,436,read-only input
mechanism derived result,docs/paper/mechanism/evidence/20260902-p1a-memory-robustness/run-vectors/p1/rnnoise_INT8__Sram_Only__256/result.json,d68a2dde10d07c39a03bd840e663e4122ff8c1380bdbfd346fb8686f0234b0b9,evidence,,,,,,,,per-layer / IRQ profiling PMU,.json,427,read-only input
mechanism derived result,docs/paper/mechanism/evidence/20260902-p1a-memory-robustness/run-vectors/p1/rnnoise_INT8__Sram_Only__512/result.json,e90f5a4aaa455462c2af03bf2d96ff4d1c144a19241ad08388fb947239b8ad94,evidence,,,,,,,,per-layer / IRQ profiling PMU,.json,432,read-only input
mechanism derived result,docs/paper/mechanism/evidence/20260902-p1a-memory-robustness/run-vectors/p1/vww4_128_128_INT8__Shared_Sram__256/result.json,fcc30ad9f66ab181ae8ab5b8fbbf68d1da9568467dfc0a5e6b6b657bd22fa2ae,evidence,,,,,,,,per-layer / IRQ profiling PMU,.json,379,read-only input
mechanism derived result,docs/paper/mechanism/evidence/20260902-p1a-memory-robustness/run-vectors/p1/vww4_128_128_INT8__Shared_Sram__512/result.json,2072e1b62c82382c61864d3ea641687d7372410914e57c92bdf06da00df2396d,evidence,,,,,,,,per-layer / IRQ profiling PMU,.json,383,read-only input
mechanism derived result,docs/paper/mechanism/evidence/20260902-p1a-memory-robustness/run-vectors/p1/vww4_128_128_INT8__Sram_Only__256/result.json,bb167aeb3507c6abc40d48fbfd67984ef8c00f4ce92cc3259e32587c1268caf5,evidence,,,,,,,,per-layer / IRQ profiling PMU,.json,375,read-only input
mechanism derived result,docs/paper/mechanism/evidence/20260902-p1a-memory-robustness/run-vectors/p1/vww4_128_128_INT8__Sram_Only__512/result.json,da39c793f363de9d33c4e6701cafe49d01b2e2bba98327afa1315caa90b43f0b,evidence,,,,,,,,per-layer / IRQ profiling PMU,.json,379,read-only input
mechanism derived result,docs/paper/mechanism/evidence/20260902-p1a-memory-robustness/run-vectors/p1/yolo-fastest_192_face_v4__Shared_Sram__256/result.json,dc61adfd3bd550c3e23f9be91c8ce88f4690df96de00f5638730c7a712395052,evidence,,,,,,,,per-layer / IRQ profiling PMU,.json,413,read-only input
mechanism derived result,docs/paper/mechanism/evidence/20260902-p1a-memory-robustness/run-vectors/p1/yolo-fastest_192_face_v4__Shared_Sram__512/result.json,fad0ca237205b95b34eff530089e9db394d3ffb22f1276bff507ed54d7bf5991,evidence,,,,,,,,per-layer / IRQ profiling PMU,.json,417,read-only input
mechanism derived result,docs/paper/mechanism/evidence/20260902-p1a-memory-robustness/run-vectors/p1/yolo-fastest_192_face_v4__Sram_Only__256/result.json,21b7493b0882165f210d162c65e6b4ca46172b14194dfac435450632bd5bbdb1,evidence,,,,,,,,per-layer / IRQ profiling PMU,.json,409,read-only input
mechanism derived result,docs/paper/mechanism/evidence/20260902-p1a-memory-robustness/run-vectors/p1/yolo-fastest_192_face_v4__Sram_Only__512/result.json,0be1348689e91a707dc82efdcc8a2396b2155be98ce4d960043944bf4d2a1f3c,evidence,,,,,,,,per-layer / IRQ profiling PMU,.json,413,read-only input
mechanism derived result,docs/paper/mechanism/evidence/20260902-p1a-memory-robustness/tools/p1_all.py,c11b0dc566df23e4740688315945e04f95a8780666c18051f5fa88d73d5d0367,evidence,,,,,,,,per-layer / IRQ profiling PMU,.py,7994,read-only input
mechanism derived result,docs/paper/mechanism/evidence/20260902-p1a-memory-robustness/uart-logs/p1/dnn_s_quantized__Shared_Sram__256/run1.uart.log,50e243e1af32b9e1eec509d7f34e3c9bd4be1a55d9e41bd055bfbbf9abcb09a2,evidence,,,,,,,,per-layer / IRQ profiling PMU,.log,2414,read-only input
mechanism derived result,docs/paper/mechanism/evidence/20260902-p1a-memory-robustness/uart-logs/p1/dnn_s_quantized__Shared_Sram__256/run2.uart.log,50e243e1af32b9e1eec509d7f34e3c9bd4be1a55d9e41bd055bfbbf9abcb09a2,evidence,,,,,,,,per-layer / IRQ profiling PMU,.log,2414,read-only input
mechanism derived result,docs/paper/mechanism/evidence/20260902-p1a-memory-robustness/uart-logs/p1/dnn_s_quantized__Shared_Sram__256/run3.uart.log,50e243e1af32b9e1eec509d7f34e3c9bd4be1a55d9e41bd055bfbbf9abcb09a2,evidence,,,,,,,,per-layer / IRQ profiling PMU,.log,2414,read-only input
mechanism derived result,docs/paper/mechanism/evidence/20260902-p1a-memory-robustness/uart-logs/p1/dnn_s_quantized__Shared_Sram__512/run1.uart.log,a2fb42663f29bc6da87b75a6241c0ba39d9c9d6fefcb320168595bcaf7d9c53f,evidence,,,,,,,,per-layer / IRQ profiling PMU,.log,2414,read-only input
mechanism derived result,docs/paper/mechanism/evidence/20260902-p1a-memory-robustness/uart-logs/p1/dnn_s_quantized__Shared_Sram__512/run2.uart.log,a2fb42663f29bc6da87b75a6241c0ba39d9c9d6fefcb320168595bcaf7d9c53f,evidence,,,,,,,,per-layer / IRQ profiling PMU,.log,2414,read-only input
mechanism derived result,docs/paper/mechanism/evidence/20260902-p1a-memory-robustness/uart-logs/p1/dnn_s_quantized__Shared_Sram__512/run3.uart.log,a2fb42663f29bc6da87b75a6241c0ba39d9c9d6fefcb320168595bcaf7d9c53f,evidence,,,,,,,,per-layer / IRQ profiling PMU,.log,2414,read-only input
mechanism derived result,docs/paper/mechanism/evidence/20260902-p1a-memory-robustness/uart-logs/p1/dnn_s_quantized__Sram_Only__256/run1.uart.log,e5b96d7335fba77ac10556212ddbb0098efb897bb20cfbed95f2476d08b3f635,evidence,,,,,,,,per-layer / IRQ profiling PMU,.log,2411,read-only input
mechanism derived result,docs/paper/mechanism/evidence/20260902-p1a-memory-robustness/uart-logs/p1/dnn_s_quantized__Sram_Only__256/run2.uart.log,e5b96d7335fba77ac10556212ddbb0098efb897bb20cfbed95f2476d08b3f635,evidence,,,,,,,,per-layer / IRQ profiling PMU,.log,2411,read-only input
mechanism derived result,docs/paper/mechanism/evidence/20260902-p1a-memory-robustness/uart-logs/p1/dnn_s_quantized__Sram_Only__256/run3.uart.log,e5b96d7335fba77ac10556212ddbb0098efb897bb20cfbed95f2476d08b3f635,evidence,,,,,,,,per-layer / IRQ profiling PMU,.log,2411,read-only input
mechanism derived result,docs/paper/mechanism/evidence/20260902-p1a-memory-robustness/uart-logs/p1/dnn_s_quantized__Sram_Only__512/run1.uart.log,07f8319a41e442e5d975fd232d958872083e33d5b1277a353f5c095a66fbc006,evidence,,,,,,,,per-layer / IRQ profiling PMU,.log,2411,read-only input
mechanism derived result,docs/paper/mechanism/evidence/20260902-p1a-memory-robustness/uart-logs/p1/dnn_s_quantized__Sram_Only__512/run2.uart.log,07f8319a41e442e5d975fd232d958872083e33d5b1277a353f5c095a66fbc006,evidence,,,,,,,,per-layer / IRQ profiling PMU,.log,2411,read-only input
mechanism derived result,docs/paper/mechanism/evidence/20260902-p1a-memory-robustness/uart-logs/p1/dnn_s_quantized__Sram_Only__512/run3.uart.log,07f8319a41e442e5d975fd232d958872083e33d5b1277a353f5c095a66fbc006,evidence,,,,,,,,per-layer / IRQ profiling PMU,.log,2411,read-only input
mechanism derived result,docs/paper/mechanism/evidence/20260902-p1a-memory-robustness/uart-logs/p1/rnnoise_INT8__Shared_Sram__256/run1.uart.log,2f5a2f21738cb8d8a27d121a1a88eac06f98b9f6bc46cfcf46d0476dc1666d76,evidence,,,,,,,,per-layer / IRQ profiling PMU,.log,3800,read-only input
mechanism derived result,docs/paper/mechanism/evidence/20260902-p1a-memory-robustness/uart-logs/p1/rnnoise_INT8__Shared_Sram__256/run2.uart.log,2f5a2f21738cb8d8a27d121a1a88eac06f98b9f6bc46cfcf46d0476dc1666d76,evidence,,,,,,,,per-layer / IRQ profiling PMU,.log,3800,read-only input
mechanism derived result,docs/paper/mechanism/evidence/20260902-p1a-memory-robustness/uart-logs/p1/rnnoise_INT8__Shared_Sram__256/run3.uart.log,2f5a2f21738cb8d8a27d121a1a88eac06f98b9f6bc46cfcf46d0476dc1666d76,evidence,,,,,,,,per-layer / IRQ profiling PMU,.log,3800,read-only input
mechanism derived result,docs/paper/mechanism/evidence/20260902-p1a-memory-robustness/uart-logs/p1/rnnoise_INT8__Shared_Sram__512/run1.uart.log,67397a721b8f59a913cbed6052ef9f53f4c902e5d759b3e29367eb625613f165,evidence,,,,,,,,per-layer / IRQ profiling PMU,.log,3801,read-only input
mechanism derived result,docs/paper/mechanism/evidence/20260902-p1a-memory-robustness/uart-logs/p1/rnnoise_INT8__Shared_Sram__512/run2.uart.log,67397a721b8f59a913cbed6052ef9f53f4c902e5d759b3e29367eb625613f165,evidence,,,,,,,,per-layer / IRQ profiling PMU,.log,3801,read-only input
mechanism derived result,docs/paper/mechanism/evidence/20260902-p1a-memory-robustness/uart-logs/p1/rnnoise_INT8__Shared_Sram__512/run3.uart.log,67397a721b8f59a913cbed6052ef9f53f4c902e5d759b3e29367eb625613f165,evidence,,,,,,,,per-layer / IRQ profiling PMU,.log,3801,read-only input
mechanism derived result,docs/paper/mechanism/evidence/20260902-p1a-memory-robustness/uart-logs/p1/rnnoise_INT8__Sram_Only__256/run1.uart.log,bfdb9331350f944ce25b93f3324ae396bcc5780210ccd3f469c1c27647f706cf,evidence,,,,,,,,per-layer / IRQ profiling PMU,.log,3796,read-only input
mechanism derived result,docs/paper/mechanism/evidence/20260902-p1a-memory-robustness/uart-logs/p1/rnnoise_INT8__Sram_Only__256/run2.uart.log,bfdb9331350f944ce25b93f3324ae396bcc5780210ccd3f469c1c27647f706cf,evidence,,,,,,,,per-layer / IRQ profiling PMU,.log,3796,read-only input
mechanism derived result,docs/paper/mechanism/evidence/20260902-p1a-memory-robustness/uart-logs/p1/rnnoise_INT8__Sram_Only__256/run3.uart.log,bfdb9331350f944ce25b93f3324ae396bcc5780210ccd3f469c1c27647f706cf,evidence,,,,,,,,per-layer / IRQ profiling PMU,.log,3796,read-only input
mechanism derived result,docs/paper/mechanism/evidence/20260902-p1a-memory-robustness/uart-logs/p1/rnnoise_INT8__Sram_Only__512/run1.uart.log,b5b60c2a29a6643eb4b3294a6c03927a42be06e8c64bfa8555b3f15b74065290,evidence,,,,,,,,per-layer / IRQ profiling PMU,.log,3798,read-only input
mechanism derived result,docs/paper/mechanism/evidence/20260902-p1a-memory-robustness/uart-logs/p1/rnnoise_INT8__Sram_Only__512/run2.uart.log,b5b60c2a29a6643eb4b3294a6c03927a42be06e8c64bfa8555b3f15b74065290,evidence,,,,,,,,per-layer / IRQ profiling PMU,.log,3798,read-only input
mechanism derived result,docs/paper/mechanism/evidence/20260902-p1a-memory-robustness/uart-logs/p1/rnnoise_INT8__Sram_Only__512/run3.uart.log,b5b60c2a29a6643eb4b3294a6c03927a42be06e8c64bfa8555b3f15b74065290,evidence,,,,,,,,per-layer / IRQ profiling PMU,.log,3798,read-only input
mechanism derived result,docs/paper/mechanism/evidence/20260902-p1a-memory-robustness/uart-logs/p1/vww4_128_128_INT8__Shared_Sram__256/run1.uart.log,04c4e3d68dcd128a71d5f2c1fba4ac7dd50a5aae4287d3ff00e9fb715cb28d66,evidence,,,,,,,,per-layer / IRQ profiling PMU,.log,2401,read-only input
mechanism derived result,docs/paper/mechanism/evidence/20260902-p1a-memory-robustness/uart-logs/p1/vww4_128_128_INT8__Shared_Sram__256/run2.uart.log,04c4e3d68dcd128a71d5f2c1fba4ac7dd50a5aae4287d3ff00e9fb715cb28d66,evidence,,,,,,,,per-layer / IRQ profiling PMU,.log,2401,read-only input
mechanism derived result,docs/paper/mechanism/evidence/20260902-p1a-memory-robustness/uart-logs/p1/vww4_128_128_INT8__Shared_Sram__256/run3.uart.log,04c4e3d68dcd128a71d5f2c1fba4ac7dd50a5aae4287d3ff00e9fb715cb28d66,evidence,,,,,,,,per-layer / IRQ profiling PMU,.log,2401,read-only input
mechanism derived result,docs/paper/mechanism/evidence/20260902-p1a-memory-robustness/uart-logs/p1/vww4_128_128_INT8__Shared_Sram__512/run1.uart.log,e385d960b074016397af15638fc6b9db4e4b746c34568c803e29e9c2cd503494,evidence,,,,,,,,per-layer / IRQ profiling PMU,.log,2400,read-only input
mechanism derived result,docs/paper/mechanism/evidence/20260902-p1a-memory-robustness/uart-logs/p1/vww4_128_128_INT8__Shared_Sram__512/run2.uart.log,e385d960b074016397af15638fc6b9db4e4b746c34568c803e29e9c2cd503494,evidence,,,,,,,,per-layer / IRQ profiling PMU,.log,2400,read-only input
mechanism derived result,docs/paper/mechanism/evidence/20260902-p1a-memory-robustness/uart-logs/p1/vww4_128_128_INT8__Shared_Sram__512/run3.uart.log,e385d960b074016397af15638fc6b9db4e4b746c34568c803e29e9c2cd503494,evidence,,,,,,,,per-layer / IRQ profiling PMU,.log,2400,read-only input
mechanism derived result,docs/paper/mechanism/evidence/20260902-p1a-memory-robustness/uart-logs/p1/vww4_128_128_INT8__Sram_Only__256/run1.uart.log,76e878cf78369f5cf4b8f014a6d23a1e3fb446d67fd396c973baacbafb82b11c,evidence,,,,,,,,per-layer / IRQ profiling PMU,.log,2396,read-only input
mechanism derived result,docs/paper/mechanism/evidence/20260902-p1a-memory-robustness/uart-logs/p1/vww4_128_128_INT8__Sram_Only__256/run2.uart.log,76e878cf78369f5cf4b8f014a6d23a1e3fb446d67fd396c973baacbafb82b11c,evidence,,,,,,,,per-layer / IRQ profiling PMU,.log,2396,read-only input
mechanism derived result,docs/paper/mechanism/evidence/20260902-p1a-memory-robustness/uart-logs/p1/vww4_128_128_INT8__Sram_Only__256/run3.uart.log,76e878cf78369f5cf4b8f014a6d23a1e3fb446d67fd396c973baacbafb82b11c,evidence,,,,,,,,per-layer / IRQ profiling PMU,.log,2396,read-only input
mechanism derived result,docs/paper/mechanism/evidence/20260902-p1a-memory-robustness/uart-logs/p1/vww4_128_128_INT8__Sram_Only__512/run1.uart.log,b18ad599c2c4e133358d0a94df21e307e3c237fadb103d8b2961ceb8220a7955,evidence,,,,,,,,per-layer / IRQ profiling PMU,.log,2395,read-only input
mechanism derived result,docs/paper/mechanism/evidence/20260902-p1a-memory-robustness/uart-logs/p1/vww4_128_128_INT8__Sram_Only__512/run2.uart.log,b18ad599c2c4e133358d0a94df21e307e3c237fadb103d8b2961ceb8220a7955,evidence,,,,,,,,per-layer / IRQ profiling PMU,.log,2395,read-only input
mechanism derived result,docs/paper/mechanism/evidence/20260902-p1a-memory-robustness/uart-logs/p1/vww4_128_128_INT8__Sram_Only__512/run3.uart.log,b18ad599c2c4e133358d0a94df21e307e3c237fadb103d8b2961ceb8220a7955,evidence,,,,,,,,per-layer / IRQ profiling PMU,.log,2395,read-only input
mechanism derived result,docs/paper/mechanism/evidence/20260902-p1a-memory-robustness/uart-logs/p1/yolo-fastest_192_face_v4__Shared_Sram__256/run1.uart.log,1057b3d6a15b5274a68c51babaa3bde1e6c9297e04f9da881e089b52b51d543a,evidence,,,,,,,,per-layer / IRQ profiling PMU,.log,2691,read-only input
mechanism derived result,docs/paper/mechanism/evidence/20260902-p1a-memory-robustness/uart-logs/p1/yolo-fastest_192_face_v4__Shared_Sram__256/run2.uart.log,1057b3d6a15b5274a68c51babaa3bde1e6c9297e04f9da881e089b52b51d543a,evidence,,,,,,,,per-layer / IRQ profiling PMU,.log,2691,read-only input
mechanism derived result,docs/paper/mechanism/evidence/20260902-p1a-memory-robustness/uart-logs/p1/yolo-fastest_192_face_v4__Shared_Sram__256/run3.uart.log,1057b3d6a15b5274a68c51babaa3bde1e6c9297e04f9da881e089b52b51d543a,evidence,,,,,,,,per-layer / IRQ profiling PMU,.log,2691,read-only input
mechanism derived result,docs/paper/mechanism/evidence/20260902-p1a-memory-robustness/uart-logs/p1/yolo-fastest_192_face_v4__Shared_Sram__512/run1.uart.log,7d6fb8e7d61e6d6987038912ac32122e1c757867f33cb55508b3f1301d47a6a7,evidence,,,,,,,,per-layer / IRQ profiling PMU,.log,2692,read-only input
mechanism derived result,docs/paper/mechanism/evidence/20260902-p1a-memory-robustness/uart-logs/p1/yolo-fastest_192_face_v4__Shared_Sram__512/run2.uart.log,7d6fb8e7d61e6d6987038912ac32122e1c757867f33cb55508b3f1301d47a6a7,evidence,,,,,,,,per-layer / IRQ profiling PMU,.log,2692,read-only input
mechanism derived result,docs/paper/mechanism/evidence/20260902-p1a-memory-robustness/uart-logs/p1/yolo-fastest_192_face_v4__Shared_Sram__512/run3.uart.log,7d6fb8e7d61e6d6987038912ac32122e1c757867f33cb55508b3f1301d47a6a7,evidence,,,,,,,,per-layer / IRQ profiling PMU,.log,2692,read-only input
mechanism derived result,docs/paper/mechanism/evidence/20260902-p1a-memory-robustness/uart-logs/p1/yolo-fastest_192_face_v4__Sram_Only__256/run1.uart.log,487cd08a63f9852ca458fbf8cab2503b0eff92072162e2ae30b3f2106afacef4,evidence,,,,,,,,per-layer / IRQ profiling PMU,.log,2687,read-only input
mechanism derived result,docs/paper/mechanism/evidence/20260902-p1a-memory-robustness/uart-logs/p1/yolo-fastest_192_face_v4__Sram_Only__256/run2.uart.log,487cd08a63f9852ca458fbf8cab2503b0eff92072162e2ae30b3f2106afacef4,evidence,,,,,,,,per-layer / IRQ profiling PMU,.log,2687,read-only input
mechanism derived result,docs/paper/mechanism/evidence/20260902-p1a-memory-robustness/uart-logs/p1/yolo-fastest_192_face_v4__Sram_Only__256/run3.uart.log,487cd08a63f9852ca458fbf8cab2503b0eff92072162e2ae30b3f2106afacef4,evidence,,,,,,,,per-layer / IRQ profiling PMU,.log,2687,read-only input
mechanism derived result,docs/paper/mechanism/evidence/20260902-p1a-memory-robustness/uart-logs/p1/yolo-fastest_192_face_v4__Sram_Only__512/run1.uart.log,89be46bd55320e3468f7f3587b29e6bd1b60f027b4dbb8cf797914a089821bec,evidence,,,,,,,,per-layer / IRQ profiling PMU,.log,2687,read-only input
mechanism derived result,docs/paper/mechanism/evidence/20260902-p1a-memory-robustness/uart-logs/p1/yolo-fastest_192_face_v4__Sram_Only__512/run2.uart.log,89be46bd55320e3468f7f3587b29e6bd1b60f027b4dbb8cf797914a089821bec,evidence,,,,,,,,per-layer / IRQ profiling PMU,.log,2687,read-only input
mechanism derived result,docs/paper/mechanism/evidence/20260902-p1a-memory-robustness/uart-logs/p1/yolo-fastest_192_face_v4__Sram_Only__512/run3.uart.log,89be46bd55320e3468f7f3587b29e6bd1b60f027b4dbb8cf797914a089821bec,evidence,,,,,,,,per-layer / IRQ profiling PMU,.log,2687,read-only input
mechanism derived result,docs/paper/mechanism/evidence/INDEX.md,05d36e2f942ba0b85a063f2408e1c79a593d8971a1eef41adb72343eb1ea2a6d,evidence,,,,,,,,per-layer / IRQ profiling PMU,.md,1366,read-only input
mechanism derived result,docs/paper/mechanism/p1b_crossmode.py,aa2f69da7f7e1bc320bff8db4c89a5220682dbccdc6dd8831d91612a004c8c7a,p1b_crossmode.py,,,,,,,,per-layer / IRQ profiling PMU,.py,4746,read-only input
mechanism derived result,docs/paper/mechanism/pd_analyzer.py,9f552255801fa99c9c55a284f131782a10877eedad9ef490a6d751146da42229,pd_analyzer.py,,,,,,,,per-layer / IRQ profiling PMU,.py,16886,read-only input
mechanism derived result,docs/paper/mechanism/pd_analyzer_test.py,c9bed6e97d23cafe83de41b294ebb642741d8bf6c320ea89ca9810290bb3b7db,pd_analyzer_test.py,,,,,,,,per-layer / IRQ profiling PMU,.py,4520,read-only input
mechanism derived result,docs/paper/mechanism/pd_groups.py,d65991928cd9009da222b0c4b003f5c908bfb8a7a43fda9b58fe024084413968,pd_groups.py,,,,,,,,per-layer / IRQ profiling PMU,.py,3597,read-only input
platform-sensitivity result,docs/paper/platform_sensitivity/.omc/state/sessions/cacdc52d-41ab-4b19-8701-3b76597632c2/last-tool-error-state.json,304a0e3bf3ea74c2ae5e2429cec19c7e1a9106558f083f7377d1364417c67fc4,.omc,,,,,,,,FVP whole-model PMU,.json,773,read-only input
platform-sensitivity result,docs/paper/platform_sensitivity/.omc/state/sessions/cacdc52d-41ab-4b19-8701-3b76597632c2/pre-tool-advisory-throttle.json,cbcb9bb2b9888dd813b1384a27012c614bd989fd24133ed73465ea8908859f3e,.omc,,,,,,,,FVP whole-model PMU,.json,342,read-only input
platform-sensitivity result,docs/paper/platform_sensitivity/ARTIFACT_REUSE_MATRIX.csv,2f7f91c65040a3d7d1d8ba76939f6b4d139b502d1fd99a6bbe41f3e3cedeaebe,ARTIFACT_REUSE_MATRIX.csv,,,,,,,,FVP whole-model PMU,.csv,28166,read-only input
platform-sensitivity result,docs/paper/platform_sensitivity/COMMON_WORKLOAD_MATRIX.csv,64882f94da0eaa7e1cb837899e45ea13b0074da9b2a7b198cb5380f7c0411296,COMMON_WORKLOAD_MATRIX.csv,,,,,,,,FVP whole-model PMU,.csv,3411,read-only input
platform-sensitivity result,docs/paper/platform_sensitivity/FVP_CAPABILITY_MATRIX.csv,2d7a6039a2aa3ed3f5f89d9c61d37d92a6753aeb5bf929f2d95ef705b6184b3b,FVP_CAPABILITY_MATRIX.csv,,,,,,,,FVP whole-model PMU,.csv,6117,read-only input
platform-sensitivity result,docs/paper/platform_sensitivity/FVP_COMPARABILITY_MATRIX.md,e5302f6b2f9699ce7fdf2bd21400c15b3657b51a7dec07fc316ac695b9897022,FVP_COMPARABILITY_MATRIX.md,,,,,,,,FVP whole-model PMU,.md,6446,read-only input
platform-sensitivity result,docs/paper/platform_sensitivity/FVP_PARAMETER_AUTHORITY.md,06e97a63066e665cdf1cd16bbe4b6e793f7ffddc421dcdca06b98fbb773d99d2,FVP_PARAMETER_AUTHORITY.md,,,,,,,,FVP whole-model PMU,.md,2518,read-only input
platform-sensitivity result,docs/paper/platform_sensitivity/TIMING_ADAPTER_AUDIT.md,540c422180110f28bc70a25f3b8e2105b6f623d7cd3e82fa57a7cd3626ea6caa,TIMING_ADAPTER_AUDIT.md,,,,,,,,FVP whole-model PMU,.md,2472,read-only input
platform-sensitivity result,docs/paper/platform_sensitivity/VELA_MEMORY_OPTION_MATRIX.csv,555992e90c8f5e5323766a73e5057ac1cbfff6f0255e52a302ab4c000424b950,VELA_MEMORY_OPTION_MATRIX.csv,,,,,,,,FVP whole-model PMU,.csv,1480,read-only input
platform-sensitivity result,docs/paper/platform_sensitivity/X0_LIMITATIONS.md,fa9c6ac1004a2fa55309045d095f2793b78a4910b243f02f03a68ffccc6a17ba,X0_LIMITATIONS.md,,,,,,,,FVP whole-model PMU,.md,3916,read-only input
platform-sensitivity result,docs/paper/platform_sensitivity/X0_META.json,d09a76cddcf5dfdcc280137adc04448846aa64d36b5c4b944bbcfd8759da44fa,X0_META.json,,,,,,,,FVP whole-model PMU,.json,2902,read-only input
platform-sensitivity result,docs/paper/platform_sensitivity/X1_ANALYSIS_CONTRACT.md,40d47364ea9092e71ef4e4286a39ffad78acf12ac88c8d82a1ac0811a2120240,X1_ANALYSIS_CONTRACT.md,,,,,,,,FVP whole-model PMU,.md,4932,read-only input
platform-sensitivity result,docs/paper/platform_sensitivity/X1_EVIDENCE_FROZEN.md,14c7dc4fb79b393a86d8bb9834d70c08b5149d1c082064cea103b95075f81b5a,X1_EVIDENCE_FROZEN.md,,,,,,,,FVP whole-model PMU,.md,1370,read-only input
platform-sensitivity result,docs/paper/platform_sensitivity/X1_FORMAL_CELLS.json,e370364f456d2e27b56f770b66c32f8781737b74dc20fdfb1463103cbe4f6890,X1_FORMAL_CELLS.json,,,,,,,,FVP whole-model PMU,.json,52732,read-only input
platform-sensitivity result,docs/paper/platform_sensitivity/X1_LIMITATIONS.md,dd2114ecc326cd1d6730b77b8c66ff0874c2dfd5a49c509831ff3c989681b2f8,X1_LIMITATIONS.md,,,,,,,,FVP whole-model PMU,.md,1554,read-only input
platform-sensitivity result,docs/paper/platform_sensitivity/X1_META.json,f92117aba8081ebfcba8353ad40153523c38449906ee4fc1927b850e068c3b6b,X1_META.json,,,,,,,,FVP whole-model PMU,.json,1938,read-only input
platform-sensitivity result,docs/paper/platform_sensitivity/X1_PROPOSED_MATRIX.md,e083fc4d072ce67803ba80bb6e5f7ca8a2e29845ff950182cde5b2f62ee5d7e7,X1_PROPOSED_MATRIX.md,,,,,,,,FVP whole-model PMU,.md,3495,read-only input
platform-sensitivity result,docs/paper/platform_sensitivity/X1_RESULTS.md,a19b78b48514b3962fcd2ea4aadb125e47282741bc4f66f59a5f791b17c5848c,X1_RESULTS.md,,,,,,,,FVP whole-model PMU,.md,5324,read-only input
platform-sensitivity result,docs/paper/platform_sensitivity/X1_STRUCTURAL_RESULTS.json,180785c3ab30d29378b826378eabbe2c41779a31ddd80a6aa51379a1ff11bba9,X1_STRUCTURAL_RESULTS.json,,,,,,,,FVP whole-model PMU,.json,26696,read-only input
platform-sensitivity result,docs/paper/platform_sensitivity/X3_LIMITATIONS.md,fd88fae194c94197a55737efb5e9efd7540f5fead01f79b0723d7b77b3931c18,X3_LIMITATIONS.md,,,,,,,,FVP whole-model PMU,.md,1467,read-only input
platform-sensitivity result,docs/paper/platform_sensitivity/X3_MANUSCRIPT_INTEGRATION.md,bbff3697e59e8e745df76977ab01bede5d80a22b641e33e21231ab19e5ea75c1,X3_MANUSCRIPT_INTEGRATION.md,,,,,,,,FVP whole-model PMU,.md,4509,read-only input
platform-sensitivity result,docs/paper/platform_sensitivity/X3_META.json,27ee8f428057c1b783c3c522dce01010ba54f669225cd0a8f88747c1adf0e6c9,X3_META.json,,,,,,,,FVP whole-model PMU,.json,1840,read-only input
platform-sensitivity result,docs/paper/platform_sensitivity/X3_METRIC_QUALIFICATION.csv,e2a4a348d8394db6f610ef82555290422cae3462ed7cda1281e63169c4b30295,X3_METRIC_QUALIFICATION.csv,,,,,,,,FVP whole-model PMU,.csv,1624,read-only input
platform-sensitivity result,docs/paper/platform_sensitivity/X3_METRIC_ROBUSTNESS.md,9a9207e83b93d214927c4135efb78f903c5af6b4d55bf1cdee04989e0621e39e,X3_METRIC_ROBUSTNESS.md,,,,,,,,FVP whole-model PMU,.md,5733,read-only input
platform-sensitivity result,docs/paper/platform_sensitivity/probe_raw/fvp_inventory.json,7711f22ddfb65bf22d1911d0979924af9460710847eb8eb6a201424542cf4840,probe_raw,,,,,,,,FVP whole-model PMU,.json,11970,read-only input
platform-sensitivity result,docs/paper/platform_sensitivity/probe_raw/mac_acceptance.json,7334162122d2e79188775fb963980ba924bd19c7c2839353558e6102be72c39c,probe_raw,,,,,,,,FVP whole-model PMU,.json,1694,read-only input
platform-sensitivity result,docs/paper/platform_sensitivity/probe_raw/vela_memory_matrix.json,6ef869fbaa3914e6c9ceb8e6adf8360ec24730c63f39eb4f4de46880256508ed,probe_raw,,,,,,,,FVP whole-model PMU,.json,2420,read-only input
platform-sensitivity result,docs/paper/platform_sensitivity/probe_raw/vela_options.json,fd059cf80595906a2a85597ee126b0f31f484804b6c0b7842f742a7d7cb3b8e2,probe_raw,,,,,,,,FVP whole-model PMU,.json,548,read-only input
platform-sensitivity result,docs/paper/platform_sensitivity/probe_raw/x0_probe.py,eaa16ac85f4c0167e8a749858858e9603ef3aa5beb5f95b06ceb3041d8bbc9ed,probe_raw,,,,,,,,FVP whole-model PMU,.py,5210,read-only input
platform-sensitivity result,docs/paper/platform_sensitivity/x1_analyzer.py,3231625b173848c9bde1f225483c1a55ba2996649570abb5d8c68fabbf043fa4,x1_analyzer.py,,,,,,,,FVP whole-model PMU,.py,9404,read-only input
platform-sensitivity result,docs/paper/platform_sensitivity/x1_analyzer_test.py,e7673da8646ead943837a28d334211dafe55a75e45b5fab10d26ceef1067e042,x1_analyzer_test.py,,,,,,,,FVP whole-model PMU,.py,6487,read-only input
