set_id,rep,slot,ev_type,name,in_trm110,event_value,event_valid,event_overflow,run_rc,run_valid,invalid_reasons,window_cycles,cycle_valid,valid_flags,golden_crc,board_serial,fpga_image,build_id,authorization,app_sha256,vectors_sha256,ddr_sha256,host_boot_index,captured_at_utc
1,1,0,0,no_event,True,,True,False,1,False,rc_zero;required_flags_ok;golden_ok,7808,1,9,"error: Nack('NACK 11 (cmd 0x40, state RESULT_READY)')",FTDI-00FT46259002B,FI101-r1p0 (109762 v0100),0x504d4558,owner-verbal-2026-09-23,2d1a24adfaf245d8b75a0f6965811af86730e926a411ee3ee14bf813fba804eb,9437774a3d9c63cd86e936f1c57c8a9bd7c5efe8070a4c273ca5c2424120c280,81d37a219a6b4141d0b433796711ab8af2ee2c3c668a28143a3ffe6a574ade98,11,2026-10-06T20:15:08.398084+00:00
1,1,1,17,cycle,True,,True,False,1,False,rc_zero;required_flags_ok;golden_ok,7808,1,9,"error: Nack('NACK 11 (cmd 0x40, state RESULT_READY)')",FTDI-00FT46259002B,FI101-r1p0 (109762 v0100),0x504d4558,owner-verbal-2026-09-23,2d1a24adfaf245d8b75a0f6965811af86730e926a411ee3ee14bf813fba804eb,9437774a3d9c63cd86e936f1c57c8a9bd7c5efe8070a4c273ca5c2424120c280,81d37a219a6b4141d0b433796711ab8af2ee2c3c668a28143a3ffe6a574ade98,11,2026-10-06T20:15:08.398084+00:00
1,1,2,32,npu_idle,True,,True,False,1,False,rc_zero;required_flags_ok;golden_ok,7808,1,9,"error: Nack('NACK 11 (cmd 0x40, state RESULT_READY)')",FTDI-00FT46259002B,FI101-r1p0 (109762 v0100),0x504d4558,owner-verbal-2026-09-23,2d1a24adfaf245d8b75a0f6965811af86730e926a411ee3ee14bf813fba804eb,9437774a3d9c63cd86e936f1c57c8a9bd7c5efe8070a4c273ca5c2424120c280,81d37a219a6b4141d0b433796711ab8af2ee2c3c668a28143a3ffe6a574ade98,11,2026-10-06T20:15:08.398084+00:00
1,1,3,33,cc_stalled_on_blockdep,False,,True,False,1,False,rc_zero;required_flags_ok;golden_ok,7808,1,9,"error: Nack('NACK 11 (cmd 0x40, state RESULT_READY)')",FTDI-00FT46259002B,FI101-r1p0 (109762 v0100),0x504d4558,owner-verbal-2026-09-23,2d1a24adfaf245d8b75a0f6965811af86730e926a411ee3ee14bf813fba804eb,9437774a3d9c63cd86e936f1c57c8a9bd7c5efe8070a4c273ca5c2424120c280,81d37a219a6b4141d0b433796711ab8af2ee2c3c668a28143a3ffe6a574ade98,11,2026-10-06T20:15:08.398084+00:00
1,1,4,35,npu_active,True,,True,False,1,False,rc_zero;required_flags_ok;golden_ok,7808,1,9,"error: Nack('NACK 11 (cmd 0x40, state RESULT_READY)')",FTDI-00FT46259002B,FI101-r1p0 (109762 v0100),0x504d4558,owner-verbal-2026-09-23,2d1a24adfaf245d8b75a0f6965811af86730e926a411ee3ee14bf813fba804eb,9437774a3d9c63cd86e936f1c57c8a9bd7c5efe8070a4c273ca5c2424120c280,81d37a219a6b4141d0b433796711ab8af2ee2c3c668a28143a3ffe6a574ade98,11,2026-10-06T20:15:08.398084+00:00
1,1,5,48,mac_active,True,,True,False,1,False,rc_zero;required_flags_ok;golden_ok,7808,1,9,"error: Nack('NACK 11 (cmd 0x40, state RESULT_READY)')",FTDI-00FT46259002B,FI101-r1p0 (109762 v0100),0x504d4558,owner-verbal-2026-09-23,2d1a24adfaf245d8b75a0f6965811af86730e926a411ee3ee14bf813fba804eb,9437774a3d9c63cd86e936f1c57c8a9bd7c5efe8070a4c273ca5c2424120c280,81d37a219a6b4141d0b433796711ab8af2ee2c3c668a28143a3ffe6a574ade98,11,2026-10-06T20:15:08.398084+00:00
1,1,6,51,mac_dpu_active,True,,True,False,1,False,rc_zero;required_flags_ok;golden_ok,7808,1,9,"error: Nack('NACK 11 (cmd 0x40, state RESULT_READY)')",FTDI-00FT46259002B,FI101-r1p0 (109762 v0100),0x504d4558,owner-verbal-2026-09-23,2d1a24adfaf245d8b75a0f6965811af86730e926a411ee3ee14bf813fba804eb,9437774a3d9c63cd86e936f1c57c8a9bd7c5efe8070a4c273ca5c2424120c280,81d37a219a6b4141d0b433796711ab8af2ee2c3c668a28143a3ffe6a574ade98,11,2026-10-06T20:15:08.398084+00:00
1,1,7,52,mac_stalled_by_w_or_acc,False,,True,False,1,False,rc_zero;required_flags_ok;golden_ok,7808,1,9,"error: Nack('NACK 11 (cmd 0x40, state RESULT_READY)')",FTDI-00FT46259002B,FI101-r1p0 (109762 v0100),0x504d4558,owner-verbal-2026-09-23,2d1a24adfaf245d8b75a0f6965811af86730e926a411ee3ee14bf813fba804eb,9437774a3d9c63cd86e936f1c57c8a9bd7c5efe8070a4c273ca5c2424120c280,81d37a219a6b4141d0b433796711ab8af2ee2c3c668a28143a3ffe6a574ade98,11,2026-10-06T20:15:08.398084+00:00
1,2,0,0,no_event,True,,True,False,1,False,rc_zero;required_flags_ok;golden_ok,3875,1,9,"error: Nack('NACK 11 (cmd 0x40, state RESULT_READY)')",FTDI-00FT46259002B,FI101-r1p0 (109762 v0100),0x504d4558,owner-verbal-2026-09-23,2d1a24adfaf245d8b75a0f6965811af86730e926a411ee3ee14bf813fba804eb,9437774a3d9c63cd86e936f1c57c8a9bd7c5efe8070a4c273ca5c2424120c280,81d37a219a6b4141d0b433796711ab8af2ee2c3c668a28143a3ffe6a574ade98,11,2026-10-06T20:15:08.398084+00:00
1,2,1,17,cycle,True,,True,False,1,False,rc_zero;required_flags_ok;golden_ok,3875,1,9,"error: Nack('NACK 11 (cmd 0x40, state RESULT_READY)')",FTDI-00FT46259002B,FI101-r1p0 (109762 v0100),0x504d4558,owner-verbal-2026-09-23,2d1a24adfaf245d8b75a0f6965811af86730e926a411ee3ee14bf813fba804eb,9437774a3d9c63cd86e936f1c57c8a9bd7c5efe8070a4c273ca5c2424120c280,81d37a219a6b4141d0b433796711ab8af2ee2c3c668a28143a3ffe6a574ade98,11,2026-10-06T20:15:08.398084+00:00
1,2,2,32,npu_idle,True,,True,False,1,False,rc_zero;required_flags_ok;golden_ok,3875,1,9,"error: Nack('NACK 11 (cmd 0x40, state RESULT_READY)')",FTDI-00FT46259002B,FI101-r1p0 (109762 v0100),0x504d4558,owner-verbal-2026-09-23,2d1a24adfaf245d8b75a0f6965811af86730e926a411ee3ee14bf813fba804eb,9437774a3d9c63cd86e936f1c57c8a9bd7c5efe8070a4c273ca5c2424120c280,81d37a219a6b4141d0b433796711ab8af2ee2c3c668a28143a3ffe6a574ade98,11,2026-10-06T20:15:08.398084+00:00
1,2,3,33,cc_stalled_on_blockdep,False,,True,False,1,False,rc_zero;required_flags_ok;golden_ok,3875,1,9,"error: Nack('NACK 11 (cmd 0x40, state RESULT_READY)')",FTDI-00FT46259002B,FI101-r1p0 (109762 v0100),0x504d4558,owner-verbal-2026-09-23,2d1a24adfaf245d8b75a0f6965811af86730e926a411ee3ee14bf813fba804eb,9437774a3d9c63cd86e936f1c57c8a9bd7c5efe8070a4c273ca5c2424120c280,81d37a219a6b4141d0b433796711ab8af2ee2c3c668a28143a3ffe6a574ade98,11,2026-10-06T20:15:08.398084+00:00
1,2,4,35,npu_active,True,,True,False,1,False,rc_zero;required_flags_ok;golden_ok,3875,1,9,"error: Nack('NACK 11 (cmd 0x40, state RESULT_READY)')",FTDI-00FT46259002B,FI101-r1p0 (109762 v0100),0x504d4558,owner-verbal-2026-09-23,2d1a24adfaf245d8b75a0f6965811af86730e926a411ee3ee14bf813fba804eb,9437774a3d9c63cd86e936f1c57c8a9bd7c5efe8070a4c273ca5c2424120c280,81d37a219a6b4141d0b433796711ab8af2ee2c3c668a28143a3ffe6a574ade98,11,2026-10-06T20:15:08.398084+00:00
1,2,5,48,mac_active,True,,True,False,1,False,rc_zero;required_flags_ok;golden_ok,3875,1,9,"error: Nack('NACK 11 (cmd 0x40, state RESULT_READY)')",FTDI-00FT46259002B,FI101-r1p0 (109762 v0100),0x504d4558,owner-verbal-2026-09-23,2d1a24adfaf245d8b75a0f6965811af86730e926a411ee3ee14bf813fba804eb,9437774a3d9c63cd86e936f1c57c8a9bd7c5efe8070a4c273ca5c2424120c280,81d37a219a6b4141d0b433796711ab8af2ee2c3c668a28143a3ffe6a574ade98,11,2026-10-06T20:15:08.398084+00:00
1,2,6,51,mac_dpu_active,True,,True,False,1,False,rc_zero;required_flags_ok;golden_ok,3875,1,9,"error: Nack('NACK 11 (cmd 0x40, state RESULT_READY)')",FTDI-00FT46259002B,FI101-r1p0 (109762 v0100),0x504d4558,owner-verbal-2026-09-23,2d1a24adfaf245d8b75a0f6965811af86730e926a411ee3ee14bf813fba804eb,9437774a3d9c63cd86e936f1c57c8a9bd7c5efe8070a4c273ca5c2424120c280,81d37a219a6b4141d0b433796711ab8af2ee2c3c668a28143a3ffe6a574ade98,11,2026-10-06T20:15:08.398084+00:00
1,2,7,52,mac_stalled_by_w_or_acc,False,,True,False,1,False,rc_zero;required_flags_ok;golden_ok,3875,1,9,"error: Nack('NACK 11 (cmd 0x40, state RESULT_READY)')",FTDI-00FT46259002B,FI101-r1p0 (109762 v0100),0x504d4558,owner-verbal-2026-09-23,2d1a24adfaf245d8b75a0f6965811af86730e926a411ee3ee14bf813fba804eb,9437774a3d9c63cd86e936f1c57c8a9bd7c5efe8070a4c273ca5c2424120c280,81d37a219a6b4141d0b433796711ab8af2ee2c3c668a28143a3ffe6a574ade98,11,2026-10-06T20:15:08.398084+00:00
1,3,0,0,no_event,True,,True,False,1,False,rc_zero;required_flags_ok;golden_ok,5670,1,9,"error: Nack('NACK 11 (cmd 0x40, state RESULT_READY)')",FTDI-00FT46259002B,FI101-r1p0 (109762 v0100),0x504d4558,owner-verbal-2026-09-23,2d1a24adfaf245d8b75a0f6965811af86730e926a411ee3ee14bf813fba804eb,9437774a3d9c63cd86e936f1c57c8a9bd7c5efe8070a4c273ca5c2424120c280,81d37a219a6b4141d0b433796711ab8af2ee2c3c668a28143a3ffe6a574ade98,11,2026-10-06T20:15:08.398084+00:00
1,3,1,17,cycle,True,,True,False,1,False,rc_zero;required_flags_ok;golden_ok,5670,1,9,"error: Nack('NACK 11 (cmd 0x40, state RESULT_READY)')",FTDI-00FT46259002B,FI101-r1p0 (109762 v0100),0x504d4558,owner-verbal-2026-09-23,2d1a24adfaf245d8b75a0f6965811af86730e926a411ee3ee14bf813fba804eb,9437774a3d9c63cd86e936f1c57c8a9bd7c5efe8070a4c273ca5c2424120c280,81d37a219a6b4141d0b433796711ab8af2ee2c3c668a28143a3ffe6a574ade98,11,2026-10-06T20:15:08.398084+00:00
1,3,2,32,npu_idle,True,,True,False,1,False,rc_zero;required_flags_ok;golden_ok,5670,1,9,"error: Nack('NACK 11 (cmd 0x40, state RESULT_READY)')",FTDI-00FT46259002B,FI101-r1p0 (109762 v0100),0x504d4558,owner-verbal-2026-09-23,2d1a24adfaf245d8b75a0f6965811af86730e926a411ee3ee14bf813fba804eb,9437774a3d9c63cd86e936f1c57c8a9bd7c5efe8070a4c273ca5c2424120c280,81d37a219a6b4141d0b433796711ab8af2ee2c3c668a28143a3ffe6a574ade98,11,2026-10-06T20:15:08.398084+00:00
1,3,3,33,cc_stalled_on_blockdep,False,,True,False,1,False,rc_zero;required_flags_ok;golden_ok,5670,1,9,"error: Nack('NACK 11 (cmd 0x40, state RESULT_READY)')",FTDI-00FT46259002B,FI101-r1p0 (109762 v0100),0x504d4558,owner-verbal-2026-09-23,2d1a24adfaf245d8b75a0f6965811af86730e926a411ee3ee14bf813fba804eb,9437774a3d9c63cd86e936f1c57c8a9bd7c5efe8070a4c273ca5c2424120c280,81d37a219a6b4141d0b433796711ab8af2ee2c3c668a28143a3ffe6a574ade98,11,2026-10-06T20:15:08.398084+00:00
1,3,4,35,npu_active,True,,True,False,1,False,rc_zero;required_flags_ok;golden_ok,5670,1,9,"error: Nack('NACK 11 (cmd 0x40, state RESULT_READY)')",FTDI-00FT46259002B,FI101-r1p0 (109762 v0100),0x504d4558,owner-verbal-2026-09-23,2d1a24adfaf245d8b75a0f6965811af86730e926a411ee3ee14bf813fba804eb,9437774a3d9c63cd86e936f1c57c8a9bd7c5efe8070a4c273ca5c2424120c280,81d37a219a6b4141d0b433796711ab8af2ee2c3c668a28143a3ffe6a574ade98,11,2026-10-06T20:15:08.398084+00:00
1,3,5,48,mac_active,True,,True,False,1,False,rc_zero;required_flags_ok;golden_ok,5670,1,9,"error: Nack('NACK 11 (cmd 0x40, state RESULT_READY)')",FTDI-00FT46259002B,FI101-r1p0 (109762 v0100),0x504d4558,owner-verbal-2026-09-23,2d1a24adfaf245d8b75a0f6965811af86730e926a411ee3ee14bf813fba804eb,9437774a3d9c63cd86e936f1c57c8a9bd7c5efe8070a4c273ca5c2424120c280,81d37a219a6b4141d0b433796711ab8af2ee2c3c668a28143a3ffe6a574ade98,11,2026-10-06T20:15:08.398084+00:00
1,3,6,51,mac_dpu_active,True,,True,False,1,False,rc_zero;required_flags_ok;golden_ok,5670,1,9,"error: Nack('NACK 11 (cmd 0x40, state RESULT_READY)')",FTDI-00FT46259002B,FI101-r1p0 (109762 v0100),0x504d4558,owner-verbal-2026-09-23,2d1a24adfaf245d8b75a0f6965811af86730e926a411ee3ee14bf813fba804eb,9437774a3d9c63cd86e936f1c57c8a9bd7c5efe8070a4c273ca5c2424120c280,81d37a219a6b4141d0b433796711ab8af2ee2c3c668a28143a3ffe6a574ade98,11,2026-10-06T20:15:08.398084+00:00
1,3,7,52,mac_stalled_by_w_or_acc,False,,True,False,1,False,rc_zero;required_flags_ok;golden_ok,5670,1,9,"error: Nack('NACK 11 (cmd 0x40, state RESULT_READY)')",FTDI-00FT46259002B,FI101-r1p0 (109762 v0100),0x504d4558,owner-verbal-2026-09-23,2d1a24adfaf245d8b75a0f6965811af86730e926a411ee3ee14bf813fba804eb,9437774a3d9c63cd86e936f1c57c8a9bd7c5efe8070a4c273ca5c2424120c280,81d37a219a6b4141d0b433796711ab8af2ee2c3c668a28143a3ffe6a574ade98,11,2026-10-06T20:15:08.398084+00:00
2,1,0,53,mac_stalled_by_w,False,,True,False,1,False,rc_zero;required_flags_ok;golden_ok,3864,1,9,"error: Nack('NACK 11 (cmd 0x40, state RESULT_READY)')",FTDI-00FT46259002B,FI101-r1p0 (109762 v0100),0x504d4558,owner-verbal-2026-09-23,2d1a24adfaf245d8b75a0f6965811af86730e926a411ee3ee14bf813fba804eb,9437774a3d9c63cd86e936f1c57c8a9bd7c5efe8070a4c273ca5c2424120c280,81d37a219a6b4141d0b433796711ab8af2ee2c3c668a28143a3ffe6a574ade98,11,2026-10-06T20:15:08.398084+00:00
2,1,1,54,mac_stalled_by_acc,False,,True,False,1,False,rc_zero;required_flags_ok;golden_ok,3864,1,9,"error: Nack('NACK 11 (cmd 0x40, state RESULT_READY)')",FTDI-00FT46259002B,FI101-r1p0 (109762 v0100),0x504d4558,owner-verbal-2026-09-23,2d1a24adfaf245d8b75a0f6965811af86730e926a411ee3ee14bf813fba804eb,9437774a3d9c63cd86e936f1c57c8a9bd7c5efe8070a4c273ca5c2424120c280,81d37a219a6b4141d0b433796711ab8af2ee2c3c668a28143a3ffe6a574ade98,11,2026-10-06T20:15:08.398084+00:00
2,1,2,55,mac_stalled_by_ib,False,,True,False,1,False,rc_zero;required_flags_ok;golden_ok,3864,1,9,"error: Nack('NACK 11 (cmd 0x40, state RESULT_READY)')",FTDI-00FT46259002B,FI101-r1p0 (109762 v0100),0x504d4558,owner-verbal-2026-09-23,2d1a24adfaf245d8b75a0f6965811af86730e926a411ee3ee14bf813fba804eb,9437774a3d9c63cd86e936f1c57c8a9bd7c5efe8070a4c273ca5c2424120c280,81d37a219a6b4141d0b433796711ab8af2ee2c3c668a28143a3ffe6a574ade98,11,2026-10-06T20:15:08.398084+00:00
2,1,3,64,ao_active,True,,True,False,1,False,rc_zero;required_flags_ok;golden_ok,3864,1,9,"error: Nack('NACK 11 (cmd 0x40, state RESULT_READY)')",FTDI-00FT46259002B,FI101-r1p0 (109762 v0100),0x504d4558,owner-verbal-2026-09-23,2d1a24adfaf245d8b75a0f6965811af86730e926a411ee3ee14bf813fba804eb,9437774a3d9c63cd86e936f1c57c8a9bd7c5efe8070a4c273ca5c2424120c280,81d37a219a6b4141d0b433796711ab8af2ee2c3c668a28143a3ffe6a574ade98,11,2026-10-06T20:15:08.398084+00:00
2,1,4,67,ao_stalled_by_bs_or_ob,False,,True,False,1,False,rc_zero;required_flags_ok;golden_ok,3864,1,9,"error: Nack('NACK 11 (cmd 0x40, state RESULT_READY)')",FTDI-00FT46259002B,FI101-r1p0 (109762 v0100),0x504d4558,owner-verbal-2026-09-23,2d1a24adfaf245d8b75a0f6965811af86730e926a411ee3ee14bf813fba804eb,9437774a3d9c63cd86e936f1c57c8a9bd7c5efe8070a4c273ca5c2424120c280,81d37a219a6b4141d0b433796711ab8af2ee2c3c668a28143a3ffe6a574ade98,11,2026-10-06T20:15:08.398084+00:00
2,1,5,68,ao_stalled_by_bs,False,,True,False,1,False,rc_zero;required_flags_ok;golden_ok,3864,1,9,"error: Nack('NACK 11 (cmd 0x40, state RESULT_READY)')",FTDI-00FT46259002B,FI101-r1p0 (109762 v0100),0x504d4558,owner-verbal-2026-09-23,2d1a24adfaf245d8b75a0f6965811af86730e926a411ee3ee14bf813fba804eb,9437774a3d9c63cd86e936f1c57c8a9bd7c5efe8070a4c273ca5c2424120c280,81d37a219a6b4141d0b433796711ab8af2ee2c3c668a28143a3ffe6a574ade98,11,2026-10-06T20:15:08.398084+00:00
2,1,6,69,ao_stalled_by_ob,False,,True,False,1,False,rc_zero;required_flags_ok;golden_ok,3864,1,9,"error: Nack('NACK 11 (cmd 0x40, state RESULT_READY)')",FTDI-00FT46259002B,FI101-r1p0 (109762 v0100),0x504d4558,owner-verbal-2026-09-23,2d1a24adfaf245d8b75a0f6965811af86730e926a411ee3ee14bf813fba804eb,9437774a3d9c63cd86e936f1c57c8a9bd7c5efe8070a4c273ca5c2424120c280,81d37a219a6b4141d0b433796711ab8af2ee2c3c668a28143a3ffe6a574ade98,11,2026-10-06T20:15:08.398084+00:00
2,1,7,70,ao_stalled_by_ab_or_cb,False,,True,False,1,False,rc_zero;required_flags_ok;golden_ok,3864,1,9,"error: Nack('NACK 11 (cmd 0x40, state RESULT_READY)')",FTDI-00FT46259002B,FI101-r1p0 (109762 v0100),0x504d4558,owner-verbal-2026-09-23,2d1a24adfaf245d8b75a0f6965811af86730e926a411ee3ee14bf813fba804eb,9437774a3d9c63cd86e936f1c57c8a9bd7c5efe8070a4c273ca5c2424120c280,81d37a219a6b4141d0b433796711ab8af2ee2c3c668a28143a3ffe6a574ade98,11,2026-10-06T20:15:08.398084+00:00
2,2,0,53,mac_stalled_by_w,False,,True,False,1,False,rc_zero;required_flags_ok;golden_ok,4313,1,9,"error: Nack('NACK 11 (cmd 0x40, state RESULT_READY)')",FTDI-00FT46259002B,FI101-r1p0 (109762 v0100),0x504d4558,owner-verbal-2026-09-23,2d1a24adfaf245d8b75a0f6965811af86730e926a411ee3ee14bf813fba804eb,9437774a3d9c63cd86e936f1c57c8a9bd7c5efe8070a4c273ca5c2424120c280,81d37a219a6b4141d0b433796711ab8af2ee2c3c668a28143a3ffe6a574ade98,11,2026-10-06T20:15:08.398084+00:00
2,2,1,54,mac_stalled_by_acc,False,,True,False,1,False,rc_zero;required_flags_ok;golden_ok,4313,1,9,"error: Nack('NACK 11 (cmd 0x40, state RESULT_READY)')",FTDI-00FT46259002B,FI101-r1p0 (109762 v0100),0x504d4558,owner-verbal-2026-09-23,2d1a24adfaf245d8b75a0f6965811af86730e926a411ee3ee14bf813fba804eb,9437774a3d9c63cd86e936f1c57c8a9bd7c5efe8070a4c273ca5c2424120c280,81d37a219a6b4141d0b433796711ab8af2ee2c3c668a28143a3ffe6a574ade98,11,2026-10-06T20:15:08.398084+00:00
2,2,2,55,mac_stalled_by_ib,False,,True,False,1,False,rc_zero;required_flags_ok;golden_ok,4313,1,9,"error: Nack('NACK 11 (cmd 0x40, state RESULT_READY)')",FTDI-00FT46259002B,FI101-r1p0 (109762 v0100),0x504d4558,owner-verbal-2026-09-23,2d1a24adfaf245d8b75a0f6965811af86730e926a411ee3ee14bf813fba804eb,9437774a3d9c63cd86e936f1c57c8a9bd7c5efe8070a4c273ca5c2424120c280,81d37a219a6b4141d0b433796711ab8af2ee2c3c668a28143a3ffe6a574ade98,11,2026-10-06T20:15:08.398084+00:00
2,2,3,64,ao_active,True,,True,False,1,False,rc_zero;required_flags_ok;golden_ok,4313,1,9,"error: Nack('NACK 11 (cmd 0x40, state RESULT_READY)')",FTDI-00FT46259002B,FI101-r1p0 (109762 v0100),0x504d4558,owner-verbal-2026-09-23,2d1a24adfaf245d8b75a0f6965811af86730e926a411ee3ee14bf813fba804eb,9437774a3d9c63cd86e936f1c57c8a9bd7c5efe8070a4c273ca5c2424120c280,81d37a219a6b4141d0b433796711ab8af2ee2c3c668a28143a3ffe6a574ade98,11,2026-10-06T20:15:08.398084+00:00
2,2,4,67,ao_stalled_by_bs_or_ob,False,,True,False,1,False,rc_zero;required_flags_ok;golden_ok,4313,1,9,"error: Nack('NACK 11 (cmd 0x40, state RESULT_READY)')",FTDI-00FT46259002B,FI101-r1p0 (109762 v0100),0x504d4558,owner-verbal-2026-09-23,2d1a24adfaf245d8b75a0f6965811af86730e926a411ee3ee14bf813fba804eb,9437774a3d9c63cd86e936f1c57c8a9bd7c5efe8070a4c273ca5c2424120c280,81d37a219a6b4141d0b433796711ab8af2ee2c3c668a28143a3ffe6a574ade98,11,2026-10-06T20:15:08.398084+00:00
2,2,5,68,ao_stalled_by_bs,False,,True,False,1,False,rc_zero;required_flags_ok;golden_ok,4313,1,9,"error: Nack('NACK 11 (cmd 0x40, state RESULT_READY)')",FTDI-00FT46259002B,FI101-r1p0 (109762 v0100),0x504d4558,owner-verbal-2026-09-23,2d1a24adfaf245d8b75a0f6965811af86730e926a411ee3ee14bf813fba804eb,9437774a3d9c63cd86e936f1c57c8a9bd7c5efe8070a4c273ca5c2424120c280,81d37a219a6b4141d0b433796711ab8af2ee2c3c668a28143a3ffe6a574ade98,11,2026-10-06T20:15:08.398084+00:00
2,2,6,69,ao_stalled_by_ob,False,,True,False,1,False,rc_zero;required_flags_ok;golden_ok,4313,1,9,"error: Nack('NACK 11 (cmd 0x40, state RESULT_READY)')",FTDI-00FT46259002B,FI101-r1p0 (109762 v0100),0x504d4558,owner-verbal-2026-09-23,2d1a24adfaf245d8b75a0f6965811af86730e926a411ee3ee14bf813fba804eb,9437774a3d9c63cd86e936f1c57c8a9bd7c5efe8070a4c273ca5c2424120c280,81d37a219a6b4141d0b433796711ab8af2ee2c3c668a28143a3ffe6a574ade98,11,2026-10-06T20:15:08.398084+00:00
2,2,7,70,ao_stalled_by_ab_or_cb,False,,True,False,1,False,rc_zero;required_flags_ok;golden_ok,4313,1,9,"error: Nack('NACK 11 (cmd 0x40, state RESULT_READY)')",FTDI-00FT46259002B,FI101-r1p0 (109762 v0100),0x504d4558,owner-verbal-2026-09-23,2d1a24adfaf245d8b75a0f6965811af86730e926a411ee3ee14bf813fba804eb,9437774a3d9c63cd86e936f1c57c8a9bd7c5efe8070a4c273ca5c2424120c280,81d37a219a6b4141d0b433796711ab8af2ee2c3c668a28143a3ffe6a574ade98,11,2026-10-06T20:15:08.398084+00:00
2,3,0,53,mac_stalled_by_w,False,,True,False,1,False,rc_zero;required_flags_ok;golden_ok,3875,1,9,"error: Nack('NACK 11 (cmd 0x40, state RESULT_READY)')",FTDI-00FT46259002B,FI101-r1p0 (109762 v0100),0x504d4558,owner-verbal-2026-09-23,2d1a24adfaf245d8b75a0f6965811af86730e926a411ee3ee14bf813fba804eb,9437774a3d9c63cd86e936f1c57c8a9bd7c5efe8070a4c273ca5c2424120c280,81d37a219a6b4141d0b433796711ab8af2ee2c3c668a28143a3ffe6a574ade98,11,2026-10-06T20:15:08.398084+00:00
2,3,1,54,mac_stalled_by_acc,False,,True,False,1,False,rc_zero;required_flags_ok;golden_ok,3875,1,9,"error: Nack('NACK 11 (cmd 0x40, state RESULT_READY)')",FTDI-00FT46259002B,FI101-r1p0 (109762 v0100),0x504d4558,owner-verbal-2026-09-23,2d1a24adfaf245d8b75a0f6965811af86730e926a411ee3ee14bf813fba804eb,9437774a3d9c63cd86e936f1c57c8a9bd7c5efe8070a4c273ca5c2424120c280,81d37a219a6b4141d0b433796711ab8af2ee2c3c668a28143a3ffe6a574ade98,11,2026-10-06T20:15:08.398084+00:00
2,3,2,55,mac_stalled_by_ib,False,,True,False,1,False,rc_zero;required_flags_ok;golden_ok,3875,1,9,"error: Nack('NACK 11 (cmd 0x40, state RESULT_READY)')",FTDI-00FT46259002B,FI101-r1p0 (109762 v0100),0x504d4558,owner-verbal-2026-09-23,2d1a24adfaf245d8b75a0f6965811af86730e926a411ee3ee14bf813fba804eb,9437774a3d9c63cd86e936f1c57c8a9bd7c5efe8070a4c273ca5c2424120c280,81d37a219a6b4141d0b433796711ab8af2ee2c3c668a28143a3ffe6a574ade98,11,2026-10-06T20:15:08.398084+00:00
2,3,3,64,ao_active,True,,True,False,1,False,rc_zero;required_flags_ok;golden_ok,3875,1,9,"error: Nack('NACK 11 (cmd 0x40, state RESULT_READY)')",FTDI-00FT46259002B,FI101-r1p0 (109762 v0100),0x504d4558,owner-verbal-2026-09-23,2d1a24adfaf245d8b75a0f6965811af86730e926a411ee3ee14bf813fba804eb,9437774a3d9c63cd86e936f1c57c8a9bd7c5efe8070a4c273ca5c2424120c280,81d37a219a6b4141d0b433796711ab8af2ee2c3c668a28143a3ffe6a574ade98,11,2026-10-06T20:15:08.398084+00:00
2,3,4,67,ao_stalled_by_bs_or_ob,False,,True,False,1,False,rc_zero;required_flags_ok;golden_ok,3875,1,9,"error: Nack('NACK 11 (cmd 0x40, state RESULT_READY)')",FTDI-00FT46259002B,FI101-r1p0 (109762 v0100),0x504d4558,owner-verbal-2026-09-23,2d1a24adfaf245d8b75a0f6965811af86730e926a411ee3ee14bf813fba804eb,9437774a3d9c63cd86e936f1c57c8a9bd7c5efe8070a4c273ca5c2424120c280,81d37a219a6b4141d0b433796711ab8af2ee2c3c668a28143a3ffe6a574ade98,11,2026-10-06T20:15:08.398084+00:00
2,3,5,68,ao_stalled_by_bs,False,,True,False,1,False,rc_zero;required_flags_ok;golden_ok,3875,1,9,"error: Nack('NACK 11 (cmd 0x40, state RESULT_READY)')",FTDI-00FT46259002B,FI101-r1p0 (109762 v0100),0x504d4558,owner-verbal-2026-09-23,2d1a24adfaf245d8b75a0f6965811af86730e926a411ee3ee14bf813fba804eb,9437774a3d9c63cd86e936f1c57c8a9bd7c5efe8070a4c273ca5c2424120c280,81d37a219a6b4141d0b433796711ab8af2ee2c3c668a28143a3ffe6a574ade98,11,2026-10-06T20:15:08.398084+00:00
2,3,6,69,ao_stalled_by_ob,False,,True,False,1,False,rc_zero;required_flags_ok;golden_ok,3875,1,9,"error: Nack('NACK 11 (cmd 0x40, state RESULT_READY)')",FTDI-00FT46259002B,FI101-r1p0 (109762 v0100),0x504d4558,owner-verbal-2026-09-23,2d1a24adfaf245d8b75a0f6965811af86730e926a411ee3ee14bf813fba804eb,9437774a3d9c63cd86e936f1c57c8a9bd7c5efe8070a4c273ca5c2424120c280,81d37a219a6b4141d0b433796711ab8af2ee2c3c668a28143a3ffe6a574ade98,11,2026-10-06T20:15:08.398084+00:00
2,3,7,70,ao_stalled_by_ab_or_cb,False,,True,False,1,False,rc_zero;required_flags_ok;golden_ok,3875,1,9,"error: Nack('NACK 11 (cmd 0x40, state RESULT_READY)')",FTDI-00FT46259002B,FI101-r1p0 (109762 v0100),0x504d4558,owner-verbal-2026-09-23,2d1a24adfaf245d8b75a0f6965811af86730e926a411ee3ee14bf813fba804eb,9437774a3d9c63cd86e936f1c57c8a9bd7c5efe8070a4c273ca5c2424120c280,81d37a219a6b4141d0b433796711ab8af2ee2c3c668a28143a3ffe6a574ade98,11,2026-10-06T20:15:08.398084+00:00
3,1,0,71,ao_stalled_by_ab,False,,True,False,1,False,rc_zero;required_flags_ok;golden_ok,3864,1,9,"error: Nack('NACK 11 (cmd 0x40, state RESULT_READY)')",FTDI-00FT46259002B,FI101-r1p0 (109762 v0100),0x504d4558,owner-verbal-2026-09-23,2d1a24adfaf245d8b75a0f6965811af86730e926a411ee3ee14bf813fba804eb,9437774a3d9c63cd86e936f1c57c8a9bd7c5efe8070a4c273ca5c2424120c280,81d37a219a6b4141d0b433796711ab8af2ee2c3c668a28143a3ffe6a574ade98,11,2026-10-06T20:15:08.398084+00:00
3,1,1,72,ao_stalled_by_cb,False,,True,False,1,False,rc_zero;required_flags_ok;golden_ok,3864,1,9,"error: Nack('NACK 11 (cmd 0x40, state RESULT_READY)')",FTDI-00FT46259002B,FI101-r1p0 (109762 v0100),0x504d4558,owner-verbal-2026-09-23,2d1a24adfaf245d8b75a0f6965811af86730e926a411ee3ee14bf813fba804eb,9437774a3d9c63cd86e936f1c57c8a9bd7c5efe8070a4c273ca5c2424120c280,81d37a219a6b4141d0b433796711ab8af2ee2c3c668a28143a3ffe6a574ade98,11,2026-10-06T20:15:08.398084+00:00
3,1,2,80,wd_active,True,,True,False,1,False,rc_zero;required_flags_ok;golden_ok,3864,1,9,"error: Nack('NACK 11 (cmd 0x40, state RESULT_READY)')",FTDI-00FT46259002B,FI101-r1p0 (109762 v0100),0x504d4558,owner-verbal-2026-09-23,2d1a24adfaf245d8b75a0f6965811af86730e926a411ee3ee14bf813fba804eb,9437774a3d9c63cd86e936f1c57c8a9bd7c5efe8070a4c273ca5c2424120c280,81d37a219a6b4141d0b433796711ab8af2ee2c3c668a28143a3ffe6a574ade98,11,2026-10-06T20:15:08.398084+00:00
3,1,3,81,wd_stalled,True,,True,False,1,False,rc_zero;required_flags_ok;golden_ok,3864,1,9,"error: Nack('NACK 11 (cmd 0x40, state RESULT_READY)')",FTDI-00FT46259002B,FI101-r1p0 (109762 v0100),0x504d4558,owner-verbal-2026-09-23,2d1a24adfaf245d8b75a0f6965811af86730e926a411ee3ee14bf813fba804eb,9437774a3d9c63cd86e936f1c57c8a9bd7c5efe8070a4c273ca5c2424120c280,81d37a219a6b4141d0b433796711ab8af2ee2c3c668a28143a3ffe6a574ade98,11,2026-10-06T20:15:08.398084+00:00
3,1,4,83,wd_stalled_by_wd_buf,False,,True,False,1,False,rc_zero;required_flags_ok;golden_ok,3864,1,9,"error: Nack('NACK 11 (cmd 0x40, state RESULT_READY)')",FTDI-00FT46259002B,FI101-r1p0 (109762 v0100),0x504d4558,owner-verbal-2026-09-23,2d1a24adfaf245d8b75a0f6965811af86730e926a411ee3ee14bf813fba804eb,9437774a3d9c63cd86e936f1c57c8a9bd7c5efe8070a4c273ca5c2424120c280,81d37a219a6b4141d0b433796711ab8af2ee2c3c668a28143a3ffe6a574ade98,11,2026-10-06T20:15:08.398084+00:00
3,1,5,84,wd_stalled_by_ws_fc,False,,True,False,1,False,rc_zero;required_flags_ok;golden_ok,3864,1,9,"error: Nack('NACK 11 (cmd 0x40, state RESULT_READY)')",FTDI-00FT46259002B,FI101-r1p0 (109762 v0100),0x504d4558,owner-verbal-2026-09-23,2d1a24adfaf245d8b75a0f6965811af86730e926a411ee3ee14bf813fba804eb,9437774a3d9c63cd86e936f1c57c8a9bd7c5efe8070a4c273ca5c2424120c280,81d37a219a6b4141d0b433796711ab8af2ee2c3c668a28143a3ffe6a574ade98,11,2026-10-06T20:15:08.398084+00:00
3,1,6,85,wd_stalled_by_ws_tc,False,,True,False,1,False,rc_zero;required_flags_ok;golden_ok,3864,1,9,"error: Nack('NACK 11 (cmd 0x40, state RESULT_READY)')",FTDI-00FT46259002B,FI101-r1p0 (109762 v0100),0x504d4558,owner-verbal-2026-09-23,2d1a24adfaf245d8b75a0f6965811af86730e926a411ee3ee14bf813fba804eb,9437774a3d9c63cd86e936f1c57c8a9bd7c5efe8070a4c273ca5c2424120c280,81d37a219a6b4141d0b433796711ab8af2ee2c3c668a28143a3ffe6a574ade98,11,2026-10-06T20:15:08.398084+00:00
3,1,7,89,wd_trans_wblk,False,,True,False,1,False,rc_zero;required_flags_ok;golden_ok,3864,1,9,"error: Nack('NACK 11 (cmd 0x40, state RESULT_READY)')",FTDI-00FT46259002B,FI101-r1p0 (109762 v0100),0x504d4558,owner-verbal-2026-09-23,2d1a24adfaf245d8b75a0f6965811af86730e926a411ee3ee14bf813fba804eb,9437774a3d9c63cd86e936f1c57c8a9bd7c5efe8070a4c273ca5c2424120c280,81d37a219a6b4141d0b433796711ab8af2ee2c3c668a28143a3ffe6a574ade98,11,2026-10-06T20:15:08.398084+00:00
3,2,0,71,ao_stalled_by_ab,False,,True,False,1,False,rc_zero;required_flags_ok;golden_ok,5014,1,9,"error: Nack('NACK 11 (cmd 0x40, state RESULT_READY)')",FTDI-00FT46259002B,FI101-r1p0 (109762 v0100),0x504d4558,owner-verbal-2026-09-23,2d1a24adfaf245d8b75a0f6965811af86730e926a411ee3ee14bf813fba804eb,9437774a3d9c63cd86e936f1c57c8a9bd7c5efe8070a4c273ca5c2424120c280,81d37a219a6b4141d0b433796711ab8af2ee2c3c668a28143a3ffe6a574ade98,11,2026-10-06T20:15:08.398084+00:00
3,2,1,72,ao_stalled_by_cb,False,,True,False,1,False,rc_zero;required_flags_ok;golden_ok,5014,1,9,"error: Nack('NACK 11 (cmd 0x40, state RESULT_READY)')",FTDI-00FT46259002B,FI101-r1p0 (109762 v0100),0x504d4558,owner-verbal-2026-09-23,2d1a24adfaf245d8b75a0f6965811af86730e926a411ee3ee14bf813fba804eb,9437774a3d9c63cd86e936f1c57c8a9bd7c5efe8070a4c273ca5c2424120c280,81d37a219a6b4141d0b433796711ab8af2ee2c3c668a28143a3ffe6a574ade98,11,2026-10-06T20:15:08.398084+00:00
3,2,2,80,wd_active,True,,True,False,1,False,rc_zero;required_flags_ok;golden_ok,5014,1,9,"error: Nack('NACK 11 (cmd 0x40, state RESULT_READY)')",FTDI-00FT46259002B,FI101-r1p0 (109762 v0100),0x504d4558,owner-verbal-2026-09-23,2d1a24adfaf245d8b75a0f6965811af86730e926a411ee3ee14bf813fba804eb,9437774a3d9c63cd86e936f1c57c8a9bd7c5efe8070a4c273ca5c2424120c280,81d37a219a6b4141d0b433796711ab8af2ee2c3c668a28143a3ffe6a574ade98,11,2026-10-06T20:15:08.398084+00:00
3,2,3,81,wd_stalled,True,,True,False,1,False,rc_zero;required_flags_ok;golden_ok,5014,1,9,"error: Nack('NACK 11 (cmd 0x40, state RESULT_READY)')",FTDI-00FT46259002B,FI101-r1p0 (109762 v0100),0x504d4558,owner-verbal-2026-09-23,2d1a24adfaf245d8b75a0f6965811af86730e926a411ee3ee14bf813fba804eb,9437774a3d9c63cd86e936f1c57c8a9bd7c5efe8070a4c273ca5c2424120c280,81d37a219a6b4141d0b433796711ab8af2ee2c3c668a28143a3ffe6a574ade98,11,2026-10-06T20:15:08.398084+00:00
3,2,4,83,wd_stalled_by_wd_buf,False,,True,False,1,False,rc_zero;required_flags_ok;golden_ok,5014,1,9,"error: Nack('NACK 11 (cmd 0x40, state RESULT_READY)')",FTDI-00FT46259002B,FI101-r1p0 (109762 v0100),0x504d4558,owner-verbal-2026-09-23,2d1a24adfaf245d8b75a0f6965811af86730e926a411ee3ee14bf813fba804eb,9437774a3d9c63cd86e936f1c57c8a9bd7c5efe8070a4c273ca5c2424120c280,81d37a219a6b4141d0b433796711ab8af2ee2c3c668a28143a3ffe6a574ade98,11,2026-10-06T20:15:08.398084+00:00
3,2,5,84,wd_stalled_by_ws_fc,False,,True,False,1,False,rc_zero;required_flags_ok;golden_ok,5014,1,9,"error: Nack('NACK 11 (cmd 0x40, state RESULT_READY)')",FTDI-00FT46259002B,FI101-r1p0 (109762 v0100),0x504d4558,owner-verbal-2026-09-23,2d1a24adfaf245d8b75a0f6965811af86730e926a411ee3ee14bf813fba804eb,9437774a3d9c63cd86e936f1c57c8a9bd7c5efe8070a4c273ca5c2424120c280,81d37a219a6b4141d0b433796711ab8af2ee2c3c668a28143a3ffe6a574ade98,11,2026-10-06T20:15:08.398084+00:00
3,2,6,85,wd_stalled_by_ws_tc,False,,True,False,1,False,rc_zero;required_flags_ok;golden_ok,5014,1,9,"error: Nack('NACK 11 (cmd 0x40, state RESULT_READY)')",FTDI-00FT46259002B,FI101-r1p0 (109762 v0100),0x504d4558,owner-verbal-2026-09-23,2d1a24adfaf245d8b75a0f6965811af86730e926a411ee3ee14bf813fba804eb,9437774a3d9c63cd86e936f1c57c8a9bd7c5efe8070a4c273ca5c2424120c280,81d37a219a6b4141d0b433796711ab8af2ee2c3c668a28143a3ffe6a574ade98,11,2026-10-06T20:15:08.398084+00:00
3,2,7,89,wd_trans_wblk,False,,True,False,1,False,rc_zero;required_flags_ok;golden_ok,5014,1,9,"error: Nack('NACK 11 (cmd 0x40, state RESULT_READY)')",FTDI-00FT46259002B,FI101-r1p0 (109762 v0100),0x504d4558,owner-verbal-2026-09-23,2d1a24adfaf245d8b75a0f6965811af86730e926a411ee3ee14bf813fba804eb,9437774a3d9c63cd86e936f1c57c8a9bd7c5efe8070a4c273ca5c2424120c280,81d37a219a6b4141d0b433796711ab8af2ee2c3c668a28143a3ffe6a574ade98,11,2026-10-06T20:15:08.398084+00:00
3,3,0,71,ao_stalled_by_ab,False,,True,False,1,False,rc_zero;required_flags_ok;golden_ok,3875,1,9,"error: Nack('NACK 11 (cmd 0x40, state RESULT_READY)')",FTDI-00FT46259002B,FI101-r1p0 (109762 v0100),0x504d4558,owner-verbal-2026-09-23,2d1a24adfaf245d8b75a0f6965811af86730e926a411ee3ee14bf813fba804eb,9437774a3d9c63cd86e936f1c57c8a9bd7c5efe8070a4c273ca5c2424120c280,81d37a219a6b4141d0b433796711ab8af2ee2c3c668a28143a3ffe6a574ade98,11,2026-10-06T20:15:08.398084+00:00
3,3,1,72,ao_stalled_by_cb,False,,True,False,1,False,rc_zero;required_flags_ok;golden_ok,3875,1,9,"error: Nack('NACK 11 (cmd 0x40, state RESULT_READY)')",FTDI-00FT46259002B,FI101-r1p0 (109762 v0100),0x504d4558,owner-verbal-2026-09-23,2d1a24adfaf245d8b75a0f6965811af86730e926a411ee3ee14bf813fba804eb,9437774a3d9c63cd86e936f1c57c8a9bd7c5efe8070a4c273ca5c2424120c280,81d37a219a6b4141d0b433796711ab8af2ee2c3c668a28143a3ffe6a574ade98,11,2026-10-06T20:15:08.398084+00:00
3,3,2,80,wd_active,True,,True,False,1,False,rc_zero;required_flags_ok;golden_ok,3875,1,9,"error: Nack('NACK 11 (cmd 0x40, state RESULT_READY)')",FTDI-00FT46259002B,FI101-r1p0 (109762 v0100),0x504d4558,owner-verbal-2026-09-23,2d1a24adfaf245d8b75a0f6965811af86730e926a411ee3ee14bf813fba804eb,9437774a3d9c63cd86e936f1c57c8a9bd7c5efe8070a4c273ca5c2424120c280,81d37a219a6b4141d0b433796711ab8af2ee2c3c668a28143a3ffe6a574ade98,11,2026-10-06T20:15:08.398084+00:00
3,3,3,81,wd_stalled,True,,True,False,1,False,rc_zero;required_flags_ok;golden_ok,3875,1,9,"error: Nack('NACK 11 (cmd 0x40, state RESULT_READY)')",FTDI-00FT46259002B,FI101-r1p0 (109762 v0100),0x504d4558,owner-verbal-2026-09-23,2d1a24adfaf245d8b75a0f6965811af86730e926a411ee3ee14bf813fba804eb,9437774a3d9c63cd86e936f1c57c8a9bd7c5efe8070a4c273ca5c2424120c280,81d37a219a6b4141d0b433796711ab8af2ee2c3c668a28143a3ffe6a574ade98,11,2026-10-06T20:15:08.398084+00:00
3,3,4,83,wd_stalled_by_wd_buf,False,,True,False,1,False,rc_zero;required_flags_ok;golden_ok,3875,1,9,"error: Nack('NACK 11 (cmd 0x40, state RESULT_READY)')",FTDI-00FT46259002B,FI101-r1p0 (109762 v0100),0x504d4558,owner-verbal-2026-09-23,2d1a24adfaf245d8b75a0f6965811af86730e926a411ee3ee14bf813fba804eb,9437774a3d9c63cd86e936f1c57c8a9bd7c5efe8070a4c273ca5c2424120c280,81d37a219a6b4141d0b433796711ab8af2ee2c3c668a28143a3ffe6a574ade98,11,2026-10-06T20:15:08.398084+00:00
3,3,5,84,wd_stalled_by_ws_fc,False,,True,False,1,False,rc_zero;required_flags_ok;golden_ok,3875,1,9,"error: Nack('NACK 11 (cmd 0x40, state RESULT_READY)')",FTDI-00FT46259002B,FI101-r1p0 (109762 v0100),0x504d4558,owner-verbal-2026-09-23,2d1a24adfaf245d8b75a0f6965811af86730e926a411ee3ee14bf813fba804eb,9437774a3d9c63cd86e936f1c57c8a9bd7c5efe8070a4c273ca5c2424120c280,81d37a219a6b4141d0b433796711ab8af2ee2c3c668a28143a3ffe6a574ade98,11,2026-10-06T20:15:08.398084+00:00
3,3,6,85,wd_stalled_by_ws_tc,False,,True,False,1,False,rc_zero;required_flags_ok;golden_ok,3875,1,9,"error: Nack('NACK 11 (cmd 0x40, state RESULT_READY)')",FTDI-00FT46259002B,FI101-r1p0 (109762 v0100),0x504d4558,owner-verbal-2026-09-23,2d1a24adfaf245d8b75a0f6965811af86730e926a411ee3ee14bf813fba804eb,9437774a3d9c63cd86e936f1c57c8a9bd7c5efe8070a4c273ca5c2424120c280,81d37a219a6b4141d0b433796711ab8af2ee2c3c668a28143a3ffe6a574ade98,11,2026-10-06T20:15:08.398084+00:00
3,3,7,89,wd_trans_wblk,False,,True,False,1,False,rc_zero;required_flags_ok;golden_ok,3875,1,9,"error: Nack('NACK 11 (cmd 0x40, state RESULT_READY)')",FTDI-00FT46259002B,FI101-r1p0 (109762 v0100),0x504d4558,owner-verbal-2026-09-23,2d1a24adfaf245d8b75a0f6965811af86730e926a411ee3ee14bf813fba804eb,9437774a3d9c63cd86e936f1c57c8a9bd7c5efe8070a4c273ca5c2424120c280,81d37a219a6b4141d0b433796711ab8af2ee2c3c668a28143a3ffe6a574ade98,11,2026-10-06T20:15:08.398084+00:00
4,1,0,90,wd_trans_ws_fc,False,,True,False,1,False,rc_zero;required_flags_ok;golden_ok,3864,1,9,"error: Nack('NACK 11 (cmd 0x40, state RESULT_READY)')",FTDI-00FT46259002B,FI101-r1p0 (109762 v0100),0x504d4558,owner-verbal-2026-09-23,2d1a24adfaf245d8b75a0f6965811af86730e926a411ee3ee14bf813fba804eb,9437774a3d9c63cd86e936f1c57c8a9bd7c5efe8070a4c273ca5c2424120c280,81d37a219a6b4141d0b433796711ab8af2ee2c3c668a28143a3ffe6a574ade98,11,2026-10-06T20:15:08.398084+00:00
4,1,1,91,wd_trans_ws_tc,False,,True,False,1,False,rc_zero;required_flags_ok;golden_ok,3864,1,9,"error: Nack('NACK 11 (cmd 0x40, state RESULT_READY)')",FTDI-00FT46259002B,FI101-r1p0 (109762 v0100),0x504d4558,owner-verbal-2026-09-23,2d1a24adfaf245d8b75a0f6965811af86730e926a411ee3ee14bf813fba804eb,9437774a3d9c63cd86e936f1c57c8a9bd7c5efe8070a4c273ca5c2424120c280,81d37a219a6b4141d0b433796711ab8af2ee2c3c668a28143a3ffe6a574ade98,11,2026-10-06T20:15:08.398084+00:00
4,1,2,96,wd_stalled_by_ws_sc0,False,,True,False,1,False,rc_zero;required_flags_ok;golden_ok,3864,1,9,"error: Nack('NACK 11 (cmd 0x40, state RESULT_READY)')",FTDI-00FT46259002B,FI101-r1p0 (109762 v0100),0x504d4558,owner-verbal-2026-09-23,2d1a24adfaf245d8b75a0f6965811af86730e926a411ee3ee14bf813fba804eb,9437774a3d9c63cd86e936f1c57c8a9bd7c5efe8070a4c273ca5c2424120c280,81d37a219a6b4141d0b433796711ab8af2ee2c3c668a28143a3ffe6a574ade98,11,2026-10-06T20:15:08.398084+00:00
4,1,3,97,wd_stalled_by_ws_sc1,False,,True,False,1,False,rc_zero;required_flags_ok;golden_ok,3864,1,9,"error: Nack('NACK 11 (cmd 0x40, state RESULT_READY)')",FTDI-00FT46259002B,FI101-r1p0 (109762 v0100),0x504d4558,owner-verbal-2026-09-23,2d1a24adfaf245d8b75a0f6965811af86730e926a411ee3ee14bf813fba804eb,9437774a3d9c63cd86e936f1c57c8a9bd7c5efe8070a4c273ca5c2424120c280,81d37a219a6b4141d0b433796711ab8af2ee2c3c668a28143a3ffe6a574ade98,11,2026-10-06T20:15:08.398084+00:00
4,1,4,98,wd_stalled_by_ws_sc2,False,,True,False,1,False,rc_zero;required_flags_ok;golden_ok,3864,1,9,"error: Nack('NACK 11 (cmd 0x40, state RESULT_READY)')",FTDI-00FT46259002B,FI101-r1p0 (109762 v0100),0x504d4558,owner-verbal-2026-09-23,2d1a24adfaf245d8b75a0f6965811af86730e926a411ee3ee14bf813fba804eb,9437774a3d9c63cd86e936f1c57c8a9bd7c5efe8070a4c273ca5c2424120c280,81d37a219a6b4141d0b433796711ab8af2ee2c3c668a28143a3ffe6a574ade98,11,2026-10-06T20:15:08.398084+00:00
4,1,5,99,wd_stalled_by_ws_sc3,False,,True,False,1,False,rc_zero;required_flags_ok;golden_ok,3864,1,9,"error: Nack('NACK 11 (cmd 0x40, state RESULT_READY)')",FTDI-00FT46259002B,FI101-r1p0 (109762 v0100),0x504d4558,owner-verbal-2026-09-23,2d1a24adfaf245d8b75a0f6965811af86730e926a411ee3ee14bf813fba804eb,9437774a3d9c63cd86e936f1c57c8a9bd7c5efe8070a4c273ca5c2424120c280,81d37a219a6b4141d0b433796711ab8af2ee2c3c668a28143a3ffe6a574ade98,11,2026-10-06T20:15:08.398084+00:00
4,1,6,100,wd_parse_active_sc0,False,,True,False,1,False,rc_zero;required_flags_ok;golden_ok,3864,1,9,"error: Nack('NACK 11 (cmd 0x40, state RESULT_READY)')",FTDI-00FT46259002B,FI101-r1p0 (109762 v0100),0x504d4558,owner-verbal-2026-09-23,2d1a24adfaf245d8b75a0f6965811af86730e926a411ee3ee14bf813fba804eb,9437774a3d9c63cd86e936f1c57c8a9bd7c5efe8070a4c273ca5c2424120c280,81d37a219a6b4141d0b433796711ab8af2ee2c3c668a28143a3ffe6a574ade98,11,2026-10-06T20:15:08.398084+00:00
4,1,7,101,wd_parse_active_sc1,False,,True,False,1,False,rc_zero;required_flags_ok;golden_ok,3864,1,9,"error: Nack('NACK 11 (cmd 0x40, state RESULT_READY)')",FTDI-00FT46259002B,FI101-r1p0 (109762 v0100),0x504d4558,owner-verbal-2026-09-23,2d1a24adfaf245d8b75a0f6965811af86730e926a411ee3ee14bf813fba804eb,9437774a3d9c63cd86e936f1c57c8a9bd7c5efe8070a4c273ca5c2424120c280,81d37a219a6b4141d0b433796711ab8af2ee2c3c668a28143a3ffe6a574ade98,11,2026-10-06T20:15:08.398084+00:00
4,2,0,90,wd_trans_ws_fc,False,,True,False,1,False,rc_zero;required_flags_ok;golden_ok,7666,1,9,"error: Nack('NACK 11 (cmd 0x40, state RESULT_READY)')",FTDI-00FT46259002B,FI101-r1p0 (109762 v0100),0x504d4558,owner-verbal-2026-09-23,2d1a24adfaf245d8b75a0f6965811af86730e926a411ee3ee14bf813fba804eb,9437774a3d9c63cd86e936f1c57c8a9bd7c5efe8070a4c273ca5c2424120c280,81d37a219a6b4141d0b433796711ab8af2ee2c3c668a28143a3ffe6a574ade98,11,2026-10-06T20:15:08.398084+00:00
4,2,1,91,wd_trans_ws_tc,False,,True,False,1,False,rc_zero;required_flags_ok;golden_ok,7666,1,9,"error: Nack('NACK 11 (cmd 0x40, state RESULT_READY)')",FTDI-00FT46259002B,FI101-r1p0 (109762 v0100),0x504d4558,owner-verbal-2026-09-23,2d1a24adfaf245d8b75a0f6965811af86730e926a411ee3ee14bf813fba804eb,9437774a3d9c63cd86e936f1c57c8a9bd7c5efe8070a4c273ca5c2424120c280,81d37a219a6b4141d0b433796711ab8af2ee2c3c668a28143a3ffe6a574ade98,11,2026-10-06T20:15:08.398084+00:00
4,2,2,96,wd_stalled_by_ws_sc0,False,,True,False,1,False,rc_zero;required_flags_ok;golden_ok,7666,1,9,"error: Nack('NACK 11 (cmd 0x40, state RESULT_READY)')",FTDI-00FT46259002B,FI101-r1p0 (109762 v0100),0x504d4558,owner-verbal-2026-09-23,2d1a24adfaf245d8b75a0f6965811af86730e926a411ee3ee14bf813fba804eb,9437774a3d9c63cd86e936f1c57c8a9bd7c5efe8070a4c273ca5c2424120c280,81d37a219a6b4141d0b433796711ab8af2ee2c3c668a28143a3ffe6a574ade98,11,2026-10-06T20:15:08.398084+00:00
4,2,3,97,wd_stalled_by_ws_sc1,False,,True,False,1,False,rc_zero;required_flags_ok;golden_ok,7666,1,9,"error: Nack('NACK 11 (cmd 0x40, state RESULT_READY)')",FTDI-00FT46259002B,FI101-r1p0 (109762 v0100),0x504d4558,owner-verbal-2026-09-23,2d1a24adfaf245d8b75a0f6965811af86730e926a411ee3ee14bf813fba804eb,9437774a3d9c63cd86e936f1c57c8a9bd7c5efe8070a4c273ca5c2424120c280,81d37a219a6b4141d0b433796711ab8af2ee2c3c668a28143a3ffe6a574ade98,11,2026-10-06T20:15:08.398084+00:00
4,2,4,98,wd_stalled_by_ws_sc2,False,,True,False,1,False,rc_zero;required_flags_ok;golden_ok,7666,1,9,"error: Nack('NACK 11 (cmd 0x40, state RESULT_READY)')",FTDI-00FT46259002B,FI101-r1p0 (109762 v0100),0x504d4558,owner-verbal-2026-09-23,2d1a24adfaf245d8b75a0f6965811af86730e926a411ee3ee14bf813fba804eb,9437774a3d9c63cd86e936f1c57c8a9bd7c5efe8070a4c273ca5c2424120c280,81d37a219a6b4141d0b433796711ab8af2ee2c3c668a28143a3ffe6a574ade98,11,2026-10-06T20:15:08.398084+00:00
4,2,5,99,wd_stalled_by_ws_sc3,False,,True,False,1,False,rc_zero;required_flags_ok;golden_ok,7666,1,9,"error: Nack('NACK 11 (cmd 0x40, state RESULT_READY)')",FTDI-00FT46259002B,FI101-r1p0 (109762 v0100),0x504d4558,owner-verbal-2026-09-23,2d1a24adfaf245d8b75a0f6965811af86730e926a411ee3ee14bf813fba804eb,9437774a3d9c63cd86e936f1c57c8a9bd7c5efe8070a4c273ca5c2424120c280,81d37a219a6b4141d0b433796711ab8af2ee2c3c668a28143a3ffe6a574ade98,11,2026-10-06T20:15:08.398084+00:00
4,2,6,100,wd_parse_active_sc0,False,,True,False,1,False,rc_zero;required_flags_ok;golden_ok,7666,1,9,"error: Nack('NACK 11 (cmd 0x40, state RESULT_READY)')",FTDI-00FT46259002B,FI101-r1p0 (109762 v0100),0x504d4558,owner-verbal-2026-09-23,2d1a24adfaf245d8b75a0f6965811af86730e926a411ee3ee14bf813fba804eb,9437774a3d9c63cd86e936f1c57c8a9bd7c5efe8070a4c273ca5c2424120c280,81d37a219a6b4141d0b433796711ab8af2ee2c3c668a28143a3ffe6a574ade98,11,2026-10-06T20:15:08.398084+00:00
4,2,7,101,wd_parse_active_sc1,False,,True,False,1,False,rc_zero;required_flags_ok;golden_ok,7666,1,9,"error: Nack('NACK 11 (cmd 0x40, state RESULT_READY)')",FTDI-00FT46259002B,FI101-r1p0 (109762 v0100),0x504d4558,owner-verbal-2026-09-23,2d1a24adfaf245d8b75a0f6965811af86730e926a411ee3ee14bf813fba804eb,9437774a3d9c63cd86e936f1c57c8a9bd7c5efe8070a4c273ca5c2424120c280,81d37a219a6b4141d0b433796711ab8af2ee2c3c668a28143a3ffe6a574ade98,11,2026-10-06T20:15:08.398084+00:00
4,3,0,90,wd_trans_ws_fc,False,,True,False,1,False,rc_zero;required_flags_ok;golden_ok,3875,1,9,"error: Nack('NACK 11 (cmd 0x40, state RESULT_READY)')",FTDI-00FT46259002B,FI101-r1p0 (109762 v0100),0x504d4558,owner-verbal-2026-09-23,2d1a24adfaf245d8b75a0f6965811af86730e926a411ee3ee14bf813fba804eb,9437774a3d9c63cd86e936f1c57c8a9bd7c5efe8070a4c273ca5c2424120c280,81d37a219a6b4141d0b433796711ab8af2ee2c3c668a28143a3ffe6a574ade98,11,2026-10-06T20:15:08.398084+00:00
4,3,1,91,wd_trans_ws_tc,False,,True,False,1,False,rc_zero;required_flags_ok;golden_ok,3875,1,9,"error: Nack('NACK 11 (cmd 0x40, state RESULT_READY)')",FTDI-00FT46259002B,FI101-r1p0 (109762 v0100),0x504d4558,owner-verbal-2026-09-23,2d1a24adfaf245d8b75a0f6965811af86730e926a411ee3ee14bf813fba804eb,9437774a3d9c63cd86e936f1c57c8a9bd7c5efe8070a4c273ca5c2424120c280,81d37a219a6b4141d0b433796711ab8af2ee2c3c668a28143a3ffe6a574ade98,11,2026-10-06T20:15:08.398084+00:00
4,3,2,96,wd_stalled_by_ws_sc0,False,,True,False,1,False,rc_zero;required_flags_ok;golden_ok,3875,1,9,"error: Nack('NACK 11 (cmd 0x40, state RESULT_READY)')",FTDI-00FT46259002B,FI101-r1p0 (109762 v0100),0x504d4558,owner-verbal-2026-09-23,2d1a24adfaf245d8b75a0f6965811af86730e926a411ee3ee14bf813fba804eb,9437774a3d9c63cd86e936f1c57c8a9bd7c5efe8070a4c273ca5c2424120c280,81d37a219a6b4141d0b433796711ab8af2ee2c3c668a28143a3ffe6a574ade98,11,2026-10-06T20:15:08.398084+00:00
4,3,3,97,wd_stalled_by_ws_sc1,False,,True,False,1,False,rc_zero;required_flags_ok;golden_ok,3875,1,9,"error: Nack('NACK 11 (cmd 0x40, state RESULT_READY)')",FTDI-00FT46259002B,FI101-r1p0 (109762 v0100),0x504d4558,owner-verbal-2026-09-23,2d1a24adfaf245d8b75a0f6965811af86730e926a411ee3ee14bf813fba804eb,9437774a3d9c63cd86e936f1c57c8a9bd7c5efe8070a4c273ca5c2424120c280,81d37a219a6b4141d0b433796711ab8af2ee2c3c668a28143a3ffe6a574ade98,11,2026-10-06T20:15:08.398084+00:00
4,3,4,98,wd_stalled_by_ws_sc2,False,,True,False,1,False,rc_zero;required_flags_ok;golden_ok,3875,1,9,"error: Nack('NACK 11 (cmd 0x40, state RESULT_READY)')",FTDI-00FT46259002B,FI101-r1p0 (109762 v0100),0x504d4558,owner-verbal-2026-09-23,2d1a24adfaf245d8b75a0f6965811af86730e926a411ee3ee14bf813fba804eb,9437774a3d9c63cd86e936f1c57c8a9bd7c5efe8070a4c273ca5c2424120c280,81d37a219a6b4141d0b433796711ab8af2ee2c3c668a28143a3ffe6a574ade98,11,2026-10-06T20:15:08.398084+00:00
4,3,5,99,wd_stalled_by_ws_sc3,False,,True,False,1,False,rc_zero;required_flags_ok;golden_ok,3875,1,9,"error: Nack('NACK 11 (cmd 0x40, state RESULT_READY)')",FTDI-00FT46259002B,FI101-r1p0 (109762 v0100),0x504d4558,owner-verbal-2026-09-23,2d1a24adfaf245d8b75a0f6965811af86730e926a411ee3ee14bf813fba804eb,9437774a3d9c63cd86e936f1c57c8a9bd7c5efe8070a4c273ca5c2424120c280,81d37a219a6b4141d0b433796711ab8af2ee2c3c668a28143a3ffe6a574ade98,11,2026-10-06T20:15:08.398084+00:00
4,3,6,100,wd_parse_active_sc0,False,,True,False,1,False,rc_zero;required_flags_ok;golden_ok,3875,1,9,"error: Nack('NACK 11 (cmd 0x40, state RESULT_READY)')",FTDI-00FT46259002B,FI101-r1p0 (109762 v0100),0x504d4558,owner-verbal-2026-09-23,2d1a24adfaf245d8b75a0f6965811af86730e926a411ee3ee14bf813fba804eb,9437774a3d9c63cd86e936f1c57c8a9bd7c5efe8070a4c273ca5c2424120c280,81d37a219a6b4141d0b433796711ab8af2ee2c3c668a28143a3ffe6a574ade98,11,2026-10-06T20:15:08.398084+00:00
4,3,7,101,wd_parse_active_sc1,False,,True,False,1,False,rc_zero;required_flags_ok;golden_ok,3875,1,9,"error: Nack('NACK 11 (cmd 0x40, state RESULT_READY)')",FTDI-00FT46259002B,FI101-r1p0 (109762 v0100),0x504d4558,owner-verbal-2026-09-23,2d1a24adfaf245d8b75a0f6965811af86730e926a411ee3ee14bf813fba804eb,9437774a3d9c63cd86e936f1c57c8a9bd7c5efe8070a4c273ca5c2424120c280,81d37a219a6b4141d0b433796711ab8af2ee2c3c668a28143a3ffe6a574ade98,11,2026-10-06T20:15:08.398084+00:00
5,1,0,102,wd_parse_active_sc2,False,,True,False,1,False,rc_zero;required_flags_ok;golden_ok,3864,1,9,"error: Nack('NACK 11 (cmd 0x40, state RESULT_READY)')",FTDI-00FT46259002B,FI101-r1p0 (109762 v0100),0x504d4558,owner-verbal-2026-09-23,2d1a24adfaf245d8b75a0f6965811af86730e926a411ee3ee14bf813fba804eb,9437774a3d9c63cd86e936f1c57c8a9bd7c5efe8070a4c273ca5c2424120c280,81d37a219a6b4141d0b433796711ab8af2ee2c3c668a28143a3ffe6a574ade98,11,2026-10-06T20:15:08.398084+00:00
5,1,1,103,wd_parse_active_sc3,False,,True,False,1,False,rc_zero;required_flags_ok;golden_ok,3864,1,9,"error: Nack('NACK 11 (cmd 0x40, state RESULT_READY)')",FTDI-00FT46259002B,FI101-r1p0 (109762 v0100),0x504d4558,owner-verbal-2026-09-23,2d1a24adfaf245d8b75a0f6965811af86730e926a411ee3ee14bf813fba804eb,9437774a3d9c63cd86e936f1c57c8a9bd7c5efe8070a4c273ca5c2424120c280,81d37a219a6b4141d0b433796711ab8af2ee2c3c668a28143a3ffe6a574ade98,11,2026-10-06T20:15:08.398084+00:00
5,1,2,104,wd_parse_stall_sc0,False,,True,False,1,False,rc_zero;required_flags_ok;golden_ok,3864,1,9,"error: Nack('NACK 11 (cmd 0x40, state RESULT_READY)')",FTDI-00FT46259002B,FI101-r1p0 (109762 v0100),0x504d4558,owner-verbal-2026-09-23,2d1a24adfaf245d8b75a0f6965811af86730e926a411ee3ee14bf813fba804eb,9437774a3d9c63cd86e936f1c57c8a9bd7c5efe8070a4c273ca5c2424120c280,81d37a219a6b4141d0b433796711ab8af2ee2c3c668a28143a3ffe6a574ade98,11,2026-10-06T20:15:08.398084+00:00
5,1,3,105,wd_parse_stall_sc1,False,,True,False,1,False,rc_zero;required_flags_ok;golden_ok,3864,1,9,"error: Nack('NACK 11 (cmd 0x40, state RESULT_READY)')",FTDI-00FT46259002B,FI101-r1p0 (109762 v0100),0x504d4558,owner-verbal-2026-09-23,2d1a24adfaf245d8b75a0f6965811af86730e926a411ee3ee14bf813fba804eb,9437774a3d9c63cd86e936f1c57c8a9bd7c5efe8070a4c273ca5c2424120c280,81d37a219a6b4141d0b433796711ab8af2ee2c3c668a28143a3ffe6a574ade98,11,2026-10-06T20:15:08.398084+00:00
5,1,4,106,wd_parse_stall_sc2,False,,True,False,1,False,rc_zero;required_flags_ok;golden_ok,3864,1,9,"error: Nack('NACK 11 (cmd 0x40, state RESULT_READY)')",FTDI-00FT46259002B,FI101-r1p0 (109762 v0100),0x504d4558,owner-verbal-2026-09-23,2d1a24adfaf245d8b75a0f6965811af86730e926a411ee3ee14bf813fba804eb,9437774a3d9c63cd86e936f1c57c8a9bd7c5efe8070a4c273ca5c2424120c280,81d37a219a6b4141d0b433796711ab8af2ee2c3c668a28143a3ffe6a574ade98,11,2026-10-06T20:15:08.398084+00:00
5,1,5,107,wd_parse_stall_sc3,False,,True,False,1,False,rc_zero;required_flags_ok;golden_ok,3864,1,9,"error: Nack('NACK 11 (cmd 0x40, state RESULT_READY)')",FTDI-00FT46259002B,FI101-r1p0 (109762 v0100),0x504d4558,owner-verbal-2026-09-23,2d1a24adfaf245d8b75a0f6965811af86730e926a411ee3ee14bf813fba804eb,9437774a3d9c63cd86e936f1c57c8a9bd7c5efe8070a4c273ca5c2424120c280,81d37a219a6b4141d0b433796711ab8af2ee2c3c668a28143a3ffe6a574ade98,11,2026-10-06T20:15:08.398084+00:00
5,1,6,108,wd_parse_stall_in_sc0,False,,True,False,1,False,rc_zero;required_flags_ok;golden_ok,3864,1,9,"error: Nack('NACK 11 (cmd 0x40, state RESULT_READY)')",FTDI-00FT46259002B,FI101-r1p0 (109762 v0100),0x504d4558,owner-verbal-2026-09-23,2d1a24adfaf245d8b75a0f6965811af86730e926a411ee3ee14bf813fba804eb,9437774a3d9c63cd86e936f1c57c8a9bd7c5efe8070a4c273ca5c2424120c280,81d37a219a6b4141d0b433796711ab8af2ee2c3c668a28143a3ffe6a574ade98,11,2026-10-06T20:15:08.398084+00:00
5,1,7,109,wd_parse_stall_in_sc1,False,,True,False,1,False,rc_zero;required_flags_ok;golden_ok,3864,1,9,"error: Nack('NACK 11 (cmd 0x40, state RESULT_READY)')",FTDI-00FT46259002B,FI101-r1p0 (109762 v0100),0x504d4558,owner-verbal-2026-09-23,2d1a24adfaf245d8b75a0f6965811af86730e926a411ee3ee14bf813fba804eb,9437774a3d9c63cd86e936f1c57c8a9bd7c5efe8070a4c273ca5c2424120c280,81d37a219a6b4141d0b433796711ab8af2ee2c3c668a28143a3ffe6a574ade98,11,2026-10-06T20:15:08.398084+00:00
5,2,0,102,wd_parse_active_sc2,False,,True,False,1,False,rc_zero;required_flags_ok;golden_ok,4187,1,9,"error: Nack('NACK 11 (cmd 0x40, state RESULT_READY)')",FTDI-00FT46259002B,FI101-r1p0 (109762 v0100),0x504d4558,owner-verbal-2026-09-23,2d1a24adfaf245d8b75a0f6965811af86730e926a411ee3ee14bf813fba804eb,9437774a3d9c63cd86e936f1c57c8a9bd7c5efe8070a4c273ca5c2424120c280,81d37a219a6b4141d0b433796711ab8af2ee2c3c668a28143a3ffe6a574ade98,11,2026-10-06T20:15:08.398084+00:00
5,2,1,103,wd_parse_active_sc3,False,,True,False,1,False,rc_zero;required_flags_ok;golden_ok,4187,1,9,"error: Nack('NACK 11 (cmd 0x40, state RESULT_READY)')",FTDI-00FT46259002B,FI101-r1p0 (109762 v0100),0x504d4558,owner-verbal-2026-09-23,2d1a24adfaf245d8b75a0f6965811af86730e926a411ee3ee14bf813fba804eb,9437774a3d9c63cd86e936f1c57c8a9bd7c5efe8070a4c273ca5c2424120c280,81d37a219a6b4141d0b433796711ab8af2ee2c3c668a28143a3ffe6a574ade98,11,2026-10-06T20:15:08.398084+00:00
5,2,2,104,wd_parse_stall_sc0,False,,True,False,1,False,rc_zero;required_flags_ok;golden_ok,4187,1,9,"error: Nack('NACK 11 (cmd 0x40, state RESULT_READY)')",FTDI-00FT46259002B,FI101-r1p0 (109762 v0100),0x504d4558,owner-verbal-2026-09-23,2d1a24adfaf245d8b75a0f6965811af86730e926a411ee3ee14bf813fba804eb,9437774a3d9c63cd86e936f1c57c8a9bd7c5efe8070a4c273ca5c2424120c280,81d37a219a6b4141d0b433796711ab8af2ee2c3c668a28143a3ffe6a574ade98,11,2026-10-06T20:15:08.398084+00:00
5,2,3,105,wd_parse_stall_sc1,False,,True,False,1,False,rc_zero;required_flags_ok;golden_ok,4187,1,9,"error: Nack('NACK 11 (cmd 0x40, state RESULT_READY)')",FTDI-00FT46259002B,FI101-r1p0 (109762 v0100),0x504d4558,owner-verbal-2026-09-23,2d1a24adfaf245d8b75a0f6965811af86730e926a411ee3ee14bf813fba804eb,9437774a3d9c63cd86e936f1c57c8a9bd7c5efe8070a4c273ca5c2424120c280,81d37a219a6b4141d0b433796711ab8af2ee2c3c668a28143a3ffe6a574ade98,11,2026-10-06T20:15:08.398084+00:00
5,2,4,106,wd_parse_stall_sc2,False,,True,False,1,False,rc_zero;required_flags_ok;golden_ok,4187,1,9,"error: Nack('NACK 11 (cmd 0x40, state RESULT_READY)')",FTDI-00FT46259002B,FI101-r1p0 (109762 v0100),0x504d4558,owner-verbal-2026-09-23,2d1a24adfaf245d8b75a0f6965811af86730e926a411ee3ee14bf813fba804eb,9437774a3d9c63cd86e936f1c57c8a9bd7c5efe8070a4c273ca5c2424120c280,81d37a219a6b4141d0b433796711ab8af2ee2c3c668a28143a3ffe6a574ade98,11,2026-10-06T20:15:08.398084+00:00
5,2,5,107,wd_parse_stall_sc3,False,,True,False,1,False,rc_zero;required_flags_ok;golden_ok,4187,1,9,"error: Nack('NACK 11 (cmd 0x40, state RESULT_READY)')",FTDI-00FT46259002B,FI101-r1p0 (109762 v0100),0x504d4558,owner-verbal-2026-09-23,2d1a24adfaf245d8b75a0f6965811af86730e926a411ee3ee14bf813fba804eb,9437774a3d9c63cd86e936f1c57c8a9bd7c5efe8070a4c273ca5c2424120c280,81d37a219a6b4141d0b433796711ab8af2ee2c3c668a28143a3ffe6a574ade98,11,2026-10-06T20:15:08.398084+00:00
5,2,6,108,wd_parse_stall_in_sc0,False,,True,False,1,False,rc_zero;required_flags_ok;golden_ok,4187,1,9,"error: Nack('NACK 11 (cmd 0x40, state RESULT_READY)')",FTDI-00FT46259002B,FI101-r1p0 (109762 v0100),0x504d4558,owner-verbal-2026-09-23,2d1a24adfaf245d8b75a0f6965811af86730e926a411ee3ee14bf813fba804eb,9437774a3d9c63cd86e936f1c57c8a9bd7c5efe8070a4c273ca5c2424120c280,81d37a219a6b4141d0b433796711ab8af2ee2c3c668a28143a3ffe6a574ade98,11,2026-10-06T20:15:08.398084+00:00
5,2,7,109,wd_parse_stall_in_sc1,False,,True,False,1,False,rc_zero;required_flags_ok;golden_ok,4187,1,9,"error: Nack('NACK 11 (cmd 0x40, state RESULT_READY)')",FTDI-00FT46259002B,FI101-r1p0 (109762 v0100),0x504d4558,owner-verbal-2026-09-23,2d1a24adfaf245d8b75a0f6965811af86730e926a411ee3ee14bf813fba804eb,9437774a3d9c63cd86e936f1c57c8a9bd7c5efe8070a4c273ca5c2424120c280,81d37a219a6b4141d0b433796711ab8af2ee2c3c668a28143a3ffe6a574ade98,11,2026-10-06T20:15:08.398084+00:00
5,3,0,102,wd_parse_active_sc2,False,,True,False,1,False,rc_zero;required_flags_ok;golden_ok,3875,1,9,"error: Nack('NACK 11 (cmd 0x40, state RESULT_READY)')",FTDI-00FT46259002B,FI101-r1p0 (109762 v0100),0x504d4558,owner-verbal-2026-09-23,2d1a24adfaf245d8b75a0f6965811af86730e926a411ee3ee14bf813fba804eb,9437774a3d9c63cd86e936f1c57c8a9bd7c5efe8070a4c273ca5c2424120c280,81d37a219a6b4141d0b433796711ab8af2ee2c3c668a28143a3ffe6a574ade98,11,2026-10-06T20:15:08.398084+00:00
5,3,1,103,wd_parse_active_sc3,False,,True,False,1,False,rc_zero;required_flags_ok;golden_ok,3875,1,9,"error: Nack('NACK 11 (cmd 0x40, state RESULT_READY)')",FTDI-00FT46259002B,FI101-r1p0 (109762 v0100),0x504d4558,owner-verbal-2026-09-23,2d1a24adfaf245d8b75a0f6965811af86730e926a411ee3ee14bf813fba804eb,9437774a3d9c63cd86e936f1c57c8a9bd7c5efe8070a4c273ca5c2424120c280,81d37a219a6b4141d0b433796711ab8af2ee2c3c668a28143a3ffe6a574ade98,11,2026-10-06T20:15:08.398084+00:00
5,3,2,104,wd_parse_stall_sc0,False,,True,False,1,False,rc_zero;required_flags_ok;golden_ok,3875,1,9,"error: Nack('NACK 11 (cmd 0x40, state RESULT_READY)')",FTDI-00FT46259002B,FI101-r1p0 (109762 v0100),0x504d4558,owner-verbal-2026-09-23,2d1a24adfaf245d8b75a0f6965811af86730e926a411ee3ee14bf813fba804eb,9437774a3d9c63cd86e936f1c57c8a9bd7c5efe8070a4c273ca5c2424120c280,81d37a219a6b4141d0b433796711ab8af2ee2c3c668a28143a3ffe6a574ade98,11,2026-10-06T20:15:08.398084+00:00
5,3,3,105,wd_parse_stall_sc1,False,,True,False,1,False,rc_zero;required_flags_ok;golden_ok,3875,1,9,"error: Nack('NACK 11 (cmd 0x40, state RESULT_READY)')",FTDI-00FT46259002B,FI101-r1p0 (109762 v0100),0x504d4558,owner-verbal-2026-09-23,2d1a24adfaf245d8b75a0f6965811af86730e926a411ee3ee14bf813fba804eb,9437774a3d9c63cd86e936f1c57c8a9bd7c5efe8070a4c273ca5c2424120c280,81d37a219a6b4141d0b433796711ab8af2ee2c3c668a28143a3ffe6a574ade98,11,2026-10-06T20:15:08.398084+00:00
5,3,4,106,wd_parse_stall_sc2,False,,True,False,1,False,rc_zero;required_flags_ok;golden_ok,3875,1,9,"error: Nack('NACK 11 (cmd 0x40, state RESULT_READY)')",FTDI-00FT46259002B,FI101-r1p0 (109762 v0100),0x504d4558,owner-verbal-2026-09-23,2d1a24adfaf245d8b75a0f6965811af86730e926a411ee3ee14bf813fba804eb,9437774a3d9c63cd86e936f1c57c8a9bd7c5efe8070a4c273ca5c2424120c280,81d37a219a6b4141d0b433796711ab8af2ee2c3c668a28143a3ffe6a574ade98,11,2026-10-06T20:15:08.398084+00:00
5,3,5,107,wd_parse_stall_sc3,False,,True,False,1,False,rc_zero;required_flags_ok;golden_ok,3875,1,9,"error: Nack('NACK 11 (cmd 0x40, state RESULT_READY)')",FTDI-00FT46259002B,FI101-r1p0 (109762 v0100),0x504d4558,owner-verbal-2026-09-23,2d1a24adfaf245d8b75a0f6965811af86730e926a411ee3ee14bf813fba804eb,9437774a3d9c63cd86e936f1c57c8a9bd7c5efe8070a4c273ca5c2424120c280,81d37a219a6b4141d0b433796711ab8af2ee2c3c668a28143a3ffe6a574ade98,11,2026-10-06T20:15:08.398084+00:00
5,3,6,108,wd_parse_stall_in_sc0,False,,True,False,1,False,rc_zero;required_flags_ok;golden_ok,3875,1,9,"error: Nack('NACK 11 (cmd 0x40, state RESULT_READY)')",FTDI-00FT46259002B,FI101-r1p0 (109762 v0100),0x504d4558,owner-verbal-2026-09-23,2d1a24adfaf245d8b75a0f6965811af86730e926a411ee3ee14bf813fba804eb,9437774a3d9c63cd86e936f1c57c8a9bd7c5efe8070a4c273ca5c2424120c280,81d37a219a6b4141d0b433796711ab8af2ee2c3c668a28143a3ffe6a574ade98,11,2026-10-06T20:15:08.398084+00:00
5,3,7,109,wd_parse_stall_in_sc1,False,,True,False,1,False,rc_zero;required_flags_ok;golden_ok,3875,1,9,"error: Nack('NACK 11 (cmd 0x40, state RESULT_READY)')",FTDI-00FT46259002B,FI101-r1p0 (109762 v0100),0x504d4558,owner-verbal-2026-09-23,2d1a24adfaf245d8b75a0f6965811af86730e926a411ee3ee14bf813fba804eb,9437774a3d9c63cd86e936f1c57c8a9bd7c5efe8070a4c273ca5c2424120c280,81d37a219a6b4141d0b433796711ab8af2ee2c3c668a28143a3ffe6a574ade98,11,2026-10-06T20:15:08.398084+00:00
6,1,0,110,wd_parse_stall_in_sc2,False,,True,False,1,False,rc_zero;required_flags_ok;golden_ok,8276,1,9,"error: Nack('NACK 11 (cmd 0x40, state RESULT_READY)')",FTDI-00FT46259002B,FI101-r1p0 (109762 v0100),0x504d4558,owner-verbal-2026-09-23,2d1a24adfaf245d8b75a0f6965811af86730e926a411ee3ee14bf813fba804eb,9437774a3d9c63cd86e936f1c57c8a9bd7c5efe8070a4c273ca5c2424120c280,81d37a219a6b4141d0b433796711ab8af2ee2c3c668a28143a3ffe6a574ade98,11,2026-10-06T20:15:08.398084+00:00
6,1,1,111,wd_parse_stall_in_sc3,False,,True,False,1,False,rc_zero;required_flags_ok;golden_ok,8276,1,9,"error: Nack('NACK 11 (cmd 0x40, state RESULT_READY)')",FTDI-00FT46259002B,FI101-r1p0 (109762 v0100),0x504d4558,owner-verbal-2026-09-23,2d1a24adfaf245d8b75a0f6965811af86730e926a411ee3ee14bf813fba804eb,9437774a3d9c63cd86e936f1c57c8a9bd7c5efe8070a4c273ca5c2424120c280,81d37a219a6b4141d0b433796711ab8af2ee2c3c668a28143a3ffe6a574ade98,11,2026-10-06T20:15:08.398084+00:00
6,1,2,112,wd_parse_stall_out_sc0,False,,True,False,1,False,rc_zero;required_flags_ok;golden_ok,8276,1,9,"error: Nack('NACK 11 (cmd 0x40, state RESULT_READY)')",FTDI-00FT46259002B,FI101-r1p0 (109762 v0100),0x504d4558,owner-verbal-2026-09-23,2d1a24adfaf245d8b75a0f6965811af86730e926a411ee3ee14bf813fba804eb,9437774a3d9c63cd86e936f1c57c8a9bd7c5efe8070a4c273ca5c2424120c280,81d37a219a6b4141d0b433796711ab8af2ee2c3c668a28143a3ffe6a574ade98,11,2026-10-06T20:15:08.398084+00:00
6,1,3,113,wd_parse_stall_out_sc1,False,,True,False,1,False,rc_zero;required_flags_ok;golden_ok,8276,1,9,"error: Nack('NACK 11 (cmd 0x40, state RESULT_READY)')",FTDI-00FT46259002B,FI101-r1p0 (109762 v0100),0x504d4558,owner-verbal-2026-09-23,2d1a24adfaf245d8b75a0f6965811af86730e926a411ee3ee14bf813fba804eb,9437774a3d9c63cd86e936f1c57c8a9bd7c5efe8070a4c273ca5c2424120c280,81d37a219a6b4141d0b433796711ab8af2ee2c3c668a28143a3ffe6a574ade98,11,2026-10-06T20:15:08.398084+00:00
6,1,4,114,wd_parse_stall_out_sc2,False,,True,False,1,False,rc_zero;required_flags_ok;golden_ok,8276,1,9,"error: Nack('NACK 11 (cmd 0x40, state RESULT_READY)')",FTDI-00FT46259002B,FI101-r1p0 (109762 v0100),0x504d4558,owner-verbal-2026-09-23,2d1a24adfaf245d8b75a0f6965811af86730e926a411ee3ee14bf813fba804eb,9437774a3d9c63cd86e936f1c57c8a9bd7c5efe8070a4c273ca5c2424120c280,81d37a219a6b4141d0b433796711ab8af2ee2c3c668a28143a3ffe6a574ade98,11,2026-10-06T20:15:08.398084+00:00
6,1,5,115,wd_parse_stall_out_sc3,False,,True,False,1,False,rc_zero;required_flags_ok;golden_ok,8276,1,9,"error: Nack('NACK 11 (cmd 0x40, state RESULT_READY)')",FTDI-00FT46259002B,FI101-r1p0 (109762 v0100),0x504d4558,owner-verbal-2026-09-23,2d1a24adfaf245d8b75a0f6965811af86730e926a411ee3ee14bf813fba804eb,9437774a3d9c63cd86e936f1c57c8a9bd7c5efe8070a4c273ca5c2424120c280,81d37a219a6b4141d0b433796711ab8af2ee2c3c668a28143a3ffe6a574ade98,11,2026-10-06T20:15:08.398084+00:00
6,1,6,116,wd_trans_ws_sc0,False,,True,False,1,False,rc_zero;required_flags_ok;golden_ok,8276,1,9,"error: Nack('NACK 11 (cmd 0x40, state RESULT_READY)')",FTDI-00FT46259002B,FI101-r1p0 (109762 v0100),0x504d4558,owner-verbal-2026-09-23,2d1a24adfaf245d8b75a0f6965811af86730e926a411ee3ee14bf813fba804eb,9437774a3d9c63cd86e936f1c57c8a9bd7c5efe8070a4c273ca5c2424120c280,81d37a219a6b4141d0b433796711ab8af2ee2c3c668a28143a3ffe6a574ade98,11,2026-10-06T20:15:08.398084+00:00
6,1,7,117,wd_trans_ws_sc1,False,,True,False,1,False,rc_zero;required_flags_ok;golden_ok,8276,1,9,"error: Nack('NACK 11 (cmd 0x40, state RESULT_READY)')",FTDI-00FT46259002B,FI101-r1p0 (109762 v0100),0x504d4558,owner-verbal-2026-09-23,2d1a24adfaf245d8b75a0f6965811af86730e926a411ee3ee14bf813fba804eb,9437774a3d9c63cd86e936f1c57c8a9bd7c5efe8070a4c273ca5c2424120c280,81d37a219a6b4141d0b433796711ab8af2ee2c3c668a28143a3ffe6a574ade98,11,2026-10-06T20:15:08.398084+00:00
6,2,0,110,wd_parse_stall_in_sc2,False,,True,False,1,False,rc_zero;required_flags_ok;golden_ok,3875,1,9,"error: Nack('NACK 11 (cmd 0x40, state RESULT_READY)')",FTDI-00FT46259002B,FI101-r1p0 (109762 v0100),0x504d4558,owner-verbal-2026-09-23,2d1a24adfaf245d8b75a0f6965811af86730e926a411ee3ee14bf813fba804eb,9437774a3d9c63cd86e936f1c57c8a9bd7c5efe8070a4c273ca5c2424120c280,81d37a219a6b4141d0b433796711ab8af2ee2c3c668a28143a3ffe6a574ade98,11,2026-10-06T20:15:08.398084+00:00
6,2,1,111,wd_parse_stall_in_sc3,False,,True,False,1,False,rc_zero;required_flags_ok;golden_ok,3875,1,9,"error: Nack('NACK 11 (cmd 0x40, state RESULT_READY)')",FTDI-00FT46259002B,FI101-r1p0 (109762 v0100),0x504d4558,owner-verbal-2026-09-23,2d1a24adfaf245d8b75a0f6965811af86730e926a411ee3ee14bf813fba804eb,9437774a3d9c63cd86e936f1c57c8a9bd7c5efe8070a4c273ca5c2424120c280,81d37a219a6b4141d0b433796711ab8af2ee2c3c668a28143a3ffe6a574ade98,11,2026-10-06T20:15:08.398084+00:00
6,2,2,112,wd_parse_stall_out_sc0,False,,True,False,1,False,rc_zero;required_flags_ok;golden_ok,3875,1,9,"error: Nack('NACK 11 (cmd 0x40, state RESULT_READY)')",FTDI-00FT46259002B,FI101-r1p0 (109762 v0100),0x504d4558,owner-verbal-2026-09-23,2d1a24adfaf245d8b75a0f6965811af86730e926a411ee3ee14bf813fba804eb,9437774a3d9c63cd86e936f1c57c8a9bd7c5efe8070a4c273ca5c2424120c280,81d37a219a6b4141d0b433796711ab8af2ee2c3c668a28143a3ffe6a574ade98,11,2026-10-06T20:15:08.398084+00:00
6,2,3,113,wd_parse_stall_out_sc1,False,,True,False,1,False,rc_zero;required_flags_ok;golden_ok,3875,1,9,"error: Nack('NACK 11 (cmd 0x40, state RESULT_READY)')",FTDI-00FT46259002B,FI101-r1p0 (109762 v0100),0x504d4558,owner-verbal-2026-09-23,2d1a24adfaf245d8b75a0f6965811af86730e926a411ee3ee14bf813fba804eb,9437774a3d9c63cd86e936f1c57c8a9bd7c5efe8070a4c273ca5c2424120c280,81d37a219a6b4141d0b433796711ab8af2ee2c3c668a28143a3ffe6a574ade98,11,2026-10-06T20:15:08.398084+00:00
6,2,4,114,wd_parse_stall_out_sc2,False,,True,False,1,False,rc_zero;required_flags_ok;golden_ok,3875,1,9,"error: Nack('NACK 11 (cmd 0x40, state RESULT_READY)')",FTDI-00FT46259002B,FI101-r1p0 (109762 v0100),0x504d4558,owner-verbal-2026-09-23,2d1a24adfaf245d8b75a0f6965811af86730e926a411ee3ee14bf813fba804eb,9437774a3d9c63cd86e936f1c57c8a9bd7c5efe8070a4c273ca5c2424120c280,81d37a219a6b4141d0b433796711ab8af2ee2c3c668a28143a3ffe6a574ade98,11,2026-10-06T20:15:08.398084+00:00
6,2,5,115,wd_parse_stall_out_sc3,False,,True,False,1,False,rc_zero;required_flags_ok;golden_ok,3875,1,9,"error: Nack('NACK 11 (cmd 0x40, state RESULT_READY)')",FTDI-00FT46259002B,FI101-r1p0 (109762 v0100),0x504d4558,owner-verbal-2026-09-23,2d1a24adfaf245d8b75a0f6965811af86730e926a411ee3ee14bf813fba804eb,9437774a3d9c63cd86e936f1c57c8a9bd7c5efe8070a4c273ca5c2424120c280,81d37a219a6b4141d0b433796711ab8af2ee2c3c668a28143a3ffe6a574ade98,11,2026-10-06T20:15:08.398084+00:00
6,2,6,116,wd_trans_ws_sc0,False,,True,False,1,False,rc_zero;required_flags_ok;golden_ok,3875,1,9,"error: Nack('NACK 11 (cmd 0x40, state RESULT_READY)')",FTDI-00FT46259002B,FI101-r1p0 (109762 v0100),0x504d4558,owner-verbal-2026-09-23,2d1a24adfaf245d8b75a0f6965811af86730e926a411ee3ee14bf813fba804eb,9437774a3d9c63cd86e936f1c57c8a9bd7c5efe8070a4c273ca5c2424120c280,81d37a219a6b4141d0b433796711ab8af2ee2c3c668a28143a3ffe6a574ade98,11,2026-10-06T20:15:08.398084+00:00
6,2,7,117,wd_trans_ws_sc1,False,,True,False,1,False,rc_zero;required_flags_ok;golden_ok,3875,1,9,"error: Nack('NACK 11 (cmd 0x40, state RESULT_READY)')",FTDI-00FT46259002B,FI101-r1p0 (109762 v0100),0x504d4558,owner-verbal-2026-09-23,2d1a24adfaf245d8b75a0f6965811af86730e926a411ee3ee14bf813fba804eb,9437774a3d9c63cd86e936f1c57c8a9bd7c5efe8070a4c273ca5c2424120c280,81d37a219a6b4141d0b433796711ab8af2ee2c3c668a28143a3ffe6a574ade98,11,2026-10-06T20:15:08.398084+00:00
6,3,0,110,wd_parse_stall_in_sc2,False,,True,False,1,False,rc_zero;required_flags_ok;golden_ok,7152,1,9,"error: Nack('NACK 11 (cmd 0x40, state RESULT_READY)')",FTDI-00FT46259002B,FI101-r1p0 (109762 v0100),0x504d4558,owner-verbal-2026-09-23,2d1a24adfaf245d8b75a0f6965811af86730e926a411ee3ee14bf813fba804eb,9437774a3d9c63cd86e936f1c57c8a9bd7c5efe8070a4c273ca5c2424120c280,81d37a219a6b4141d0b433796711ab8af2ee2c3c668a28143a3ffe6a574ade98,11,2026-10-06T20:15:08.398084+00:00
6,3,1,111,wd_parse_stall_in_sc3,False,,True,False,1,False,rc_zero;required_flags_ok;golden_ok,7152,1,9,"error: Nack('NACK 11 (cmd 0x40, state RESULT_READY)')",FTDI-00FT46259002B,FI101-r1p0 (109762 v0100),0x504d4558,owner-verbal-2026-09-23,2d1a24adfaf245d8b75a0f6965811af86730e926a411ee3ee14bf813fba804eb,9437774a3d9c63cd86e936f1c57c8a9bd7c5efe8070a4c273ca5c2424120c280,81d37a219a6b4141d0b433796711ab8af2ee2c3c668a28143a3ffe6a574ade98,11,2026-10-06T20:15:08.398084+00:00
6,3,2,112,wd_parse_stall_out_sc0,False,,True,False,1,False,rc_zero;required_flags_ok;golden_ok,7152,1,9,"error: Nack('NACK 11 (cmd 0x40, state RESULT_READY)')",FTDI-00FT46259002B,FI101-r1p0 (109762 v0100),0x504d4558,owner-verbal-2026-09-23,2d1a24adfaf245d8b75a0f6965811af86730e926a411ee3ee14bf813fba804eb,9437774a3d9c63cd86e936f1c57c8a9bd7c5efe8070a4c273ca5c2424120c280,81d37a219a6b4141d0b433796711ab8af2ee2c3c668a28143a3ffe6a574ade98,11,2026-10-06T20:15:08.398084+00:00
6,3,3,113,wd_parse_stall_out_sc1,False,,True,False,1,False,rc_zero;required_flags_ok;golden_ok,7152,1,9,"error: Nack('NACK 11 (cmd 0x40, state RESULT_READY)')",FTDI-00FT46259002B,FI101-r1p0 (109762 v0100),0x504d4558,owner-verbal-2026-09-23,2d1a24adfaf245d8b75a0f6965811af86730e926a411ee3ee14bf813fba804eb,9437774a3d9c63cd86e936f1c57c8a9bd7c5efe8070a4c273ca5c2424120c280,81d37a219a6b4141d0b433796711ab8af2ee2c3c668a28143a3ffe6a574ade98,11,2026-10-06T20:15:08.398084+00:00
6,3,4,114,wd_parse_stall_out_sc2,False,,True,False,1,False,rc_zero;required_flags_ok;golden_ok,7152,1,9,"error: Nack('NACK 11 (cmd 0x40, state RESULT_READY)')",FTDI-00FT46259002B,FI101-r1p0 (109762 v0100),0x504d4558,owner-verbal-2026-09-23,2d1a24adfaf245d8b75a0f6965811af86730e926a411ee3ee14bf813fba804eb,9437774a3d9c63cd86e936f1c57c8a9bd7c5efe8070a4c273ca5c2424120c280,81d37a219a6b4141d0b433796711ab8af2ee2c3c668a28143a3ffe6a574ade98,11,2026-10-06T20:15:08.398084+00:00
6,3,5,115,wd_parse_stall_out_sc3,False,,True,False,1,False,rc_zero;required_flags_ok;golden_ok,7152,1,9,"error: Nack('NACK 11 (cmd 0x40, state RESULT_READY)')",FTDI-00FT46259002B,FI101-r1p0 (109762 v0100),0x504d4558,owner-verbal-2026-09-23,2d1a24adfaf245d8b75a0f6965811af86730e926a411ee3ee14bf813fba804eb,9437774a3d9c63cd86e936f1c57c8a9bd7c5efe8070a4c273ca5c2424120c280,81d37a219a6b4141d0b433796711ab8af2ee2c3c668a28143a3ffe6a574ade98,11,2026-10-06T20:15:08.398084+00:00
6,3,6,116,wd_trans_ws_sc0,False,,True,False,1,False,rc_zero;required_flags_ok;golden_ok,7152,1,9,"error: Nack('NACK 11 (cmd 0x40, state RESULT_READY)')",FTDI-00FT46259002B,FI101-r1p0 (109762 v0100),0x504d4558,owner-verbal-2026-09-23,2d1a24adfaf245d8b75a0f6965811af86730e926a411ee3ee14bf813fba804eb,9437774a3d9c63cd86e936f1c57c8a9bd7c5efe8070a4c273ca5c2424120c280,81d37a219a6b4141d0b433796711ab8af2ee2c3c668a28143a3ffe6a574ade98,11,2026-10-06T20:15:08.398084+00:00
6,3,7,117,wd_trans_ws_sc1,False,,True,False,1,False,rc_zero;required_flags_ok;golden_ok,7152,1,9,"error: Nack('NACK 11 (cmd 0x40, state RESULT_READY)')",FTDI-00FT46259002B,FI101-r1p0 (109762 v0100),0x504d4558,owner-verbal-2026-09-23,2d1a24adfaf245d8b75a0f6965811af86730e926a411ee3ee14bf813fba804eb,9437774a3d9c63cd86e936f1c57c8a9bd7c5efe8070a4c273ca5c2424120c280,81d37a219a6b4141d0b433796711ab8af2ee2c3c668a28143a3ffe6a574ade98,11,2026-10-06T20:15:08.398084+00:00
7,1,0,118,wd_trans_ws_sc2,False,,True,False,1,False,rc_zero;required_flags_ok;golden_ok,3864,1,9,"error: Nack('NACK 11 (cmd 0x40, state RESULT_READY)')",FTDI-00FT46259002B,FI101-r1p0 (109762 v0100),0x504d4558,owner-verbal-2026-09-23,2d1a24adfaf245d8b75a0f6965811af86730e926a411ee3ee14bf813fba804eb,9437774a3d9c63cd86e936f1c57c8a9bd7c5efe8070a4c273ca5c2424120c280,81d37a219a6b4141d0b433796711ab8af2ee2c3c668a28143a3ffe6a574ade98,11,2026-10-06T20:15:08.398084+00:00
7,1,1,119,wd_trans_ws_sc3,False,,True,False,1,False,rc_zero;required_flags_ok;golden_ok,3864,1,9,"error: Nack('NACK 11 (cmd 0x40, state RESULT_READY)')",FTDI-00FT46259002B,FI101-r1p0 (109762 v0100),0x504d4558,owner-verbal-2026-09-23,2d1a24adfaf245d8b75a0f6965811af86730e926a411ee3ee14bf813fba804eb,9437774a3d9c63cd86e936f1c57c8a9bd7c5efe8070a4c273ca5c2424120c280,81d37a219a6b4141d0b433796711ab8af2ee2c3c668a28143a3ffe6a574ade98,11,2026-10-06T20:15:08.398084+00:00
7,1,2,120,wd_trans_wb0,False,,True,False,1,False,rc_zero;required_flags_ok;golden_ok,3864,1,9,"error: Nack('NACK 11 (cmd 0x40, state RESULT_READY)')",FTDI-00FT46259002B,FI101-r1p0 (109762 v0100),0x504d4558,owner-verbal-2026-09-23,2d1a24adfaf245d8b75a0f6965811af86730e926a411ee3ee14bf813fba804eb,9437774a3d9c63cd86e936f1c57c8a9bd7c5efe8070a4c273ca5c2424120c280,81d37a219a6b4141d0b433796711ab8af2ee2c3c668a28143a3ffe6a574ade98,11,2026-10-06T20:15:08.398084+00:00
7,1,3,121,wd_trans_wb1,False,,True,False,1,False,rc_zero;required_flags_ok;golden_ok,3864,1,9,"error: Nack('NACK 11 (cmd 0x40, state RESULT_READY)')",FTDI-00FT46259002B,FI101-r1p0 (109762 v0100),0x504d4558,owner-verbal-2026-09-23,2d1a24adfaf245d8b75a0f6965811af86730e926a411ee3ee14bf813fba804eb,9437774a3d9c63cd86e936f1c57c8a9bd7c5efe8070a4c273ca5c2424120c280,81d37a219a6b4141d0b433796711ab8af2ee2c3c668a28143a3ffe6a574ade98,11,2026-10-06T20:15:08.398084+00:00
7,1,4,122,wd_trans_wb2,False,,True,False,1,False,rc_zero;required_flags_ok;golden_ok,3864,1,9,"error: Nack('NACK 11 (cmd 0x40, state RESULT_READY)')",FTDI-00FT46259002B,FI101-r1p0 (109762 v0100),0x504d4558,owner-verbal-2026-09-23,2d1a24adfaf245d8b75a0f6965811af86730e926a411ee3ee14bf813fba804eb,9437774a3d9c63cd86e936f1c57c8a9bd7c5efe8070a4c273ca5c2424120c280,81d37a219a6b4141d0b433796711ab8af2ee2c3c668a28143a3ffe6a574ade98,11,2026-10-06T20:15:08.398084+00:00
7,1,5,123,wd_trans_wb3,False,,True,False,1,False,rc_zero;required_flags_ok;golden_ok,3864,1,9,"error: Nack('NACK 11 (cmd 0x40, state RESULT_READY)')",FTDI-00FT46259002B,FI101-r1p0 (109762 v0100),0x504d4558,owner-verbal-2026-09-23,2d1a24adfaf245d8b75a0f6965811af86730e926a411ee3ee14bf813fba804eb,9437774a3d9c63cd86e936f1c57c8a9bd7c5efe8070a4c273ca5c2424120c280,81d37a219a6b4141d0b433796711ab8af2ee2c3c668a28143a3ffe6a574ade98,11,2026-10-06T20:15:08.398084+00:00
7,1,6,128,sram_rd_trans_accepted,True,,True,False,1,False,rc_zero;required_flags_ok;golden_ok,3864,1,9,"error: Nack('NACK 11 (cmd 0x40, state RESULT_READY)')",FTDI-00FT46259002B,FI101-r1p0 (109762 v0100),0x504d4558,owner-verbal-2026-09-23,2d1a24adfaf245d8b75a0f6965811af86730e926a411ee3ee14bf813fba804eb,9437774a3d9c63cd86e936f1c57c8a9bd7c5efe8070a4c273ca5c2424120c280,81d37a219a6b4141d0b433796711ab8af2ee2c3c668a28143a3ffe6a574ade98,11,2026-10-06T20:15:08.398084+00:00
7,1,7,129,sram_rd_trans_completed,True,,True,False,1,False,rc_zero;required_flags_ok;golden_ok,3864,1,9,"error: Nack('NACK 11 (cmd 0x40, state RESULT_READY)')",FTDI-00FT46259002B,FI101-r1p0 (109762 v0100),0x504d4558,owner-verbal-2026-09-23,2d1a24adfaf245d8b75a0f6965811af86730e926a411ee3ee14bf813fba804eb,9437774a3d9c63cd86e936f1c57c8a9bd7c5efe8070a4c273ca5c2424120c280,81d37a219a6b4141d0b433796711ab8af2ee2c3c668a28143a3ffe6a574ade98,11,2026-10-06T20:15:08.398084+00:00
7,2,0,118,wd_trans_ws_sc2,False,,True,False,1,False,rc_zero;required_flags_ok;golden_ok,8370,1,9,"error: Nack('NACK 11 (cmd 0x40, state RESULT_READY)')",FTDI-00FT46259002B,FI101-r1p0 (109762 v0100),0x504d4558,owner-verbal-2026-09-23,2d1a24adfaf245d8b75a0f6965811af86730e926a411ee3ee14bf813fba804eb,9437774a3d9c63cd86e936f1c57c8a9bd7c5efe8070a4c273ca5c2424120c280,81d37a219a6b4141d0b433796711ab8af2ee2c3c668a28143a3ffe6a574ade98,11,2026-10-06T20:15:08.398084+00:00
7,2,1,119,wd_trans_ws_sc3,False,,True,False,1,False,rc_zero;required_flags_ok;golden_ok,8370,1,9,"error: Nack('NACK 11 (cmd 0x40, state RESULT_READY)')",FTDI-00FT46259002B,FI101-r1p0 (109762 v0100),0x504d4558,owner-verbal-2026-09-23,2d1a24adfaf245d8b75a0f6965811af86730e926a411ee3ee14bf813fba804eb,9437774a3d9c63cd86e936f1c57c8a9bd7c5efe8070a4c273ca5c2424120c280,81d37a219a6b4141d0b433796711ab8af2ee2c3c668a28143a3ffe6a574ade98,11,2026-10-06T20:15:08.398084+00:00
7,2,2,120,wd_trans_wb0,False,,True,False,1,False,rc_zero;required_flags_ok;golden_ok,8370,1,9,"error: Nack('NACK 11 (cmd 0x40, state RESULT_READY)')",FTDI-00FT46259002B,FI101-r1p0 (109762 v0100),0x504d4558,owner-verbal-2026-09-23,2d1a24adfaf245d8b75a0f6965811af86730e926a411ee3ee14bf813fba804eb,9437774a3d9c63cd86e936f1c57c8a9bd7c5efe8070a4c273ca5c2424120c280,81d37a219a6b4141d0b433796711ab8af2ee2c3c668a28143a3ffe6a574ade98,11,2026-10-06T20:15:08.398084+00:00
7,2,3,121,wd_trans_wb1,False,,True,False,1,False,rc_zero;required_flags_ok;golden_ok,8370,1,9,"error: Nack('NACK 11 (cmd 0x40, state RESULT_READY)')",FTDI-00FT46259002B,FI101-r1p0 (109762 v0100),0x504d4558,owner-verbal-2026-09-23,2d1a24adfaf245d8b75a0f6965811af86730e926a411ee3ee14bf813fba804eb,9437774a3d9c63cd86e936f1c57c8a9bd7c5efe8070a4c273ca5c2424120c280,81d37a219a6b4141d0b433796711ab8af2ee2c3c668a28143a3ffe6a574ade98,11,2026-10-06T20:15:08.398084+00:00
7,2,4,122,wd_trans_wb2,False,,True,False,1,False,rc_zero;required_flags_ok;golden_ok,8370,1,9,"error: Nack('NACK 11 (cmd 0x40, state RESULT_READY)')",FTDI-00FT46259002B,FI101-r1p0 (109762 v0100),0x504d4558,owner-verbal-2026-09-23,2d1a24adfaf245d8b75a0f6965811af86730e926a411ee3ee14bf813fba804eb,9437774a3d9c63cd86e936f1c57c8a9bd7c5efe8070a4c273ca5c2424120c280,81d37a219a6b4141d0b433796711ab8af2ee2c3c668a28143a3ffe6a574ade98,11,2026-10-06T20:15:08.398084+00:00
7,2,5,123,wd_trans_wb3,False,,True,False,1,False,rc_zero;required_flags_ok;golden_ok,8370,1,9,"error: Nack('NACK 11 (cmd 0x40, state RESULT_READY)')",FTDI-00FT46259002B,FI101-r1p0 (109762 v0100),0x504d4558,owner-verbal-2026-09-23,2d1a24adfaf245d8b75a0f6965811af86730e926a411ee3ee14bf813fba804eb,9437774a3d9c63cd86e936f1c57c8a9bd7c5efe8070a4c273ca5c2424120c280,81d37a219a6b4141d0b433796711ab8af2ee2c3c668a28143a3ffe6a574ade98,11,2026-10-06T20:15:08.398084+00:00
7,2,6,128,sram_rd_trans_accepted,True,,True,False,1,False,rc_zero;required_flags_ok;golden_ok,8370,1,9,"error: Nack('NACK 11 (cmd 0x40, state RESULT_READY)')",FTDI-00FT46259002B,FI101-r1p0 (109762 v0100),0x504d4558,owner-verbal-2026-09-23,2d1a24adfaf245d8b75a0f6965811af86730e926a411ee3ee14bf813fba804eb,9437774a3d9c63cd86e936f1c57c8a9bd7c5efe8070a4c273ca5c2424120c280,81d37a219a6b4141d0b433796711ab8af2ee2c3c668a28143a3ffe6a574ade98,11,2026-10-06T20:15:08.398084+00:00
7,2,7,129,sram_rd_trans_completed,True,,True,False,1,False,rc_zero;required_flags_ok;golden_ok,8370,1,9,"error: Nack('NACK 11 (cmd 0x40, state RESULT_READY)')",FTDI-00FT46259002B,FI101-r1p0 (109762 v0100),0x504d4558,owner-verbal-2026-09-23,2d1a24adfaf245d8b75a0f6965811af86730e926a411ee3ee14bf813fba804eb,9437774a3d9c63cd86e936f1c57c8a9bd7c5efe8070a4c273ca5c2424120c280,81d37a219a6b4141d0b433796711ab8af2ee2c3c668a28143a3ffe6a574ade98,11,2026-10-06T20:15:08.398084+00:00
7,3,0,118,wd_trans_ws_sc2,False,,True,False,1,False,rc_zero;required_flags_ok;golden_ok,8943,1,9,"error: Nack('NACK 11 (cmd 0x40, state RESULT_READY)')",FTDI-00FT46259002B,FI101-r1p0 (109762 v0100),0x504d4558,owner-verbal-2026-09-23,2d1a24adfaf245d8b75a0f6965811af86730e926a411ee3ee14bf813fba804eb,9437774a3d9c63cd86e936f1c57c8a9bd7c5efe8070a4c273ca5c2424120c280,81d37a219a6b4141d0b433796711ab8af2ee2c3c668a28143a3ffe6a574ade98,11,2026-10-06T20:15:08.398084+00:00
7,3,1,119,wd_trans_ws_sc3,False,,True,False,1,False,rc_zero;required_flags_ok;golden_ok,8943,1,9,"error: Nack('NACK 11 (cmd 0x40, state RESULT_READY)')",FTDI-00FT46259002B,FI101-r1p0 (109762 v0100),0x504d4558,owner-verbal-2026-09-23,2d1a24adfaf245d8b75a0f6965811af86730e926a411ee3ee14bf813fba804eb,9437774a3d9c63cd86e936f1c57c8a9bd7c5efe8070a4c273ca5c2424120c280,81d37a219a6b4141d0b433796711ab8af2ee2c3c668a28143a3ffe6a574ade98,11,2026-10-06T20:15:08.398084+00:00
7,3,2,120,wd_trans_wb0,False,,True,False,1,False,rc_zero;required_flags_ok;golden_ok,8943,1,9,"error: Nack('NACK 11 (cmd 0x40, state RESULT_READY)')",FTDI-00FT46259002B,FI101-r1p0 (109762 v0100),0x504d4558,owner-verbal-2026-09-23,2d1a24adfaf245d8b75a0f6965811af86730e926a411ee3ee14bf813fba804eb,9437774a3d9c63cd86e936f1c57c8a9bd7c5efe8070a4c273ca5c2424120c280,81d37a219a6b4141d0b433796711ab8af2ee2c3c668a28143a3ffe6a574ade98,11,2026-10-06T20:15:08.398084+00:00
7,3,3,121,wd_trans_wb1,False,,True,False,1,False,rc_zero;required_flags_ok;golden_ok,8943,1,9,"error: Nack('NACK 11 (cmd 0x40, state RESULT_READY)')",FTDI-00FT46259002B,FI101-r1p0 (109762 v0100),0x504d4558,owner-verbal-2026-09-23,2d1a24adfaf245d8b75a0f6965811af86730e926a411ee3ee14bf813fba804eb,9437774a3d9c63cd86e936f1c57c8a9bd7c5efe8070a4c273ca5c2424120c280,81d37a219a6b4141d0b433796711ab8af2ee2c3c668a28143a3ffe6a574ade98,11,2026-10-06T20:15:08.398084+00:00
7,3,4,122,wd_trans_wb2,False,,True,False,1,False,rc_zero;required_flags_ok;golden_ok,8943,1,9,"error: Nack('NACK 11 (cmd 0x40, state RESULT_READY)')",FTDI-00FT46259002B,FI101-r1p0 (109762 v0100),0x504d4558,owner-verbal-2026-09-23,2d1a24adfaf245d8b75a0f6965811af86730e926a411ee3ee14bf813fba804eb,9437774a3d9c63cd86e936f1c57c8a9bd7c5efe8070a4c273ca5c2424120c280,81d37a219a6b4141d0b433796711ab8af2ee2c3c668a28143a3ffe6a574ade98,11,2026-10-06T20:15:08.398084+00:00
7,3,5,123,wd_trans_wb3,False,,True,False,1,False,rc_zero;required_flags_ok;golden_ok,8943,1,9,"error: Nack('NACK 11 (cmd 0x40, state RESULT_READY)')",FTDI-00FT46259002B,FI101-r1p0 (109762 v0100),0x504d4558,owner-verbal-2026-09-23,2d1a24adfaf245d8b75a0f6965811af86730e926a411ee3ee14bf813fba804eb,9437774a3d9c63cd86e936f1c57c8a9bd7c5efe8070a4c273ca5c2424120c280,81d37a219a6b4141d0b433796711ab8af2ee2c3c668a28143a3ffe6a574ade98,11,2026-10-06T20:15:08.398084+00:00
7,3,6,128,sram_rd_trans_accepted,True,,True,False,1,False,rc_zero;required_flags_ok;golden_ok,8943,1,9,"error: Nack('NACK 11 (cmd 0x40, state RESULT_READY)')",FTDI-00FT46259002B,FI101-r1p0 (109762 v0100),0x504d4558,owner-verbal-2026-09-23,2d1a24adfaf245d8b75a0f6965811af86730e926a411ee3ee14bf813fba804eb,9437774a3d9c63cd86e936f1c57c8a9bd7c5efe8070a4c273ca5c2424120c280,81d37a219a6b4141d0b433796711ab8af2ee2c3c668a28143a3ffe6a574ade98,11,2026-10-06T20:15:08.398084+00:00
7,3,7,129,sram_rd_trans_completed,True,,True,False,1,False,rc_zero;required_flags_ok;golden_ok,8943,1,9,"error: Nack('NACK 11 (cmd 0x40, state RESULT_READY)')",FTDI-00FT46259002B,FI101-r1p0 (109762 v0100),0x504d4558,owner-verbal-2026-09-23,2d1a24adfaf245d8b75a0f6965811af86730e926a411ee3ee14bf813fba804eb,9437774a3d9c63cd86e936f1c57c8a9bd7c5efe8070a4c273ca5c2424120c280,81d37a219a6b4141d0b433796711ab8af2ee2c3c668a28143a3ffe6a574ade98,11,2026-10-06T20:15:08.398084+00:00
8,1,0,130,sram_rd_data_beat_received,True,,True,False,1,False,rc_zero;required_flags_ok;golden_ok,3864,1,9,"error: Nack('NACK 11 (cmd 0x40, state RESULT_READY)')",FTDI-00FT46259002B,FI101-r1p0 (109762 v0100),0x504d4558,owner-verbal-2026-09-23,2d1a24adfaf245d8b75a0f6965811af86730e926a411ee3ee14bf813fba804eb,9437774a3d9c63cd86e936f1c57c8a9bd7c5efe8070a4c273ca5c2424120c280,81d37a219a6b4141d0b433796711ab8af2ee2c3c668a28143a3ffe6a574ade98,11,2026-10-06T20:15:08.398084+00:00
8,1,1,131,sram_rd_tran_req_stalled,True,,True,False,1,False,rc_zero;required_flags_ok;golden_ok,3864,1,9,"error: Nack('NACK 11 (cmd 0x40, state RESULT_READY)')",FTDI-00FT46259002B,FI101-r1p0 (109762 v0100),0x504d4558,owner-verbal-2026-09-23,2d1a24adfaf245d8b75a0f6965811af86730e926a411ee3ee14bf813fba804eb,9437774a3d9c63cd86e936f1c57c8a9bd7c5efe8070a4c273ca5c2424120c280,81d37a219a6b4141d0b433796711ab8af2ee2c3c668a28143a3ffe6a574ade98,11,2026-10-06T20:15:08.398084+00:00
8,1,2,132,sram_wr_trans_accepted,True,,True,False,1,False,rc_zero;required_flags_ok;golden_ok,3864,1,9,"error: Nack('NACK 11 (cmd 0x40, state RESULT_READY)')",FTDI-00FT46259002B,FI101-r1p0 (109762 v0100),0x504d4558,owner-verbal-2026-09-23,2d1a24adfaf245d8b75a0f6965811af86730e926a411ee3ee14bf813fba804eb,9437774a3d9c63cd86e936f1c57c8a9bd7c5efe8070a4c273ca5c2424120c280,81d37a219a6b4141d0b433796711ab8af2ee2c3c668a28143a3ffe6a574ade98,11,2026-10-06T20:15:08.398084+00:00
8,1,3,133,sram_wr_trans_completed_m,False,,True,False,1,False,rc_zero;required_flags_ok;golden_ok,3864,1,9,"error: Nack('NACK 11 (cmd 0x40, state RESULT_READY)')",FTDI-00FT46259002B,FI101-r1p0 (109762 v0100),0x504d4558,owner-verbal-2026-09-23,2d1a24adfaf245d8b75a0f6965811af86730e926a411ee3ee14bf813fba804eb,9437774a3d9c63cd86e936f1c57c8a9bd7c5efe8070a4c273ca5c2424120c280,81d37a219a6b4141d0b433796711ab8af2ee2c3c668a28143a3ffe6a574ade98,11,2026-10-06T20:15:08.398084+00:00
8,1,4,134,sram_wr_trans_completed_s,False,,True,False,1,False,rc_zero;required_flags_ok;golden_ok,3864,1,9,"error: Nack('NACK 11 (cmd 0x40, state RESULT_READY)')",FTDI-00FT46259002B,FI101-r1p0 (109762 v0100),0x504d4558,owner-verbal-2026-09-23,2d1a24adfaf245d8b75a0f6965811af86730e926a411ee3ee14bf813fba804eb,9437774a3d9c63cd86e936f1c57c8a9bd7c5efe8070a4c273ca5c2424120c280,81d37a219a6b4141d0b433796711ab8af2ee2c3c668a28143a3ffe6a574ade98,11,2026-10-06T20:15:08.398084+00:00
8,1,5,135,sram_wr_data_beat_written,True,,True,False,1,False,rc_zero;required_flags_ok;golden_ok,3864,1,9,"error: Nack('NACK 11 (cmd 0x40, state RESULT_READY)')",FTDI-00FT46259002B,FI101-r1p0 (109762 v0100),0x504d4558,owner-verbal-2026-09-23,2d1a24adfaf245d8b75a0f6965811af86730e926a411ee3ee14bf813fba804eb,9437774a3d9c63cd86e936f1c57c8a9bd7c5efe8070a4c273ca5c2424120c280,81d37a219a6b4141d0b433796711ab8af2ee2c3c668a28143a3ffe6a574ade98,11,2026-10-06T20:15:08.398084+00:00
8,1,6,136,sram_wr_tran_req_stalled,True,,True,False,1,False,rc_zero;required_flags_ok;golden_ok,3864,1,9,"error: Nack('NACK 11 (cmd 0x40, state RESULT_READY)')",FTDI-00FT46259002B,FI101-r1p0 (109762 v0100),0x504d4558,owner-verbal-2026-09-23,2d1a24adfaf245d8b75a0f6965811af86730e926a411ee3ee14bf813fba804eb,9437774a3d9c63cd86e936f1c57c8a9bd7c5efe8070a4c273ca5c2424120c280,81d37a219a6b4141d0b433796711ab8af2ee2c3c668a28143a3ffe6a574ade98,11,2026-10-06T20:15:08.398084+00:00
8,1,7,137,sram_wr_data_beat_stalled,True,,True,False,1,False,rc_zero;required_flags_ok;golden_ok,3864,1,9,"error: Nack('NACK 11 (cmd 0x40, state RESULT_READY)')",FTDI-00FT46259002B,FI101-r1p0 (109762 v0100),0x504d4558,owner-verbal-2026-09-23,2d1a24adfaf245d8b75a0f6965811af86730e926a411ee3ee14bf813fba804eb,9437774a3d9c63cd86e936f1c57c8a9bd7c5efe8070a4c273ca5c2424120c280,81d37a219a6b4141d0b433796711ab8af2ee2c3c668a28143a3ffe6a574ade98,11,2026-10-06T20:15:08.398084+00:00
8,2,0,130,sram_rd_data_beat_received,True,,True,False,1,False,rc_zero;required_flags_ok;golden_ok,7705,1,9,"error: Nack('NACK 11 (cmd 0x40, state RESULT_READY)')",FTDI-00FT46259002B,FI101-r1p0 (109762 v0100),0x504d4558,owner-verbal-2026-09-23,2d1a24adfaf245d8b75a0f6965811af86730e926a411ee3ee14bf813fba804eb,9437774a3d9c63cd86e936f1c57c8a9bd7c5efe8070a4c273ca5c2424120c280,81d37a219a6b4141d0b433796711ab8af2ee2c3c668a28143a3ffe6a574ade98,11,2026-10-06T20:15:08.398084+00:00
8,2,1,131,sram_rd_tran_req_stalled,True,,True,False,1,False,rc_zero;required_flags_ok;golden_ok,7705,1,9,"error: Nack('NACK 11 (cmd 0x40, state RESULT_READY)')",FTDI-00FT46259002B,FI101-r1p0 (109762 v0100),0x504d4558,owner-verbal-2026-09-23,2d1a24adfaf245d8b75a0f6965811af86730e926a411ee3ee14bf813fba804eb,9437774a3d9c63cd86e936f1c57c8a9bd7c5efe8070a4c273ca5c2424120c280,81d37a219a6b4141d0b433796711ab8af2ee2c3c668a28143a3ffe6a574ade98,11,2026-10-06T20:15:08.398084+00:00
8,2,2,132,sram_wr_trans_accepted,True,,True,False,1,False,rc_zero;required_flags_ok;golden_ok,7705,1,9,"error: Nack('NACK 11 (cmd 0x40, state RESULT_READY)')",FTDI-00FT46259002B,FI101-r1p0 (109762 v0100),0x504d4558,owner-verbal-2026-09-23,2d1a24adfaf245d8b75a0f6965811af86730e926a411ee3ee14bf813fba804eb,9437774a3d9c63cd86e936f1c57c8a9bd7c5efe8070a4c273ca5c2424120c280,81d37a219a6b4141d0b433796711ab8af2ee2c3c668a28143a3ffe6a574ade98,11,2026-10-06T20:15:08.398084+00:00
8,2,3,133,sram_wr_trans_completed_m,False,,True,False,1,False,rc_zero;required_flags_ok;golden_ok,7705,1,9,"error: Nack('NACK 11 (cmd 0x40, state RESULT_READY)')",FTDI-00FT46259002B,FI101-r1p0 (109762 v0100),0x504d4558,owner-verbal-2026-09-23,2d1a24adfaf245d8b75a0f6965811af86730e926a411ee3ee14bf813fba804eb,9437774a3d9c63cd86e936f1c57c8a9bd7c5efe8070a4c273ca5c2424120c280,81d37a219a6b4141d0b433796711ab8af2ee2c3c668a28143a3ffe6a574ade98,11,2026-10-06T20:15:08.398084+00:00
8,2,4,134,sram_wr_trans_completed_s,False,,True,False,1,False,rc_zero;required_flags_ok;golden_ok,7705,1,9,"error: Nack('NACK 11 (cmd 0x40, state RESULT_READY)')",FTDI-00FT46259002B,FI101-r1p0 (109762 v0100),0x504d4558,owner-verbal-2026-09-23,2d1a24adfaf245d8b75a0f6965811af86730e926a411ee3ee14bf813fba804eb,9437774a3d9c63cd86e936f1c57c8a9bd7c5efe8070a4c273ca5c2424120c280,81d37a219a6b4141d0b433796711ab8af2ee2c3c668a28143a3ffe6a574ade98,11,2026-10-06T20:15:08.398084+00:00
8,2,5,135,sram_wr_data_beat_written,True,,True,False,1,False,rc_zero;required_flags_ok;golden_ok,7705,1,9,"error: Nack('NACK 11 (cmd 0x40, state RESULT_READY)')",FTDI-00FT46259002B,FI101-r1p0 (109762 v0100),0x504d4558,owner-verbal-2026-09-23,2d1a24adfaf245d8b75a0f6965811af86730e926a411ee3ee14bf813fba804eb,9437774a3d9c63cd86e936f1c57c8a9bd7c5efe8070a4c273ca5c2424120c280,81d37a219a6b4141d0b433796711ab8af2ee2c3c668a28143a3ffe6a574ade98,11,2026-10-06T20:15:08.398084+00:00
8,2,6,136,sram_wr_tran_req_stalled,True,,True,False,1,False,rc_zero;required_flags_ok;golden_ok,7705,1,9,"error: Nack('NACK 11 (cmd 0x40, state RESULT_READY)')",FTDI-00FT46259002B,FI101-r1p0 (109762 v0100),0x504d4558,owner-verbal-2026-09-23,2d1a24adfaf245d8b75a0f6965811af86730e926a411ee3ee14bf813fba804eb,9437774a3d9c63cd86e936f1c57c8a9bd7c5efe8070a4c273ca5c2424120c280,81d37a219a6b4141d0b433796711ab8af2ee2c3c668a28143a3ffe6a574ade98,11,2026-10-06T20:15:08.398084+00:00
8,2,7,137,sram_wr_data_beat_stalled,True,,True,False,1,False,rc_zero;required_flags_ok;golden_ok,7705,1,9,"error: Nack('NACK 11 (cmd 0x40, state RESULT_READY)')",FTDI-00FT46259002B,FI101-r1p0 (109762 v0100),0x504d4558,owner-verbal-2026-09-23,2d1a24adfaf245d8b75a0f6965811af86730e926a411ee3ee14bf813fba804eb,9437774a3d9c63cd86e936f1c57c8a9bd7c5efe8070a4c273ca5c2424120c280,81d37a219a6b4141d0b433796711ab8af2ee2c3c668a28143a3ffe6a574ade98,11,2026-10-06T20:15:08.398084+00:00
8,3,0,130,sram_rd_data_beat_received,True,,True,False,1,False,rc_zero;required_flags_ok;golden_ok,3904,1,9,"error: Nack('NACK 11 (cmd 0x40, state RESULT_READY)')",FTDI-00FT46259002B,FI101-r1p0 (109762 v0100),0x504d4558,owner-verbal-2026-09-23,2d1a24adfaf245d8b75a0f6965811af86730e926a411ee3ee14bf813fba804eb,9437774a3d9c63cd86e936f1c57c8a9bd7c5efe8070a4c273ca5c2424120c280,81d37a219a6b4141d0b433796711ab8af2ee2c3c668a28143a3ffe6a574ade98,11,2026-10-06T20:15:08.398084+00:00
8,3,1,131,sram_rd_tran_req_stalled,True,,True,False,1,False,rc_zero;required_flags_ok;golden_ok,3904,1,9,"error: Nack('NACK 11 (cmd 0x40, state RESULT_READY)')",FTDI-00FT46259002B,FI101-r1p0 (109762 v0100),0x504d4558,owner-verbal-2026-09-23,2d1a24adfaf245d8b75a0f6965811af86730e926a411ee3ee14bf813fba804eb,9437774a3d9c63cd86e936f1c57c8a9bd7c5efe8070a4c273ca5c2424120c280,81d37a219a6b4141d0b433796711ab8af2ee2c3c668a28143a3ffe6a574ade98,11,2026-10-06T20:15:08.398084+00:00
8,3,2,132,sram_wr_trans_accepted,True,,True,False,1,False,rc_zero;required_flags_ok;golden_ok,3904,1,9,"error: Nack('NACK 11 (cmd 0x40, state RESULT_READY)')",FTDI-00FT46259002B,FI101-r1p0 (109762 v0100),0x504d4558,owner-verbal-2026-09-23,2d1a24adfaf245d8b75a0f6965811af86730e926a411ee3ee14bf813fba804eb,9437774a3d9c63cd86e936f1c57c8a9bd7c5efe8070a4c273ca5c2424120c280,81d37a219a6b4141d0b433796711ab8af2ee2c3c668a28143a3ffe6a574ade98,11,2026-10-06T20:15:08.398084+00:00
8,3,3,133,sram_wr_trans_completed_m,False,,True,False,1,False,rc_zero;required_flags_ok;golden_ok,3904,1,9,"error: Nack('NACK 11 (cmd 0x40, state RESULT_READY)')",FTDI-00FT46259002B,FI101-r1p0 (109762 v0100),0x504d4558,owner-verbal-2026-09-23,2d1a24adfaf245d8b75a0f6965811af86730e926a411ee3ee14bf813fba804eb,9437774a3d9c63cd86e936f1c57c8a9bd7c5efe8070a4c273ca5c2424120c280,81d37a219a6b4141d0b433796711ab8af2ee2c3c668a28143a3ffe6a574ade98,11,2026-10-06T20:15:08.398084+00:00
8,3,4,134,sram_wr_trans_completed_s,False,,True,False,1,False,rc_zero;required_flags_ok;golden_ok,3904,1,9,"error: Nack('NACK 11 (cmd 0x40, state RESULT_READY)')",FTDI-00FT46259002B,FI101-r1p0 (109762 v0100),0x504d4558,owner-verbal-2026-09-23,2d1a24adfaf245d8b75a0f6965811af86730e926a411ee3ee14bf813fba804eb,9437774a3d9c63cd86e936f1c57c8a9bd7c5efe8070a4c273ca5c2424120c280,81d37a219a6b4141d0b433796711ab8af2ee2c3c668a28143a3ffe6a574ade98,11,2026-10-06T20:15:08.398084+00:00
8,3,5,135,sram_wr_data_beat_written,True,,True,False,1,False,rc_zero;required_flags_ok;golden_ok,3904,1,9,"error: Nack('NACK 11 (cmd 0x40, state RESULT_READY)')",FTDI-00FT46259002B,FI101-r1p0 (109762 v0100),0x504d4558,owner-verbal-2026-09-23,2d1a24adfaf245d8b75a0f6965811af86730e926a411ee3ee14bf813fba804eb,9437774a3d9c63cd86e936f1c57c8a9bd7c5efe8070a4c273ca5c2424120c280,81d37a219a6b4141d0b433796711ab8af2ee2c3c668a28143a3ffe6a574ade98,11,2026-10-06T20:15:08.398084+00:00
8,3,6,136,sram_wr_tran_req_stalled,True,,True,False,1,False,rc_zero;required_flags_ok;golden_ok,3904,1,9,"error: Nack('NACK 11 (cmd 0x40, state RESULT_READY)')",FTDI-00FT46259002B,FI101-r1p0 (109762 v0100),0x504d4558,owner-verbal-2026-09-23,2d1a24adfaf245d8b75a0f6965811af86730e926a411ee3ee14bf813fba804eb,9437774a3d9c63cd86e936f1c57c8a9bd7c5efe8070a4c273ca5c2424120c280,81d37a219a6b4141d0b433796711ab8af2ee2c3c668a28143a3ffe6a574ade98,11,2026-10-06T20:15:08.398084+00:00
8,3,7,137,sram_wr_data_beat_stalled,True,,True,False,1,False,rc_zero;required_flags_ok;golden_ok,3904,1,9,"error: Nack('NACK 11 (cmd 0x40, state RESULT_READY)')",FTDI-00FT46259002B,FI101-r1p0 (109762 v0100),0x504d4558,owner-verbal-2026-09-23,2d1a24adfaf245d8b75a0f6965811af86730e926a411ee3ee14bf813fba804eb,9437774a3d9c63cd86e936f1c57c8a9bd7c5efe8070a4c273ca5c2424120c280,81d37a219a6b4141d0b433796711ab8af2ee2c3c668a28143a3ffe6a574ade98,11,2026-10-06T20:15:08.398084+00:00
9,1,0,140,sram_enabled_cycles,True,,True,False,1,False,rc_zero;required_flags_ok;golden_ok,6165,1,9,"error: Nack('NACK 11 (cmd 0x40, state RESULT_READY)')",FTDI-00FT46259002B,FI101-r1p0 (109762 v0100),0x504d4558,owner-verbal-2026-09-23,2d1a24adfaf245d8b75a0f6965811af86730e926a411ee3ee14bf813fba804eb,9437774a3d9c63cd86e936f1c57c8a9bd7c5efe8070a4c273ca5c2424120c280,81d37a219a6b4141d0b433796711ab8af2ee2c3c668a28143a3ffe6a574ade98,11,2026-10-06T20:15:08.398084+00:00
9,1,1,142,sram_rd_stall_limit,True,,True,False,1,False,rc_zero;required_flags_ok;golden_ok,6165,1,9,"error: Nack('NACK 11 (cmd 0x40, state RESULT_READY)')",FTDI-00FT46259002B,FI101-r1p0 (109762 v0100),0x504d4558,owner-verbal-2026-09-23,2d1a24adfaf245d8b75a0f6965811af86730e926a411ee3ee14bf813fba804eb,9437774a3d9c63cd86e936f1c57c8a9bd7c5efe8070a4c273ca5c2424120c280,81d37a219a6b4141d0b433796711ab8af2ee2c3c668a28143a3ffe6a574ade98,11,2026-10-06T20:15:08.398084+00:00
9,1,2,143,sram_wr_stall_limit,True,,True,False,1,False,rc_zero;required_flags_ok;golden_ok,6165,1,9,"error: Nack('NACK 11 (cmd 0x40, state RESULT_READY)')",FTDI-00FT46259002B,FI101-r1p0 (109762 v0100),0x504d4558,owner-verbal-2026-09-23,2d1a24adfaf245d8b75a0f6965811af86730e926a411ee3ee14bf813fba804eb,9437774a3d9c63cd86e936f1c57c8a9bd7c5efe8070a4c273ca5c2424120c280,81d37a219a6b4141d0b433796711ab8af2ee2c3c668a28143a3ffe6a574ade98,11,2026-10-06T20:15:08.398084+00:00
9,1,3,160,axi_latency_any,True,,True,False,1,False,rc_zero;required_flags_ok;golden_ok,6165,1,9,"error: Nack('NACK 11 (cmd 0x40, state RESULT_READY)')",FTDI-00FT46259002B,FI101-r1p0 (109762 v0100),0x504d4558,owner-verbal-2026-09-23,2d1a24adfaf245d8b75a0f6965811af86730e926a411ee3ee14bf813fba804eb,9437774a3d9c63cd86e936f1c57c8a9bd7c5efe8070a4c273ca5c2424120c280,81d37a219a6b4141d0b433796711ab8af2ee2c3c668a28143a3ffe6a574ade98,11,2026-10-06T20:15:08.398084+00:00
9,1,4,161,axi_latency_32,True,,True,False,1,False,rc_zero;required_flags_ok;golden_ok,6165,1,9,"error: Nack('NACK 11 (cmd 0x40, state RESULT_READY)')",FTDI-00FT46259002B,FI101-r1p0 (109762 v0100),0x504d4558,owner-verbal-2026-09-23,2d1a24adfaf245d8b75a0f6965811af86730e926a411ee3ee14bf813fba804eb,9437774a3d9c63cd86e936f1c57c8a9bd7c5efe8070a4c273ca5c2424120c280,81d37a219a6b4141d0b433796711ab8af2ee2c3c668a28143a3ffe6a574ade98,11,2026-10-06T20:15:08.398084+00:00
9,1,5,162,axi_latency_64,True,,True,False,1,False,rc_zero;required_flags_ok;golden_ok,6165,1,9,"error: Nack('NACK 11 (cmd 0x40, state RESULT_READY)')",FTDI-00FT46259002B,FI101-r1p0 (109762 v0100),0x504d4558,owner-verbal-2026-09-23,2d1a24adfaf245d8b75a0f6965811af86730e926a411ee3ee14bf813fba804eb,9437774a3d9c63cd86e936f1c57c8a9bd7c5efe8070a4c273ca5c2424120c280,81d37a219a6b4141d0b433796711ab8af2ee2c3c668a28143a3ffe6a574ade98,11,2026-10-06T20:15:08.398084+00:00
9,1,6,163,axi_latency_128,True,,True,False,1,False,rc_zero;required_flags_ok;golden_ok,6165,1,9,"error: Nack('NACK 11 (cmd 0x40, state RESULT_READY)')",FTDI-00FT46259002B,FI101-r1p0 (109762 v0100),0x504d4558,owner-verbal-2026-09-23,2d1a24adfaf245d8b75a0f6965811af86730e926a411ee3ee14bf813fba804eb,9437774a3d9c63cd86e936f1c57c8a9bd7c5efe8070a4c273ca5c2424120c280,81d37a219a6b4141d0b433796711ab8af2ee2c3c668a28143a3ffe6a574ade98,11,2026-10-06T20:15:08.398084+00:00
9,1,7,164,axi_latency_256,True,,True,False,1,False,rc_zero;required_flags_ok;golden_ok,6165,1,9,"error: Nack('NACK 11 (cmd 0x40, state RESULT_READY)')",FTDI-00FT46259002B,FI101-r1p0 (109762 v0100),0x504d4558,owner-verbal-2026-09-23,2d1a24adfaf245d8b75a0f6965811af86730e926a411ee3ee14bf813fba804eb,9437774a3d9c63cd86e936f1c57c8a9bd7c5efe8070a4c273ca5c2424120c280,81d37a219a6b4141d0b433796711ab8af2ee2c3c668a28143a3ffe6a574ade98,11,2026-10-06T20:15:08.398084+00:00
9,2,0,140,sram_enabled_cycles,True,,True,False,1,False,rc_zero;required_flags_ok;golden_ok,3875,1,9,"error: Nack('NACK 11 (cmd 0x40, state RESULT_READY)')",FTDI-00FT46259002B,FI101-r1p0 (109762 v0100),0x504d4558,owner-verbal-2026-09-23,2d1a24adfaf245d8b75a0f6965811af86730e926a411ee3ee14bf813fba804eb,9437774a3d9c63cd86e936f1c57c8a9bd7c5efe8070a4c273ca5c2424120c280,81d37a219a6b4141d0b433796711ab8af2ee2c3c668a28143a3ffe6a574ade98,11,2026-10-06T20:15:08.398084+00:00
9,2,1,142,sram_rd_stall_limit,True,,True,False,1,False,rc_zero;required_flags_ok;golden_ok,3875,1,9,"error: Nack('NACK 11 (cmd 0x40, state RESULT_READY)')",FTDI-00FT46259002B,FI101-r1p0 (109762 v0100),0x504d4558,owner-verbal-2026-09-23,2d1a24adfaf245d8b75a0f6965811af86730e926a411ee3ee14bf813fba804eb,9437774a3d9c63cd86e936f1c57c8a9bd7c5efe8070a4c273ca5c2424120c280,81d37a219a6b4141d0b433796711ab8af2ee2c3c668a28143a3ffe6a574ade98,11,2026-10-06T20:15:08.398084+00:00
9,2,2,143,sram_wr_stall_limit,True,,True,False,1,False,rc_zero;required_flags_ok;golden_ok,3875,1,9,"error: Nack('NACK 11 (cmd 0x40, state RESULT_READY)')",FTDI-00FT46259002B,FI101-r1p0 (109762 v0100),0x504d4558,owner-verbal-2026-09-23,2d1a24adfaf245d8b75a0f6965811af86730e926a411ee3ee14bf813fba804eb,9437774a3d9c63cd86e936f1c57c8a9bd7c5efe8070a4c273ca5c2424120c280,81d37a219a6b4141d0b433796711ab8af2ee2c3c668a28143a3ffe6a574ade98,11,2026-10-06T20:15:08.398084+00:00
9,2,3,160,axi_latency_any,True,,True,False,1,False,rc_zero;required_flags_ok;golden_ok,3875,1,9,"error: Nack('NACK 11 (cmd 0x40, state RESULT_READY)')",FTDI-00FT46259002B,FI101-r1p0 (109762 v0100),0x504d4558,owner-verbal-2026-09-23,2d1a24adfaf245d8b75a0f6965811af86730e926a411ee3ee14bf813fba804eb,9437774a3d9c63cd86e936f1c57c8a9bd7c5efe8070a4c273ca5c2424120c280,81d37a219a6b4141d0b433796711ab8af2ee2c3c668a28143a3ffe6a574ade98,11,2026-10-06T20:15:08.398084+00:00
9,2,4,161,axi_latency_32,True,,True,False,1,False,rc_zero;required_flags_ok;golden_ok,3875,1,9,"error: Nack('NACK 11 (cmd 0x40, state RESULT_READY)')",FTDI-00FT46259002B,FI101-r1p0 (109762 v0100),0x504d4558,owner-verbal-2026-09-23,2d1a24adfaf245d8b75a0f6965811af86730e926a411ee3ee14bf813fba804eb,9437774a3d9c63cd86e936f1c57c8a9bd7c5efe8070a4c273ca5c2424120c280,81d37a219a6b4141d0b433796711ab8af2ee2c3c668a28143a3ffe6a574ade98,11,2026-10-06T20:15:08.398084+00:00
9,2,5,162,axi_latency_64,True,,True,False,1,False,rc_zero;required_flags_ok;golden_ok,3875,1,9,"error: Nack('NACK 11 (cmd 0x40, state RESULT_READY)')",FTDI-00FT46259002B,FI101-r1p0 (109762 v0100),0x504d4558,owner-verbal-2026-09-23,2d1a24adfaf245d8b75a0f6965811af86730e926a411ee3ee14bf813fba804eb,9437774a3d9c63cd86e936f1c57c8a9bd7c5efe8070a4c273ca5c2424120c280,81d37a219a6b4141d0b433796711ab8af2ee2c3c668a28143a3ffe6a574ade98,11,2026-10-06T20:15:08.398084+00:00
9,2,6,163,axi_latency_128,True,,True,False,1,False,rc_zero;required_flags_ok;golden_ok,3875,1,9,"error: Nack('NACK 11 (cmd 0x40, state RESULT_READY)')",FTDI-00FT46259002B,FI101-r1p0 (109762 v0100),0x504d4558,owner-verbal-2026-09-23,2d1a24adfaf245d8b75a0f6965811af86730e926a411ee3ee14bf813fba804eb,9437774a3d9c63cd86e936f1c57c8a9bd7c5efe8070a4c273ca5c2424120c280,81d37a219a6b4141d0b433796711ab8af2ee2c3c668a28143a3ffe6a574ade98,11,2026-10-06T20:15:08.398084+00:00
9,2,7,164,axi_latency_256,True,,True,False,1,False,rc_zero;required_flags_ok;golden_ok,3875,1,9,"error: Nack('NACK 11 (cmd 0x40, state RESULT_READY)')",FTDI-00FT46259002B,FI101-r1p0 (109762 v0100),0x504d4558,owner-verbal-2026-09-23,2d1a24adfaf245d8b75a0f6965811af86730e926a411ee3ee14bf813fba804eb,9437774a3d9c63cd86e936f1c57c8a9bd7c5efe8070a4c273ca5c2424120c280,81d37a219a6b4141d0b433796711ab8af2ee2c3c668a28143a3ffe6a574ade98,11,2026-10-06T20:15:08.398084+00:00
9,3,0,140,sram_enabled_cycles,True,,True,False,1,False,rc_zero;required_flags_ok;golden_ok,4615,1,9,"error: Nack('NACK 11 (cmd 0x40, state RESULT_READY)')",FTDI-00FT46259002B,FI101-r1p0 (109762 v0100),0x504d4558,owner-verbal-2026-09-23,2d1a24adfaf245d8b75a0f6965811af86730e926a411ee3ee14bf813fba804eb,9437774a3d9c63cd86e936f1c57c8a9bd7c5efe8070a4c273ca5c2424120c280,81d37a219a6b4141d0b433796711ab8af2ee2c3c668a28143a3ffe6a574ade98,11,2026-10-06T20:15:08.398084+00:00
9,3,1,142,sram_rd_stall_limit,True,,True,False,1,False,rc_zero;required_flags_ok;golden_ok,4615,1,9,"error: Nack('NACK 11 (cmd 0x40, state RESULT_READY)')",FTDI-00FT46259002B,FI101-r1p0 (109762 v0100),0x504d4558,owner-verbal-2026-09-23,2d1a24adfaf245d8b75a0f6965811af86730e926a411ee3ee14bf813fba804eb,9437774a3d9c63cd86e936f1c57c8a9bd7c5efe8070a4c273ca5c2424120c280,81d37a219a6b4141d0b433796711ab8af2ee2c3c668a28143a3ffe6a574ade98,11,2026-10-06T20:15:08.398084+00:00
9,3,2,143,sram_wr_stall_limit,True,,True,False,1,False,rc_zero;required_flags_ok;golden_ok,4615,1,9,"error: Nack('NACK 11 (cmd 0x40, state RESULT_READY)')",FTDI-00FT46259002B,FI101-r1p0 (109762 v0100),0x504d4558,owner-verbal-2026-09-23,2d1a24adfaf245d8b75a0f6965811af86730e926a411ee3ee14bf813fba804eb,9437774a3d9c63cd86e936f1c57c8a9bd7c5efe8070a4c273ca5c2424120c280,81d37a219a6b4141d0b433796711ab8af2ee2c3c668a28143a3ffe6a574ade98,11,2026-10-06T20:15:08.398084+00:00
9,3,3,160,axi_latency_any,True,,True,False,1,False,rc_zero;required_flags_ok;golden_ok,4615,1,9,"error: Nack('NACK 11 (cmd 0x40, state RESULT_READY)')",FTDI-00FT46259002B,FI101-r1p0 (109762 v0100),0x504d4558,owner-verbal-2026-09-23,2d1a24adfaf245d8b75a0f6965811af86730e926a411ee3ee14bf813fba804eb,9437774a3d9c63cd86e936f1c57c8a9bd7c5efe8070a4c273ca5c2424120c280,81d37a219a6b4141d0b433796711ab8af2ee2c3c668a28143a3ffe6a574ade98,11,2026-10-06T20:15:08.398084+00:00
9,3,4,161,axi_latency_32,True,,True,False,1,False,rc_zero;required_flags_ok;golden_ok,4615,1,9,"error: Nack('NACK 11 (cmd 0x40, state RESULT_READY)')",FTDI-00FT46259002B,FI101-r1p0 (109762 v0100),0x504d4558,owner-verbal-2026-09-23,2d1a24adfaf245d8b75a0f6965811af86730e926a411ee3ee14bf813fba804eb,9437774a3d9c63cd86e936f1c57c8a9bd7c5efe8070a4c273ca5c2424120c280,81d37a219a6b4141d0b433796711ab8af2ee2c3c668a28143a3ffe6a574ade98,11,2026-10-06T20:15:08.398084+00:00
9,3,5,162,axi_latency_64,True,,True,False,1,False,rc_zero;required_flags_ok;golden_ok,4615,1,9,"error: Nack('NACK 11 (cmd 0x40, state RESULT_READY)')",FTDI-00FT46259002B,FI101-r1p0 (109762 v0100),0x504d4558,owner-verbal-2026-09-23,2d1a24adfaf245d8b75a0f6965811af86730e926a411ee3ee14bf813fba804eb,9437774a3d9c63cd86e936f1c57c8a9bd7c5efe8070a4c273ca5c2424120c280,81d37a219a6b4141d0b433796711ab8af2ee2c3c668a28143a3ffe6a574ade98,11,2026-10-06T20:15:08.398084+00:00
9,3,6,163,axi_latency_128,True,,True,False,1,False,rc_zero;required_flags_ok;golden_ok,4615,1,9,"error: Nack('NACK 11 (cmd 0x40, state RESULT_READY)')",FTDI-00FT46259002B,FI101-r1p0 (109762 v0100),0x504d4558,owner-verbal-2026-09-23,2d1a24adfaf245d8b75a0f6965811af86730e926a411ee3ee14bf813fba804eb,9437774a3d9c63cd86e936f1c57c8a9bd7c5efe8070a4c273ca5c2424120c280,81d37a219a6b4141d0b433796711ab8af2ee2c3c668a28143a3ffe6a574ade98,11,2026-10-06T20:15:08.398084+00:00
9,3,7,164,axi_latency_256,True,,True,False,1,False,rc_zero;required_flags_ok;golden_ok,4615,1,9,"error: Nack('NACK 11 (cmd 0x40, state RESULT_READY)')",FTDI-00FT46259002B,FI101-r1p0 (109762 v0100),0x504d4558,owner-verbal-2026-09-23,2d1a24adfaf245d8b75a0f6965811af86730e926a411ee3ee14bf813fba804eb,9437774a3d9c63cd86e936f1c57c8a9bd7c5efe8070a4c273ca5c2424120c280,81d37a219a6b4141d0b433796711ab8af2ee2c3c668a28143a3ffe6a574ade98,11,2026-10-06T20:15:08.398084+00:00
10,1,0,165,axi_latency_512,True,,True,False,1,False,rc_zero;required_flags_ok;golden_ok,3864,1,9,"error: Nack('NACK 11 (cmd 0x40, state RESULT_READY)')",FTDI-00FT46259002B,FI101-r1p0 (109762 v0100),0x504d4558,owner-verbal-2026-09-23,2d1a24adfaf245d8b75a0f6965811af86730e926a411ee3ee14bf813fba804eb,9437774a3d9c63cd86e936f1c57c8a9bd7c5efe8070a4c273ca5c2424120c280,81d37a219a6b4141d0b433796711ab8af2ee2c3c668a28143a3ffe6a574ade98,11,2026-10-06T20:15:08.398084+00:00
10,1,1,166,axi_latency_1024,True,,True,False,1,False,rc_zero;required_flags_ok;golden_ok,3864,1,9,"error: Nack('NACK 11 (cmd 0x40, state RESULT_READY)')",FTDI-00FT46259002B,FI101-r1p0 (109762 v0100),0x504d4558,owner-verbal-2026-09-23,2d1a24adfaf245d8b75a0f6965811af86730e926a411ee3ee14bf813fba804eb,9437774a3d9c63cd86e936f1c57c8a9bd7c5efe8070a4c273ca5c2424120c280,81d37a219a6b4141d0b433796711ab8af2ee2c3c668a28143a3ffe6a574ade98,11,2026-10-06T20:15:08.398084+00:00
10,1,2,176,ecc_dma,True,,True,False,1,False,rc_zero;required_flags_ok;golden_ok,3864,1,9,"error: Nack('NACK 11 (cmd 0x40, state RESULT_READY)')",FTDI-00FT46259002B,FI101-r1p0 (109762 v0100),0x504d4558,owner-verbal-2026-09-23,2d1a24adfaf245d8b75a0f6965811af86730e926a411ee3ee14bf813fba804eb,9437774a3d9c63cd86e936f1c57c8a9bd7c5efe8070a4c273ca5c2424120c280,81d37a219a6b4141d0b433796711ab8af2ee2c3c668a28143a3ffe6a574ade98,11,2026-10-06T20:15:08.398084+00:00
10,1,3,177,ecc_mac_ib,True,,True,False,1,False,rc_zero;required_flags_ok;golden_ok,3864,1,9,"error: Nack('NACK 11 (cmd 0x40, state RESULT_READY)')",FTDI-00FT46259002B,FI101-r1p0 (109762 v0100),0x504d4558,owner-verbal-2026-09-23,2d1a24adfaf245d8b75a0f6965811af86730e926a411ee3ee14bf813fba804eb,9437774a3d9c63cd86e936f1c57c8a9bd7c5efe8070a4c273ca5c2424120c280,81d37a219a6b4141d0b433796711ab8af2ee2c3c668a28143a3ffe6a574ade98,11,2026-10-06T20:15:08.398084+00:00
10,1,4,178,ecc_mac_ab,True,,True,False,1,False,rc_zero;required_flags_ok;golden_ok,3864,1,9,"error: Nack('NACK 11 (cmd 0x40, state RESULT_READY)')",FTDI-00FT46259002B,FI101-r1p0 (109762 v0100),0x504d4558,owner-verbal-2026-09-23,2d1a24adfaf245d8b75a0f6965811af86730e926a411ee3ee14bf813fba804eb,9437774a3d9c63cd86e936f1c57c8a9bd7c5efe8070a4c273ca5c2424120c280,81d37a219a6b4141d0b433796711ab8af2ee2c3c668a28143a3ffe6a574ade98,11,2026-10-06T20:15:08.398084+00:00
10,1,5,179,ecc_ao_cb,True,,True,False,1,False,rc_zero;required_flags_ok;golden_ok,3864,1,9,"error: Nack('NACK 11 (cmd 0x40, state RESULT_READY)')",FTDI-00FT46259002B,FI101-r1p0 (109762 v0100),0x504d4558,owner-verbal-2026-09-23,2d1a24adfaf245d8b75a0f6965811af86730e926a411ee3ee14bf813fba804eb,9437774a3d9c63cd86e936f1c57c8a9bd7c5efe8070a4c273ca5c2424120c280,81d37a219a6b4141d0b433796711ab8af2ee2c3c668a28143a3ffe6a574ade98,11,2026-10-06T20:15:08.398084+00:00
10,1,6,180,ecc_ao_ob,True,,True,False,1,False,rc_zero;required_flags_ok;golden_ok,3864,1,9,"error: Nack('NACK 11 (cmd 0x40, state RESULT_READY)')",FTDI-00FT46259002B,FI101-r1p0 (109762 v0100),0x504d4558,owner-verbal-2026-09-23,2d1a24adfaf245d8b75a0f6965811af86730e926a411ee3ee14bf813fba804eb,9437774a3d9c63cd86e936f1c57c8a9bd7c5efe8070a4c273ca5c2424120c280,81d37a219a6b4141d0b433796711ab8af2ee2c3c668a28143a3ffe6a574ade98,11,2026-10-06T20:15:08.398084+00:00
10,1,7,181,ecc_ao_lut,True,,True,False,1,False,rc_zero;required_flags_ok;golden_ok,3864,1,9,"error: Nack('NACK 11 (cmd 0x40, state RESULT_READY)')",FTDI-00FT46259002B,FI101-r1p0 (109762 v0100),0x504d4558,owner-verbal-2026-09-23,2d1a24adfaf245d8b75a0f6965811af86730e926a411ee3ee14bf813fba804eb,9437774a3d9c63cd86e936f1c57c8a9bd7c5efe8070a4c273ca5c2424120c280,81d37a219a6b4141d0b433796711ab8af2ee2c3c668a28143a3ffe6a574ade98,11,2026-10-06T20:15:08.398084+00:00
10,2,0,165,axi_latency_512,True,,True,False,1,False,rc_zero;required_flags_ok;golden_ok,8914,1,9,"error: Nack('NACK 11 (cmd 0x40, state RESULT_READY)')",FTDI-00FT46259002B,FI101-r1p0 (109762 v0100),0x504d4558,owner-verbal-2026-09-23,2d1a24adfaf245d8b75a0f6965811af86730e926a411ee3ee14bf813fba804eb,9437774a3d9c63cd86e936f1c57c8a9bd7c5efe8070a4c273ca5c2424120c280,81d37a219a6b4141d0b433796711ab8af2ee2c3c668a28143a3ffe6a574ade98,11,2026-10-06T20:15:08.398084+00:00
10,2,1,166,axi_latency_1024,True,,True,False,1,False,rc_zero;required_flags_ok;golden_ok,8914,1,9,"error: Nack('NACK 11 (cmd 0x40, state RESULT_READY)')",FTDI-00FT46259002B,FI101-r1p0 (109762 v0100),0x504d4558,owner-verbal-2026-09-23,2d1a24adfaf245d8b75a0f6965811af86730e926a411ee3ee14bf813fba804eb,9437774a3d9c63cd86e936f1c57c8a9bd7c5efe8070a4c273ca5c2424120c280,81d37a219a6b4141d0b433796711ab8af2ee2c3c668a28143a3ffe6a574ade98,11,2026-10-06T20:15:08.398084+00:00
10,2,2,176,ecc_dma,True,,True,False,1,False,rc_zero;required_flags_ok;golden_ok,8914,1,9,"error: Nack('NACK 11 (cmd 0x40, state RESULT_READY)')",FTDI-00FT46259002B,FI101-r1p0 (109762 v0100),0x504d4558,owner-verbal-2026-09-23,2d1a24adfaf245d8b75a0f6965811af86730e926a411ee3ee14bf813fba804eb,9437774a3d9c63cd86e936f1c57c8a9bd7c5efe8070a4c273ca5c2424120c280,81d37a219a6b4141d0b433796711ab8af2ee2c3c668a28143a3ffe6a574ade98,11,2026-10-06T20:15:08.398084+00:00
10,2,3,177,ecc_mac_ib,True,,True,False,1,False,rc_zero;required_flags_ok;golden_ok,8914,1,9,"error: Nack('NACK 11 (cmd 0x40, state RESULT_READY)')",FTDI-00FT46259002B,FI101-r1p0 (109762 v0100),0x504d4558,owner-verbal-2026-09-23,2d1a24adfaf245d8b75a0f6965811af86730e926a411ee3ee14bf813fba804eb,9437774a3d9c63cd86e936f1c57c8a9bd7c5efe8070a4c273ca5c2424120c280,81d37a219a6b4141d0b433796711ab8af2ee2c3c668a28143a3ffe6a574ade98,11,2026-10-06T20:15:08.398084+00:00
10,2,4,178,ecc_mac_ab,True,,True,False,1,False,rc_zero;required_flags_ok;golden_ok,8914,1,9,"error: Nack('NACK 11 (cmd 0x40, state RESULT_READY)')",FTDI-00FT46259002B,FI101-r1p0 (109762 v0100),0x504d4558,owner-verbal-2026-09-23,2d1a24adfaf245d8b75a0f6965811af86730e926a411ee3ee14bf813fba804eb,9437774a3d9c63cd86e936f1c57c8a9bd7c5efe8070a4c273ca5c2424120c280,81d37a219a6b4141d0b433796711ab8af2ee2c3c668a28143a3ffe6a574ade98,11,2026-10-06T20:15:08.398084+00:00
10,2,5,179,ecc_ao_cb,True,,True,False,1,False,rc_zero;required_flags_ok;golden_ok,8914,1,9,"error: Nack('NACK 11 (cmd 0x40, state RESULT_READY)')",FTDI-00FT46259002B,FI101-r1p0 (109762 v0100),0x504d4558,owner-verbal-2026-09-23,2d1a24adfaf245d8b75a0f6965811af86730e926a411ee3ee14bf813fba804eb,9437774a3d9c63cd86e936f1c57c8a9bd7c5efe8070a4c273ca5c2424120c280,81d37a219a6b4141d0b433796711ab8af2ee2c3c668a28143a3ffe6a574ade98,11,2026-10-06T20:15:08.398084+00:00
10,2,6,180,ecc_ao_ob,True,,True,False,1,False,rc_zero;required_flags_ok;golden_ok,8914,1,9,"error: Nack('NACK 11 (cmd 0x40, state RESULT_READY)')",FTDI-00FT46259002B,FI101-r1p0 (109762 v0100),0x504d4558,owner-verbal-2026-09-23,2d1a24adfaf245d8b75a0f6965811af86730e926a411ee3ee14bf813fba804eb,9437774a3d9c63cd86e936f1c57c8a9bd7c5efe8070a4c273ca5c2424120c280,81d37a219a6b4141d0b433796711ab8af2ee2c3c668a28143a3ffe6a574ade98,11,2026-10-06T20:15:08.398084+00:00
10,2,7,181,ecc_ao_lut,True,,True,False,1,False,rc_zero;required_flags_ok;golden_ok,8914,1,9,"error: Nack('NACK 11 (cmd 0x40, state RESULT_READY)')",FTDI-00FT46259002B,FI101-r1p0 (109762 v0100),0x504d4558,owner-verbal-2026-09-23,2d1a24adfaf245d8b75a0f6965811af86730e926a411ee3ee14bf813fba804eb,9437774a3d9c63cd86e936f1c57c8a9bd7c5efe8070a4c273ca5c2424120c280,81d37a219a6b4141d0b433796711ab8af2ee2c3c668a28143a3ffe6a574ade98,11,2026-10-06T20:15:08.398084+00:00
10,3,0,165,axi_latency_512,True,,True,False,1,False,rc_zero;required_flags_ok;golden_ok,3875,1,9,"error: Nack('NACK 11 (cmd 0x40, state RESULT_READY)')",FTDI-00FT46259002B,FI101-r1p0 (109762 v0100),0x504d4558,owner-verbal-2026-09-23,2d1a24adfaf245d8b75a0f6965811af86730e926a411ee3ee14bf813fba804eb,9437774a3d9c63cd86e936f1c57c8a9bd7c5efe8070a4c273ca5c2424120c280,81d37a219a6b4141d0b433796711ab8af2ee2c3c668a28143a3ffe6a574ade98,11,2026-10-06T20:15:08.398084+00:00
10,3,1,166,axi_latency_1024,True,,True,False,1,False,rc_zero;required_flags_ok;golden_ok,3875,1,9,"error: Nack('NACK 11 (cmd 0x40, state RESULT_READY)')",FTDI-00FT46259002B,FI101-r1p0 (109762 v0100),0x504d4558,owner-verbal-2026-09-23,2d1a24adfaf245d8b75a0f6965811af86730e926a411ee3ee14bf813fba804eb,9437774a3d9c63cd86e936f1c57c8a9bd7c5efe8070a4c273ca5c2424120c280,81d37a219a6b4141d0b433796711ab8af2ee2c3c668a28143a3ffe6a574ade98,11,2026-10-06T20:15:08.398084+00:00
10,3,2,176,ecc_dma,True,,True,False,1,False,rc_zero;required_flags_ok;golden_ok,3875,1,9,"error: Nack('NACK 11 (cmd 0x40, state RESULT_READY)')",FTDI-00FT46259002B,FI101-r1p0 (109762 v0100),0x504d4558,owner-verbal-2026-09-23,2d1a24adfaf245d8b75a0f6965811af86730e926a411ee3ee14bf813fba804eb,9437774a3d9c63cd86e936f1c57c8a9bd7c5efe8070a4c273ca5c2424120c280,81d37a219a6b4141d0b433796711ab8af2ee2c3c668a28143a3ffe6a574ade98,11,2026-10-06T20:15:08.398084+00:00
10,3,3,177,ecc_mac_ib,True,,True,False,1,False,rc_zero;required_flags_ok;golden_ok,3875,1,9,"error: Nack('NACK 11 (cmd 0x40, state RESULT_READY)')",FTDI-00FT46259002B,FI101-r1p0 (109762 v0100),0x504d4558,owner-verbal-2026-09-23,2d1a24adfaf245d8b75a0f6965811af86730e926a411ee3ee14bf813fba804eb,9437774a3d9c63cd86e936f1c57c8a9bd7c5efe8070a4c273ca5c2424120c280,81d37a219a6b4141d0b433796711ab8af2ee2c3c668a28143a3ffe6a574ade98,11,2026-10-06T20:15:08.398084+00:00
10,3,4,178,ecc_mac_ab,True,,True,False,1,False,rc_zero;required_flags_ok;golden_ok,3875,1,9,"error: Nack('NACK 11 (cmd 0x40, state RESULT_READY)')",FTDI-00FT46259002B,FI101-r1p0 (109762 v0100),0x504d4558,owner-verbal-2026-09-23,2d1a24adfaf245d8b75a0f6965811af86730e926a411ee3ee14bf813fba804eb,9437774a3d9c63cd86e936f1c57c8a9bd7c5efe8070a4c273ca5c2424120c280,81d37a219a6b4141d0b433796711ab8af2ee2c3c668a28143a3ffe6a574ade98,11,2026-10-06T20:15:08.398084+00:00
10,3,5,179,ecc_ao_cb,True,,True,False,1,False,rc_zero;required_flags_ok;golden_ok,3875,1,9,"error: Nack('NACK 11 (cmd 0x40, state RESULT_READY)')",FTDI-00FT46259002B,FI101-r1p0 (109762 v0100),0x504d4558,owner-verbal-2026-09-23,2d1a24adfaf245d8b75a0f6965811af86730e926a411ee3ee14bf813fba804eb,9437774a3d9c63cd86e936f1c57c8a9bd7c5efe8070a4c273ca5c2424120c280,81d37a219a6b4141d0b433796711ab8af2ee2c3c668a28143a3ffe6a574ade98,11,2026-10-06T20:15:08.398084+00:00
10,3,6,180,ecc_ao_ob,True,,True,False,1,False,rc_zero;required_flags_ok;golden_ok,3875,1,9,"error: Nack('NACK 11 (cmd 0x40, state RESULT_READY)')",FTDI-00FT46259002B,FI101-r1p0 (109762 v0100),0x504d4558,owner-verbal-2026-09-23,2d1a24adfaf245d8b75a0f6965811af86730e926a411ee3ee14bf813fba804eb,9437774a3d9c63cd86e936f1c57c8a9bd7c5efe8070a4c273ca5c2424120c280,81d37a219a6b4141d0b433796711ab8af2ee2c3c668a28143a3ffe6a574ade98,11,2026-10-06T20:15:08.398084+00:00
10,3,7,181,ecc_ao_lut,True,,True,False,1,False,rc_zero;required_flags_ok;golden_ok,3875,1,9,"error: Nack('NACK 11 (cmd 0x40, state RESULT_READY)')",FTDI-00FT46259002B,FI101-r1p0 (109762 v0100),0x504d4558,owner-verbal-2026-09-23,2d1a24adfaf245d8b75a0f6965811af86730e926a411ee3ee14bf813fba804eb,9437774a3d9c63cd86e936f1c57c8a9bd7c5efe8070a4c273ca5c2424120c280,81d37a219a6b4141d0b433796711ab8af2ee2c3c668a28143a3ffe6a574ade98,11,2026-10-06T20:15:08.398084+00:00
11,1,0,384,ext_rd_trans_accepted,True,,True,False,1,False,rc_zero;required_flags_ok;golden_ok,3864,1,9,"error: Nack('NACK 11 (cmd 0x40, state RESULT_READY)')",FTDI-00FT46259002B,FI101-r1p0 (109762 v0100),0x504d4558,owner-verbal-2026-09-23,2d1a24adfaf245d8b75a0f6965811af86730e926a411ee3ee14bf813fba804eb,9437774a3d9c63cd86e936f1c57c8a9bd7c5efe8070a4c273ca5c2424120c280,81d37a219a6b4141d0b433796711ab8af2ee2c3c668a28143a3ffe6a574ade98,11,2026-10-06T20:15:08.398084+00:00
11,1,1,385,ext_rd_trans_completed,True,,True,False,1,False,rc_zero;required_flags_ok;golden_ok,3864,1,9,"error: Nack('NACK 11 (cmd 0x40, state RESULT_READY)')",FTDI-00FT46259002B,FI101-r1p0 (109762 v0100),0x504d4558,owner-verbal-2026-09-23,2d1a24adfaf245d8b75a0f6965811af86730e926a411ee3ee14bf813fba804eb,9437774a3d9c63cd86e936f1c57c8a9bd7c5efe8070a4c273ca5c2424120c280,81d37a219a6b4141d0b433796711ab8af2ee2c3c668a28143a3ffe6a574ade98,11,2026-10-06T20:15:08.398084+00:00
11,1,2,386,ext_rd_data_beat_received,True,,True,False,1,False,rc_zero;required_flags_ok;golden_ok,3864,1,9,"error: Nack('NACK 11 (cmd 0x40, state RESULT_READY)')",FTDI-00FT46259002B,FI101-r1p0 (109762 v0100),0x504d4558,owner-verbal-2026-09-23,2d1a24adfaf245d8b75a0f6965811af86730e926a411ee3ee14bf813fba804eb,9437774a3d9c63cd86e936f1c57c8a9bd7c5efe8070a4c273ca5c2424120c280,81d37a219a6b4141d0b433796711ab8af2ee2c3c668a28143a3ffe6a574ade98,11,2026-10-06T20:15:08.398084+00:00
11,1,3,387,ext_rd_tran_req_stalled,True,,True,False,1,False,rc_zero;required_flags_ok;golden_ok,3864,1,9,"error: Nack('NACK 11 (cmd 0x40, state RESULT_READY)')",FTDI-00FT46259002B,FI101-r1p0 (109762 v0100),0x504d4558,owner-verbal-2026-09-23,2d1a24adfaf245d8b75a0f6965811af86730e926a411ee3ee14bf813fba804eb,9437774a3d9c63cd86e936f1c57c8a9bd7c5efe8070a4c273ca5c2424120c280,81d37a219a6b4141d0b433796711ab8af2ee2c3c668a28143a3ffe6a574ade98,11,2026-10-06T20:15:08.398084+00:00
11,1,4,388,ext_wr_trans_accepted,True,,True,False,1,False,rc_zero;required_flags_ok;golden_ok,3864,1,9,"error: Nack('NACK 11 (cmd 0x40, state RESULT_READY)')",FTDI-00FT46259002B,FI101-r1p0 (109762 v0100),0x504d4558,owner-verbal-2026-09-23,2d1a24adfaf245d8b75a0f6965811af86730e926a411ee3ee14bf813fba804eb,9437774a3d9c63cd86e936f1c57c8a9bd7c5efe8070a4c273ca5c2424120c280,81d37a219a6b4141d0b433796711ab8af2ee2c3c668a28143a3ffe6a574ade98,11,2026-10-06T20:15:08.398084+00:00
11,1,5,389,ext_wr_trans_completed_m,False,,True,False,1,False,rc_zero;required_flags_ok;golden_ok,3864,1,9,"error: Nack('NACK 11 (cmd 0x40, state RESULT_READY)')",FTDI-00FT46259002B,FI101-r1p0 (109762 v0100),0x504d4558,owner-verbal-2026-09-23,2d1a24adfaf245d8b75a0f6965811af86730e926a411ee3ee14bf813fba804eb,9437774a3d9c63cd86e936f1c57c8a9bd7c5efe8070a4c273ca5c2424120c280,81d37a219a6b4141d0b433796711ab8af2ee2c3c668a28143a3ffe6a574ade98,11,2026-10-06T20:15:08.398084+00:00
11,1,6,390,ext_wr_trans_completed_s,False,,True,False,1,False,rc_zero;required_flags_ok;golden_ok,3864,1,9,"error: Nack('NACK 11 (cmd 0x40, state RESULT_READY)')",FTDI-00FT46259002B,FI101-r1p0 (109762 v0100),0x504d4558,owner-verbal-2026-09-23,2d1a24adfaf245d8b75a0f6965811af86730e926a411ee3ee14bf813fba804eb,9437774a3d9c63cd86e936f1c57c8a9bd7c5efe8070a4c273ca5c2424120c280,81d37a219a6b4141d0b433796711ab8af2ee2c3c668a28143a3ffe6a574ade98,11,2026-10-06T20:15:08.398084+00:00
11,1,7,391,ext_wr_data_beat_written,True,,True,False,1,False,rc_zero;required_flags_ok;golden_ok,3864,1,9,"error: Nack('NACK 11 (cmd 0x40, state RESULT_READY)')",FTDI-00FT46259002B,FI101-r1p0 (109762 v0100),0x504d4558,owner-verbal-2026-09-23,2d1a24adfaf245d8b75a0f6965811af86730e926a411ee3ee14bf813fba804eb,9437774a3d9c63cd86e936f1c57c8a9bd7c5efe8070a4c273ca5c2424120c280,81d37a219a6b4141d0b433796711ab8af2ee2c3c668a28143a3ffe6a574ade98,11,2026-10-06T20:15:08.398084+00:00
11,2,0,384,ext_rd_trans_accepted,True,,True,False,1,False,rc_zero;required_flags_ok;golden_ok,3875,1,9,"error: Nack('NACK 11 (cmd 0x40, state RESULT_READY)')",FTDI-00FT46259002B,FI101-r1p0 (109762 v0100),0x504d4558,owner-verbal-2026-09-23,2d1a24adfaf245d8b75a0f6965811af86730e926a411ee3ee14bf813fba804eb,9437774a3d9c63cd86e936f1c57c8a9bd7c5efe8070a4c273ca5c2424120c280,81d37a219a6b4141d0b433796711ab8af2ee2c3c668a28143a3ffe6a574ade98,11,2026-10-06T20:15:08.398084+00:00
11,2,1,385,ext_rd_trans_completed,True,,True,False,1,False,rc_zero;required_flags_ok;golden_ok,3875,1,9,"error: Nack('NACK 11 (cmd 0x40, state RESULT_READY)')",FTDI-00FT46259002B,FI101-r1p0 (109762 v0100),0x504d4558,owner-verbal-2026-09-23,2d1a24adfaf245d8b75a0f6965811af86730e926a411ee3ee14bf813fba804eb,9437774a3d9c63cd86e936f1c57c8a9bd7c5efe8070a4c273ca5c2424120c280,81d37a219a6b4141d0b433796711ab8af2ee2c3c668a28143a3ffe6a574ade98,11,2026-10-06T20:15:08.398084+00:00
11,2,2,386,ext_rd_data_beat_received,True,,True,False,1,False,rc_zero;required_flags_ok;golden_ok,3875,1,9,"error: Nack('NACK 11 (cmd 0x40, state RESULT_READY)')",FTDI-00FT46259002B,FI101-r1p0 (109762 v0100),0x504d4558,owner-verbal-2026-09-23,2d1a24adfaf245d8b75a0f6965811af86730e926a411ee3ee14bf813fba804eb,9437774a3d9c63cd86e936f1c57c8a9bd7c5efe8070a4c273ca5c2424120c280,81d37a219a6b4141d0b433796711ab8af2ee2c3c668a28143a3ffe6a574ade98,11,2026-10-06T20:15:08.398084+00:00
11,2,3,387,ext_rd_tran_req_stalled,True,,True,False,1,False,rc_zero;required_flags_ok;golden_ok,3875,1,9,"error: Nack('NACK 11 (cmd 0x40, state RESULT_READY)')",FTDI-00FT46259002B,FI101-r1p0 (109762 v0100),0x504d4558,owner-verbal-2026-09-23,2d1a24adfaf245d8b75a0f6965811af86730e926a411ee3ee14bf813fba804eb,9437774a3d9c63cd86e936f1c57c8a9bd7c5efe8070a4c273ca5c2424120c280,81d37a219a6b4141d0b433796711ab8af2ee2c3c668a28143a3ffe6a574ade98,11,2026-10-06T20:15:08.398084+00:00
11,2,4,388,ext_wr_trans_accepted,True,,True,False,1,False,rc_zero;required_flags_ok;golden_ok,3875,1,9,"error: Nack('NACK 11 (cmd 0x40, state RESULT_READY)')",FTDI-00FT46259002B,FI101-r1p0 (109762 v0100),0x504d4558,owner-verbal-2026-09-23,2d1a24adfaf245d8b75a0f6965811af86730e926a411ee3ee14bf813fba804eb,9437774a3d9c63cd86e936f1c57c8a9bd7c5efe8070a4c273ca5c2424120c280,81d37a219a6b4141d0b433796711ab8af2ee2c3c668a28143a3ffe6a574ade98,11,2026-10-06T20:15:08.398084+00:00
11,2,5,389,ext_wr_trans_completed_m,False,,True,False,1,False,rc_zero;required_flags_ok;golden_ok,3875,1,9,"error: Nack('NACK 11 (cmd 0x40, state RESULT_READY)')",FTDI-00FT46259002B,FI101-r1p0 (109762 v0100),0x504d4558,owner-verbal-2026-09-23,2d1a24adfaf245d8b75a0f6965811af86730e926a411ee3ee14bf813fba804eb,9437774a3d9c63cd86e936f1c57c8a9bd7c5efe8070a4c273ca5c2424120c280,81d37a219a6b4141d0b433796711ab8af2ee2c3c668a28143a3ffe6a574ade98,11,2026-10-06T20:15:08.398084+00:00
11,2,6,390,ext_wr_trans_completed_s,False,,True,False,1,False,rc_zero;required_flags_ok;golden_ok,3875,1,9,"error: Nack('NACK 11 (cmd 0x40, state RESULT_READY)')",FTDI-00FT46259002B,FI101-r1p0 (109762 v0100),0x504d4558,owner-verbal-2026-09-23,2d1a24adfaf245d8b75a0f6965811af86730e926a411ee3ee14bf813fba804eb,9437774a3d9c63cd86e936f1c57c8a9bd7c5efe8070a4c273ca5c2424120c280,81d37a219a6b4141d0b433796711ab8af2ee2c3c668a28143a3ffe6a574ade98,11,2026-10-06T20:15:08.398084+00:00
11,2,7,391,ext_wr_data_beat_written,True,,True,False,1,False,rc_zero;required_flags_ok;golden_ok,3875,1,9,"error: Nack('NACK 11 (cmd 0x40, state RESULT_READY)')",FTDI-00FT46259002B,FI101-r1p0 (109762 v0100),0x504d4558,owner-verbal-2026-09-23,2d1a24adfaf245d8b75a0f6965811af86730e926a411ee3ee14bf813fba804eb,9437774a3d9c63cd86e936f1c57c8a9bd7c5efe8070a4c273ca5c2424120c280,81d37a219a6b4141d0b433796711ab8af2ee2c3c668a28143a3ffe6a574ade98,11,2026-10-06T20:15:08.398084+00:00
11,3,0,384,ext_rd_trans_accepted,True,,True,False,1,False,rc_zero;required_flags_ok;golden_ok,5326,1,9,"error: Nack('NACK 11 (cmd 0x40, state RESULT_READY)')",FTDI-00FT46259002B,FI101-r1p0 (109762 v0100),0x504d4558,owner-verbal-2026-09-23,2d1a24adfaf245d8b75a0f6965811af86730e926a411ee3ee14bf813fba804eb,9437774a3d9c63cd86e936f1c57c8a9bd7c5efe8070a4c273ca5c2424120c280,81d37a219a6b4141d0b433796711ab8af2ee2c3c668a28143a3ffe6a574ade98,11,2026-10-06T20:15:08.398084+00:00
11,3,1,385,ext_rd_trans_completed,True,,True,False,1,False,rc_zero;required_flags_ok;golden_ok,5326,1,9,"error: Nack('NACK 11 (cmd 0x40, state RESULT_READY)')",FTDI-00FT46259002B,FI101-r1p0 (109762 v0100),0x504d4558,owner-verbal-2026-09-23,2d1a24adfaf245d8b75a0f6965811af86730e926a411ee3ee14bf813fba804eb,9437774a3d9c63cd86e936f1c57c8a9bd7c5efe8070a4c273ca5c2424120c280,81d37a219a6b4141d0b433796711ab8af2ee2c3c668a28143a3ffe6a574ade98,11,2026-10-06T20:15:08.398084+00:00
11,3,2,386,ext_rd_data_beat_received,True,,True,False,1,False,rc_zero;required_flags_ok;golden_ok,5326,1,9,"error: Nack('NACK 11 (cmd 0x40, state RESULT_READY)')",FTDI-00FT46259002B,FI101-r1p0 (109762 v0100),0x504d4558,owner-verbal-2026-09-23,2d1a24adfaf245d8b75a0f6965811af86730e926a411ee3ee14bf813fba804eb,9437774a3d9c63cd86e936f1c57c8a9bd7c5efe8070a4c273ca5c2424120c280,81d37a219a6b4141d0b433796711ab8af2ee2c3c668a28143a3ffe6a574ade98,11,2026-10-06T20:15:08.398084+00:00
11,3,3,387,ext_rd_tran_req_stalled,True,,True,False,1,False,rc_zero;required_flags_ok;golden_ok,5326,1,9,"error: Nack('NACK 11 (cmd 0x40, state RESULT_READY)')",FTDI-00FT46259002B,FI101-r1p0 (109762 v0100),0x504d4558,owner-verbal-2026-09-23,2d1a24adfaf245d8b75a0f6965811af86730e926a411ee3ee14bf813fba804eb,9437774a3d9c63cd86e936f1c57c8a9bd7c5efe8070a4c273ca5c2424120c280,81d37a219a6b4141d0b433796711ab8af2ee2c3c668a28143a3ffe6a574ade98,11,2026-10-06T20:15:08.398084+00:00
11,3,4,388,ext_wr_trans_accepted,True,,True,False,1,False,rc_zero;required_flags_ok;golden_ok,5326,1,9,"error: Nack('NACK 11 (cmd 0x40, state RESULT_READY)')",FTDI-00FT46259002B,FI101-r1p0 (109762 v0100),0x504d4558,owner-verbal-2026-09-23,2d1a24adfaf245d8b75a0f6965811af86730e926a411ee3ee14bf813fba804eb,9437774a3d9c63cd86e936f1c57c8a9bd7c5efe8070a4c273ca5c2424120c280,81d37a219a6b4141d0b433796711ab8af2ee2c3c668a28143a3ffe6a574ade98,11,2026-10-06T20:15:08.398084+00:00
11,3,5,389,ext_wr_trans_completed_m,False,,True,False,1,False,rc_zero;required_flags_ok;golden_ok,5326,1,9,"error: Nack('NACK 11 (cmd 0x40, state RESULT_READY)')",FTDI-00FT46259002B,FI101-r1p0 (109762 v0100),0x504d4558,owner-verbal-2026-09-23,2d1a24adfaf245d8b75a0f6965811af86730e926a411ee3ee14bf813fba804eb,9437774a3d9c63cd86e936f1c57c8a9bd7c5efe8070a4c273ca5c2424120c280,81d37a219a6b4141d0b433796711ab8af2ee2c3c668a28143a3ffe6a574ade98,11,2026-10-06T20:15:08.398084+00:00
11,3,6,390,ext_wr_trans_completed_s,False,,True,False,1,False,rc_zero;required_flags_ok;golden_ok,5326,1,9,"error: Nack('NACK 11 (cmd 0x40, state RESULT_READY)')",FTDI-00FT46259002B,FI101-r1p0 (109762 v0100),0x504d4558,owner-verbal-2026-09-23,2d1a24adfaf245d8b75a0f6965811af86730e926a411ee3ee14bf813fba804eb,9437774a3d9c63cd86e936f1c57c8a9bd7c5efe8070a4c273ca5c2424120c280,81d37a219a6b4141d0b433796711ab8af2ee2c3c668a28143a3ffe6a574ade98,11,2026-10-06T20:15:08.398084+00:00
11,3,7,391,ext_wr_data_beat_written,True,,True,False,1,False,rc_zero;required_flags_ok;golden_ok,5326,1,9,"error: Nack('NACK 11 (cmd 0x40, state RESULT_READY)')",FTDI-00FT46259002B,FI101-r1p0 (109762 v0100),0x504d4558,owner-verbal-2026-09-23,2d1a24adfaf245d8b75a0f6965811af86730e926a411ee3ee14bf813fba804eb,9437774a3d9c63cd86e936f1c57c8a9bd7c5efe8070a4c273ca5c2424120c280,81d37a219a6b4141d0b433796711ab8af2ee2c3c668a28143a3ffe6a574ade98,11,2026-10-06T20:15:08.398084+00:00
12,1,0,392,ext_wr_tran_req_stalled,True,,True,False,1,False,rc_zero;required_flags_ok;golden_ok,3864,1,9,"error: Nack('NACK 11 (cmd 0x40, state RESULT_READY)')",FTDI-00FT46259002B,FI101-r1p0 (109762 v0100),0x504d4558,owner-verbal-2026-09-23,2d1a24adfaf245d8b75a0f6965811af86730e926a411ee3ee14bf813fba804eb,9437774a3d9c63cd86e936f1c57c8a9bd7c5efe8070a4c273ca5c2424120c280,81d37a219a6b4141d0b433796711ab8af2ee2c3c668a28143a3ffe6a574ade98,11,2026-10-06T20:15:08.398084+00:00
12,1,1,393,ext_wr_data_beat_stalled,True,,True,False,1,False,rc_zero;required_flags_ok;golden_ok,3864,1,9,"error: Nack('NACK 11 (cmd 0x40, state RESULT_READY)')",FTDI-00FT46259002B,FI101-r1p0 (109762 v0100),0x504d4558,owner-verbal-2026-09-23,2d1a24adfaf245d8b75a0f6965811af86730e926a411ee3ee14bf813fba804eb,9437774a3d9c63cd86e936f1c57c8a9bd7c5efe8070a4c273ca5c2424120c280,81d37a219a6b4141d0b433796711ab8af2ee2c3c668a28143a3ffe6a574ade98,11,2026-10-06T20:15:08.398084+00:00
12,1,2,396,ext_enabled_cycles,True,,True,False,1,False,rc_zero;required_flags_ok;golden_ok,3864,1,9,"error: Nack('NACK 11 (cmd 0x40, state RESULT_READY)')",FTDI-00FT46259002B,FI101-r1p0 (109762 v0100),0x504d4558,owner-verbal-2026-09-23,2d1a24adfaf245d8b75a0f6965811af86730e926a411ee3ee14bf813fba804eb,9437774a3d9c63cd86e936f1c57c8a9bd7c5efe8070a4c273ca5c2424120c280,81d37a219a6b4141d0b433796711ab8af2ee2c3c668a28143a3ffe6a574ade98,11,2026-10-06T20:15:08.398084+00:00
12,1,3,398,ext_rd_stall_limit,True,,True,False,1,False,rc_zero;required_flags_ok;golden_ok,3864,1,9,"error: Nack('NACK 11 (cmd 0x40, state RESULT_READY)')",FTDI-00FT46259002B,FI101-r1p0 (109762 v0100),0x504d4558,owner-verbal-2026-09-23,2d1a24adfaf245d8b75a0f6965811af86730e926a411ee3ee14bf813fba804eb,9437774a3d9c63cd86e936f1c57c8a9bd7c5efe8070a4c273ca5c2424120c280,81d37a219a6b4141d0b433796711ab8af2ee2c3c668a28143a3ffe6a574ade98,11,2026-10-06T20:15:08.398084+00:00
12,1,4,399,ext_wr_stall_limit,True,,True,False,1,False,rc_zero;required_flags_ok;golden_ok,3864,1,9,"error: Nack('NACK 11 (cmd 0x40, state RESULT_READY)')",FTDI-00FT46259002B,FI101-r1p0 (109762 v0100),0x504d4558,owner-verbal-2026-09-23,2d1a24adfaf245d8b75a0f6965811af86730e926a411ee3ee14bf813fba804eb,9437774a3d9c63cd86e936f1c57c8a9bd7c5efe8070a4c273ca5c2424120c280,81d37a219a6b4141d0b433796711ab8af2ee2c3c668a28143a3ffe6a574ade98,11,2026-10-06T20:15:08.398084+00:00
12,1,5,512,sram0_rd_trans_accepted,True,,True,False,1,False,rc_zero;required_flags_ok;golden_ok,3864,1,9,"error: Nack('NACK 11 (cmd 0x40, state RESULT_READY)')",FTDI-00FT46259002B,FI101-r1p0 (109762 v0100),0x504d4558,owner-verbal-2026-09-23,2d1a24adfaf245d8b75a0f6965811af86730e926a411ee3ee14bf813fba804eb,9437774a3d9c63cd86e936f1c57c8a9bd7c5efe8070a4c273ca5c2424120c280,81d37a219a6b4141d0b433796711ab8af2ee2c3c668a28143a3ffe6a574ade98,11,2026-10-06T20:15:08.398084+00:00
12,1,6,513,sram0_rd_trans_completed,True,,True,False,1,False,rc_zero;required_flags_ok;golden_ok,3864,1,9,"error: Nack('NACK 11 (cmd 0x40, state RESULT_READY)')",FTDI-00FT46259002B,FI101-r1p0 (109762 v0100),0x504d4558,owner-verbal-2026-09-23,2d1a24adfaf245d8b75a0f6965811af86730e926a411ee3ee14bf813fba804eb,9437774a3d9c63cd86e936f1c57c8a9bd7c5efe8070a4c273ca5c2424120c280,81d37a219a6b4141d0b433796711ab8af2ee2c3c668a28143a3ffe6a574ade98,11,2026-10-06T20:15:08.398084+00:00
12,1,7,514,sram0_rd_data_beat_received,True,,True,False,1,False,rc_zero;required_flags_ok;golden_ok,3864,1,9,"error: Nack('NACK 11 (cmd 0x40, state RESULT_READY)')",FTDI-00FT46259002B,FI101-r1p0 (109762 v0100),0x504d4558,owner-verbal-2026-09-23,2d1a24adfaf245d8b75a0f6965811af86730e926a411ee3ee14bf813fba804eb,9437774a3d9c63cd86e936f1c57c8a9bd7c5efe8070a4c273ca5c2424120c280,81d37a219a6b4141d0b433796711ab8af2ee2c3c668a28143a3ffe6a574ade98,11,2026-10-06T20:15:08.398084+00:00
12,2,0,392,ext_wr_tran_req_stalled,True,,True,False,1,False,rc_zero;required_flags_ok;golden_ok,3875,1,9,"error: Nack('NACK 11 (cmd 0x40, state RESULT_READY)')",FTDI-00FT46259002B,FI101-r1p0 (109762 v0100),0x504d4558,owner-verbal-2026-09-23,2d1a24adfaf245d8b75a0f6965811af86730e926a411ee3ee14bf813fba804eb,9437774a3d9c63cd86e936f1c57c8a9bd7c5efe8070a4c273ca5c2424120c280,81d37a219a6b4141d0b433796711ab8af2ee2c3c668a28143a3ffe6a574ade98,11,2026-10-06T20:15:08.398084+00:00
12,2,1,393,ext_wr_data_beat_stalled,True,,True,False,1,False,rc_zero;required_flags_ok;golden_ok,3875,1,9,"error: Nack('NACK 11 (cmd 0x40, state RESULT_READY)')",FTDI-00FT46259002B,FI101-r1p0 (109762 v0100),0x504d4558,owner-verbal-2026-09-23,2d1a24adfaf245d8b75a0f6965811af86730e926a411ee3ee14bf813fba804eb,9437774a3d9c63cd86e936f1c57c8a9bd7c5efe8070a4c273ca5c2424120c280,81d37a219a6b4141d0b433796711ab8af2ee2c3c668a28143a3ffe6a574ade98,11,2026-10-06T20:15:08.398084+00:00
12,2,2,396,ext_enabled_cycles,True,,True,False,1,False,rc_zero;required_flags_ok;golden_ok,3875,1,9,"error: Nack('NACK 11 (cmd 0x40, state RESULT_READY)')",FTDI-00FT46259002B,FI101-r1p0 (109762 v0100),0x504d4558,owner-verbal-2026-09-23,2d1a24adfaf245d8b75a0f6965811af86730e926a411ee3ee14bf813fba804eb,9437774a3d9c63cd86e936f1c57c8a9bd7c5efe8070a4c273ca5c2424120c280,81d37a219a6b4141d0b433796711ab8af2ee2c3c668a28143a3ffe6a574ade98,11,2026-10-06T20:15:08.398084+00:00
12,2,3,398,ext_rd_stall_limit,True,,True,False,1,False,rc_zero;required_flags_ok;golden_ok,3875,1,9,"error: Nack('NACK 11 (cmd 0x40, state RESULT_READY)')",FTDI-00FT46259002B,FI101-r1p0 (109762 v0100),0x504d4558,owner-verbal-2026-09-23,2d1a24adfaf245d8b75a0f6965811af86730e926a411ee3ee14bf813fba804eb,9437774a3d9c63cd86e936f1c57c8a9bd7c5efe8070a4c273ca5c2424120c280,81d37a219a6b4141d0b433796711ab8af2ee2c3c668a28143a3ffe6a574ade98,11,2026-10-06T20:15:08.398084+00:00
12,2,4,399,ext_wr_stall_limit,True,,True,False,1,False,rc_zero;required_flags_ok;golden_ok,3875,1,9,"error: Nack('NACK 11 (cmd 0x40, state RESULT_READY)')",FTDI-00FT46259002B,FI101-r1p0 (109762 v0100),0x504d4558,owner-verbal-2026-09-23,2d1a24adfaf245d8b75a0f6965811af86730e926a411ee3ee14bf813fba804eb,9437774a3d9c63cd86e936f1c57c8a9bd7c5efe8070a4c273ca5c2424120c280,81d37a219a6b4141d0b433796711ab8af2ee2c3c668a28143a3ffe6a574ade98,11,2026-10-06T20:15:08.398084+00:00
12,2,5,512,sram0_rd_trans_accepted,True,,True,False,1,False,rc_zero;required_flags_ok;golden_ok,3875,1,9,"error: Nack('NACK 11 (cmd 0x40, state RESULT_READY)')",FTDI-00FT46259002B,FI101-r1p0 (109762 v0100),0x504d4558,owner-verbal-2026-09-23,2d1a24adfaf245d8b75a0f6965811af86730e926a411ee3ee14bf813fba804eb,9437774a3d9c63cd86e936f1c57c8a9bd7c5efe8070a4c273ca5c2424120c280,81d37a219a6b4141d0b433796711ab8af2ee2c3c668a28143a3ffe6a574ade98,11,2026-10-06T20:15:08.398084+00:00
12,2,6,513,sram0_rd_trans_completed,True,,True,False,1,False,rc_zero;required_flags_ok;golden_ok,3875,1,9,"error: Nack('NACK 11 (cmd 0x40, state RESULT_READY)')",FTDI-00FT46259002B,FI101-r1p0 (109762 v0100),0x504d4558,owner-verbal-2026-09-23,2d1a24adfaf245d8b75a0f6965811af86730e926a411ee3ee14bf813fba804eb,9437774a3d9c63cd86e936f1c57c8a9bd7c5efe8070a4c273ca5c2424120c280,81d37a219a6b4141d0b433796711ab8af2ee2c3c668a28143a3ffe6a574ade98,11,2026-10-06T20:15:08.398084+00:00
12,2,7,514,sram0_rd_data_beat_received,True,,True,False,1,False,rc_zero;required_flags_ok;golden_ok,3875,1,9,"error: Nack('NACK 11 (cmd 0x40, state RESULT_READY)')",FTDI-00FT46259002B,FI101-r1p0 (109762 v0100),0x504d4558,owner-verbal-2026-09-23,2d1a24adfaf245d8b75a0f6965811af86730e926a411ee3ee14bf813fba804eb,9437774a3d9c63cd86e936f1c57c8a9bd7c5efe8070a4c273ca5c2424120c280,81d37a219a6b4141d0b433796711ab8af2ee2c3c668a28143a3ffe6a574ade98,11,2026-10-06T20:15:08.398084+00:00
12,3,0,392,ext_wr_tran_req_stalled,True,,True,False,1,False,rc_zero;required_flags_ok;golden_ok,3904,1,9,"error: Nack('NACK 11 (cmd 0x40, state RESULT_READY)')",FTDI-00FT46259002B,FI101-r1p0 (109762 v0100),0x504d4558,owner-verbal-2026-09-23,2d1a24adfaf245d8b75a0f6965811af86730e926a411ee3ee14bf813fba804eb,9437774a3d9c63cd86e936f1c57c8a9bd7c5efe8070a4c273ca5c2424120c280,81d37a219a6b4141d0b433796711ab8af2ee2c3c668a28143a3ffe6a574ade98,11,2026-10-06T20:15:08.398084+00:00
12,3,1,393,ext_wr_data_beat_stalled,True,,True,False,1,False,rc_zero;required_flags_ok;golden_ok,3904,1,9,"error: Nack('NACK 11 (cmd 0x40, state RESULT_READY)')",FTDI-00FT46259002B,FI101-r1p0 (109762 v0100),0x504d4558,owner-verbal-2026-09-23,2d1a24adfaf245d8b75a0f6965811af86730e926a411ee3ee14bf813fba804eb,9437774a3d9c63cd86e936f1c57c8a9bd7c5efe8070a4c273ca5c2424120c280,81d37a219a6b4141d0b433796711ab8af2ee2c3c668a28143a3ffe6a574ade98,11,2026-10-06T20:15:08.398084+00:00
12,3,2,396,ext_enabled_cycles,True,,True,False,1,False,rc_zero;required_flags_ok;golden_ok,3904,1,9,"error: Nack('NACK 11 (cmd 0x40, state RESULT_READY)')",FTDI-00FT46259002B,FI101-r1p0 (109762 v0100),0x504d4558,owner-verbal-2026-09-23,2d1a24adfaf245d8b75a0f6965811af86730e926a411ee3ee14bf813fba804eb,9437774a3d9c63cd86e936f1c57c8a9bd7c5efe8070a4c273ca5c2424120c280,81d37a219a6b4141d0b433796711ab8af2ee2c3c668a28143a3ffe6a574ade98,11,2026-10-06T20:15:08.398084+00:00
12,3,3,398,ext_rd_stall_limit,True,,True,False,1,False,rc_zero;required_flags_ok;golden_ok,3904,1,9,"error: Nack('NACK 11 (cmd 0x40, state RESULT_READY)')",FTDI-00FT46259002B,FI101-r1p0 (109762 v0100),0x504d4558,owner-verbal-2026-09-23,2d1a24adfaf245d8b75a0f6965811af86730e926a411ee3ee14bf813fba804eb,9437774a3d9c63cd86e936f1c57c8a9bd7c5efe8070a4c273ca5c2424120c280,81d37a219a6b4141d0b433796711ab8af2ee2c3c668a28143a3ffe6a574ade98,11,2026-10-06T20:15:08.398084+00:00
12,3,4,399,ext_wr_stall_limit,True,,True,False,1,False,rc_zero;required_flags_ok;golden_ok,3904,1,9,"error: Nack('NACK 11 (cmd 0x40, state RESULT_READY)')",FTDI-00FT46259002B,FI101-r1p0 (109762 v0100),0x504d4558,owner-verbal-2026-09-23,2d1a24adfaf245d8b75a0f6965811af86730e926a411ee3ee14bf813fba804eb,9437774a3d9c63cd86e936f1c57c8a9bd7c5efe8070a4c273ca5c2424120c280,81d37a219a6b4141d0b433796711ab8af2ee2c3c668a28143a3ffe6a574ade98,11,2026-10-06T20:15:08.398084+00:00
12,3,5,512,sram0_rd_trans_accepted,True,,True,False,1,False,rc_zero;required_flags_ok;golden_ok,3904,1,9,"error: Nack('NACK 11 (cmd 0x40, state RESULT_READY)')",FTDI-00FT46259002B,FI101-r1p0 (109762 v0100),0x504d4558,owner-verbal-2026-09-23,2d1a24adfaf245d8b75a0f6965811af86730e926a411ee3ee14bf813fba804eb,9437774a3d9c63cd86e936f1c57c8a9bd7c5efe8070a4c273ca5c2424120c280,81d37a219a6b4141d0b433796711ab8af2ee2c3c668a28143a3ffe6a574ade98,11,2026-10-06T20:15:08.398084+00:00
12,3,6,513,sram0_rd_trans_completed,True,,True,False,1,False,rc_zero;required_flags_ok;golden_ok,3904,1,9,"error: Nack('NACK 11 (cmd 0x40, state RESULT_READY)')",FTDI-00FT46259002B,FI101-r1p0 (109762 v0100),0x504d4558,owner-verbal-2026-09-23,2d1a24adfaf245d8b75a0f6965811af86730e926a411ee3ee14bf813fba804eb,9437774a3d9c63cd86e936f1c57c8a9bd7c5efe8070a4c273ca5c2424120c280,81d37a219a6b4141d0b433796711ab8af2ee2c3c668a28143a3ffe6a574ade98,11,2026-10-06T20:15:08.398084+00:00
12,3,7,514,sram0_rd_data_beat_received,True,,True,False,1,False,rc_zero;required_flags_ok;golden_ok,3904,1,9,"error: Nack('NACK 11 (cmd 0x40, state RESULT_READY)')",FTDI-00FT46259002B,FI101-r1p0 (109762 v0100),0x504d4558,owner-verbal-2026-09-23,2d1a24adfaf245d8b75a0f6965811af86730e926a411ee3ee14bf813fba804eb,9437774a3d9c63cd86e936f1c57c8a9bd7c5efe8070a4c273ca5c2424120c280,81d37a219a6b4141d0b433796711ab8af2ee2c3c668a28143a3ffe6a574ade98,11,2026-10-06T20:15:08.398084+00:00
13,1,0,515,sram0_rd_tran_req_stalled,True,,True,False,1,False,rc_zero;required_flags_ok;golden_ok,3864,1,9,"error: Nack('NACK 11 (cmd 0x40, state RESULT_READY)')",FTDI-00FT46259002B,FI101-r1p0 (109762 v0100),0x504d4558,owner-verbal-2026-09-23,2d1a24adfaf245d8b75a0f6965811af86730e926a411ee3ee14bf813fba804eb,9437774a3d9c63cd86e936f1c57c8a9bd7c5efe8070a4c273ca5c2424120c280,81d37a219a6b4141d0b433796711ab8af2ee2c3c668a28143a3ffe6a574ade98,11,2026-10-06T20:15:08.398084+00:00
13,1,1,516,sram0_wr_trans_accepted,True,,True,False,1,False,rc_zero;required_flags_ok;golden_ok,3864,1,9,"error: Nack('NACK 11 (cmd 0x40, state RESULT_READY)')",FTDI-00FT46259002B,FI101-r1p0 (109762 v0100),0x504d4558,owner-verbal-2026-09-23,2d1a24adfaf245d8b75a0f6965811af86730e926a411ee3ee14bf813fba804eb,9437774a3d9c63cd86e936f1c57c8a9bd7c5efe8070a4c273ca5c2424120c280,81d37a219a6b4141d0b433796711ab8af2ee2c3c668a28143a3ffe6a574ade98,11,2026-10-06T20:15:08.398084+00:00
13,1,2,517,sram0_wr_trans_completed_m,False,,True,False,1,False,rc_zero;required_flags_ok;golden_ok,3864,1,9,"error: Nack('NACK 11 (cmd 0x40, state RESULT_READY)')",FTDI-00FT46259002B,FI101-r1p0 (109762 v0100),0x504d4558,owner-verbal-2026-09-23,2d1a24adfaf245d8b75a0f6965811af86730e926a411ee3ee14bf813fba804eb,9437774a3d9c63cd86e936f1c57c8a9bd7c5efe8070a4c273ca5c2424120c280,81d37a219a6b4141d0b433796711ab8af2ee2c3c668a28143a3ffe6a574ade98,11,2026-10-06T20:15:08.398084+00:00
13,1,3,518,sram0_wr_trans_completed_s,False,,True,False,1,False,rc_zero;required_flags_ok;golden_ok,3864,1,9,"error: Nack('NACK 11 (cmd 0x40, state RESULT_READY)')",FTDI-00FT46259002B,FI101-r1p0 (109762 v0100),0x504d4558,owner-verbal-2026-09-23,2d1a24adfaf245d8b75a0f6965811af86730e926a411ee3ee14bf813fba804eb,9437774a3d9c63cd86e936f1c57c8a9bd7c5efe8070a4c273ca5c2424120c280,81d37a219a6b4141d0b433796711ab8af2ee2c3c668a28143a3ffe6a574ade98,11,2026-10-06T20:15:08.398084+00:00
13,1,4,519,sram0_wr_data_beat_written,True,,True,False,1,False,rc_zero;required_flags_ok;golden_ok,3864,1,9,"error: Nack('NACK 11 (cmd 0x40, state RESULT_READY)')",FTDI-00FT46259002B,FI101-r1p0 (109762 v0100),0x504d4558,owner-verbal-2026-09-23,2d1a24adfaf245d8b75a0f6965811af86730e926a411ee3ee14bf813fba804eb,9437774a3d9c63cd86e936f1c57c8a9bd7c5efe8070a4c273ca5c2424120c280,81d37a219a6b4141d0b433796711ab8af2ee2c3c668a28143a3ffe6a574ade98,11,2026-10-06T20:15:08.398084+00:00
13,1,5,520,sram0_wr_tran_req_stalled,True,,True,False,1,False,rc_zero;required_flags_ok;golden_ok,3864,1,9,"error: Nack('NACK 11 (cmd 0x40, state RESULT_READY)')",FTDI-00FT46259002B,FI101-r1p0 (109762 v0100),0x504d4558,owner-verbal-2026-09-23,2d1a24adfaf245d8b75a0f6965811af86730e926a411ee3ee14bf813fba804eb,9437774a3d9c63cd86e936f1c57c8a9bd7c5efe8070a4c273ca5c2424120c280,81d37a219a6b4141d0b433796711ab8af2ee2c3c668a28143a3ffe6a574ade98,11,2026-10-06T20:15:08.398084+00:00
13,1,6,521,sram0_wr_data_beat_stalled,True,,True,False,1,False,rc_zero;required_flags_ok;golden_ok,3864,1,9,"error: Nack('NACK 11 (cmd 0x40, state RESULT_READY)')",FTDI-00FT46259002B,FI101-r1p0 (109762 v0100),0x504d4558,owner-verbal-2026-09-23,2d1a24adfaf245d8b75a0f6965811af86730e926a411ee3ee14bf813fba804eb,9437774a3d9c63cd86e936f1c57c8a9bd7c5efe8070a4c273ca5c2424120c280,81d37a219a6b4141d0b433796711ab8af2ee2c3c668a28143a3ffe6a574ade98,11,2026-10-06T20:15:08.398084+00:00
13,1,7,524,sram0_enabled_cycles,True,,True,False,1,False,rc_zero;required_flags_ok;golden_ok,3864,1,9,"error: Nack('NACK 11 (cmd 0x40, state RESULT_READY)')",FTDI-00FT46259002B,FI101-r1p0 (109762 v0100),0x504d4558,owner-verbal-2026-09-23,2d1a24adfaf245d8b75a0f6965811af86730e926a411ee3ee14bf813fba804eb,9437774a3d9c63cd86e936f1c57c8a9bd7c5efe8070a4c273ca5c2424120c280,81d37a219a6b4141d0b433796711ab8af2ee2c3c668a28143a3ffe6a574ade98,11,2026-10-06T20:15:08.398084+00:00
13,2,0,515,sram0_rd_tran_req_stalled,True,,True,False,1,False,rc_zero;required_flags_ok;golden_ok,6089,1,9,"error: Nack('NACK 11 (cmd 0x40, state RESULT_READY)')",FTDI-00FT46259002B,FI101-r1p0 (109762 v0100),0x504d4558,owner-verbal-2026-09-23,2d1a24adfaf245d8b75a0f6965811af86730e926a411ee3ee14bf813fba804eb,9437774a3d9c63cd86e936f1c57c8a9bd7c5efe8070a4c273ca5c2424120c280,81d37a219a6b4141d0b433796711ab8af2ee2c3c668a28143a3ffe6a574ade98,11,2026-10-06T20:15:08.398084+00:00
13,2,1,516,sram0_wr_trans_accepted,True,,True,False,1,False,rc_zero;required_flags_ok;golden_ok,6089,1,9,"error: Nack('NACK 11 (cmd 0x40, state RESULT_READY)')",FTDI-00FT46259002B,FI101-r1p0 (109762 v0100),0x504d4558,owner-verbal-2026-09-23,2d1a24adfaf245d8b75a0f6965811af86730e926a411ee3ee14bf813fba804eb,9437774a3d9c63cd86e936f1c57c8a9bd7c5efe8070a4c273ca5c2424120c280,81d37a219a6b4141d0b433796711ab8af2ee2c3c668a28143a3ffe6a574ade98,11,2026-10-06T20:15:08.398084+00:00
13,2,2,517,sram0_wr_trans_completed_m,False,,True,False,1,False,rc_zero;required_flags_ok;golden_ok,6089,1,9,"error: Nack('NACK 11 (cmd 0x40, state RESULT_READY)')",FTDI-00FT46259002B,FI101-r1p0 (109762 v0100),0x504d4558,owner-verbal-2026-09-23,2d1a24adfaf245d8b75a0f6965811af86730e926a411ee3ee14bf813fba804eb,9437774a3d9c63cd86e936f1c57c8a9bd7c5efe8070a4c273ca5c2424120c280,81d37a219a6b4141d0b433796711ab8af2ee2c3c668a28143a3ffe6a574ade98,11,2026-10-06T20:15:08.398084+00:00
13,2,3,518,sram0_wr_trans_completed_s,False,,True,False,1,False,rc_zero;required_flags_ok;golden_ok,6089,1,9,"error: Nack('NACK 11 (cmd 0x40, state RESULT_READY)')",FTDI-00FT46259002B,FI101-r1p0 (109762 v0100),0x504d4558,owner-verbal-2026-09-23,2d1a24adfaf245d8b75a0f6965811af86730e926a411ee3ee14bf813fba804eb,9437774a3d9c63cd86e936f1c57c8a9bd7c5efe8070a4c273ca5c2424120c280,81d37a219a6b4141d0b433796711ab8af2ee2c3c668a28143a3ffe6a574ade98,11,2026-10-06T20:15:08.398084+00:00
13,2,4,519,sram0_wr_data_beat_written,True,,True,False,1,False,rc_zero;required_flags_ok;golden_ok,6089,1,9,"error: Nack('NACK 11 (cmd 0x40, state RESULT_READY)')",FTDI-00FT46259002B,FI101-r1p0 (109762 v0100),0x504d4558,owner-verbal-2026-09-23,2d1a24adfaf245d8b75a0f6965811af86730e926a411ee3ee14bf813fba804eb,9437774a3d9c63cd86e936f1c57c8a9bd7c5efe8070a4c273ca5c2424120c280,81d37a219a6b4141d0b433796711ab8af2ee2c3c668a28143a3ffe6a574ade98,11,2026-10-06T20:15:08.398084+00:00
13,2,5,520,sram0_wr_tran_req_stalled,True,,True,False,1,False,rc_zero;required_flags_ok;golden_ok,6089,1,9,"error: Nack('NACK 11 (cmd 0x40, state RESULT_READY)')",FTDI-00FT46259002B,FI101-r1p0 (109762 v0100),0x504d4558,owner-verbal-2026-09-23,2d1a24adfaf245d8b75a0f6965811af86730e926a411ee3ee14bf813fba804eb,9437774a3d9c63cd86e936f1c57c8a9bd7c5efe8070a4c273ca5c2424120c280,81d37a219a6b4141d0b433796711ab8af2ee2c3c668a28143a3ffe6a574ade98,11,2026-10-06T20:15:08.398084+00:00
13,2,6,521,sram0_wr_data_beat_stalled,True,,True,False,1,False,rc_zero;required_flags_ok;golden_ok,6089,1,9,"error: Nack('NACK 11 (cmd 0x40, state RESULT_READY)')",FTDI-00FT46259002B,FI101-r1p0 (109762 v0100),0x504d4558,owner-verbal-2026-09-23,2d1a24adfaf245d8b75a0f6965811af86730e926a411ee3ee14bf813fba804eb,9437774a3d9c63cd86e936f1c57c8a9bd7c5efe8070a4c273ca5c2424120c280,81d37a219a6b4141d0b433796711ab8af2ee2c3c668a28143a3ffe6a574ade98,11,2026-10-06T20:15:08.398084+00:00
13,2,7,524,sram0_enabled_cycles,True,,True,False,1,False,rc_zero;required_flags_ok;golden_ok,6089,1,9,"error: Nack('NACK 11 (cmd 0x40, state RESULT_READY)')",FTDI-00FT46259002B,FI101-r1p0 (109762 v0100),0x504d4558,owner-verbal-2026-09-23,2d1a24adfaf245d8b75a0f6965811af86730e926a411ee3ee14bf813fba804eb,9437774a3d9c63cd86e936f1c57c8a9bd7c5efe8070a4c273ca5c2424120c280,81d37a219a6b4141d0b433796711ab8af2ee2c3c668a28143a3ffe6a574ade98,11,2026-10-06T20:15:08.398084+00:00
13,3,0,515,sram0_rd_tran_req_stalled,True,,True,False,1,False,rc_zero;required_flags_ok;golden_ok,4277,1,9,"error: Nack('NACK 11 (cmd 0x40, state RESULT_READY)')",FTDI-00FT46259002B,FI101-r1p0 (109762 v0100),0x504d4558,owner-verbal-2026-09-23,2d1a24adfaf245d8b75a0f6965811af86730e926a411ee3ee14bf813fba804eb,9437774a3d9c63cd86e936f1c57c8a9bd7c5efe8070a4c273ca5c2424120c280,81d37a219a6b4141d0b433796711ab8af2ee2c3c668a28143a3ffe6a574ade98,11,2026-10-06T20:15:08.398084+00:00
13,3,1,516,sram0_wr_trans_accepted,True,,True,False,1,False,rc_zero;required_flags_ok;golden_ok,4277,1,9,"error: Nack('NACK 11 (cmd 0x40, state RESULT_READY)')",FTDI-00FT46259002B,FI101-r1p0 (109762 v0100),0x504d4558,owner-verbal-2026-09-23,2d1a24adfaf245d8b75a0f6965811af86730e926a411ee3ee14bf813fba804eb,9437774a3d9c63cd86e936f1c57c8a9bd7c5efe8070a4c273ca5c2424120c280,81d37a219a6b4141d0b433796711ab8af2ee2c3c668a28143a3ffe6a574ade98,11,2026-10-06T20:15:08.398084+00:00
13,3,2,517,sram0_wr_trans_completed_m,False,,True,False,1,False,rc_zero;required_flags_ok;golden_ok,4277,1,9,"error: Nack('NACK 11 (cmd 0x40, state RESULT_READY)')",FTDI-00FT46259002B,FI101-r1p0 (109762 v0100),0x504d4558,owner-verbal-2026-09-23,2d1a24adfaf245d8b75a0f6965811af86730e926a411ee3ee14bf813fba804eb,9437774a3d9c63cd86e936f1c57c8a9bd7c5efe8070a4c273ca5c2424120c280,81d37a219a6b4141d0b433796711ab8af2ee2c3c668a28143a3ffe6a574ade98,11,2026-10-06T20:15:08.398084+00:00
13,3,3,518,sram0_wr_trans_completed_s,False,,True,False,1,False,rc_zero;required_flags_ok;golden_ok,4277,1,9,"error: Nack('NACK 11 (cmd 0x40, state RESULT_READY)')",FTDI-00FT46259002B,FI101-r1p0 (109762 v0100),0x504d4558,owner-verbal-2026-09-23,2d1a24adfaf245d8b75a0f6965811af86730e926a411ee3ee14bf813fba804eb,9437774a3d9c63cd86e936f1c57c8a9bd7c5efe8070a4c273ca5c2424120c280,81d37a219a6b4141d0b433796711ab8af2ee2c3c668a28143a3ffe6a574ade98,11,2026-10-06T20:15:08.398084+00:00
13,3,4,519,sram0_wr_data_beat_written,True,,True,False,1,False,rc_zero;required_flags_ok;golden_ok,4277,1,9,"error: Nack('NACK 11 (cmd 0x40, state RESULT_READY)')",FTDI-00FT46259002B,FI101-r1p0 (109762 v0100),0x504d4558,owner-verbal-2026-09-23,2d1a24adfaf245d8b75a0f6965811af86730e926a411ee3ee14bf813fba804eb,9437774a3d9c63cd86e936f1c57c8a9bd7c5efe8070a4c273ca5c2424120c280,81d37a219a6b4141d0b433796711ab8af2ee2c3c668a28143a3ffe6a574ade98,11,2026-10-06T20:15:08.398084+00:00
13,3,5,520,sram0_wr_tran_req_stalled,True,,True,False,1,False,rc_zero;required_flags_ok;golden_ok,4277,1,9,"error: Nack('NACK 11 (cmd 0x40, state RESULT_READY)')",FTDI-00FT46259002B,FI101-r1p0 (109762 v0100),0x504d4558,owner-verbal-2026-09-23,2d1a24adfaf245d8b75a0f6965811af86730e926a411ee3ee14bf813fba804eb,9437774a3d9c63cd86e936f1c57c8a9bd7c5efe8070a4c273ca5c2424120c280,81d37a219a6b4141d0b433796711ab8af2ee2c3c668a28143a3ffe6a574ade98,11,2026-10-06T20:15:08.398084+00:00
13,3,6,521,sram0_wr_data_beat_stalled,True,,True,False,1,False,rc_zero;required_flags_ok;golden_ok,4277,1,9,"error: Nack('NACK 11 (cmd 0x40, state RESULT_READY)')",FTDI-00FT46259002B,FI101-r1p0 (109762 v0100),0x504d4558,owner-verbal-2026-09-23,2d1a24adfaf245d8b75a0f6965811af86730e926a411ee3ee14bf813fba804eb,9437774a3d9c63cd86e936f1c57c8a9bd7c5efe8070a4c273ca5c2424120c280,81d37a219a6b4141d0b433796711ab8af2ee2c3c668a28143a3ffe6a574ade98,11,2026-10-06T20:15:08.398084+00:00
13,3,7,524,sram0_enabled_cycles,True,,True,False,1,False,rc_zero;required_flags_ok;golden_ok,4277,1,9,"error: Nack('NACK 11 (cmd 0x40, state RESULT_READY)')",FTDI-00FT46259002B,FI101-r1p0 (109762 v0100),0x504d4558,owner-verbal-2026-09-23,2d1a24adfaf245d8b75a0f6965811af86730e926a411ee3ee14bf813fba804eb,9437774a3d9c63cd86e936f1c57c8a9bd7c5efe8070a4c273ca5c2424120c280,81d37a219a6b4141d0b433796711ab8af2ee2c3c668a28143a3ffe6a574ade98,11,2026-10-06T20:15:08.398084+00:00
14,1,0,526,sram0_rd_stall_limit,True,,True,False,1,False,rc_zero;required_flags_ok;golden_ok,5026,1,9,"error: Nack('NACK 11 (cmd 0x40, state RESULT_READY)')",FTDI-00FT46259002B,FI101-r1p0 (109762 v0100),0x504d4558,owner-verbal-2026-09-23,2d1a24adfaf245d8b75a0f6965811af86730e926a411ee3ee14bf813fba804eb,9437774a3d9c63cd86e936f1c57c8a9bd7c5efe8070a4c273ca5c2424120c280,81d37a219a6b4141d0b433796711ab8af2ee2c3c668a28143a3ffe6a574ade98,11,2026-10-06T20:15:08.398084+00:00
14,1,1,527,sram0_wr_stall_limit,True,,True,False,1,False,rc_zero;required_flags_ok;golden_ok,5026,1,9,"error: Nack('NACK 11 (cmd 0x40, state RESULT_READY)')",FTDI-00FT46259002B,FI101-r1p0 (109762 v0100),0x504d4558,owner-verbal-2026-09-23,2d1a24adfaf245d8b75a0f6965811af86730e926a411ee3ee14bf813fba804eb,9437774a3d9c63cd86e936f1c57c8a9bd7c5efe8070a4c273ca5c2424120c280,81d37a219a6b4141d0b433796711ab8af2ee2c3c668a28143a3ffe6a574ade98,11,2026-10-06T20:15:08.398084+00:00
14,1,2,528,sram1_rd_trans_accepted,True,,True,False,1,False,rc_zero;required_flags_ok;golden_ok,5026,1,9,"error: Nack('NACK 11 (cmd 0x40, state RESULT_READY)')",FTDI-00FT46259002B,FI101-r1p0 (109762 v0100),0x504d4558,owner-verbal-2026-09-23,2d1a24adfaf245d8b75a0f6965811af86730e926a411ee3ee14bf813fba804eb,9437774a3d9c63cd86e936f1c57c8a9bd7c5efe8070a4c273ca5c2424120c280,81d37a219a6b4141d0b433796711ab8af2ee2c3c668a28143a3ffe6a574ade98,11,2026-10-06T20:15:08.398084+00:00
14,1,3,529,sram1_rd_trans_completed,True,,True,False,1,False,rc_zero;required_flags_ok;golden_ok,5026,1,9,"error: Nack('NACK 11 (cmd 0x40, state RESULT_READY)')",FTDI-00FT46259002B,FI101-r1p0 (109762 v0100),0x504d4558,owner-verbal-2026-09-23,2d1a24adfaf245d8b75a0f6965811af86730e926a411ee3ee14bf813fba804eb,9437774a3d9c63cd86e936f1c57c8a9bd7c5efe8070a4c273ca5c2424120c280,81d37a219a6b4141d0b433796711ab8af2ee2c3c668a28143a3ffe6a574ade98,11,2026-10-06T20:15:08.398084+00:00
14,1,4,530,sram1_rd_data_beat_received,True,,True,False,1,False,rc_zero;required_flags_ok;golden_ok,5026,1,9,"error: Nack('NACK 11 (cmd 0x40, state RESULT_READY)')",FTDI-00FT46259002B,FI101-r1p0 (109762 v0100),0x504d4558,owner-verbal-2026-09-23,2d1a24adfaf245d8b75a0f6965811af86730e926a411ee3ee14bf813fba804eb,9437774a3d9c63cd86e936f1c57c8a9bd7c5efe8070a4c273ca5c2424120c280,81d37a219a6b4141d0b433796711ab8af2ee2c3c668a28143a3ffe6a574ade98,11,2026-10-06T20:15:08.398084+00:00
14,1,5,531,sram1_rd_tran_req_stalled,True,,True,False,1,False,rc_zero;required_flags_ok;golden_ok,5026,1,9,"error: Nack('NACK 11 (cmd 0x40, state RESULT_READY)')",FTDI-00FT46259002B,FI101-r1p0 (109762 v0100),0x504d4558,owner-verbal-2026-09-23,2d1a24adfaf245d8b75a0f6965811af86730e926a411ee3ee14bf813fba804eb,9437774a3d9c63cd86e936f1c57c8a9bd7c5efe8070a4c273ca5c2424120c280,81d37a219a6b4141d0b433796711ab8af2ee2c3c668a28143a3ffe6a574ade98,11,2026-10-06T20:15:08.398084+00:00
14,1,6,532,sram1_wr_trans_accepted,True,,True,False,1,False,rc_zero;required_flags_ok;golden_ok,5026,1,9,"error: Nack('NACK 11 (cmd 0x40, state RESULT_READY)')",FTDI-00FT46259002B,FI101-r1p0 (109762 v0100),0x504d4558,owner-verbal-2026-09-23,2d1a24adfaf245d8b75a0f6965811af86730e926a411ee3ee14bf813fba804eb,9437774a3d9c63cd86e936f1c57c8a9bd7c5efe8070a4c273ca5c2424120c280,81d37a219a6b4141d0b433796711ab8af2ee2c3c668a28143a3ffe6a574ade98,11,2026-10-06T20:15:08.398084+00:00
14,1,7,533,sram1_wr_trans_completed_m,False,,True,False,1,False,rc_zero;required_flags_ok;golden_ok,5026,1,9,"error: Nack('NACK 11 (cmd 0x40, state RESULT_READY)')",FTDI-00FT46259002B,FI101-r1p0 (109762 v0100),0x504d4558,owner-verbal-2026-09-23,2d1a24adfaf245d8b75a0f6965811af86730e926a411ee3ee14bf813fba804eb,9437774a3d9c63cd86e936f1c57c8a9bd7c5efe8070a4c273ca5c2424120c280,81d37a219a6b4141d0b433796711ab8af2ee2c3c668a28143a3ffe6a574ade98,11,2026-10-06T20:15:08.398084+00:00
14,2,0,526,sram0_rd_stall_limit,True,,True,False,1,False,rc_zero;required_flags_ok;golden_ok,3875,1,9,"error: Nack('NACK 11 (cmd 0x40, state RESULT_READY)')",FTDI-00FT46259002B,FI101-r1p0 (109762 v0100),0x504d4558,owner-verbal-2026-09-23,2d1a24adfaf245d8b75a0f6965811af86730e926a411ee3ee14bf813fba804eb,9437774a3d9c63cd86e936f1c57c8a9bd7c5efe8070a4c273ca5c2424120c280,81d37a219a6b4141d0b433796711ab8af2ee2c3c668a28143a3ffe6a574ade98,11,2026-10-06T20:15:08.398084+00:00
14,2,1,527,sram0_wr_stall_limit,True,,True,False,1,False,rc_zero;required_flags_ok;golden_ok,3875,1,9,"error: Nack('NACK 11 (cmd 0x40, state RESULT_READY)')",FTDI-00FT46259002B,FI101-r1p0 (109762 v0100),0x504d4558,owner-verbal-2026-09-23,2d1a24adfaf245d8b75a0f6965811af86730e926a411ee3ee14bf813fba804eb,9437774a3d9c63cd86e936f1c57c8a9bd7c5efe8070a4c273ca5c2424120c280,81d37a219a6b4141d0b433796711ab8af2ee2c3c668a28143a3ffe6a574ade98,11,2026-10-06T20:15:08.398084+00:00
14,2,2,528,sram1_rd_trans_accepted,True,,True,False,1,False,rc_zero;required_flags_ok;golden_ok,3875,1,9,"error: Nack('NACK 11 (cmd 0x40, state RESULT_READY)')",FTDI-00FT46259002B,FI101-r1p0 (109762 v0100),0x504d4558,owner-verbal-2026-09-23,2d1a24adfaf245d8b75a0f6965811af86730e926a411ee3ee14bf813fba804eb,9437774a3d9c63cd86e936f1c57c8a9bd7c5efe8070a4c273ca5c2424120c280,81d37a219a6b4141d0b433796711ab8af2ee2c3c668a28143a3ffe6a574ade98,11,2026-10-06T20:15:08.398084+00:00
14,2,3,529,sram1_rd_trans_completed,True,,True,False,1,False,rc_zero;required_flags_ok;golden_ok,3875,1,9,"error: Nack('NACK 11 (cmd 0x40, state RESULT_READY)')",FTDI-00FT46259002B,FI101-r1p0 (109762 v0100),0x504d4558,owner-verbal-2026-09-23,2d1a24adfaf245d8b75a0f6965811af86730e926a411ee3ee14bf813fba804eb,9437774a3d9c63cd86e936f1c57c8a9bd7c5efe8070a4c273ca5c2424120c280,81d37a219a6b4141d0b433796711ab8af2ee2c3c668a28143a3ffe6a574ade98,11,2026-10-06T20:15:08.398084+00:00
14,2,4,530,sram1_rd_data_beat_received,True,,True,False,1,False,rc_zero;required_flags_ok;golden_ok,3875,1,9,"error: Nack('NACK 11 (cmd 0x40, state RESULT_READY)')",FTDI-00FT46259002B,FI101-r1p0 (109762 v0100),0x504d4558,owner-verbal-2026-09-23,2d1a24adfaf245d8b75a0f6965811af86730e926a411ee3ee14bf813fba804eb,9437774a3d9c63cd86e936f1c57c8a9bd7c5efe8070a4c273ca5c2424120c280,81d37a219a6b4141d0b433796711ab8af2ee2c3c668a28143a3ffe6a574ade98,11,2026-10-06T20:15:08.398084+00:00
14,2,5,531,sram1_rd_tran_req_stalled,True,,True,False,1,False,rc_zero;required_flags_ok;golden_ok,3875,1,9,"error: Nack('NACK 11 (cmd 0x40, state RESULT_READY)')",FTDI-00FT46259002B,FI101-r1p0 (109762 v0100),0x504d4558,owner-verbal-2026-09-23,2d1a24adfaf245d8b75a0f6965811af86730e926a411ee3ee14bf813fba804eb,9437774a3d9c63cd86e936f1c57c8a9bd7c5efe8070a4c273ca5c2424120c280,81d37a219a6b4141d0b433796711ab8af2ee2c3c668a28143a3ffe6a574ade98,11,2026-10-06T20:15:08.398084+00:00
14,2,6,532,sram1_wr_trans_accepted,True,,True,False,1,False,rc_zero;required_flags_ok;golden_ok,3875,1,9,"error: Nack('NACK 11 (cmd 0x40, state RESULT_READY)')",FTDI-00FT46259002B,FI101-r1p0 (109762 v0100),0x504d4558,owner-verbal-2026-09-23,2d1a24adfaf245d8b75a0f6965811af86730e926a411ee3ee14bf813fba804eb,9437774a3d9c63cd86e936f1c57c8a9bd7c5efe8070a4c273ca5c2424120c280,81d37a219a6b4141d0b433796711ab8af2ee2c3c668a28143a3ffe6a574ade98,11,2026-10-06T20:15:08.398084+00:00
14,2,7,533,sram1_wr_trans_completed_m,False,,True,False,1,False,rc_zero;required_flags_ok;golden_ok,3875,1,9,"error: Nack('NACK 11 (cmd 0x40, state RESULT_READY)')",FTDI-00FT46259002B,FI101-r1p0 (109762 v0100),0x504d4558,owner-verbal-2026-09-23,2d1a24adfaf245d8b75a0f6965811af86730e926a411ee3ee14bf813fba804eb,9437774a3d9c63cd86e936f1c57c8a9bd7c5efe8070a4c273ca5c2424120c280,81d37a219a6b4141d0b433796711ab8af2ee2c3c668a28143a3ffe6a574ade98,11,2026-10-06T20:15:08.398084+00:00
14,3,0,526,sram0_rd_stall_limit,True,,True,False,1,False,rc_zero;required_flags_ok;golden_ok,3875,1,9,"error: Nack('NACK 11 (cmd 0x40, state RESULT_READY)')",FTDI-00FT46259002B,FI101-r1p0 (109762 v0100),0x504d4558,owner-verbal-2026-09-23,2d1a24adfaf245d8b75a0f6965811af86730e926a411ee3ee14bf813fba804eb,9437774a3d9c63cd86e936f1c57c8a9bd7c5efe8070a4c273ca5c2424120c280,81d37a219a6b4141d0b433796711ab8af2ee2c3c668a28143a3ffe6a574ade98,11,2026-10-06T20:15:08.398084+00:00
14,3,1,527,sram0_wr_stall_limit,True,,True,False,1,False,rc_zero;required_flags_ok;golden_ok,3875,1,9,"error: Nack('NACK 11 (cmd 0x40, state RESULT_READY)')",FTDI-00FT46259002B,FI101-r1p0 (109762 v0100),0x504d4558,owner-verbal-2026-09-23,2d1a24adfaf245d8b75a0f6965811af86730e926a411ee3ee14bf813fba804eb,9437774a3d9c63cd86e936f1c57c8a9bd7c5efe8070a4c273ca5c2424120c280,81d37a219a6b4141d0b433796711ab8af2ee2c3c668a28143a3ffe6a574ade98,11,2026-10-06T20:15:08.398084+00:00
14,3,2,528,sram1_rd_trans_accepted,True,,True,False,1,False,rc_zero;required_flags_ok;golden_ok,3875,1,9,"error: Nack('NACK 11 (cmd 0x40, state RESULT_READY)')",FTDI-00FT46259002B,FI101-r1p0 (109762 v0100),0x504d4558,owner-verbal-2026-09-23,2d1a24adfaf245d8b75a0f6965811af86730e926a411ee3ee14bf813fba804eb,9437774a3d9c63cd86e936f1c57c8a9bd7c5efe8070a4c273ca5c2424120c280,81d37a219a6b4141d0b433796711ab8af2ee2c3c668a28143a3ffe6a574ade98,11,2026-10-06T20:15:08.398084+00:00
14,3,3,529,sram1_rd_trans_completed,True,,True,False,1,False,rc_zero;required_flags_ok;golden_ok,3875,1,9,"error: Nack('NACK 11 (cmd 0x40, state RESULT_READY)')",FTDI-00FT46259002B,FI101-r1p0 (109762 v0100),0x504d4558,owner-verbal-2026-09-23,2d1a24adfaf245d8b75a0f6965811af86730e926a411ee3ee14bf813fba804eb,9437774a3d9c63cd86e936f1c57c8a9bd7c5efe8070a4c273ca5c2424120c280,81d37a219a6b4141d0b433796711ab8af2ee2c3c668a28143a3ffe6a574ade98,11,2026-10-06T20:15:08.398084+00:00
14,3,4,530,sram1_rd_data_beat_received,True,,True,False,1,False,rc_zero;required_flags_ok;golden_ok,3875,1,9,"error: Nack('NACK 11 (cmd 0x40, state RESULT_READY)')",FTDI-00FT46259002B,FI101-r1p0 (109762 v0100),0x504d4558,owner-verbal-2026-09-23,2d1a24adfaf245d8b75a0f6965811af86730e926a411ee3ee14bf813fba804eb,9437774a3d9c63cd86e936f1c57c8a9bd7c5efe8070a4c273ca5c2424120c280,81d37a219a6b4141d0b433796711ab8af2ee2c3c668a28143a3ffe6a574ade98,11,2026-10-06T20:15:08.398084+00:00
14,3,5,531,sram1_rd_tran_req_stalled,True,,True,False,1,False,rc_zero;required_flags_ok;golden_ok,3875,1,9,"error: Nack('NACK 11 (cmd 0x40, state RESULT_READY)')",FTDI-00FT46259002B,FI101-r1p0 (109762 v0100),0x504d4558,owner-verbal-2026-09-23,2d1a24adfaf245d8b75a0f6965811af86730e926a411ee3ee14bf813fba804eb,9437774a3d9c63cd86e936f1c57c8a9bd7c5efe8070a4c273ca5c2424120c280,81d37a219a6b4141d0b433796711ab8af2ee2c3c668a28143a3ffe6a574ade98,11,2026-10-06T20:15:08.398084+00:00
14,3,6,532,sram1_wr_trans_accepted,True,,True,False,1,False,rc_zero;required_flags_ok;golden_ok,3875,1,9,"error: Nack('NACK 11 (cmd 0x40, state RESULT_READY)')",FTDI-00FT46259002B,FI101-r1p0 (109762 v0100),0x504d4558,owner-verbal-2026-09-23,2d1a24adfaf245d8b75a0f6965811af86730e926a411ee3ee14bf813fba804eb,9437774a3d9c63cd86e936f1c57c8a9bd7c5efe8070a4c273ca5c2424120c280,81d37a219a6b4141d0b433796711ab8af2ee2c3c668a28143a3ffe6a574ade98,11,2026-10-06T20:15:08.398084+00:00
14,3,7,533,sram1_wr_trans_completed_m,False,,True,False,1,False,rc_zero;required_flags_ok;golden_ok,3875,1,9,"error: Nack('NACK 11 (cmd 0x40, state RESULT_READY)')",FTDI-00FT46259002B,FI101-r1p0 (109762 v0100),0x504d4558,owner-verbal-2026-09-23,2d1a24adfaf245d8b75a0f6965811af86730e926a411ee3ee14bf813fba804eb,9437774a3d9c63cd86e936f1c57c8a9bd7c5efe8070a4c273ca5c2424120c280,81d37a219a6b4141d0b433796711ab8af2ee2c3c668a28143a3ffe6a574ade98,11,2026-10-06T20:15:08.398084+00:00
15,1,0,534,sram1_wr_trans_completed_s,False,,True,False,1,False,rc_zero;required_flags_ok;golden_ok,3864,1,9,"error: Nack('NACK 11 (cmd 0x40, state RESULT_READY)')",FTDI-00FT46259002B,FI101-r1p0 (109762 v0100),0x504d4558,owner-verbal-2026-09-23,2d1a24adfaf245d8b75a0f6965811af86730e926a411ee3ee14bf813fba804eb,9437774a3d9c63cd86e936f1c57c8a9bd7c5efe8070a4c273ca5c2424120c280,81d37a219a6b4141d0b433796711ab8af2ee2c3c668a28143a3ffe6a574ade98,11,2026-10-06T20:15:08.398084+00:00
15,1,1,535,sram1_wr_data_beat_written,True,,True,False,1,False,rc_zero;required_flags_ok;golden_ok,3864,1,9,"error: Nack('NACK 11 (cmd 0x40, state RESULT_READY)')",FTDI-00FT46259002B,FI101-r1p0 (109762 v0100),0x504d4558,owner-verbal-2026-09-23,2d1a24adfaf245d8b75a0f6965811af86730e926a411ee3ee14bf813fba804eb,9437774a3d9c63cd86e936f1c57c8a9bd7c5efe8070a4c273ca5c2424120c280,81d37a219a6b4141d0b433796711ab8af2ee2c3c668a28143a3ffe6a574ade98,11,2026-10-06T20:15:08.398084+00:00
15,1,2,536,sram1_wr_tran_req_stalled,True,,True,False,1,False,rc_zero;required_flags_ok;golden_ok,3864,1,9,"error: Nack('NACK 11 (cmd 0x40, state RESULT_READY)')",FTDI-00FT46259002B,FI101-r1p0 (109762 v0100),0x504d4558,owner-verbal-2026-09-23,2d1a24adfaf245d8b75a0f6965811af86730e926a411ee3ee14bf813fba804eb,9437774a3d9c63cd86e936f1c57c8a9bd7c5efe8070a4c273ca5c2424120c280,81d37a219a6b4141d0b433796711ab8af2ee2c3c668a28143a3ffe6a574ade98,11,2026-10-06T20:15:08.398084+00:00
15,1,3,537,sram1_wr_data_beat_stalled,True,,True,False,1,False,rc_zero;required_flags_ok;golden_ok,3864,1,9,"error: Nack('NACK 11 (cmd 0x40, state RESULT_READY)')",FTDI-00FT46259002B,FI101-r1p0 (109762 v0100),0x504d4558,owner-verbal-2026-09-23,2d1a24adfaf245d8b75a0f6965811af86730e926a411ee3ee14bf813fba804eb,9437774a3d9c63cd86e936f1c57c8a9bd7c5efe8070a4c273ca5c2424120c280,81d37a219a6b4141d0b433796711ab8af2ee2c3c668a28143a3ffe6a574ade98,11,2026-10-06T20:15:08.398084+00:00
15,1,4,540,sram1_enabled_cycles,True,,True,False,1,False,rc_zero;required_flags_ok;golden_ok,3864,1,9,"error: Nack('NACK 11 (cmd 0x40, state RESULT_READY)')",FTDI-00FT46259002B,FI101-r1p0 (109762 v0100),0x504d4558,owner-verbal-2026-09-23,2d1a24adfaf245d8b75a0f6965811af86730e926a411ee3ee14bf813fba804eb,9437774a3d9c63cd86e936f1c57c8a9bd7c5efe8070a4c273ca5c2424120c280,81d37a219a6b4141d0b433796711ab8af2ee2c3c668a28143a3ffe6a574ade98,11,2026-10-06T20:15:08.398084+00:00
15,1,5,542,sram1_rd_stall_limit,True,,True,False,1,False,rc_zero;required_flags_ok;golden_ok,3864,1,9,"error: Nack('NACK 11 (cmd 0x40, state RESULT_READY)')",FTDI-00FT46259002B,FI101-r1p0 (109762 v0100),0x504d4558,owner-verbal-2026-09-23,2d1a24adfaf245d8b75a0f6965811af86730e926a411ee3ee14bf813fba804eb,9437774a3d9c63cd86e936f1c57c8a9bd7c5efe8070a4c273ca5c2424120c280,81d37a219a6b4141d0b433796711ab8af2ee2c3c668a28143a3ffe6a574ade98,11,2026-10-06T20:15:08.398084+00:00
15,1,6,543,sram1_wr_stall_limit,True,,True,False,1,False,rc_zero;required_flags_ok;golden_ok,3864,1,9,"error: Nack('NACK 11 (cmd 0x40, state RESULT_READY)')",FTDI-00FT46259002B,FI101-r1p0 (109762 v0100),0x504d4558,owner-verbal-2026-09-23,2d1a24adfaf245d8b75a0f6965811af86730e926a411ee3ee14bf813fba804eb,9437774a3d9c63cd86e936f1c57c8a9bd7c5efe8070a4c273ca5c2424120c280,81d37a219a6b4141d0b433796711ab8af2ee2c3c668a28143a3ffe6a574ade98,11,2026-10-06T20:15:08.398084+00:00
15,1,7,544,sram2_rd_trans_accepted,True,,True,False,1,False,rc_zero;required_flags_ok;golden_ok,3864,1,9,"error: Nack('NACK 11 (cmd 0x40, state RESULT_READY)')",FTDI-00FT46259002B,FI101-r1p0 (109762 v0100),0x504d4558,owner-verbal-2026-09-23,2d1a24adfaf245d8b75a0f6965811af86730e926a411ee3ee14bf813fba804eb,9437774a3d9c63cd86e936f1c57c8a9bd7c5efe8070a4c273ca5c2424120c280,81d37a219a6b4141d0b433796711ab8af2ee2c3c668a28143a3ffe6a574ade98,11,2026-10-06T20:15:08.398084+00:00
15,2,0,534,sram1_wr_trans_completed_s,False,,True,False,1,False,rc_zero;required_flags_ok;golden_ok,3875,1,9,"error: Nack('NACK 11 (cmd 0x40, state RESULT_READY)')",FTDI-00FT46259002B,FI101-r1p0 (109762 v0100),0x504d4558,owner-verbal-2026-09-23,2d1a24adfaf245d8b75a0f6965811af86730e926a411ee3ee14bf813fba804eb,9437774a3d9c63cd86e936f1c57c8a9bd7c5efe8070a4c273ca5c2424120c280,81d37a219a6b4141d0b433796711ab8af2ee2c3c668a28143a3ffe6a574ade98,11,2026-10-06T20:15:08.398084+00:00
15,2,1,535,sram1_wr_data_beat_written,True,,True,False,1,False,rc_zero;required_flags_ok;golden_ok,3875,1,9,"error: Nack('NACK 11 (cmd 0x40, state RESULT_READY)')",FTDI-00FT46259002B,FI101-r1p0 (109762 v0100),0x504d4558,owner-verbal-2026-09-23,2d1a24adfaf245d8b75a0f6965811af86730e926a411ee3ee14bf813fba804eb,9437774a3d9c63cd86e936f1c57c8a9bd7c5efe8070a4c273ca5c2424120c280,81d37a219a6b4141d0b433796711ab8af2ee2c3c668a28143a3ffe6a574ade98,11,2026-10-06T20:15:08.398084+00:00
15,2,2,536,sram1_wr_tran_req_stalled,True,,True,False,1,False,rc_zero;required_flags_ok;golden_ok,3875,1,9,"error: Nack('NACK 11 (cmd 0x40, state RESULT_READY)')",FTDI-00FT46259002B,FI101-r1p0 (109762 v0100),0x504d4558,owner-verbal-2026-09-23,2d1a24adfaf245d8b75a0f6965811af86730e926a411ee3ee14bf813fba804eb,9437774a3d9c63cd86e936f1c57c8a9bd7c5efe8070a4c273ca5c2424120c280,81d37a219a6b4141d0b433796711ab8af2ee2c3c668a28143a3ffe6a574ade98,11,2026-10-06T20:15:08.398084+00:00
15,2,3,537,sram1_wr_data_beat_stalled,True,,True,False,1,False,rc_zero;required_flags_ok;golden_ok,3875,1,9,"error: Nack('NACK 11 (cmd 0x40, state RESULT_READY)')",FTDI-00FT46259002B,FI101-r1p0 (109762 v0100),0x504d4558,owner-verbal-2026-09-23,2d1a24adfaf245d8b75a0f6965811af86730e926a411ee3ee14bf813fba804eb,9437774a3d9c63cd86e936f1c57c8a9bd7c5efe8070a4c273ca5c2424120c280,81d37a219a6b4141d0b433796711ab8af2ee2c3c668a28143a3ffe6a574ade98,11,2026-10-06T20:15:08.398084+00:00
15,2,4,540,sram1_enabled_cycles,True,,True,False,1,False,rc_zero;required_flags_ok;golden_ok,3875,1,9,"error: Nack('NACK 11 (cmd 0x40, state RESULT_READY)')",FTDI-00FT46259002B,FI101-r1p0 (109762 v0100),0x504d4558,owner-verbal-2026-09-23,2d1a24adfaf245d8b75a0f6965811af86730e926a411ee3ee14bf813fba804eb,9437774a3d9c63cd86e936f1c57c8a9bd7c5efe8070a4c273ca5c2424120c280,81d37a219a6b4141d0b433796711ab8af2ee2c3c668a28143a3ffe6a574ade98,11,2026-10-06T20:15:08.398084+00:00
15,2,5,542,sram1_rd_stall_limit,True,,True,False,1,False,rc_zero;required_flags_ok;golden_ok,3875,1,9,"error: Nack('NACK 11 (cmd 0x40, state RESULT_READY)')",FTDI-00FT46259002B,FI101-r1p0 (109762 v0100),0x504d4558,owner-verbal-2026-09-23,2d1a24adfaf245d8b75a0f6965811af86730e926a411ee3ee14bf813fba804eb,9437774a3d9c63cd86e936f1c57c8a9bd7c5efe8070a4c273ca5c2424120c280,81d37a219a6b4141d0b433796711ab8af2ee2c3c668a28143a3ffe6a574ade98,11,2026-10-06T20:15:08.398084+00:00
15,2,6,543,sram1_wr_stall_limit,True,,True,False,1,False,rc_zero;required_flags_ok;golden_ok,3875,1,9,"error: Nack('NACK 11 (cmd 0x40, state RESULT_READY)')",FTDI-00FT46259002B,FI101-r1p0 (109762 v0100),0x504d4558,owner-verbal-2026-09-23,2d1a24adfaf245d8b75a0f6965811af86730e926a411ee3ee14bf813fba804eb,9437774a3d9c63cd86e936f1c57c8a9bd7c5efe8070a4c273ca5c2424120c280,81d37a219a6b4141d0b433796711ab8af2ee2c3c668a28143a3ffe6a574ade98,11,2026-10-06T20:15:08.398084+00:00
15,2,7,544,sram2_rd_trans_accepted,True,,True,False,1,False,rc_zero;required_flags_ok;golden_ok,3875,1,9,"error: Nack('NACK 11 (cmd 0x40, state RESULT_READY)')",FTDI-00FT46259002B,FI101-r1p0 (109762 v0100),0x504d4558,owner-verbal-2026-09-23,2d1a24adfaf245d8b75a0f6965811af86730e926a411ee3ee14bf813fba804eb,9437774a3d9c63cd86e936f1c57c8a9bd7c5efe8070a4c273ca5c2424120c280,81d37a219a6b4141d0b433796711ab8af2ee2c3c668a28143a3ffe6a574ade98,11,2026-10-06T20:15:08.398084+00:00
15,3,0,534,sram1_wr_trans_completed_s,False,,True,False,1,False,rc_zero;required_flags_ok;golden_ok,7893,1,9,"error: Nack('NACK 11 (cmd 0x40, state RESULT_READY)')",FTDI-00FT46259002B,FI101-r1p0 (109762 v0100),0x504d4558,owner-verbal-2026-09-23,2d1a24adfaf245d8b75a0f6965811af86730e926a411ee3ee14bf813fba804eb,9437774a3d9c63cd86e936f1c57c8a9bd7c5efe8070a4c273ca5c2424120c280,81d37a219a6b4141d0b433796711ab8af2ee2c3c668a28143a3ffe6a574ade98,11,2026-10-06T20:15:08.398084+00:00
15,3,1,535,sram1_wr_data_beat_written,True,,True,False,1,False,rc_zero;required_flags_ok;golden_ok,7893,1,9,"error: Nack('NACK 11 (cmd 0x40, state RESULT_READY)')",FTDI-00FT46259002B,FI101-r1p0 (109762 v0100),0x504d4558,owner-verbal-2026-09-23,2d1a24adfaf245d8b75a0f6965811af86730e926a411ee3ee14bf813fba804eb,9437774a3d9c63cd86e936f1c57c8a9bd7c5efe8070a4c273ca5c2424120c280,81d37a219a6b4141d0b433796711ab8af2ee2c3c668a28143a3ffe6a574ade98,11,2026-10-06T20:15:08.398084+00:00
15,3,2,536,sram1_wr_tran_req_stalled,True,,True,False,1,False,rc_zero;required_flags_ok;golden_ok,7893,1,9,"error: Nack('NACK 11 (cmd 0x40, state RESULT_READY)')",FTDI-00FT46259002B,FI101-r1p0 (109762 v0100),0x504d4558,owner-verbal-2026-09-23,2d1a24adfaf245d8b75a0f6965811af86730e926a411ee3ee14bf813fba804eb,9437774a3d9c63cd86e936f1c57c8a9bd7c5efe8070a4c273ca5c2424120c280,81d37a219a6b4141d0b433796711ab8af2ee2c3c668a28143a3ffe6a574ade98,11,2026-10-06T20:15:08.398084+00:00
15,3,3,537,sram1_wr_data_beat_stalled,True,,True,False,1,False,rc_zero;required_flags_ok;golden_ok,7893,1,9,"error: Nack('NACK 11 (cmd 0x40, state RESULT_READY)')",FTDI-00FT46259002B,FI101-r1p0 (109762 v0100),0x504d4558,owner-verbal-2026-09-23,2d1a24adfaf245d8b75a0f6965811af86730e926a411ee3ee14bf813fba804eb,9437774a3d9c63cd86e936f1c57c8a9bd7c5efe8070a4c273ca5c2424120c280,81d37a219a6b4141d0b433796711ab8af2ee2c3c668a28143a3ffe6a574ade98,11,2026-10-06T20:15:08.398084+00:00
15,3,4,540,sram1_enabled_cycles,True,,True,False,1,False,rc_zero;required_flags_ok;golden_ok,7893,1,9,"error: Nack('NACK 11 (cmd 0x40, state RESULT_READY)')",FTDI-00FT46259002B,FI101-r1p0 (109762 v0100),0x504d4558,owner-verbal-2026-09-23,2d1a24adfaf245d8b75a0f6965811af86730e926a411ee3ee14bf813fba804eb,9437774a3d9c63cd86e936f1c57c8a9bd7c5efe8070a4c273ca5c2424120c280,81d37a219a6b4141d0b433796711ab8af2ee2c3c668a28143a3ffe6a574ade98,11,2026-10-06T20:15:08.398084+00:00
15,3,5,542,sram1_rd_stall_limit,True,,True,False,1,False,rc_zero;required_flags_ok;golden_ok,7893,1,9,"error: Nack('NACK 11 (cmd 0x40, state RESULT_READY)')",FTDI-00FT46259002B,FI101-r1p0 (109762 v0100),0x504d4558,owner-verbal-2026-09-23,2d1a24adfaf245d8b75a0f6965811af86730e926a411ee3ee14bf813fba804eb,9437774a3d9c63cd86e936f1c57c8a9bd7c5efe8070a4c273ca5c2424120c280,81d37a219a6b4141d0b433796711ab8af2ee2c3c668a28143a3ffe6a574ade98,11,2026-10-06T20:15:08.398084+00:00
15,3,6,543,sram1_wr_stall_limit,True,,True,False,1,False,rc_zero;required_flags_ok;golden_ok,7893,1,9,"error: Nack('NACK 11 (cmd 0x40, state RESULT_READY)')",FTDI-00FT46259002B,FI101-r1p0 (109762 v0100),0x504d4558,owner-verbal-2026-09-23,2d1a24adfaf245d8b75a0f6965811af86730e926a411ee3ee14bf813fba804eb,9437774a3d9c63cd86e936f1c57c8a9bd7c5efe8070a4c273ca5c2424120c280,81d37a219a6b4141d0b433796711ab8af2ee2c3c668a28143a3ffe6a574ade98,11,2026-10-06T20:15:08.398084+00:00
15,3,7,544,sram2_rd_trans_accepted,True,,True,False,1,False,rc_zero;required_flags_ok;golden_ok,7893,1,9,"error: Nack('NACK 11 (cmd 0x40, state RESULT_READY)')",FTDI-00FT46259002B,FI101-r1p0 (109762 v0100),0x504d4558,owner-verbal-2026-09-23,2d1a24adfaf245d8b75a0f6965811af86730e926a411ee3ee14bf813fba804eb,9437774a3d9c63cd86e936f1c57c8a9bd7c5efe8070a4c273ca5c2424120c280,81d37a219a6b4141d0b433796711ab8af2ee2c3c668a28143a3ffe6a574ade98,11,2026-10-06T20:15:08.398084+00:00
16,1,0,545,sram2_rd_trans_completed,True,,True,False,1,False,rc_zero;required_flags_ok;golden_ok,7887,1,9,"error: Nack('NACK 11 (cmd 0x40, state RESULT_READY)')",FTDI-00FT46259002B,FI101-r1p0 (109762 v0100),0x504d4558,owner-verbal-2026-09-23,2d1a24adfaf245d8b75a0f6965811af86730e926a411ee3ee14bf813fba804eb,9437774a3d9c63cd86e936f1c57c8a9bd7c5efe8070a4c273ca5c2424120c280,81d37a219a6b4141d0b433796711ab8af2ee2c3c668a28143a3ffe6a574ade98,11,2026-10-06T20:15:08.398084+00:00
16,1,1,546,sram2_rd_data_beat_received,True,,True,False,1,False,rc_zero;required_flags_ok;golden_ok,7887,1,9,"error: Nack('NACK 11 (cmd 0x40, state RESULT_READY)')",FTDI-00FT46259002B,FI101-r1p0 (109762 v0100),0x504d4558,owner-verbal-2026-09-23,2d1a24adfaf245d8b75a0f6965811af86730e926a411ee3ee14bf813fba804eb,9437774a3d9c63cd86e936f1c57c8a9bd7c5efe8070a4c273ca5c2424120c280,81d37a219a6b4141d0b433796711ab8af2ee2c3c668a28143a3ffe6a574ade98,11,2026-10-06T20:15:08.398084+00:00
16,1,2,547,sram2_rd_tran_req_stalled,True,,True,False,1,False,rc_zero;required_flags_ok;golden_ok,7887,1,9,"error: Nack('NACK 11 (cmd 0x40, state RESULT_READY)')",FTDI-00FT46259002B,FI101-r1p0 (109762 v0100),0x504d4558,owner-verbal-2026-09-23,2d1a24adfaf245d8b75a0f6965811af86730e926a411ee3ee14bf813fba804eb,9437774a3d9c63cd86e936f1c57c8a9bd7c5efe8070a4c273ca5c2424120c280,81d37a219a6b4141d0b433796711ab8af2ee2c3c668a28143a3ffe6a574ade98,11,2026-10-06T20:15:08.398084+00:00
16,1,3,548,sram2_wr_trans_accepted,True,,True,False,1,False,rc_zero;required_flags_ok;golden_ok,7887,1,9,"error: Nack('NACK 11 (cmd 0x40, state RESULT_READY)')",FTDI-00FT46259002B,FI101-r1p0 (109762 v0100),0x504d4558,owner-verbal-2026-09-23,2d1a24adfaf245d8b75a0f6965811af86730e926a411ee3ee14bf813fba804eb,9437774a3d9c63cd86e936f1c57c8a9bd7c5efe8070a4c273ca5c2424120c280,81d37a219a6b4141d0b433796711ab8af2ee2c3c668a28143a3ffe6a574ade98,11,2026-10-06T20:15:08.398084+00:00
16,1,4,549,sram2_wr_trans_completed_m,False,,True,False,1,False,rc_zero;required_flags_ok;golden_ok,7887,1,9,"error: Nack('NACK 11 (cmd 0x40, state RESULT_READY)')",FTDI-00FT46259002B,FI101-r1p0 (109762 v0100),0x504d4558,owner-verbal-2026-09-23,2d1a24adfaf245d8b75a0f6965811af86730e926a411ee3ee14bf813fba804eb,9437774a3d9c63cd86e936f1c57c8a9bd7c5efe8070a4c273ca5c2424120c280,81d37a219a6b4141d0b433796711ab8af2ee2c3c668a28143a3ffe6a574ade98,11,2026-10-06T20:15:08.398084+00:00
16,1,5,550,sram2_wr_trans_completed_s,False,,True,False,1,False,rc_zero;required_flags_ok;golden_ok,7887,1,9,"error: Nack('NACK 11 (cmd 0x40, state RESULT_READY)')",FTDI-00FT46259002B,FI101-r1p0 (109762 v0100),0x504d4558,owner-verbal-2026-09-23,2d1a24adfaf245d8b75a0f6965811af86730e926a411ee3ee14bf813fba804eb,9437774a3d9c63cd86e936f1c57c8a9bd7c5efe8070a4c273ca5c2424120c280,81d37a219a6b4141d0b433796711ab8af2ee2c3c668a28143a3ffe6a574ade98,11,2026-10-06T20:15:08.398084+00:00
16,1,6,551,sram2_wr_data_beat_written,True,,True,False,1,False,rc_zero;required_flags_ok;golden_ok,7887,1,9,"error: Nack('NACK 11 (cmd 0x40, state RESULT_READY)')",FTDI-00FT46259002B,FI101-r1p0 (109762 v0100),0x504d4558,owner-verbal-2026-09-23,2d1a24adfaf245d8b75a0f6965811af86730e926a411ee3ee14bf813fba804eb,9437774a3d9c63cd86e936f1c57c8a9bd7c5efe8070a4c273ca5c2424120c280,81d37a219a6b4141d0b433796711ab8af2ee2c3c668a28143a3ffe6a574ade98,11,2026-10-06T20:15:08.398084+00:00
16,1,7,552,sram2_wr_tran_req_stalled,True,,True,False,1,False,rc_zero;required_flags_ok;golden_ok,7887,1,9,"error: Nack('NACK 11 (cmd 0x40, state RESULT_READY)')",FTDI-00FT46259002B,FI101-r1p0 (109762 v0100),0x504d4558,owner-verbal-2026-09-23,2d1a24adfaf245d8b75a0f6965811af86730e926a411ee3ee14bf813fba804eb,9437774a3d9c63cd86e936f1c57c8a9bd7c5efe8070a4c273ca5c2424120c280,81d37a219a6b4141d0b433796711ab8af2ee2c3c668a28143a3ffe6a574ade98,11,2026-10-06T20:15:08.398084+00:00
16,2,0,545,sram2_rd_trans_completed,True,,True,False,1,False,rc_zero;required_flags_ok;golden_ok,7962,1,9,"error: Nack('NACK 11 (cmd 0x40, state RESULT_READY)')",FTDI-00FT46259002B,FI101-r1p0 (109762 v0100),0x504d4558,owner-verbal-2026-09-23,2d1a24adfaf245d8b75a0f6965811af86730e926a411ee3ee14bf813fba804eb,9437774a3d9c63cd86e936f1c57c8a9bd7c5efe8070a4c273ca5c2424120c280,81d37a219a6b4141d0b433796711ab8af2ee2c3c668a28143a3ffe6a574ade98,11,2026-10-06T20:15:08.398084+00:00
16,2,1,546,sram2_rd_data_beat_received,True,,True,False,1,False,rc_zero;required_flags_ok;golden_ok,7962,1,9,"error: Nack('NACK 11 (cmd 0x40, state RESULT_READY)')",FTDI-00FT46259002B,FI101-r1p0 (109762 v0100),0x504d4558,owner-verbal-2026-09-23,2d1a24adfaf245d8b75a0f6965811af86730e926a411ee3ee14bf813fba804eb,9437774a3d9c63cd86e936f1c57c8a9bd7c5efe8070a4c273ca5c2424120c280,81d37a219a6b4141d0b433796711ab8af2ee2c3c668a28143a3ffe6a574ade98,11,2026-10-06T20:15:08.398084+00:00
16,2,2,547,sram2_rd_tran_req_stalled,True,,True,False,1,False,rc_zero;required_flags_ok;golden_ok,7962,1,9,"error: Nack('NACK 11 (cmd 0x40, state RESULT_READY)')",FTDI-00FT46259002B,FI101-r1p0 (109762 v0100),0x504d4558,owner-verbal-2026-09-23,2d1a24adfaf245d8b75a0f6965811af86730e926a411ee3ee14bf813fba804eb,9437774a3d9c63cd86e936f1c57c8a9bd7c5efe8070a4c273ca5c2424120c280,81d37a219a6b4141d0b433796711ab8af2ee2c3c668a28143a3ffe6a574ade98,11,2026-10-06T20:15:08.398084+00:00
16,2,3,548,sram2_wr_trans_accepted,True,,True,False,1,False,rc_zero;required_flags_ok;golden_ok,7962,1,9,"error: Nack('NACK 11 (cmd 0x40, state RESULT_READY)')",FTDI-00FT46259002B,FI101-r1p0 (109762 v0100),0x504d4558,owner-verbal-2026-09-23,2d1a24adfaf245d8b75a0f6965811af86730e926a411ee3ee14bf813fba804eb,9437774a3d9c63cd86e936f1c57c8a9bd7c5efe8070a4c273ca5c2424120c280,81d37a219a6b4141d0b433796711ab8af2ee2c3c668a28143a3ffe6a574ade98,11,2026-10-06T20:15:08.398084+00:00
16,2,4,549,sram2_wr_trans_completed_m,False,,True,False,1,False,rc_zero;required_flags_ok;golden_ok,7962,1,9,"error: Nack('NACK 11 (cmd 0x40, state RESULT_READY)')",FTDI-00FT46259002B,FI101-r1p0 (109762 v0100),0x504d4558,owner-verbal-2026-09-23,2d1a24adfaf245d8b75a0f6965811af86730e926a411ee3ee14bf813fba804eb,9437774a3d9c63cd86e936f1c57c8a9bd7c5efe8070a4c273ca5c2424120c280,81d37a219a6b4141d0b433796711ab8af2ee2c3c668a28143a3ffe6a574ade98,11,2026-10-06T20:15:08.398084+00:00
16,2,5,550,sram2_wr_trans_completed_s,False,,True,False,1,False,rc_zero;required_flags_ok;golden_ok,7962,1,9,"error: Nack('NACK 11 (cmd 0x40, state RESULT_READY)')",FTDI-00FT46259002B,FI101-r1p0 (109762 v0100),0x504d4558,owner-verbal-2026-09-23,2d1a24adfaf245d8b75a0f6965811af86730e926a411ee3ee14bf813fba804eb,9437774a3d9c63cd86e936f1c57c8a9bd7c5efe8070a4c273ca5c2424120c280,81d37a219a6b4141d0b433796711ab8af2ee2c3c668a28143a3ffe6a574ade98,11,2026-10-06T20:15:08.398084+00:00
16,2,6,551,sram2_wr_data_beat_written,True,,True,False,1,False,rc_zero;required_flags_ok;golden_ok,7962,1,9,"error: Nack('NACK 11 (cmd 0x40, state RESULT_READY)')",FTDI-00FT46259002B,FI101-r1p0 (109762 v0100),0x504d4558,owner-verbal-2026-09-23,2d1a24adfaf245d8b75a0f6965811af86730e926a411ee3ee14bf813fba804eb,9437774a3d9c63cd86e936f1c57c8a9bd7c5efe8070a4c273ca5c2424120c280,81d37a219a6b4141d0b433796711ab8af2ee2c3c668a28143a3ffe6a574ade98,11,2026-10-06T20:15:08.398084+00:00
16,2,7,552,sram2_wr_tran_req_stalled,True,,True,False,1,False,rc_zero;required_flags_ok;golden_ok,7962,1,9,"error: Nack('NACK 11 (cmd 0x40, state RESULT_READY)')",FTDI-00FT46259002B,FI101-r1p0 (109762 v0100),0x504d4558,owner-verbal-2026-09-23,2d1a24adfaf245d8b75a0f6965811af86730e926a411ee3ee14bf813fba804eb,9437774a3d9c63cd86e936f1c57c8a9bd7c5efe8070a4c273ca5c2424120c280,81d37a219a6b4141d0b433796711ab8af2ee2c3c668a28143a3ffe6a574ade98,11,2026-10-06T20:15:08.398084+00:00
16,3,0,545,sram2_rd_trans_completed,True,,True,False,1,False,rc_zero;required_flags_ok;golden_ok,3875,1,9,"error: Nack('NACK 11 (cmd 0x40, state RESULT_READY)')",FTDI-00FT46259002B,FI101-r1p0 (109762 v0100),0x504d4558,owner-verbal-2026-09-23,2d1a24adfaf245d8b75a0f6965811af86730e926a411ee3ee14bf813fba804eb,9437774a3d9c63cd86e936f1c57c8a9bd7c5efe8070a4c273ca5c2424120c280,81d37a219a6b4141d0b433796711ab8af2ee2c3c668a28143a3ffe6a574ade98,11,2026-10-06T20:15:08.398084+00:00
16,3,1,546,sram2_rd_data_beat_received,True,,True,False,1,False,rc_zero;required_flags_ok;golden_ok,3875,1,9,"error: Nack('NACK 11 (cmd 0x40, state RESULT_READY)')",FTDI-00FT46259002B,FI101-r1p0 (109762 v0100),0x504d4558,owner-verbal-2026-09-23,2d1a24adfaf245d8b75a0f6965811af86730e926a411ee3ee14bf813fba804eb,9437774a3d9c63cd86e936f1c57c8a9bd7c5efe8070a4c273ca5c2424120c280,81d37a219a6b4141d0b433796711ab8af2ee2c3c668a28143a3ffe6a574ade98,11,2026-10-06T20:15:08.398084+00:00
16,3,2,547,sram2_rd_tran_req_stalled,True,,True,False,1,False,rc_zero;required_flags_ok;golden_ok,3875,1,9,"error: Nack('NACK 11 (cmd 0x40, state RESULT_READY)')",FTDI-00FT46259002B,FI101-r1p0 (109762 v0100),0x504d4558,owner-verbal-2026-09-23,2d1a24adfaf245d8b75a0f6965811af86730e926a411ee3ee14bf813fba804eb,9437774a3d9c63cd86e936f1c57c8a9bd7c5efe8070a4c273ca5c2424120c280,81d37a219a6b4141d0b433796711ab8af2ee2c3c668a28143a3ffe6a574ade98,11,2026-10-06T20:15:08.398084+00:00
16,3,3,548,sram2_wr_trans_accepted,True,,True,False,1,False,rc_zero;required_flags_ok;golden_ok,3875,1,9,"error: Nack('NACK 11 (cmd 0x40, state RESULT_READY)')",FTDI-00FT46259002B,FI101-r1p0 (109762 v0100),0x504d4558,owner-verbal-2026-09-23,2d1a24adfaf245d8b75a0f6965811af86730e926a411ee3ee14bf813fba804eb,9437774a3d9c63cd86e936f1c57c8a9bd7c5efe8070a4c273ca5c2424120c280,81d37a219a6b4141d0b433796711ab8af2ee2c3c668a28143a3ffe6a574ade98,11,2026-10-06T20:15:08.398084+00:00
16,3,4,549,sram2_wr_trans_completed_m,False,,True,False,1,False,rc_zero;required_flags_ok;golden_ok,3875,1,9,"error: Nack('NACK 11 (cmd 0x40, state RESULT_READY)')",FTDI-00FT46259002B,FI101-r1p0 (109762 v0100),0x504d4558,owner-verbal-2026-09-23,2d1a24adfaf245d8b75a0f6965811af86730e926a411ee3ee14bf813fba804eb,9437774a3d9c63cd86e936f1c57c8a9bd7c5efe8070a4c273ca5c2424120c280,81d37a219a6b4141d0b433796711ab8af2ee2c3c668a28143a3ffe6a574ade98,11,2026-10-06T20:15:08.398084+00:00
16,3,5,550,sram2_wr_trans_completed_s,False,,True,False,1,False,rc_zero;required_flags_ok;golden_ok,3875,1,9,"error: Nack('NACK 11 (cmd 0x40, state RESULT_READY)')",FTDI-00FT46259002B,FI101-r1p0 (109762 v0100),0x504d4558,owner-verbal-2026-09-23,2d1a24adfaf245d8b75a0f6965811af86730e926a411ee3ee14bf813fba804eb,9437774a3d9c63cd86e936f1c57c8a9bd7c5efe8070a4c273ca5c2424120c280,81d37a219a6b4141d0b433796711ab8af2ee2c3c668a28143a3ffe6a574ade98,11,2026-10-06T20:15:08.398084+00:00
16,3,6,551,sram2_wr_data_beat_written,True,,True,False,1,False,rc_zero;required_flags_ok;golden_ok,3875,1,9,"error: Nack('NACK 11 (cmd 0x40, state RESULT_READY)')",FTDI-00FT46259002B,FI101-r1p0 (109762 v0100),0x504d4558,owner-verbal-2026-09-23,2d1a24adfaf245d8b75a0f6965811af86730e926a411ee3ee14bf813fba804eb,9437774a3d9c63cd86e936f1c57c8a9bd7c5efe8070a4c273ca5c2424120c280,81d37a219a6b4141d0b433796711ab8af2ee2c3c668a28143a3ffe6a574ade98,11,2026-10-06T20:15:08.398084+00:00
16,3,7,552,sram2_wr_tran_req_stalled,True,,True,False,1,False,rc_zero;required_flags_ok;golden_ok,3875,1,9,"error: Nack('NACK 11 (cmd 0x40, state RESULT_READY)')",FTDI-00FT46259002B,FI101-r1p0 (109762 v0100),0x504d4558,owner-verbal-2026-09-23,2d1a24adfaf245d8b75a0f6965811af86730e926a411ee3ee14bf813fba804eb,9437774a3d9c63cd86e936f1c57c8a9bd7c5efe8070a4c273ca5c2424120c280,81d37a219a6b4141d0b433796711ab8af2ee2c3c668a28143a3ffe6a574ade98,11,2026-10-06T20:15:08.398084+00:00
17,1,0,553,sram2_wr_data_beat_stalled,True,,True,False,1,False,rc_zero;required_flags_ok;golden_ok,7716,1,9,"error: Nack('NACK 11 (cmd 0x40, state RESULT_READY)')",FTDI-00FT46259002B,FI101-r1p0 (109762 v0100),0x504d4558,owner-verbal-2026-09-23,2d1a24adfaf245d8b75a0f6965811af86730e926a411ee3ee14bf813fba804eb,9437774a3d9c63cd86e936f1c57c8a9bd7c5efe8070a4c273ca5c2424120c280,81d37a219a6b4141d0b433796711ab8af2ee2c3c668a28143a3ffe6a574ade98,11,2026-10-06T20:15:08.398084+00:00
17,1,1,556,sram2_enabled_cycles,True,,True,False,1,False,rc_zero;required_flags_ok;golden_ok,7716,1,9,"error: Nack('NACK 11 (cmd 0x40, state RESULT_READY)')",FTDI-00FT46259002B,FI101-r1p0 (109762 v0100),0x504d4558,owner-verbal-2026-09-23,2d1a24adfaf245d8b75a0f6965811af86730e926a411ee3ee14bf813fba804eb,9437774a3d9c63cd86e936f1c57c8a9bd7c5efe8070a4c273ca5c2424120c280,81d37a219a6b4141d0b433796711ab8af2ee2c3c668a28143a3ffe6a574ade98,11,2026-10-06T20:15:08.398084+00:00
17,1,2,558,sram2_rd_stall_limit,True,,True,False,1,False,rc_zero;required_flags_ok;golden_ok,7716,1,9,"error: Nack('NACK 11 (cmd 0x40, state RESULT_READY)')",FTDI-00FT46259002B,FI101-r1p0 (109762 v0100),0x504d4558,owner-verbal-2026-09-23,2d1a24adfaf245d8b75a0f6965811af86730e926a411ee3ee14bf813fba804eb,9437774a3d9c63cd86e936f1c57c8a9bd7c5efe8070a4c273ca5c2424120c280,81d37a219a6b4141d0b433796711ab8af2ee2c3c668a28143a3ffe6a574ade98,11,2026-10-06T20:15:08.398084+00:00
17,1,3,559,sram2_wr_stall_limit,True,,True,False,1,False,rc_zero;required_flags_ok;golden_ok,7716,1,9,"error: Nack('NACK 11 (cmd 0x40, state RESULT_READY)')",FTDI-00FT46259002B,FI101-r1p0 (109762 v0100),0x504d4558,owner-verbal-2026-09-23,2d1a24adfaf245d8b75a0f6965811af86730e926a411ee3ee14bf813fba804eb,9437774a3d9c63cd86e936f1c57c8a9bd7c5efe8070a4c273ca5c2424120c280,81d37a219a6b4141d0b433796711ab8af2ee2c3c668a28143a3ffe6a574ade98,11,2026-10-06T20:15:08.398084+00:00
17,1,4,560,sram3_rd_trans_accepted,True,,True,False,1,False,rc_zero;required_flags_ok;golden_ok,7716,1,9,"error: Nack('NACK 11 (cmd 0x40, state RESULT_READY)')",FTDI-00FT46259002B,FI101-r1p0 (109762 v0100),0x504d4558,owner-verbal-2026-09-23,2d1a24adfaf245d8b75a0f6965811af86730e926a411ee3ee14bf813fba804eb,9437774a3d9c63cd86e936f1c57c8a9bd7c5efe8070a4c273ca5c2424120c280,81d37a219a6b4141d0b433796711ab8af2ee2c3c668a28143a3ffe6a574ade98,11,2026-10-06T20:15:08.398084+00:00
17,1,5,561,sram3_rd_trans_completed,True,,True,False,1,False,rc_zero;required_flags_ok;golden_ok,7716,1,9,"error: Nack('NACK 11 (cmd 0x40, state RESULT_READY)')",FTDI-00FT46259002B,FI101-r1p0 (109762 v0100),0x504d4558,owner-verbal-2026-09-23,2d1a24adfaf245d8b75a0f6965811af86730e926a411ee3ee14bf813fba804eb,9437774a3d9c63cd86e936f1c57c8a9bd7c5efe8070a4c273ca5c2424120c280,81d37a219a6b4141d0b433796711ab8af2ee2c3c668a28143a3ffe6a574ade98,11,2026-10-06T20:15:08.398084+00:00
17,1,6,562,sram3_rd_data_beat_received,True,,True,False,1,False,rc_zero;required_flags_ok;golden_ok,7716,1,9,"error: Nack('NACK 11 (cmd 0x40, state RESULT_READY)')",FTDI-00FT46259002B,FI101-r1p0 (109762 v0100),0x504d4558,owner-verbal-2026-09-23,2d1a24adfaf245d8b75a0f6965811af86730e926a411ee3ee14bf813fba804eb,9437774a3d9c63cd86e936f1c57c8a9bd7c5efe8070a4c273ca5c2424120c280,81d37a219a6b4141d0b433796711ab8af2ee2c3c668a28143a3ffe6a574ade98,11,2026-10-06T20:15:08.398084+00:00
17,1,7,563,sram3_rd_tran_req_stalled,True,,True,False,1,False,rc_zero;required_flags_ok;golden_ok,7716,1,9,"error: Nack('NACK 11 (cmd 0x40, state RESULT_READY)')",FTDI-00FT46259002B,FI101-r1p0 (109762 v0100),0x504d4558,owner-verbal-2026-09-23,2d1a24adfaf245d8b75a0f6965811af86730e926a411ee3ee14bf813fba804eb,9437774a3d9c63cd86e936f1c57c8a9bd7c5efe8070a4c273ca5c2424120c280,81d37a219a6b4141d0b433796711ab8af2ee2c3c668a28143a3ffe6a574ade98,11,2026-10-06T20:15:08.398084+00:00
17,2,0,553,sram2_wr_data_beat_stalled,True,,True,False,1,False,rc_zero;required_flags_ok;golden_ok,4109,1,9,"error: Nack('NACK 11 (cmd 0x40, state RESULT_READY)')",FTDI-00FT46259002B,FI101-r1p0 (109762 v0100),0x504d4558,owner-verbal-2026-09-23,2d1a24adfaf245d8b75a0f6965811af86730e926a411ee3ee14bf813fba804eb,9437774a3d9c63cd86e936f1c57c8a9bd7c5efe8070a4c273ca5c2424120c280,81d37a219a6b4141d0b433796711ab8af2ee2c3c668a28143a3ffe6a574ade98,11,2026-10-06T20:15:08.398084+00:00
17,2,1,556,sram2_enabled_cycles,True,,True,False,1,False,rc_zero;required_flags_ok;golden_ok,4109,1,9,"error: Nack('NACK 11 (cmd 0x40, state RESULT_READY)')",FTDI-00FT46259002B,FI101-r1p0 (109762 v0100),0x504d4558,owner-verbal-2026-09-23,2d1a24adfaf245d8b75a0f6965811af86730e926a411ee3ee14bf813fba804eb,9437774a3d9c63cd86e936f1c57c8a9bd7c5efe8070a4c273ca5c2424120c280,81d37a219a6b4141d0b433796711ab8af2ee2c3c668a28143a3ffe6a574ade98,11,2026-10-06T20:15:08.398084+00:00
17,2,2,558,sram2_rd_stall_limit,True,,True,False,1,False,rc_zero;required_flags_ok;golden_ok,4109,1,9,"error: Nack('NACK 11 (cmd 0x40, state RESULT_READY)')",FTDI-00FT46259002B,FI101-r1p0 (109762 v0100),0x504d4558,owner-verbal-2026-09-23,2d1a24adfaf245d8b75a0f6965811af86730e926a411ee3ee14bf813fba804eb,9437774a3d9c63cd86e936f1c57c8a9bd7c5efe8070a4c273ca5c2424120c280,81d37a219a6b4141d0b433796711ab8af2ee2c3c668a28143a3ffe6a574ade98,11,2026-10-06T20:15:08.398084+00:00
17,2,3,559,sram2_wr_stall_limit,True,,True,False,1,False,rc_zero;required_flags_ok;golden_ok,4109,1,9,"error: Nack('NACK 11 (cmd 0x40, state RESULT_READY)')",FTDI-00FT46259002B,FI101-r1p0 (109762 v0100),0x504d4558,owner-verbal-2026-09-23,2d1a24adfaf245d8b75a0f6965811af86730e926a411ee3ee14bf813fba804eb,9437774a3d9c63cd86e936f1c57c8a9bd7c5efe8070a4c273ca5c2424120c280,81d37a219a6b4141d0b433796711ab8af2ee2c3c668a28143a3ffe6a574ade98,11,2026-10-06T20:15:08.398084+00:00
17,2,4,560,sram3_rd_trans_accepted,True,,True,False,1,False,rc_zero;required_flags_ok;golden_ok,4109,1,9,"error: Nack('NACK 11 (cmd 0x40, state RESULT_READY)')",FTDI-00FT46259002B,FI101-r1p0 (109762 v0100),0x504d4558,owner-verbal-2026-09-23,2d1a24adfaf245d8b75a0f6965811af86730e926a411ee3ee14bf813fba804eb,9437774a3d9c63cd86e936f1c57c8a9bd7c5efe8070a4c273ca5c2424120c280,81d37a219a6b4141d0b433796711ab8af2ee2c3c668a28143a3ffe6a574ade98,11,2026-10-06T20:15:08.398084+00:00
17,2,5,561,sram3_rd_trans_completed,True,,True,False,1,False,rc_zero;required_flags_ok;golden_ok,4109,1,9,"error: Nack('NACK 11 (cmd 0x40, state RESULT_READY)')",FTDI-00FT46259002B,FI101-r1p0 (109762 v0100),0x504d4558,owner-verbal-2026-09-23,2d1a24adfaf245d8b75a0f6965811af86730e926a411ee3ee14bf813fba804eb,9437774a3d9c63cd86e936f1c57c8a9bd7c5efe8070a4c273ca5c2424120c280,81d37a219a6b4141d0b433796711ab8af2ee2c3c668a28143a3ffe6a574ade98,11,2026-10-06T20:15:08.398084+00:00
17,2,6,562,sram3_rd_data_beat_received,True,,True,False,1,False,rc_zero;required_flags_ok;golden_ok,4109,1,9,"error: Nack('NACK 11 (cmd 0x40, state RESULT_READY)')",FTDI-00FT46259002B,FI101-r1p0 (109762 v0100),0x504d4558,owner-verbal-2026-09-23,2d1a24adfaf245d8b75a0f6965811af86730e926a411ee3ee14bf813fba804eb,9437774a3d9c63cd86e936f1c57c8a9bd7c5efe8070a4c273ca5c2424120c280,81d37a219a6b4141d0b433796711ab8af2ee2c3c668a28143a3ffe6a574ade98,11,2026-10-06T20:15:08.398084+00:00
17,2,7,563,sram3_rd_tran_req_stalled,True,,True,False,1,False,rc_zero;required_flags_ok;golden_ok,4109,1,9,"error: Nack('NACK 11 (cmd 0x40, state RESULT_READY)')",FTDI-00FT46259002B,FI101-r1p0 (109762 v0100),0x504d4558,owner-verbal-2026-09-23,2d1a24adfaf245d8b75a0f6965811af86730e926a411ee3ee14bf813fba804eb,9437774a3d9c63cd86e936f1c57c8a9bd7c5efe8070a4c273ca5c2424120c280,81d37a219a6b4141d0b433796711ab8af2ee2c3c668a28143a3ffe6a574ade98,11,2026-10-06T20:15:08.398084+00:00
17,3,0,553,sram2_wr_data_beat_stalled,True,,True,False,1,False,rc_zero;required_flags_ok;golden_ok,6411,1,9,"error: Nack('NACK 11 (cmd 0x40, state RESULT_READY)')",FTDI-00FT46259002B,FI101-r1p0 (109762 v0100),0x504d4558,owner-verbal-2026-09-23,2d1a24adfaf245d8b75a0f6965811af86730e926a411ee3ee14bf813fba804eb,9437774a3d9c63cd86e936f1c57c8a9bd7c5efe8070a4c273ca5c2424120c280,81d37a219a6b4141d0b433796711ab8af2ee2c3c668a28143a3ffe6a574ade98,11,2026-10-06T20:15:08.398084+00:00
17,3,1,556,sram2_enabled_cycles,True,,True,False,1,False,rc_zero;required_flags_ok;golden_ok,6411,1,9,"error: Nack('NACK 11 (cmd 0x40, state RESULT_READY)')",FTDI-00FT46259002B,FI101-r1p0 (109762 v0100),0x504d4558,owner-verbal-2026-09-23,2d1a24adfaf245d8b75a0f6965811af86730e926a411ee3ee14bf813fba804eb,9437774a3d9c63cd86e936f1c57c8a9bd7c5efe8070a4c273ca5c2424120c280,81d37a219a6b4141d0b433796711ab8af2ee2c3c668a28143a3ffe6a574ade98,11,2026-10-06T20:15:08.398084+00:00
17,3,2,558,sram2_rd_stall_limit,True,,True,False,1,False,rc_zero;required_flags_ok;golden_ok,6411,1,9,"error: Nack('NACK 11 (cmd 0x40, state RESULT_READY)')",FTDI-00FT46259002B,FI101-r1p0 (109762 v0100),0x504d4558,owner-verbal-2026-09-23,2d1a24adfaf245d8b75a0f6965811af86730e926a411ee3ee14bf813fba804eb,9437774a3d9c63cd86e936f1c57c8a9bd7c5efe8070a4c273ca5c2424120c280,81d37a219a6b4141d0b433796711ab8af2ee2c3c668a28143a3ffe6a574ade98,11,2026-10-06T20:15:08.398084+00:00
17,3,3,559,sram2_wr_stall_limit,True,,True,False,1,False,rc_zero;required_flags_ok;golden_ok,6411,1,9,"error: Nack('NACK 11 (cmd 0x40, state RESULT_READY)')",FTDI-00FT46259002B,FI101-r1p0 (109762 v0100),0x504d4558,owner-verbal-2026-09-23,2d1a24adfaf245d8b75a0f6965811af86730e926a411ee3ee14bf813fba804eb,9437774a3d9c63cd86e936f1c57c8a9bd7c5efe8070a4c273ca5c2424120c280,81d37a219a6b4141d0b433796711ab8af2ee2c3c668a28143a3ffe6a574ade98,11,2026-10-06T20:15:08.398084+00:00
17,3,4,560,sram3_rd_trans_accepted,True,,True,False,1,False,rc_zero;required_flags_ok;golden_ok,6411,1,9,"error: Nack('NACK 11 (cmd 0x40, state RESULT_READY)')",FTDI-00FT46259002B,FI101-r1p0 (109762 v0100),0x504d4558,owner-verbal-2026-09-23,2d1a24adfaf245d8b75a0f6965811af86730e926a411ee3ee14bf813fba804eb,9437774a3d9c63cd86e936f1c57c8a9bd7c5efe8070a4c273ca5c2424120c280,81d37a219a6b4141d0b433796711ab8af2ee2c3c668a28143a3ffe6a574ade98,11,2026-10-06T20:15:08.398084+00:00
17,3,5,561,sram3_rd_trans_completed,True,,True,False,1,False,rc_zero;required_flags_ok;golden_ok,6411,1,9,"error: Nack('NACK 11 (cmd 0x40, state RESULT_READY)')",FTDI-00FT46259002B,FI101-r1p0 (109762 v0100),0x504d4558,owner-verbal-2026-09-23,2d1a24adfaf245d8b75a0f6965811af86730e926a411ee3ee14bf813fba804eb,9437774a3d9c63cd86e936f1c57c8a9bd7c5efe8070a4c273ca5c2424120c280,81d37a219a6b4141d0b433796711ab8af2ee2c3c668a28143a3ffe6a574ade98,11,2026-10-06T20:15:08.398084+00:00
17,3,6,562,sram3_rd_data_beat_received,True,,True,False,1,False,rc_zero;required_flags_ok;golden_ok,6411,1,9,"error: Nack('NACK 11 (cmd 0x40, state RESULT_READY)')",FTDI-00FT46259002B,FI101-r1p0 (109762 v0100),0x504d4558,owner-verbal-2026-09-23,2d1a24adfaf245d8b75a0f6965811af86730e926a411ee3ee14bf813fba804eb,9437774a3d9c63cd86e936f1c57c8a9bd7c5efe8070a4c273ca5c2424120c280,81d37a219a6b4141d0b433796711ab8af2ee2c3c668a28143a3ffe6a574ade98,11,2026-10-06T20:15:08.398084+00:00
17,3,7,563,sram3_rd_tran_req_stalled,True,,True,False,1,False,rc_zero;required_flags_ok;golden_ok,6411,1,9,"error: Nack('NACK 11 (cmd 0x40, state RESULT_READY)')",FTDI-00FT46259002B,FI101-r1p0 (109762 v0100),0x504d4558,owner-verbal-2026-09-23,2d1a24adfaf245d8b75a0f6965811af86730e926a411ee3ee14bf813fba804eb,9437774a3d9c63cd86e936f1c57c8a9bd7c5efe8070a4c273ca5c2424120c280,81d37a219a6b4141d0b433796711ab8af2ee2c3c668a28143a3ffe6a574ade98,11,2026-10-06T20:15:08.398084+00:00
18,1,0,564,sram3_wr_trans_accepted,True,,True,False,1,False,rc_zero;required_flags_ok;golden_ok,3864,1,9,"error: Nack('NACK 11 (cmd 0x40, state RESULT_READY)')",FTDI-00FT46259002B,FI101-r1p0 (109762 v0100),0x504d4558,owner-verbal-2026-09-23,2d1a24adfaf245d8b75a0f6965811af86730e926a411ee3ee14bf813fba804eb,9437774a3d9c63cd86e936f1c57c8a9bd7c5efe8070a4c273ca5c2424120c280,81d37a219a6b4141d0b433796711ab8af2ee2c3c668a28143a3ffe6a574ade98,11,2026-10-06T20:15:08.398084+00:00
18,1,1,565,sram3_wr_trans_completed_m,False,,True,False,1,False,rc_zero;required_flags_ok;golden_ok,3864,1,9,"error: Nack('NACK 11 (cmd 0x40, state RESULT_READY)')",FTDI-00FT46259002B,FI101-r1p0 (109762 v0100),0x504d4558,owner-verbal-2026-09-23,2d1a24adfaf245d8b75a0f6965811af86730e926a411ee3ee14bf813fba804eb,9437774a3d9c63cd86e936f1c57c8a9bd7c5efe8070a4c273ca5c2424120c280,81d37a219a6b4141d0b433796711ab8af2ee2c3c668a28143a3ffe6a574ade98,11,2026-10-06T20:15:08.398084+00:00
18,1,2,566,sram3_wr_trans_completed_s,False,,True,False,1,False,rc_zero;required_flags_ok;golden_ok,3864,1,9,"error: Nack('NACK 11 (cmd 0x40, state RESULT_READY)')",FTDI-00FT46259002B,FI101-r1p0 (109762 v0100),0x504d4558,owner-verbal-2026-09-23,2d1a24adfaf245d8b75a0f6965811af86730e926a411ee3ee14bf813fba804eb,9437774a3d9c63cd86e936f1c57c8a9bd7c5efe8070a4c273ca5c2424120c280,81d37a219a6b4141d0b433796711ab8af2ee2c3c668a28143a3ffe6a574ade98,11,2026-10-06T20:15:08.398084+00:00
18,1,3,567,sram3_wr_data_beat_written,True,,True,False,1,False,rc_zero;required_flags_ok;golden_ok,3864,1,9,"error: Nack('NACK 11 (cmd 0x40, state RESULT_READY)')",FTDI-00FT46259002B,FI101-r1p0 (109762 v0100),0x504d4558,owner-verbal-2026-09-23,2d1a24adfaf245d8b75a0f6965811af86730e926a411ee3ee14bf813fba804eb,9437774a3d9c63cd86e936f1c57c8a9bd7c5efe8070a4c273ca5c2424120c280,81d37a219a6b4141d0b433796711ab8af2ee2c3c668a28143a3ffe6a574ade98,11,2026-10-06T20:15:08.398084+00:00
18,1,4,568,sram3_wr_tran_req_stalled,True,,True,False,1,False,rc_zero;required_flags_ok;golden_ok,3864,1,9,"error: Nack('NACK 11 (cmd 0x40, state RESULT_READY)')",FTDI-00FT46259002B,FI101-r1p0 (109762 v0100),0x504d4558,owner-verbal-2026-09-23,2d1a24adfaf245d8b75a0f6965811af86730e926a411ee3ee14bf813fba804eb,9437774a3d9c63cd86e936f1c57c8a9bd7c5efe8070a4c273ca5c2424120c280,81d37a219a6b4141d0b433796711ab8af2ee2c3c668a28143a3ffe6a574ade98,11,2026-10-06T20:15:08.398084+00:00
18,1,5,569,sram3_wr_data_beat_stalled,True,,True,False,1,False,rc_zero;required_flags_ok;golden_ok,3864,1,9,"error: Nack('NACK 11 (cmd 0x40, state RESULT_READY)')",FTDI-00FT46259002B,FI101-r1p0 (109762 v0100),0x504d4558,owner-verbal-2026-09-23,2d1a24adfaf245d8b75a0f6965811af86730e926a411ee3ee14bf813fba804eb,9437774a3d9c63cd86e936f1c57c8a9bd7c5efe8070a4c273ca5c2424120c280,81d37a219a6b4141d0b433796711ab8af2ee2c3c668a28143a3ffe6a574ade98,11,2026-10-06T20:15:08.398084+00:00
18,1,6,572,sram3_enabled_cycles,True,,True,False,1,False,rc_zero;required_flags_ok;golden_ok,3864,1,9,"error: Nack('NACK 11 (cmd 0x40, state RESULT_READY)')",FTDI-00FT46259002B,FI101-r1p0 (109762 v0100),0x504d4558,owner-verbal-2026-09-23,2d1a24adfaf245d8b75a0f6965811af86730e926a411ee3ee14bf813fba804eb,9437774a3d9c63cd86e936f1c57c8a9bd7c5efe8070a4c273ca5c2424120c280,81d37a219a6b4141d0b433796711ab8af2ee2c3c668a28143a3ffe6a574ade98,11,2026-10-06T20:15:08.398084+00:00
18,1,7,574,sram3_rd_stall_limit,True,,True,False,1,False,rc_zero;required_flags_ok;golden_ok,3864,1,9,"error: Nack('NACK 11 (cmd 0x40, state RESULT_READY)')",FTDI-00FT46259002B,FI101-r1p0 (109762 v0100),0x504d4558,owner-verbal-2026-09-23,2d1a24adfaf245d8b75a0f6965811af86730e926a411ee3ee14bf813fba804eb,9437774a3d9c63cd86e936f1c57c8a9bd7c5efe8070a4c273ca5c2424120c280,81d37a219a6b4141d0b433796711ab8af2ee2c3c668a28143a3ffe6a574ade98,11,2026-10-06T20:15:08.398084+00:00
18,2,0,564,sram3_wr_trans_accepted,True,,True,False,1,False,rc_zero;required_flags_ok;golden_ok,3875,1,9,"error: Nack('NACK 11 (cmd 0x40, state RESULT_READY)')",FTDI-00FT46259002B,FI101-r1p0 (109762 v0100),0x504d4558,owner-verbal-2026-09-23,2d1a24adfaf245d8b75a0f6965811af86730e926a411ee3ee14bf813fba804eb,9437774a3d9c63cd86e936f1c57c8a9bd7c5efe8070a4c273ca5c2424120c280,81d37a219a6b4141d0b433796711ab8af2ee2c3c668a28143a3ffe6a574ade98,11,2026-10-06T20:15:08.398084+00:00
18,2,1,565,sram3_wr_trans_completed_m,False,,True,False,1,False,rc_zero;required_flags_ok;golden_ok,3875,1,9,"error: Nack('NACK 11 (cmd 0x40, state RESULT_READY)')",FTDI-00FT46259002B,FI101-r1p0 (109762 v0100),0x504d4558,owner-verbal-2026-09-23,2d1a24adfaf245d8b75a0f6965811af86730e926a411ee3ee14bf813fba804eb,9437774a3d9c63cd86e936f1c57c8a9bd7c5efe8070a4c273ca5c2424120c280,81d37a219a6b4141d0b433796711ab8af2ee2c3c668a28143a3ffe6a574ade98,11,2026-10-06T20:15:08.398084+00:00
18,2,2,566,sram3_wr_trans_completed_s,False,,True,False,1,False,rc_zero;required_flags_ok;golden_ok,3875,1,9,"error: Nack('NACK 11 (cmd 0x40, state RESULT_READY)')",FTDI-00FT46259002B,FI101-r1p0 (109762 v0100),0x504d4558,owner-verbal-2026-09-23,2d1a24adfaf245d8b75a0f6965811af86730e926a411ee3ee14bf813fba804eb,9437774a3d9c63cd86e936f1c57c8a9bd7c5efe8070a4c273ca5c2424120c280,81d37a219a6b4141d0b433796711ab8af2ee2c3c668a28143a3ffe6a574ade98,11,2026-10-06T20:15:08.398084+00:00
18,2,3,567,sram3_wr_data_beat_written,True,,True,False,1,False,rc_zero;required_flags_ok;golden_ok,3875,1,9,"error: Nack('NACK 11 (cmd 0x40, state RESULT_READY)')",FTDI-00FT46259002B,FI101-r1p0 (109762 v0100),0x504d4558,owner-verbal-2026-09-23,2d1a24adfaf245d8b75a0f6965811af86730e926a411ee3ee14bf813fba804eb,9437774a3d9c63cd86e936f1c57c8a9bd7c5efe8070a4c273ca5c2424120c280,81d37a219a6b4141d0b433796711ab8af2ee2c3c668a28143a3ffe6a574ade98,11,2026-10-06T20:15:08.398084+00:00
18,2,4,568,sram3_wr_tran_req_stalled,True,,True,False,1,False,rc_zero;required_flags_ok;golden_ok,3875,1,9,"error: Nack('NACK 11 (cmd 0x40, state RESULT_READY)')",FTDI-00FT46259002B,FI101-r1p0 (109762 v0100),0x504d4558,owner-verbal-2026-09-23,2d1a24adfaf245d8b75a0f6965811af86730e926a411ee3ee14bf813fba804eb,9437774a3d9c63cd86e936f1c57c8a9bd7c5efe8070a4c273ca5c2424120c280,81d37a219a6b4141d0b433796711ab8af2ee2c3c668a28143a3ffe6a574ade98,11,2026-10-06T20:15:08.398084+00:00
18,2,5,569,sram3_wr_data_beat_stalled,True,,True,False,1,False,rc_zero;required_flags_ok;golden_ok,3875,1,9,"error: Nack('NACK 11 (cmd 0x40, state RESULT_READY)')",FTDI-00FT46259002B,FI101-r1p0 (109762 v0100),0x504d4558,owner-verbal-2026-09-23,2d1a24adfaf245d8b75a0f6965811af86730e926a411ee3ee14bf813fba804eb,9437774a3d9c63cd86e936f1c57c8a9bd7c5efe8070a4c273ca5c2424120c280,81d37a219a6b4141d0b433796711ab8af2ee2c3c668a28143a3ffe6a574ade98,11,2026-10-06T20:15:08.398084+00:00
18,2,6,572,sram3_enabled_cycles,True,,True,False,1,False,rc_zero;required_flags_ok;golden_ok,3875,1,9,"error: Nack('NACK 11 (cmd 0x40, state RESULT_READY)')",FTDI-00FT46259002B,FI101-r1p0 (109762 v0100),0x504d4558,owner-verbal-2026-09-23,2d1a24adfaf245d8b75a0f6965811af86730e926a411ee3ee14bf813fba804eb,9437774a3d9c63cd86e936f1c57c8a9bd7c5efe8070a4c273ca5c2424120c280,81d37a219a6b4141d0b433796711ab8af2ee2c3c668a28143a3ffe6a574ade98,11,2026-10-06T20:15:08.398084+00:00
18,2,7,574,sram3_rd_stall_limit,True,,True,False,1,False,rc_zero;required_flags_ok;golden_ok,3875,1,9,"error: Nack('NACK 11 (cmd 0x40, state RESULT_READY)')",FTDI-00FT46259002B,FI101-r1p0 (109762 v0100),0x504d4558,owner-verbal-2026-09-23,2d1a24adfaf245d8b75a0f6965811af86730e926a411ee3ee14bf813fba804eb,9437774a3d9c63cd86e936f1c57c8a9bd7c5efe8070a4c273ca5c2424120c280,81d37a219a6b4141d0b433796711ab8af2ee2c3c668a28143a3ffe6a574ade98,11,2026-10-06T20:15:08.398084+00:00
18,3,0,564,sram3_wr_trans_accepted,True,,True,False,1,False,rc_zero;required_flags_ok;golden_ok,8496,1,9,"error: Nack('NACK 11 (cmd 0x40, state RESULT_READY)')",FTDI-00FT46259002B,FI101-r1p0 (109762 v0100),0x504d4558,owner-verbal-2026-09-23,2d1a24adfaf245d8b75a0f6965811af86730e926a411ee3ee14bf813fba804eb,9437774a3d9c63cd86e936f1c57c8a9bd7c5efe8070a4c273ca5c2424120c280,81d37a219a6b4141d0b433796711ab8af2ee2c3c668a28143a3ffe6a574ade98,11,2026-10-06T20:15:08.398084+00:00
18,3,1,565,sram3_wr_trans_completed_m,False,,True,False,1,False,rc_zero;required_flags_ok;golden_ok,8496,1,9,"error: Nack('NACK 11 (cmd 0x40, state RESULT_READY)')",FTDI-00FT46259002B,FI101-r1p0 (109762 v0100),0x504d4558,owner-verbal-2026-09-23,2d1a24adfaf245d8b75a0f6965811af86730e926a411ee3ee14bf813fba804eb,9437774a3d9c63cd86e936f1c57c8a9bd7c5efe8070a4c273ca5c2424120c280,81d37a219a6b4141d0b433796711ab8af2ee2c3c668a28143a3ffe6a574ade98,11,2026-10-06T20:15:08.398084+00:00
18,3,2,566,sram3_wr_trans_completed_s,False,,True,False,1,False,rc_zero;required_flags_ok;golden_ok,8496,1,9,"error: Nack('NACK 11 (cmd 0x40, state RESULT_READY)')",FTDI-00FT46259002B,FI101-r1p0 (109762 v0100),0x504d4558,owner-verbal-2026-09-23,2d1a24adfaf245d8b75a0f6965811af86730e926a411ee3ee14bf813fba804eb,9437774a3d9c63cd86e936f1c57c8a9bd7c5efe8070a4c273ca5c2424120c280,81d37a219a6b4141d0b433796711ab8af2ee2c3c668a28143a3ffe6a574ade98,11,2026-10-06T20:15:08.398084+00:00
18,3,3,567,sram3_wr_data_beat_written,True,,True,False,1,False,rc_zero;required_flags_ok;golden_ok,8496,1,9,"error: Nack('NACK 11 (cmd 0x40, state RESULT_READY)')",FTDI-00FT46259002B,FI101-r1p0 (109762 v0100),0x504d4558,owner-verbal-2026-09-23,2d1a24adfaf245d8b75a0f6965811af86730e926a411ee3ee14bf813fba804eb,9437774a3d9c63cd86e936f1c57c8a9bd7c5efe8070a4c273ca5c2424120c280,81d37a219a6b4141d0b433796711ab8af2ee2c3c668a28143a3ffe6a574ade98,11,2026-10-06T20:15:08.398084+00:00
18,3,4,568,sram3_wr_tran_req_stalled,True,,True,False,1,False,rc_zero;required_flags_ok;golden_ok,8496,1,9,"error: Nack('NACK 11 (cmd 0x40, state RESULT_READY)')",FTDI-00FT46259002B,FI101-r1p0 (109762 v0100),0x504d4558,owner-verbal-2026-09-23,2d1a24adfaf245d8b75a0f6965811af86730e926a411ee3ee14bf813fba804eb,9437774a3d9c63cd86e936f1c57c8a9bd7c5efe8070a4c273ca5c2424120c280,81d37a219a6b4141d0b433796711ab8af2ee2c3c668a28143a3ffe6a574ade98,11,2026-10-06T20:15:08.398084+00:00
18,3,5,569,sram3_wr_data_beat_stalled,True,,True,False,1,False,rc_zero;required_flags_ok;golden_ok,8496,1,9,"error: Nack('NACK 11 (cmd 0x40, state RESULT_READY)')",FTDI-00FT46259002B,FI101-r1p0 (109762 v0100),0x504d4558,owner-verbal-2026-09-23,2d1a24adfaf245d8b75a0f6965811af86730e926a411ee3ee14bf813fba804eb,9437774a3d9c63cd86e936f1c57c8a9bd7c5efe8070a4c273ca5c2424120c280,81d37a219a6b4141d0b433796711ab8af2ee2c3c668a28143a3ffe6a574ade98,11,2026-10-06T20:15:08.398084+00:00
18,3,6,572,sram3_enabled_cycles,True,,True,False,1,False,rc_zero;required_flags_ok;golden_ok,8496,1,9,"error: Nack('NACK 11 (cmd 0x40, state RESULT_READY)')",FTDI-00FT46259002B,FI101-r1p0 (109762 v0100),0x504d4558,owner-verbal-2026-09-23,2d1a24adfaf245d8b75a0f6965811af86730e926a411ee3ee14bf813fba804eb,9437774a3d9c63cd86e936f1c57c8a9bd7c5efe8070a4c273ca5c2424120c280,81d37a219a6b4141d0b433796711ab8af2ee2c3c668a28143a3ffe6a574ade98,11,2026-10-06T20:15:08.398084+00:00
18,3,7,574,sram3_rd_stall_limit,True,,True,False,1,False,rc_zero;required_flags_ok;golden_ok,8496,1,9,"error: Nack('NACK 11 (cmd 0x40, state RESULT_READY)')",FTDI-00FT46259002B,FI101-r1p0 (109762 v0100),0x504d4558,owner-verbal-2026-09-23,2d1a24adfaf245d8b75a0f6965811af86730e926a411ee3ee14bf813fba804eb,9437774a3d9c63cd86e936f1c57c8a9bd7c5efe8070a4c273ca5c2424120c280,81d37a219a6b4141d0b433796711ab8af2ee2c3c668a28143a3ffe6a574ade98,11,2026-10-06T20:15:08.398084+00:00
19,1,0,575,sram3_wr_stall_limit,True,,True,False,1,False,rc_zero;required_flags_ok;golden_ok,4461,1,9,"error: Nack('NACK 11 (cmd 0x40, state RESULT_READY)')",FTDI-00FT46259002B,FI101-r1p0 (109762 v0100),0x504d4558,owner-verbal-2026-09-23,2d1a24adfaf245d8b75a0f6965811af86730e926a411ee3ee14bf813fba804eb,9437774a3d9c63cd86e936f1c57c8a9bd7c5efe8070a4c273ca5c2424120c280,81d37a219a6b4141d0b433796711ab8af2ee2c3c668a28143a3ffe6a574ade98,11,2026-10-06T20:15:08.398084+00:00
19,1,1,640,ext0_rd_trans_accepted,True,,True,False,1,False,rc_zero;required_flags_ok;golden_ok,4461,1,9,"error: Nack('NACK 11 (cmd 0x40, state RESULT_READY)')",FTDI-00FT46259002B,FI101-r1p0 (109762 v0100),0x504d4558,owner-verbal-2026-09-23,2d1a24adfaf245d8b75a0f6965811af86730e926a411ee3ee14bf813fba804eb,9437774a3d9c63cd86e936f1c57c8a9bd7c5efe8070a4c273ca5c2424120c280,81d37a219a6b4141d0b433796711ab8af2ee2c3c668a28143a3ffe6a574ade98,11,2026-10-06T20:15:08.398084+00:00
19,1,2,641,ext0_rd_trans_completed,True,,True,False,1,False,rc_zero;required_flags_ok;golden_ok,4461,1,9,"error: Nack('NACK 11 (cmd 0x40, state RESULT_READY)')",FTDI-00FT46259002B,FI101-r1p0 (109762 v0100),0x504d4558,owner-verbal-2026-09-23,2d1a24adfaf245d8b75a0f6965811af86730e926a411ee3ee14bf813fba804eb,9437774a3d9c63cd86e936f1c57c8a9bd7c5efe8070a4c273ca5c2424120c280,81d37a219a6b4141d0b433796711ab8af2ee2c3c668a28143a3ffe6a574ade98,11,2026-10-06T20:15:08.398084+00:00
19,1,3,642,ext0_rd_data_beat_received,True,,True,False,1,False,rc_zero;required_flags_ok;golden_ok,4461,1,9,"error: Nack('NACK 11 (cmd 0x40, state RESULT_READY)')",FTDI-00FT46259002B,FI101-r1p0 (109762 v0100),0x504d4558,owner-verbal-2026-09-23,2d1a24adfaf245d8b75a0f6965811af86730e926a411ee3ee14bf813fba804eb,9437774a3d9c63cd86e936f1c57c8a9bd7c5efe8070a4c273ca5c2424120c280,81d37a219a6b4141d0b433796711ab8af2ee2c3c668a28143a3ffe6a574ade98,11,2026-10-06T20:15:08.398084+00:00
19,1,4,643,ext0_rd_tran_req_stalled,True,,True,False,1,False,rc_zero;required_flags_ok;golden_ok,4461,1,9,"error: Nack('NACK 11 (cmd 0x40, state RESULT_READY)')",FTDI-00FT46259002B,FI101-r1p0 (109762 v0100),0x504d4558,owner-verbal-2026-09-23,2d1a24adfaf245d8b75a0f6965811af86730e926a411ee3ee14bf813fba804eb,9437774a3d9c63cd86e936f1c57c8a9bd7c5efe8070a4c273ca5c2424120c280,81d37a219a6b4141d0b433796711ab8af2ee2c3c668a28143a3ffe6a574ade98,11,2026-10-06T20:15:08.398084+00:00
19,1,5,644,ext0_wr_trans_accepted,True,,True,False,1,False,rc_zero;required_flags_ok;golden_ok,4461,1,9,"error: Nack('NACK 11 (cmd 0x40, state RESULT_READY)')",FTDI-00FT46259002B,FI101-r1p0 (109762 v0100),0x504d4558,owner-verbal-2026-09-23,2d1a24adfaf245d8b75a0f6965811af86730e926a411ee3ee14bf813fba804eb,9437774a3d9c63cd86e936f1c57c8a9bd7c5efe8070a4c273ca5c2424120c280,81d37a219a6b4141d0b433796711ab8af2ee2c3c668a28143a3ffe6a574ade98,11,2026-10-06T20:15:08.398084+00:00
19,1,6,645,ext0_wr_trans_completed_m,False,,True,False,1,False,rc_zero;required_flags_ok;golden_ok,4461,1,9,"error: Nack('NACK 11 (cmd 0x40, state RESULT_READY)')",FTDI-00FT46259002B,FI101-r1p0 (109762 v0100),0x504d4558,owner-verbal-2026-09-23,2d1a24adfaf245d8b75a0f6965811af86730e926a411ee3ee14bf813fba804eb,9437774a3d9c63cd86e936f1c57c8a9bd7c5efe8070a4c273ca5c2424120c280,81d37a219a6b4141d0b433796711ab8af2ee2c3c668a28143a3ffe6a574ade98,11,2026-10-06T20:15:08.398084+00:00
19,1,7,646,ext0_wr_trans_completed_s,False,,True,False,1,False,rc_zero;required_flags_ok;golden_ok,4461,1,9,"error: Nack('NACK 11 (cmd 0x40, state RESULT_READY)')",FTDI-00FT46259002B,FI101-r1p0 (109762 v0100),0x504d4558,owner-verbal-2026-09-23,2d1a24adfaf245d8b75a0f6965811af86730e926a411ee3ee14bf813fba804eb,9437774a3d9c63cd86e936f1c57c8a9bd7c5efe8070a4c273ca5c2424120c280,81d37a219a6b4141d0b433796711ab8af2ee2c3c668a28143a3ffe6a574ade98,11,2026-10-06T20:15:08.398084+00:00
19,2,0,575,sram3_wr_stall_limit,True,,True,False,1,False,rc_zero;required_flags_ok;golden_ok,4975,1,9,"error: Nack('NACK 11 (cmd 0x40, state RESULT_READY)')",FTDI-00FT46259002B,FI101-r1p0 (109762 v0100),0x504d4558,owner-verbal-2026-09-23,2d1a24adfaf245d8b75a0f6965811af86730e926a411ee3ee14bf813fba804eb,9437774a3d9c63cd86e936f1c57c8a9bd7c5efe8070a4c273ca5c2424120c280,81d37a219a6b4141d0b433796711ab8af2ee2c3c668a28143a3ffe6a574ade98,11,2026-10-06T20:15:08.398084+00:00
19,2,1,640,ext0_rd_trans_accepted,True,,True,False,1,False,rc_zero;required_flags_ok;golden_ok,4975,1,9,"error: Nack('NACK 11 (cmd 0x40, state RESULT_READY)')",FTDI-00FT46259002B,FI101-r1p0 (109762 v0100),0x504d4558,owner-verbal-2026-09-23,2d1a24adfaf245d8b75a0f6965811af86730e926a411ee3ee14bf813fba804eb,9437774a3d9c63cd86e936f1c57c8a9bd7c5efe8070a4c273ca5c2424120c280,81d37a219a6b4141d0b433796711ab8af2ee2c3c668a28143a3ffe6a574ade98,11,2026-10-06T20:15:08.398084+00:00
19,2,2,641,ext0_rd_trans_completed,True,,True,False,1,False,rc_zero;required_flags_ok;golden_ok,4975,1,9,"error: Nack('NACK 11 (cmd 0x40, state RESULT_READY)')",FTDI-00FT46259002B,FI101-r1p0 (109762 v0100),0x504d4558,owner-verbal-2026-09-23,2d1a24adfaf245d8b75a0f6965811af86730e926a411ee3ee14bf813fba804eb,9437774a3d9c63cd86e936f1c57c8a9bd7c5efe8070a4c273ca5c2424120c280,81d37a219a6b4141d0b433796711ab8af2ee2c3c668a28143a3ffe6a574ade98,11,2026-10-06T20:15:08.398084+00:00
19,2,3,642,ext0_rd_data_beat_received,True,,True,False,1,False,rc_zero;required_flags_ok;golden_ok,4975,1,9,"error: Nack('NACK 11 (cmd 0x40, state RESULT_READY)')",FTDI-00FT46259002B,FI101-r1p0 (109762 v0100),0x504d4558,owner-verbal-2026-09-23,2d1a24adfaf245d8b75a0f6965811af86730e926a411ee3ee14bf813fba804eb,9437774a3d9c63cd86e936f1c57c8a9bd7c5efe8070a4c273ca5c2424120c280,81d37a219a6b4141d0b433796711ab8af2ee2c3c668a28143a3ffe6a574ade98,11,2026-10-06T20:15:08.398084+00:00
19,2,4,643,ext0_rd_tran_req_stalled,True,,True,False,1,False,rc_zero;required_flags_ok;golden_ok,4975,1,9,"error: Nack('NACK 11 (cmd 0x40, state RESULT_READY)')",FTDI-00FT46259002B,FI101-r1p0 (109762 v0100),0x504d4558,owner-verbal-2026-09-23,2d1a24adfaf245d8b75a0f6965811af86730e926a411ee3ee14bf813fba804eb,9437774a3d9c63cd86e936f1c57c8a9bd7c5efe8070a4c273ca5c2424120c280,81d37a219a6b4141d0b433796711ab8af2ee2c3c668a28143a3ffe6a574ade98,11,2026-10-06T20:15:08.398084+00:00
19,2,5,644,ext0_wr_trans_accepted,True,,True,False,1,False,rc_zero;required_flags_ok;golden_ok,4975,1,9,"error: Nack('NACK 11 (cmd 0x40, state RESULT_READY)')",FTDI-00FT46259002B,FI101-r1p0 (109762 v0100),0x504d4558,owner-verbal-2026-09-23,2d1a24adfaf245d8b75a0f6965811af86730e926a411ee3ee14bf813fba804eb,9437774a3d9c63cd86e936f1c57c8a9bd7c5efe8070a4c273ca5c2424120c280,81d37a219a6b4141d0b433796711ab8af2ee2c3c668a28143a3ffe6a574ade98,11,2026-10-06T20:15:08.398084+00:00
19,2,6,645,ext0_wr_trans_completed_m,False,,True,False,1,False,rc_zero;required_flags_ok;golden_ok,4975,1,9,"error: Nack('NACK 11 (cmd 0x40, state RESULT_READY)')",FTDI-00FT46259002B,FI101-r1p0 (109762 v0100),0x504d4558,owner-verbal-2026-09-23,2d1a24adfaf245d8b75a0f6965811af86730e926a411ee3ee14bf813fba804eb,9437774a3d9c63cd86e936f1c57c8a9bd7c5efe8070a4c273ca5c2424120c280,81d37a219a6b4141d0b433796711ab8af2ee2c3c668a28143a3ffe6a574ade98,11,2026-10-06T20:15:08.398084+00:00
19,2,7,646,ext0_wr_trans_completed_s,False,,True,False,1,False,rc_zero;required_flags_ok;golden_ok,4975,1,9,"error: Nack('NACK 11 (cmd 0x40, state RESULT_READY)')",FTDI-00FT46259002B,FI101-r1p0 (109762 v0100),0x504d4558,owner-verbal-2026-09-23,2d1a24adfaf245d8b75a0f6965811af86730e926a411ee3ee14bf813fba804eb,9437774a3d9c63cd86e936f1c57c8a9bd7c5efe8070a4c273ca5c2424120c280,81d37a219a6b4141d0b433796711ab8af2ee2c3c668a28143a3ffe6a574ade98,11,2026-10-06T20:15:08.398084+00:00
19,3,0,575,sram3_wr_stall_limit,True,,True,False,1,False,rc_zero;required_flags_ok;golden_ok,5552,1,9,"error: Nack('NACK 11 (cmd 0x40, state RESULT_READY)')",FTDI-00FT46259002B,FI101-r1p0 (109762 v0100),0x504d4558,owner-verbal-2026-09-23,2d1a24adfaf245d8b75a0f6965811af86730e926a411ee3ee14bf813fba804eb,9437774a3d9c63cd86e936f1c57c8a9bd7c5efe8070a4c273ca5c2424120c280,81d37a219a6b4141d0b433796711ab8af2ee2c3c668a28143a3ffe6a574ade98,11,2026-10-06T20:15:08.398084+00:00
19,3,1,640,ext0_rd_trans_accepted,True,,True,False,1,False,rc_zero;required_flags_ok;golden_ok,5552,1,9,"error: Nack('NACK 11 (cmd 0x40, state RESULT_READY)')",FTDI-00FT46259002B,FI101-r1p0 (109762 v0100),0x504d4558,owner-verbal-2026-09-23,2d1a24adfaf245d8b75a0f6965811af86730e926a411ee3ee14bf813fba804eb,9437774a3d9c63cd86e936f1c57c8a9bd7c5efe8070a4c273ca5c2424120c280,81d37a219a6b4141d0b433796711ab8af2ee2c3c668a28143a3ffe6a574ade98,11,2026-10-06T20:15:08.398084+00:00
19,3,2,641,ext0_rd_trans_completed,True,,True,False,1,False,rc_zero;required_flags_ok;golden_ok,5552,1,9,"error: Nack('NACK 11 (cmd 0x40, state RESULT_READY)')",FTDI-00FT46259002B,FI101-r1p0 (109762 v0100),0x504d4558,owner-verbal-2026-09-23,2d1a24adfaf245d8b75a0f6965811af86730e926a411ee3ee14bf813fba804eb,9437774a3d9c63cd86e936f1c57c8a9bd7c5efe8070a4c273ca5c2424120c280,81d37a219a6b4141d0b433796711ab8af2ee2c3c668a28143a3ffe6a574ade98,11,2026-10-06T20:15:08.398084+00:00
19,3,3,642,ext0_rd_data_beat_received,True,,True,False,1,False,rc_zero;required_flags_ok;golden_ok,5552,1,9,"error: Nack('NACK 11 (cmd 0x40, state RESULT_READY)')",FTDI-00FT46259002B,FI101-r1p0 (109762 v0100),0x504d4558,owner-verbal-2026-09-23,2d1a24adfaf245d8b75a0f6965811af86730e926a411ee3ee14bf813fba804eb,9437774a3d9c63cd86e936f1c57c8a9bd7c5efe8070a4c273ca5c2424120c280,81d37a219a6b4141d0b433796711ab8af2ee2c3c668a28143a3ffe6a574ade98,11,2026-10-06T20:15:08.398084+00:00
19,3,4,643,ext0_rd_tran_req_stalled,True,,True,False,1,False,rc_zero;required_flags_ok;golden_ok,5552,1,9,"error: Nack('NACK 11 (cmd 0x40, state RESULT_READY)')",FTDI-00FT46259002B,FI101-r1p0 (109762 v0100),0x504d4558,owner-verbal-2026-09-23,2d1a24adfaf245d8b75a0f6965811af86730e926a411ee3ee14bf813fba804eb,9437774a3d9c63cd86e936f1c57c8a9bd7c5efe8070a4c273ca5c2424120c280,81d37a219a6b4141d0b433796711ab8af2ee2c3c668a28143a3ffe6a574ade98,11,2026-10-06T20:15:08.398084+00:00
19,3,5,644,ext0_wr_trans_accepted,True,,True,False,1,False,rc_zero;required_flags_ok;golden_ok,5552,1,9,"error: Nack('NACK 11 (cmd 0x40, state RESULT_READY)')",FTDI-00FT46259002B,FI101-r1p0 (109762 v0100),0x504d4558,owner-verbal-2026-09-23,2d1a24adfaf245d8b75a0f6965811af86730e926a411ee3ee14bf813fba804eb,9437774a3d9c63cd86e936f1c57c8a9bd7c5efe8070a4c273ca5c2424120c280,81d37a219a6b4141d0b433796711ab8af2ee2c3c668a28143a3ffe6a574ade98,11,2026-10-06T20:15:08.398084+00:00
19,3,6,645,ext0_wr_trans_completed_m,False,,True,False,1,False,rc_zero;required_flags_ok;golden_ok,5552,1,9,"error: Nack('NACK 11 (cmd 0x40, state RESULT_READY)')",FTDI-00FT46259002B,FI101-r1p0 (109762 v0100),0x504d4558,owner-verbal-2026-09-23,2d1a24adfaf245d8b75a0f6965811af86730e926a411ee3ee14bf813fba804eb,9437774a3d9c63cd86e936f1c57c8a9bd7c5efe8070a4c273ca5c2424120c280,81d37a219a6b4141d0b433796711ab8af2ee2c3c668a28143a3ffe6a574ade98,11,2026-10-06T20:15:08.398084+00:00
19,3,7,646,ext0_wr_trans_completed_s,False,,True,False,1,False,rc_zero;required_flags_ok;golden_ok,5552,1,9,"error: Nack('NACK 11 (cmd 0x40, state RESULT_READY)')",FTDI-00FT46259002B,FI101-r1p0 (109762 v0100),0x504d4558,owner-verbal-2026-09-23,2d1a24adfaf245d8b75a0f6965811af86730e926a411ee3ee14bf813fba804eb,9437774a3d9c63cd86e936f1c57c8a9bd7c5efe8070a4c273ca5c2424120c280,81d37a219a6b4141d0b433796711ab8af2ee2c3c668a28143a3ffe6a574ade98,11,2026-10-06T20:15:08.398084+00:00
20,1,0,647,ext0_wr_data_beat_written,True,,True,False,1,False,rc_zero;required_flags_ok;golden_ok,8631,1,9,"error: Nack('NACK 11 (cmd 0x40, state RESULT_READY)')",FTDI-00FT46259002B,FI101-r1p0 (109762 v0100),0x504d4558,owner-verbal-2026-09-23,2d1a24adfaf245d8b75a0f6965811af86730e926a411ee3ee14bf813fba804eb,9437774a3d9c63cd86e936f1c57c8a9bd7c5efe8070a4c273ca5c2424120c280,81d37a219a6b4141d0b433796711ab8af2ee2c3c668a28143a3ffe6a574ade98,11,2026-10-06T20:15:08.398084+00:00
20,1,1,648,ext0_wr_tran_req_stalled,True,,True,False,1,False,rc_zero;required_flags_ok;golden_ok,8631,1,9,"error: Nack('NACK 11 (cmd 0x40, state RESULT_READY)')",FTDI-00FT46259002B,FI101-r1p0 (109762 v0100),0x504d4558,owner-verbal-2026-09-23,2d1a24adfaf245d8b75a0f6965811af86730e926a411ee3ee14bf813fba804eb,9437774a3d9c63cd86e936f1c57c8a9bd7c5efe8070a4c273ca5c2424120c280,81d37a219a6b4141d0b433796711ab8af2ee2c3c668a28143a3ffe6a574ade98,11,2026-10-06T20:15:08.398084+00:00
20,1,2,649,ext0_wr_data_beat_stalled,True,,True,False,1,False,rc_zero;required_flags_ok;golden_ok,8631,1,9,"error: Nack('NACK 11 (cmd 0x40, state RESULT_READY)')",FTDI-00FT46259002B,FI101-r1p0 (109762 v0100),0x504d4558,owner-verbal-2026-09-23,2d1a24adfaf245d8b75a0f6965811af86730e926a411ee3ee14bf813fba804eb,9437774a3d9c63cd86e936f1c57c8a9bd7c5efe8070a4c273ca5c2424120c280,81d37a219a6b4141d0b433796711ab8af2ee2c3c668a28143a3ffe6a574ade98,11,2026-10-06T20:15:08.398084+00:00
20,1,3,652,ext0_enabled_cycles,True,,True,False,1,False,rc_zero;required_flags_ok;golden_ok,8631,1,9,"error: Nack('NACK 11 (cmd 0x40, state RESULT_READY)')",FTDI-00FT46259002B,FI101-r1p0 (109762 v0100),0x504d4558,owner-verbal-2026-09-23,2d1a24adfaf245d8b75a0f6965811af86730e926a411ee3ee14bf813fba804eb,9437774a3d9c63cd86e936f1c57c8a9bd7c5efe8070a4c273ca5c2424120c280,81d37a219a6b4141d0b433796711ab8af2ee2c3c668a28143a3ffe6a574ade98,11,2026-10-06T20:15:08.398084+00:00
20,1,4,654,ext0_rd_stall_limit,True,,True,False,1,False,rc_zero;required_flags_ok;golden_ok,8631,1,9,"error: Nack('NACK 11 (cmd 0x40, state RESULT_READY)')",FTDI-00FT46259002B,FI101-r1p0 (109762 v0100),0x504d4558,owner-verbal-2026-09-23,2d1a24adfaf245d8b75a0f6965811af86730e926a411ee3ee14bf813fba804eb,9437774a3d9c63cd86e936f1c57c8a9bd7c5efe8070a4c273ca5c2424120c280,81d37a219a6b4141d0b433796711ab8af2ee2c3c668a28143a3ffe6a574ade98,11,2026-10-06T20:15:08.398084+00:00
20,1,5,655,ext0_wr_stall_limit,True,,True,False,1,False,rc_zero;required_flags_ok;golden_ok,8631,1,9,"error: Nack('NACK 11 (cmd 0x40, state RESULT_READY)')",FTDI-00FT46259002B,FI101-r1p0 (109762 v0100),0x504d4558,owner-verbal-2026-09-23,2d1a24adfaf245d8b75a0f6965811af86730e926a411ee3ee14bf813fba804eb,9437774a3d9c63cd86e936f1c57c8a9bd7c5efe8070a4c273ca5c2424120c280,81d37a219a6b4141d0b433796711ab8af2ee2c3c668a28143a3ffe6a574ade98,11,2026-10-06T20:15:08.398084+00:00
20,1,6,656,ext1_rd_trans_accepted,True,,True,False,1,False,rc_zero;required_flags_ok;golden_ok,8631,1,9,"error: Nack('NACK 11 (cmd 0x40, state RESULT_READY)')",FTDI-00FT46259002B,FI101-r1p0 (109762 v0100),0x504d4558,owner-verbal-2026-09-23,2d1a24adfaf245d8b75a0f6965811af86730e926a411ee3ee14bf813fba804eb,9437774a3d9c63cd86e936f1c57c8a9bd7c5efe8070a4c273ca5c2424120c280,81d37a219a6b4141d0b433796711ab8af2ee2c3c668a28143a3ffe6a574ade98,11,2026-10-06T20:15:08.398084+00:00
20,1,7,657,ext1_rd_trans_completed,True,,True,False,1,False,rc_zero;required_flags_ok;golden_ok,8631,1,9,"error: Nack('NACK 11 (cmd 0x40, state RESULT_READY)')",FTDI-00FT46259002B,FI101-r1p0 (109762 v0100),0x504d4558,owner-verbal-2026-09-23,2d1a24adfaf245d8b75a0f6965811af86730e926a411ee3ee14bf813fba804eb,9437774a3d9c63cd86e936f1c57c8a9bd7c5efe8070a4c273ca5c2424120c280,81d37a219a6b4141d0b433796711ab8af2ee2c3c668a28143a3ffe6a574ade98,11,2026-10-06T20:15:08.398084+00:00
20,2,0,647,ext0_wr_data_beat_written,True,,True,False,1,False,rc_zero;required_flags_ok;golden_ok,8251,1,9,"error: Nack('NACK 11 (cmd 0x40, state RESULT_READY)')",FTDI-00FT46259002B,FI101-r1p0 (109762 v0100),0x504d4558,owner-verbal-2026-09-23,2d1a24adfaf245d8b75a0f6965811af86730e926a411ee3ee14bf813fba804eb,9437774a3d9c63cd86e936f1c57c8a9bd7c5efe8070a4c273ca5c2424120c280,81d37a219a6b4141d0b433796711ab8af2ee2c3c668a28143a3ffe6a574ade98,11,2026-10-06T20:15:08.398084+00:00
20,2,1,648,ext0_wr_tran_req_stalled,True,,True,False,1,False,rc_zero;required_flags_ok;golden_ok,8251,1,9,"error: Nack('NACK 11 (cmd 0x40, state RESULT_READY)')",FTDI-00FT46259002B,FI101-r1p0 (109762 v0100),0x504d4558,owner-verbal-2026-09-23,2d1a24adfaf245d8b75a0f6965811af86730e926a411ee3ee14bf813fba804eb,9437774a3d9c63cd86e936f1c57c8a9bd7c5efe8070a4c273ca5c2424120c280,81d37a219a6b4141d0b433796711ab8af2ee2c3c668a28143a3ffe6a574ade98,11,2026-10-06T20:15:08.398084+00:00
20,2,2,649,ext0_wr_data_beat_stalled,True,,True,False,1,False,rc_zero;required_flags_ok;golden_ok,8251,1,9,"error: Nack('NACK 11 (cmd 0x40, state RESULT_READY)')",FTDI-00FT46259002B,FI101-r1p0 (109762 v0100),0x504d4558,owner-verbal-2026-09-23,2d1a24adfaf245d8b75a0f6965811af86730e926a411ee3ee14bf813fba804eb,9437774a3d9c63cd86e936f1c57c8a9bd7c5efe8070a4c273ca5c2424120c280,81d37a219a6b4141d0b433796711ab8af2ee2c3c668a28143a3ffe6a574ade98,11,2026-10-06T20:15:08.398084+00:00
20,2,3,652,ext0_enabled_cycles,True,,True,False,1,False,rc_zero;required_flags_ok;golden_ok,8251,1,9,"error: Nack('NACK 11 (cmd 0x40, state RESULT_READY)')",FTDI-00FT46259002B,FI101-r1p0 (109762 v0100),0x504d4558,owner-verbal-2026-09-23,2d1a24adfaf245d8b75a0f6965811af86730e926a411ee3ee14bf813fba804eb,9437774a3d9c63cd86e936f1c57c8a9bd7c5efe8070a4c273ca5c2424120c280,81d37a219a6b4141d0b433796711ab8af2ee2c3c668a28143a3ffe6a574ade98,11,2026-10-06T20:15:08.398084+00:00
20,2,4,654,ext0_rd_stall_limit,True,,True,False,1,False,rc_zero;required_flags_ok;golden_ok,8251,1,9,"error: Nack('NACK 11 (cmd 0x40, state RESULT_READY)')",FTDI-00FT46259002B,FI101-r1p0 (109762 v0100),0x504d4558,owner-verbal-2026-09-23,2d1a24adfaf245d8b75a0f6965811af86730e926a411ee3ee14bf813fba804eb,9437774a3d9c63cd86e936f1c57c8a9bd7c5efe8070a4c273ca5c2424120c280,81d37a219a6b4141d0b433796711ab8af2ee2c3c668a28143a3ffe6a574ade98,11,2026-10-06T20:15:08.398084+00:00
20,2,5,655,ext0_wr_stall_limit,True,,True,False,1,False,rc_zero;required_flags_ok;golden_ok,8251,1,9,"error: Nack('NACK 11 (cmd 0x40, state RESULT_READY)')",FTDI-00FT46259002B,FI101-r1p0 (109762 v0100),0x504d4558,owner-verbal-2026-09-23,2d1a24adfaf245d8b75a0f6965811af86730e926a411ee3ee14bf813fba804eb,9437774a3d9c63cd86e936f1c57c8a9bd7c5efe8070a4c273ca5c2424120c280,81d37a219a6b4141d0b433796711ab8af2ee2c3c668a28143a3ffe6a574ade98,11,2026-10-06T20:15:08.398084+00:00
20,2,6,656,ext1_rd_trans_accepted,True,,True,False,1,False,rc_zero;required_flags_ok;golden_ok,8251,1,9,"error: Nack('NACK 11 (cmd 0x40, state RESULT_READY)')",FTDI-00FT46259002B,FI101-r1p0 (109762 v0100),0x504d4558,owner-verbal-2026-09-23,2d1a24adfaf245d8b75a0f6965811af86730e926a411ee3ee14bf813fba804eb,9437774a3d9c63cd86e936f1c57c8a9bd7c5efe8070a4c273ca5c2424120c280,81d37a219a6b4141d0b433796711ab8af2ee2c3c668a28143a3ffe6a574ade98,11,2026-10-06T20:15:08.398084+00:00
20,2,7,657,ext1_rd_trans_completed,True,,True,False,1,False,rc_zero;required_flags_ok;golden_ok,8251,1,9,"error: Nack('NACK 11 (cmd 0x40, state RESULT_READY)')",FTDI-00FT46259002B,FI101-r1p0 (109762 v0100),0x504d4558,owner-verbal-2026-09-23,2d1a24adfaf245d8b75a0f6965811af86730e926a411ee3ee14bf813fba804eb,9437774a3d9c63cd86e936f1c57c8a9bd7c5efe8070a4c273ca5c2424120c280,81d37a219a6b4141d0b433796711ab8af2ee2c3c668a28143a3ffe6a574ade98,11,2026-10-06T20:15:08.398084+00:00
20,3,0,647,ext0_wr_data_beat_written,True,,True,False,1,False,rc_zero;required_flags_ok;golden_ok,3904,1,9,"error: Nack('NACK 11 (cmd 0x40, state RESULT_READY)')",FTDI-00FT46259002B,FI101-r1p0 (109762 v0100),0x504d4558,owner-verbal-2026-09-23,2d1a24adfaf245d8b75a0f6965811af86730e926a411ee3ee14bf813fba804eb,9437774a3d9c63cd86e936f1c57c8a9bd7c5efe8070a4c273ca5c2424120c280,81d37a219a6b4141d0b433796711ab8af2ee2c3c668a28143a3ffe6a574ade98,11,2026-10-06T20:15:08.398084+00:00
20,3,1,648,ext0_wr_tran_req_stalled,True,,True,False,1,False,rc_zero;required_flags_ok;golden_ok,3904,1,9,"error: Nack('NACK 11 (cmd 0x40, state RESULT_READY)')",FTDI-00FT46259002B,FI101-r1p0 (109762 v0100),0x504d4558,owner-verbal-2026-09-23,2d1a24adfaf245d8b75a0f6965811af86730e926a411ee3ee14bf813fba804eb,9437774a3d9c63cd86e936f1c57c8a9bd7c5efe8070a4c273ca5c2424120c280,81d37a219a6b4141d0b433796711ab8af2ee2c3c668a28143a3ffe6a574ade98,11,2026-10-06T20:15:08.398084+00:00
20,3,2,649,ext0_wr_data_beat_stalled,True,,True,False,1,False,rc_zero;required_flags_ok;golden_ok,3904,1,9,"error: Nack('NACK 11 (cmd 0x40, state RESULT_READY)')",FTDI-00FT46259002B,FI101-r1p0 (109762 v0100),0x504d4558,owner-verbal-2026-09-23,2d1a24adfaf245d8b75a0f6965811af86730e926a411ee3ee14bf813fba804eb,9437774a3d9c63cd86e936f1c57c8a9bd7c5efe8070a4c273ca5c2424120c280,81d37a219a6b4141d0b433796711ab8af2ee2c3c668a28143a3ffe6a574ade98,11,2026-10-06T20:15:08.398084+00:00
20,3,3,652,ext0_enabled_cycles,True,,True,False,1,False,rc_zero;required_flags_ok;golden_ok,3904,1,9,"error: Nack('NACK 11 (cmd 0x40, state RESULT_READY)')",FTDI-00FT46259002B,FI101-r1p0 (109762 v0100),0x504d4558,owner-verbal-2026-09-23,2d1a24adfaf245d8b75a0f6965811af86730e926a411ee3ee14bf813fba804eb,9437774a3d9c63cd86e936f1c57c8a9bd7c5efe8070a4c273ca5c2424120c280,81d37a219a6b4141d0b433796711ab8af2ee2c3c668a28143a3ffe6a574ade98,11,2026-10-06T20:15:08.398084+00:00
20,3,4,654,ext0_rd_stall_limit,True,,True,False,1,False,rc_zero;required_flags_ok;golden_ok,3904,1,9,"error: Nack('NACK 11 (cmd 0x40, state RESULT_READY)')",FTDI-00FT46259002B,FI101-r1p0 (109762 v0100),0x504d4558,owner-verbal-2026-09-23,2d1a24adfaf245d8b75a0f6965811af86730e926a411ee3ee14bf813fba804eb,9437774a3d9c63cd86e936f1c57c8a9bd7c5efe8070a4c273ca5c2424120c280,81d37a219a6b4141d0b433796711ab8af2ee2c3c668a28143a3ffe6a574ade98,11,2026-10-06T20:15:08.398084+00:00
20,3,5,655,ext0_wr_stall_limit,True,,True,False,1,False,rc_zero;required_flags_ok;golden_ok,3904,1,9,"error: Nack('NACK 11 (cmd 0x40, state RESULT_READY)')",FTDI-00FT46259002B,FI101-r1p0 (109762 v0100),0x504d4558,owner-verbal-2026-09-23,2d1a24adfaf245d8b75a0f6965811af86730e926a411ee3ee14bf813fba804eb,9437774a3d9c63cd86e936f1c57c8a9bd7c5efe8070a4c273ca5c2424120c280,81d37a219a6b4141d0b433796711ab8af2ee2c3c668a28143a3ffe6a574ade98,11,2026-10-06T20:15:08.398084+00:00
20,3,6,656,ext1_rd_trans_accepted,True,,True,False,1,False,rc_zero;required_flags_ok;golden_ok,3904,1,9,"error: Nack('NACK 11 (cmd 0x40, state RESULT_READY)')",FTDI-00FT46259002B,FI101-r1p0 (109762 v0100),0x504d4558,owner-verbal-2026-09-23,2d1a24adfaf245d8b75a0f6965811af86730e926a411ee3ee14bf813fba804eb,9437774a3d9c63cd86e936f1c57c8a9bd7c5efe8070a4c273ca5c2424120c280,81d37a219a6b4141d0b433796711ab8af2ee2c3c668a28143a3ffe6a574ade98,11,2026-10-06T20:15:08.398084+00:00
20,3,7,657,ext1_rd_trans_completed,True,,True,False,1,False,rc_zero;required_flags_ok;golden_ok,3904,1,9,"error: Nack('NACK 11 (cmd 0x40, state RESULT_READY)')",FTDI-00FT46259002B,FI101-r1p0 (109762 v0100),0x504d4558,owner-verbal-2026-09-23,2d1a24adfaf245d8b75a0f6965811af86730e926a411ee3ee14bf813fba804eb,9437774a3d9c63cd86e936f1c57c8a9bd7c5efe8070a4c273ca5c2424120c280,81d37a219a6b4141d0b433796711ab8af2ee2c3c668a28143a3ffe6a574ade98,11,2026-10-06T20:15:08.398084+00:00
21,1,0,658,ext1_rd_data_beat_received,True,,True,False,1,False,rc_zero;required_flags_ok;golden_ok,8847,1,9,"error: Nack('NACK 11 (cmd 0x40, state RESULT_READY)')",FTDI-00FT46259002B,FI101-r1p0 (109762 v0100),0x504d4558,owner-verbal-2026-09-23,2d1a24adfaf245d8b75a0f6965811af86730e926a411ee3ee14bf813fba804eb,9437774a3d9c63cd86e936f1c57c8a9bd7c5efe8070a4c273ca5c2424120c280,81d37a219a6b4141d0b433796711ab8af2ee2c3c668a28143a3ffe6a574ade98,11,2026-10-06T20:15:08.398084+00:00
21,1,1,659,ext1_rd_tran_req_stalled,True,,True,False,1,False,rc_zero;required_flags_ok;golden_ok,8847,1,9,"error: Nack('NACK 11 (cmd 0x40, state RESULT_READY)')",FTDI-00FT46259002B,FI101-r1p0 (109762 v0100),0x504d4558,owner-verbal-2026-09-23,2d1a24adfaf245d8b75a0f6965811af86730e926a411ee3ee14bf813fba804eb,9437774a3d9c63cd86e936f1c57c8a9bd7c5efe8070a4c273ca5c2424120c280,81d37a219a6b4141d0b433796711ab8af2ee2c3c668a28143a3ffe6a574ade98,11,2026-10-06T20:15:08.398084+00:00
21,1,2,660,ext1_wr_trans_accepted,True,,True,False,1,False,rc_zero;required_flags_ok;golden_ok,8847,1,9,"error: Nack('NACK 11 (cmd 0x40, state RESULT_READY)')",FTDI-00FT46259002B,FI101-r1p0 (109762 v0100),0x504d4558,owner-verbal-2026-09-23,2d1a24adfaf245d8b75a0f6965811af86730e926a411ee3ee14bf813fba804eb,9437774a3d9c63cd86e936f1c57c8a9bd7c5efe8070a4c273ca5c2424120c280,81d37a219a6b4141d0b433796711ab8af2ee2c3c668a28143a3ffe6a574ade98,11,2026-10-06T20:15:08.398084+00:00
21,1,3,661,ext1_wr_trans_completed_m,False,,True,False,1,False,rc_zero;required_flags_ok;golden_ok,8847,1,9,"error: Nack('NACK 11 (cmd 0x40, state RESULT_READY)')",FTDI-00FT46259002B,FI101-r1p0 (109762 v0100),0x504d4558,owner-verbal-2026-09-23,2d1a24adfaf245d8b75a0f6965811af86730e926a411ee3ee14bf813fba804eb,9437774a3d9c63cd86e936f1c57c8a9bd7c5efe8070a4c273ca5c2424120c280,81d37a219a6b4141d0b433796711ab8af2ee2c3c668a28143a3ffe6a574ade98,11,2026-10-06T20:15:08.398084+00:00
21,1,4,662,ext1_wr_trans_completed_s,False,,True,False,1,False,rc_zero;required_flags_ok;golden_ok,8847,1,9,"error: Nack('NACK 11 (cmd 0x40, state RESULT_READY)')",FTDI-00FT46259002B,FI101-r1p0 (109762 v0100),0x504d4558,owner-verbal-2026-09-23,2d1a24adfaf245d8b75a0f6965811af86730e926a411ee3ee14bf813fba804eb,9437774a3d9c63cd86e936f1c57c8a9bd7c5efe8070a4c273ca5c2424120c280,81d37a219a6b4141d0b433796711ab8af2ee2c3c668a28143a3ffe6a574ade98,11,2026-10-06T20:15:08.398084+00:00
21,1,5,663,ext1_wr_data_beat_written,True,,True,False,1,False,rc_zero;required_flags_ok;golden_ok,8847,1,9,"error: Nack('NACK 11 (cmd 0x40, state RESULT_READY)')",FTDI-00FT46259002B,FI101-r1p0 (109762 v0100),0x504d4558,owner-verbal-2026-09-23,2d1a24adfaf245d8b75a0f6965811af86730e926a411ee3ee14bf813fba804eb,9437774a3d9c63cd86e936f1c57c8a9bd7c5efe8070a4c273ca5c2424120c280,81d37a219a6b4141d0b433796711ab8af2ee2c3c668a28143a3ffe6a574ade98,11,2026-10-06T20:15:08.398084+00:00
21,1,6,664,ext1_wr_tran_req_stalled,True,,True,False,1,False,rc_zero;required_flags_ok;golden_ok,8847,1,9,"error: Nack('NACK 11 (cmd 0x40, state RESULT_READY)')",FTDI-00FT46259002B,FI101-r1p0 (109762 v0100),0x504d4558,owner-verbal-2026-09-23,2d1a24adfaf245d8b75a0f6965811af86730e926a411ee3ee14bf813fba804eb,9437774a3d9c63cd86e936f1c57c8a9bd7c5efe8070a4c273ca5c2424120c280,81d37a219a6b4141d0b433796711ab8af2ee2c3c668a28143a3ffe6a574ade98,11,2026-10-06T20:15:08.398084+00:00
21,1,7,665,ext1_wr_data_beat_stalled,True,,True,False,1,False,rc_zero;required_flags_ok;golden_ok,8847,1,9,"error: Nack('NACK 11 (cmd 0x40, state RESULT_READY)')",FTDI-00FT46259002B,FI101-r1p0 (109762 v0100),0x504d4558,owner-verbal-2026-09-23,2d1a24adfaf245d8b75a0f6965811af86730e926a411ee3ee14bf813fba804eb,9437774a3d9c63cd86e936f1c57c8a9bd7c5efe8070a4c273ca5c2424120c280,81d37a219a6b4141d0b433796711ab8af2ee2c3c668a28143a3ffe6a574ade98,11,2026-10-06T20:15:08.398084+00:00
21,2,0,658,ext1_rd_data_beat_received,True,,True,False,1,False,rc_zero;required_flags_ok;golden_ok,3875,1,9,"error: Nack('NACK 11 (cmd 0x40, state RESULT_READY)')",FTDI-00FT46259002B,FI101-r1p0 (109762 v0100),0x504d4558,owner-verbal-2026-09-23,2d1a24adfaf245d8b75a0f6965811af86730e926a411ee3ee14bf813fba804eb,9437774a3d9c63cd86e936f1c57c8a9bd7c5efe8070a4c273ca5c2424120c280,81d37a219a6b4141d0b433796711ab8af2ee2c3c668a28143a3ffe6a574ade98,11,2026-10-06T20:15:08.398084+00:00
21,2,1,659,ext1_rd_tran_req_stalled,True,,True,False,1,False,rc_zero;required_flags_ok;golden_ok,3875,1,9,"error: Nack('NACK 11 (cmd 0x40, state RESULT_READY)')",FTDI-00FT46259002B,FI101-r1p0 (109762 v0100),0x504d4558,owner-verbal-2026-09-23,2d1a24adfaf245d8b75a0f6965811af86730e926a411ee3ee14bf813fba804eb,9437774a3d9c63cd86e936f1c57c8a9bd7c5efe8070a4c273ca5c2424120c280,81d37a219a6b4141d0b433796711ab8af2ee2c3c668a28143a3ffe6a574ade98,11,2026-10-06T20:15:08.398084+00:00
21,2,2,660,ext1_wr_trans_accepted,True,,True,False,1,False,rc_zero;required_flags_ok;golden_ok,3875,1,9,"error: Nack('NACK 11 (cmd 0x40, state RESULT_READY)')",FTDI-00FT46259002B,FI101-r1p0 (109762 v0100),0x504d4558,owner-verbal-2026-09-23,2d1a24adfaf245d8b75a0f6965811af86730e926a411ee3ee14bf813fba804eb,9437774a3d9c63cd86e936f1c57c8a9bd7c5efe8070a4c273ca5c2424120c280,81d37a219a6b4141d0b433796711ab8af2ee2c3c668a28143a3ffe6a574ade98,11,2026-10-06T20:15:08.398084+00:00
21,2,3,661,ext1_wr_trans_completed_m,False,,True,False,1,False,rc_zero;required_flags_ok;golden_ok,3875,1,9,"error: Nack('NACK 11 (cmd 0x40, state RESULT_READY)')",FTDI-00FT46259002B,FI101-r1p0 (109762 v0100),0x504d4558,owner-verbal-2026-09-23,2d1a24adfaf245d8b75a0f6965811af86730e926a411ee3ee14bf813fba804eb,9437774a3d9c63cd86e936f1c57c8a9bd7c5efe8070a4c273ca5c2424120c280,81d37a219a6b4141d0b433796711ab8af2ee2c3c668a28143a3ffe6a574ade98,11,2026-10-06T20:15:08.398084+00:00
21,2,4,662,ext1_wr_trans_completed_s,False,,True,False,1,False,rc_zero;required_flags_ok;golden_ok,3875,1,9,"error: Nack('NACK 11 (cmd 0x40, state RESULT_READY)')",FTDI-00FT46259002B,FI101-r1p0 (109762 v0100),0x504d4558,owner-verbal-2026-09-23,2d1a24adfaf245d8b75a0f6965811af86730e926a411ee3ee14bf813fba804eb,9437774a3d9c63cd86e936f1c57c8a9bd7c5efe8070a4c273ca5c2424120c280,81d37a219a6b4141d0b433796711ab8af2ee2c3c668a28143a3ffe6a574ade98,11,2026-10-06T20:15:08.398084+00:00
21,2,5,663,ext1_wr_data_beat_written,True,,True,False,1,False,rc_zero;required_flags_ok;golden_ok,3875,1,9,"error: Nack('NACK 11 (cmd 0x40, state RESULT_READY)')",FTDI-00FT46259002B,FI101-r1p0 (109762 v0100),0x504d4558,owner-verbal-2026-09-23,2d1a24adfaf245d8b75a0f6965811af86730e926a411ee3ee14bf813fba804eb,9437774a3d9c63cd86e936f1c57c8a9bd7c5efe8070a4c273ca5c2424120c280,81d37a219a6b4141d0b433796711ab8af2ee2c3c668a28143a3ffe6a574ade98,11,2026-10-06T20:15:08.398084+00:00
21,2,6,664,ext1_wr_tran_req_stalled,True,,True,False,1,False,rc_zero;required_flags_ok;golden_ok,3875,1,9,"error: Nack('NACK 11 (cmd 0x40, state RESULT_READY)')",FTDI-00FT46259002B,FI101-r1p0 (109762 v0100),0x504d4558,owner-verbal-2026-09-23,2d1a24adfaf245d8b75a0f6965811af86730e926a411ee3ee14bf813fba804eb,9437774a3d9c63cd86e936f1c57c8a9bd7c5efe8070a4c273ca5c2424120c280,81d37a219a6b4141d0b433796711ab8af2ee2c3c668a28143a3ffe6a574ade98,11,2026-10-06T20:15:08.398084+00:00
21,2,7,665,ext1_wr_data_beat_stalled,True,,True,False,1,False,rc_zero;required_flags_ok;golden_ok,3875,1,9,"error: Nack('NACK 11 (cmd 0x40, state RESULT_READY)')",FTDI-00FT46259002B,FI101-r1p0 (109762 v0100),0x504d4558,owner-verbal-2026-09-23,2d1a24adfaf245d8b75a0f6965811af86730e926a411ee3ee14bf813fba804eb,9437774a3d9c63cd86e936f1c57c8a9bd7c5efe8070a4c273ca5c2424120c280,81d37a219a6b4141d0b433796711ab8af2ee2c3c668a28143a3ffe6a574ade98,11,2026-10-06T20:15:08.398084+00:00
21,3,0,658,ext1_rd_data_beat_received,True,,True,False,1,False,rc_zero;required_flags_ok;golden_ok,7114,1,9,"error: Nack('NACK 11 (cmd 0x40, state RESULT_READY)')",FTDI-00FT46259002B,FI101-r1p0 (109762 v0100),0x504d4558,owner-verbal-2026-09-23,2d1a24adfaf245d8b75a0f6965811af86730e926a411ee3ee14bf813fba804eb,9437774a3d9c63cd86e936f1c57c8a9bd7c5efe8070a4c273ca5c2424120c280,81d37a219a6b4141d0b433796711ab8af2ee2c3c668a28143a3ffe6a574ade98,11,2026-10-06T20:15:08.398084+00:00
21,3,1,659,ext1_rd_tran_req_stalled,True,,True,False,1,False,rc_zero;required_flags_ok;golden_ok,7114,1,9,"error: Nack('NACK 11 (cmd 0x40, state RESULT_READY)')",FTDI-00FT46259002B,FI101-r1p0 (109762 v0100),0x504d4558,owner-verbal-2026-09-23,2d1a24adfaf245d8b75a0f6965811af86730e926a411ee3ee14bf813fba804eb,9437774a3d9c63cd86e936f1c57c8a9bd7c5efe8070a4c273ca5c2424120c280,81d37a219a6b4141d0b433796711ab8af2ee2c3c668a28143a3ffe6a574ade98,11,2026-10-06T20:15:08.398084+00:00
21,3,2,660,ext1_wr_trans_accepted,True,,True,False,1,False,rc_zero;required_flags_ok;golden_ok,7114,1,9,"error: Nack('NACK 11 (cmd 0x40, state RESULT_READY)')",FTDI-00FT46259002B,FI101-r1p0 (109762 v0100),0x504d4558,owner-verbal-2026-09-23,2d1a24adfaf245d8b75a0f6965811af86730e926a411ee3ee14bf813fba804eb,9437774a3d9c63cd86e936f1c57c8a9bd7c5efe8070a4c273ca5c2424120c280,81d37a219a6b4141d0b433796711ab8af2ee2c3c668a28143a3ffe6a574ade98,11,2026-10-06T20:15:08.398084+00:00
21,3,3,661,ext1_wr_trans_completed_m,False,,True,False,1,False,rc_zero;required_flags_ok;golden_ok,7114,1,9,"error: Nack('NACK 11 (cmd 0x40, state RESULT_READY)')",FTDI-00FT46259002B,FI101-r1p0 (109762 v0100),0x504d4558,owner-verbal-2026-09-23,2d1a24adfaf245d8b75a0f6965811af86730e926a411ee3ee14bf813fba804eb,9437774a3d9c63cd86e936f1c57c8a9bd7c5efe8070a4c273ca5c2424120c280,81d37a219a6b4141d0b433796711ab8af2ee2c3c668a28143a3ffe6a574ade98,11,2026-10-06T20:15:08.398084+00:00
21,3,4,662,ext1_wr_trans_completed_s,False,,True,False,1,False,rc_zero;required_flags_ok;golden_ok,7114,1,9,"error: Nack('NACK 11 (cmd 0x40, state RESULT_READY)')",FTDI-00FT46259002B,FI101-r1p0 (109762 v0100),0x504d4558,owner-verbal-2026-09-23,2d1a24adfaf245d8b75a0f6965811af86730e926a411ee3ee14bf813fba804eb,9437774a3d9c63cd86e936f1c57c8a9bd7c5efe8070a4c273ca5c2424120c280,81d37a219a6b4141d0b433796711ab8af2ee2c3c668a28143a3ffe6a574ade98,11,2026-10-06T20:15:08.398084+00:00
21,3,5,663,ext1_wr_data_beat_written,True,,True,False,1,False,rc_zero;required_flags_ok;golden_ok,7114,1,9,"error: Nack('NACK 11 (cmd 0x40, state RESULT_READY)')",FTDI-00FT46259002B,FI101-r1p0 (109762 v0100),0x504d4558,owner-verbal-2026-09-23,2d1a24adfaf245d8b75a0f6965811af86730e926a411ee3ee14bf813fba804eb,9437774a3d9c63cd86e936f1c57c8a9bd7c5efe8070a4c273ca5c2424120c280,81d37a219a6b4141d0b433796711ab8af2ee2c3c668a28143a3ffe6a574ade98,11,2026-10-06T20:15:08.398084+00:00
21,3,6,664,ext1_wr_tran_req_stalled,True,,True,False,1,False,rc_zero;required_flags_ok;golden_ok,7114,1,9,"error: Nack('NACK 11 (cmd 0x40, state RESULT_READY)')",FTDI-00FT46259002B,FI101-r1p0 (109762 v0100),0x504d4558,owner-verbal-2026-09-23,2d1a24adfaf245d8b75a0f6965811af86730e926a411ee3ee14bf813fba804eb,9437774a3d9c63cd86e936f1c57c8a9bd7c5efe8070a4c273ca5c2424120c280,81d37a219a6b4141d0b433796711ab8af2ee2c3c668a28143a3ffe6a574ade98,11,2026-10-06T20:15:08.398084+00:00
21,3,7,665,ext1_wr_data_beat_stalled,True,,True,False,1,False,rc_zero;required_flags_ok;golden_ok,7114,1,9,"error: Nack('NACK 11 (cmd 0x40, state RESULT_READY)')",FTDI-00FT46259002B,FI101-r1p0 (109762 v0100),0x504d4558,owner-verbal-2026-09-23,2d1a24adfaf245d8b75a0f6965811af86730e926a411ee3ee14bf813fba804eb,9437774a3d9c63cd86e936f1c57c8a9bd7c5efe8070a4c273ca5c2424120c280,81d37a219a6b4141d0b433796711ab8af2ee2c3c668a28143a3ffe6a574ade98,11,2026-10-06T20:15:08.398084+00:00
22,1,0,668,ext1_enabled_cycles,True,,True,False,1,False,rc_zero;required_flags_ok;golden_ok,3589,1,9,"error: Nack('NACK 11 (cmd 0x40, state RESULT_READY)')",FTDI-00FT46259002B,FI101-r1p0 (109762 v0100),0x504d4558,owner-verbal-2026-09-23,2d1a24adfaf245d8b75a0f6965811af86730e926a411ee3ee14bf813fba804eb,9437774a3d9c63cd86e936f1c57c8a9bd7c5efe8070a4c273ca5c2424120c280,81d37a219a6b4141d0b433796711ab8af2ee2c3c668a28143a3ffe6a574ade98,11,2026-10-06T20:15:08.398084+00:00
22,1,1,670,ext1_rd_stall_limit,True,,True,False,1,False,rc_zero;required_flags_ok;golden_ok,3589,1,9,"error: Nack('NACK 11 (cmd 0x40, state RESULT_READY)')",FTDI-00FT46259002B,FI101-r1p0 (109762 v0100),0x504d4558,owner-verbal-2026-09-23,2d1a24adfaf245d8b75a0f6965811af86730e926a411ee3ee14bf813fba804eb,9437774a3d9c63cd86e936f1c57c8a9bd7c5efe8070a4c273ca5c2424120c280,81d37a219a6b4141d0b433796711ab8af2ee2c3c668a28143a3ffe6a574ade98,11,2026-10-06T20:15:08.398084+00:00
22,1,2,671,ext1_wr_stall_limit,True,,True,False,1,False,rc_zero;required_flags_ok;golden_ok,3589,1,9,"error: Nack('NACK 11 (cmd 0x40, state RESULT_READY)')",FTDI-00FT46259002B,FI101-r1p0 (109762 v0100),0x504d4558,owner-verbal-2026-09-23,2d1a24adfaf245d8b75a0f6965811af86730e926a411ee3ee14bf813fba804eb,9437774a3d9c63cd86e936f1c57c8a9bd7c5efe8070a4c273ca5c2424120c280,81d37a219a6b4141d0b433796711ab8af2ee2c3c668a28143a3ffe6a574ade98,11,2026-10-06T20:15:08.398084+00:00
22,2,0,668,ext1_enabled_cycles,True,,True,False,1,False,rc_zero;required_flags_ok;golden_ok,4664,1,9,"error: Nack('NACK 11 (cmd 0x40, state RESULT_READY)')",FTDI-00FT46259002B,FI101-r1p0 (109762 v0100),0x504d4558,owner-verbal-2026-09-23,2d1a24adfaf245d8b75a0f6965811af86730e926a411ee3ee14bf813fba804eb,9437774a3d9c63cd86e936f1c57c8a9bd7c5efe8070a4c273ca5c2424120c280,81d37a219a6b4141d0b433796711ab8af2ee2c3c668a28143a3ffe6a574ade98,11,2026-10-06T20:15:08.398084+00:00
22,2,1,670,ext1_rd_stall_limit,True,,True,False,1,False,rc_zero;required_flags_ok;golden_ok,4664,1,9,"error: Nack('NACK 11 (cmd 0x40, state RESULT_READY)')",FTDI-00FT46259002B,FI101-r1p0 (109762 v0100),0x504d4558,owner-verbal-2026-09-23,2d1a24adfaf245d8b75a0f6965811af86730e926a411ee3ee14bf813fba804eb,9437774a3d9c63cd86e936f1c57c8a9bd7c5efe8070a4c273ca5c2424120c280,81d37a219a6b4141d0b433796711ab8af2ee2c3c668a28143a3ffe6a574ade98,11,2026-10-06T20:15:08.398084+00:00
22,2,2,671,ext1_wr_stall_limit,True,,True,False,1,False,rc_zero;required_flags_ok;golden_ok,4664,1,9,"error: Nack('NACK 11 (cmd 0x40, state RESULT_READY)')",FTDI-00FT46259002B,FI101-r1p0 (109762 v0100),0x504d4558,owner-verbal-2026-09-23,2d1a24adfaf245d8b75a0f6965811af86730e926a411ee3ee14bf813fba804eb,9437774a3d9c63cd86e936f1c57c8a9bd7c5efe8070a4c273ca5c2424120c280,81d37a219a6b4141d0b433796711ab8af2ee2c3c668a28143a3ffe6a574ade98,11,2026-10-06T20:15:08.398084+00:00
22,3,0,668,ext1_enabled_cycles,True,,True,False,1,False,rc_zero;required_flags_ok;golden_ok,3599,1,9,"error: Nack('NACK 11 (cmd 0x40, state RESULT_READY)')",FTDI-00FT46259002B,FI101-r1p0 (109762 v0100),0x504d4558,owner-verbal-2026-09-23,2d1a24adfaf245d8b75a0f6965811af86730e926a411ee3ee14bf813fba804eb,9437774a3d9c63cd86e936f1c57c8a9bd7c5efe8070a4c273ca5c2424120c280,81d37a219a6b4141d0b433796711ab8af2ee2c3c668a28143a3ffe6a574ade98,11,2026-10-06T20:15:08.398084+00:00
22,3,1,670,ext1_rd_stall_limit,True,,True,False,1,False,rc_zero;required_flags_ok;golden_ok,3599,1,9,"error: Nack('NACK 11 (cmd 0x40, state RESULT_READY)')",FTDI-00FT46259002B,FI101-r1p0 (109762 v0100),0x504d4558,owner-verbal-2026-09-23,2d1a24adfaf245d8b75a0f6965811af86730e926a411ee3ee14bf813fba804eb,9437774a3d9c63cd86e936f1c57c8a9bd7c5efe8070a4c273ca5c2424120c280,81d37a219a6b4141d0b433796711ab8af2ee2c3c668a28143a3ffe6a574ade98,11,2026-10-06T20:15:08.398084+00:00
22,3,2,671,ext1_wr_stall_limit,True,,True,False,1,False,rc_zero;required_flags_ok;golden_ok,3599,1,9,"error: Nack('NACK 11 (cmd 0x40, state RESULT_READY)')",FTDI-00FT46259002B,FI101-r1p0 (109762 v0100),0x504d4558,owner-verbal-2026-09-23,2d1a24adfaf245d8b75a0f6965811af86730e926a411ee3ee14bf813fba804eb,9437774a3d9c63cd86e936f1c57c8a9bd7c5efe8070a4c273ca5c2424120c280,81d37a219a6b4141d0b433796711ab8af2ee2c3c668a28143a3ffe6a574ade98,11,2026-10-06T20:15:08.398084+00:00
