set_id,rep,slot,ev_type,name,in_trm110,event_value,event_valid,event_overflow,run_rc,run_valid,invalid_reasons,window_cycles,cycle_valid,valid_flags,golden_crc,board_serial,fpga_image,build_id,authorization,app_sha256,vectors_sha256,ddr_sha256,host_boot_index,captured_at_utc
1,1,0,0,no_event,True,0,True,False,0,True,,3155629,1,15,,FTDI-00FT46259002B,FI101-r1p0 (109762 v0100),0x504d574c,owner-verbal-2026-09-23,0af8d85f4e10db64e5c5885e109f407f5162f2f59183bd950ff58b8580dc3ba9,98962567ffeb7b9dd203672c10947c3ec3f6652148bfaf6651fdb16101dc98fb,81d37a219a6b4141d0b433796711ab8af2ee2c3c668a28143a3ffe6a574ade98,13,2026-10-06T20:41:46.521838+00:00
1,1,1,17,cycle,True,3155855,True,False,0,True,,3155629,1,15,,FTDI-00FT46259002B,FI101-r1p0 (109762 v0100),0x504d574c,owner-verbal-2026-09-23,0af8d85f4e10db64e5c5885e109f407f5162f2f59183bd950ff58b8580dc3ba9,98962567ffeb7b9dd203672c10947c3ec3f6652148bfaf6651fdb16101dc98fb,81d37a219a6b4141d0b433796711ab8af2ee2c3c668a28143a3ffe6a574ade98,13,2026-10-06T20:41:46.521838+00:00
1,1,2,32,npu_idle,True,2554389,True,False,0,True,,3155629,1,15,,FTDI-00FT46259002B,FI101-r1p0 (109762 v0100),0x504d574c,owner-verbal-2026-09-23,0af8d85f4e10db64e5c5885e109f407f5162f2f59183bd950ff58b8580dc3ba9,98962567ffeb7b9dd203672c10947c3ec3f6652148bfaf6651fdb16101dc98fb,81d37a219a6b4141d0b433796711ab8af2ee2c3c668a28143a3ffe6a574ade98,13,2026-10-06T20:41:46.521838+00:00
1,1,3,33,cc_stalled_on_blockdep,False,142741,True,False,0,True,,3155629,1,15,,FTDI-00FT46259002B,FI101-r1p0 (109762 v0100),0x504d574c,owner-verbal-2026-09-23,0af8d85f4e10db64e5c5885e109f407f5162f2f59183bd950ff58b8580dc3ba9,98962567ffeb7b9dd203672c10947c3ec3f6652148bfaf6651fdb16101dc98fb,81d37a219a6b4141d0b433796711ab8af2ee2c3c668a28143a3ffe6a574ade98,13,2026-10-06T20:41:46.521838+00:00
1,1,4,35,npu_active,True,601477,True,False,0,True,,3155629,1,15,,FTDI-00FT46259002B,FI101-r1p0 (109762 v0100),0x504d574c,owner-verbal-2026-09-23,0af8d85f4e10db64e5c5885e109f407f5162f2f59183bd950ff58b8580dc3ba9,98962567ffeb7b9dd203672c10947c3ec3f6652148bfaf6651fdb16101dc98fb,81d37a219a6b4141d0b433796711ab8af2ee2c3c668a28143a3ffe6a574ade98,13,2026-10-06T20:41:46.521838+00:00
1,1,5,48,mac_active,True,56450,True,False,0,True,,3155629,1,15,,FTDI-00FT46259002B,FI101-r1p0 (109762 v0100),0x504d574c,owner-verbal-2026-09-23,0af8d85f4e10db64e5c5885e109f407f5162f2f59183bd950ff58b8580dc3ba9,98962567ffeb7b9dd203672c10947c3ec3f6652148bfaf6651fdb16101dc98fb,81d37a219a6b4141d0b433796711ab8af2ee2c3c668a28143a3ffe6a574ade98,13,2026-10-06T20:41:46.521838+00:00
1,1,6,51,mac_dpu_active,True,51081,True,False,0,True,,3155629,1,15,,FTDI-00FT46259002B,FI101-r1p0 (109762 v0100),0x504d574c,owner-verbal-2026-09-23,0af8d85f4e10db64e5c5885e109f407f5162f2f59183bd950ff58b8580dc3ba9,98962567ffeb7b9dd203672c10947c3ec3f6652148bfaf6651fdb16101dc98fb,81d37a219a6b4141d0b433796711ab8af2ee2c3c668a28143a3ffe6a574ade98,13,2026-10-06T20:41:46.521838+00:00
1,1,7,52,mac_stalled_by_w_or_acc,False,41351,True,False,0,True,,3155629,1,15,,FTDI-00FT46259002B,FI101-r1p0 (109762 v0100),0x504d574c,owner-verbal-2026-09-23,0af8d85f4e10db64e5c5885e109f407f5162f2f59183bd950ff58b8580dc3ba9,98962567ffeb7b9dd203672c10947c3ec3f6652148bfaf6651fdb16101dc98fb,81d37a219a6b4141d0b433796711ab8af2ee2c3c668a28143a3ffe6a574ade98,13,2026-10-06T20:41:46.521838+00:00
1,2,0,0,no_event,True,0,True,False,0,True,,3158131,1,15,,FTDI-00FT46259002B,FI101-r1p0 (109762 v0100),0x504d574c,owner-verbal-2026-09-23,0af8d85f4e10db64e5c5885e109f407f5162f2f59183bd950ff58b8580dc3ba9,98962567ffeb7b9dd203672c10947c3ec3f6652148bfaf6651fdb16101dc98fb,81d37a219a6b4141d0b433796711ab8af2ee2c3c668a28143a3ffe6a574ade98,13,2026-10-06T20:41:46.521838+00:00
1,2,1,17,cycle,True,3158357,True,False,0,True,,3158131,1,15,,FTDI-00FT46259002B,FI101-r1p0 (109762 v0100),0x504d574c,owner-verbal-2026-09-23,0af8d85f4e10db64e5c5885e109f407f5162f2f59183bd950ff58b8580dc3ba9,98962567ffeb7b9dd203672c10947c3ec3f6652148bfaf6651fdb16101dc98fb,81d37a219a6b4141d0b433796711ab8af2ee2c3c668a28143a3ffe6a574ade98,13,2026-10-06T20:41:46.521838+00:00
1,2,2,32,npu_idle,True,2554222,True,False,0,True,,3158131,1,15,,FTDI-00FT46259002B,FI101-r1p0 (109762 v0100),0x504d574c,owner-verbal-2026-09-23,0af8d85f4e10db64e5c5885e109f407f5162f2f59183bd950ff58b8580dc3ba9,98962567ffeb7b9dd203672c10947c3ec3f6652148bfaf6651fdb16101dc98fb,81d37a219a6b4141d0b433796711ab8af2ee2c3c668a28143a3ffe6a574ade98,13,2026-10-06T20:41:46.521838+00:00
1,2,3,33,cc_stalled_on_blockdep,False,142562,True,False,0,True,,3158131,1,15,,FTDI-00FT46259002B,FI101-r1p0 (109762 v0100),0x504d574c,owner-verbal-2026-09-23,0af8d85f4e10db64e5c5885e109f407f5162f2f59183bd950ff58b8580dc3ba9,98962567ffeb7b9dd203672c10947c3ec3f6652148bfaf6651fdb16101dc98fb,81d37a219a6b4141d0b433796711ab8af2ee2c3c668a28143a3ffe6a574ade98,13,2026-10-06T20:41:46.521838+00:00
1,2,4,35,npu_active,True,604146,True,False,0,True,,3158131,1,15,,FTDI-00FT46259002B,FI101-r1p0 (109762 v0100),0x504d574c,owner-verbal-2026-09-23,0af8d85f4e10db64e5c5885e109f407f5162f2f59183bd950ff58b8580dc3ba9,98962567ffeb7b9dd203672c10947c3ec3f6652148bfaf6651fdb16101dc98fb,81d37a219a6b4141d0b433796711ab8af2ee2c3c668a28143a3ffe6a574ade98,13,2026-10-06T20:41:46.521838+00:00
1,2,5,48,mac_active,True,56450,True,False,0,True,,3158131,1,15,,FTDI-00FT46259002B,FI101-r1p0 (109762 v0100),0x504d574c,owner-verbal-2026-09-23,0af8d85f4e10db64e5c5885e109f407f5162f2f59183bd950ff58b8580dc3ba9,98962567ffeb7b9dd203672c10947c3ec3f6652148bfaf6651fdb16101dc98fb,81d37a219a6b4141d0b433796711ab8af2ee2c3c668a28143a3ffe6a574ade98,13,2026-10-06T20:41:46.521838+00:00
1,2,6,51,mac_dpu_active,True,51067,True,False,0,True,,3158131,1,15,,FTDI-00FT46259002B,FI101-r1p0 (109762 v0100),0x504d574c,owner-verbal-2026-09-23,0af8d85f4e10db64e5c5885e109f407f5162f2f59183bd950ff58b8580dc3ba9,98962567ffeb7b9dd203672c10947c3ec3f6652148bfaf6651fdb16101dc98fb,81d37a219a6b4141d0b433796711ab8af2ee2c3c668a28143a3ffe6a574ade98,13,2026-10-06T20:41:46.521838+00:00
1,2,7,52,mac_stalled_by_w_or_acc,False,41406,True,False,0,True,,3158131,1,15,,FTDI-00FT46259002B,FI101-r1p0 (109762 v0100),0x504d574c,owner-verbal-2026-09-23,0af8d85f4e10db64e5c5885e109f407f5162f2f59183bd950ff58b8580dc3ba9,98962567ffeb7b9dd203672c10947c3ec3f6652148bfaf6651fdb16101dc98fb,81d37a219a6b4141d0b433796711ab8af2ee2c3c668a28143a3ffe6a574ade98,13,2026-10-06T20:41:46.521838+00:00
1,3,0,0,no_event,True,0,True,False,0,True,,3151983,1,15,,FTDI-00FT46259002B,FI101-r1p0 (109762 v0100),0x504d574c,owner-verbal-2026-09-23,0af8d85f4e10db64e5c5885e109f407f5162f2f59183bd950ff58b8580dc3ba9,98962567ffeb7b9dd203672c10947c3ec3f6652148bfaf6651fdb16101dc98fb,81d37a219a6b4141d0b433796711ab8af2ee2c3c668a28143a3ffe6a574ade98,13,2026-10-06T20:41:46.521838+00:00
1,3,1,17,cycle,True,3152209,True,False,0,True,,3151983,1,15,,FTDI-00FT46259002B,FI101-r1p0 (109762 v0100),0x504d574c,owner-verbal-2026-09-23,0af8d85f4e10db64e5c5885e109f407f5162f2f59183bd950ff58b8580dc3ba9,98962567ffeb7b9dd203672c10947c3ec3f6652148bfaf6651fdb16101dc98fb,81d37a219a6b4141d0b433796711ab8af2ee2c3c668a28143a3ffe6a574ade98,13,2026-10-06T20:41:46.521838+00:00
1,3,2,32,npu_idle,True,2554125,True,False,0,True,,3151983,1,15,,FTDI-00FT46259002B,FI101-r1p0 (109762 v0100),0x504d574c,owner-verbal-2026-09-23,0af8d85f4e10db64e5c5885e109f407f5162f2f59183bd950ff58b8580dc3ba9,98962567ffeb7b9dd203672c10947c3ec3f6652148bfaf6651fdb16101dc98fb,81d37a219a6b4141d0b433796711ab8af2ee2c3c668a28143a3ffe6a574ade98,13,2026-10-06T20:41:46.521838+00:00
1,3,3,33,cc_stalled_on_blockdep,False,142739,True,False,0,True,,3151983,1,15,,FTDI-00FT46259002B,FI101-r1p0 (109762 v0100),0x504d574c,owner-verbal-2026-09-23,0af8d85f4e10db64e5c5885e109f407f5162f2f59183bd950ff58b8580dc3ba9,98962567ffeb7b9dd203672c10947c3ec3f6652148bfaf6651fdb16101dc98fb,81d37a219a6b4141d0b433796711ab8af2ee2c3c668a28143a3ffe6a574ade98,13,2026-10-06T20:41:46.521838+00:00
1,3,4,35,npu_active,True,598095,True,False,0,True,,3151983,1,15,,FTDI-00FT46259002B,FI101-r1p0 (109762 v0100),0x504d574c,owner-verbal-2026-09-23,0af8d85f4e10db64e5c5885e109f407f5162f2f59183bd950ff58b8580dc3ba9,98962567ffeb7b9dd203672c10947c3ec3f6652148bfaf6651fdb16101dc98fb,81d37a219a6b4141d0b433796711ab8af2ee2c3c668a28143a3ffe6a574ade98,13,2026-10-06T20:41:46.521838+00:00
1,3,5,48,mac_active,True,56450,True,False,0,True,,3151983,1,15,,FTDI-00FT46259002B,FI101-r1p0 (109762 v0100),0x504d574c,owner-verbal-2026-09-23,0af8d85f4e10db64e5c5885e109f407f5162f2f59183bd950ff58b8580dc3ba9,98962567ffeb7b9dd203672c10947c3ec3f6652148bfaf6651fdb16101dc98fb,81d37a219a6b4141d0b433796711ab8af2ee2c3c668a28143a3ffe6a574ade98,13,2026-10-06T20:41:46.521838+00:00
1,3,6,51,mac_dpu_active,True,51081,True,False,0,True,,3151983,1,15,,FTDI-00FT46259002B,FI101-r1p0 (109762 v0100),0x504d574c,owner-verbal-2026-09-23,0af8d85f4e10db64e5c5885e109f407f5162f2f59183bd950ff58b8580dc3ba9,98962567ffeb7b9dd203672c10947c3ec3f6652148bfaf6651fdb16101dc98fb,81d37a219a6b4141d0b433796711ab8af2ee2c3c668a28143a3ffe6a574ade98,13,2026-10-06T20:41:46.521838+00:00
1,3,7,52,mac_stalled_by_w_or_acc,False,41351,True,False,0,True,,3151983,1,15,,FTDI-00FT46259002B,FI101-r1p0 (109762 v0100),0x504d574c,owner-verbal-2026-09-23,0af8d85f4e10db64e5c5885e109f407f5162f2f59183bd950ff58b8580dc3ba9,98962567ffeb7b9dd203672c10947c3ec3f6652148bfaf6651fdb16101dc98fb,81d37a219a6b4141d0b433796711ab8af2ee2c3c668a28143a3ffe6a574ade98,13,2026-10-06T20:41:46.521838+00:00
2,1,0,53,mac_stalled_by_w,False,26606,True,False,0,True,,3156934,1,15,,FTDI-00FT46259002B,FI101-r1p0 (109762 v0100),0x504d574c,owner-verbal-2026-09-23,0af8d85f4e10db64e5c5885e109f407f5162f2f59183bd950ff58b8580dc3ba9,98962567ffeb7b9dd203672c10947c3ec3f6652148bfaf6651fdb16101dc98fb,81d37a219a6b4141d0b433796711ab8af2ee2c3c668a28143a3ffe6a574ade98,13,2026-10-06T20:41:46.521838+00:00
2,1,1,54,mac_stalled_by_acc,False,14841,True,False,0,True,,3156934,1,15,,FTDI-00FT46259002B,FI101-r1p0 (109762 v0100),0x504d574c,owner-verbal-2026-09-23,0af8d85f4e10db64e5c5885e109f407f5162f2f59183bd950ff58b8580dc3ba9,98962567ffeb7b9dd203672c10947c3ec3f6652148bfaf6651fdb16101dc98fb,81d37a219a6b4141d0b433796711ab8af2ee2c3c668a28143a3ffe6a574ade98,13,2026-10-06T20:41:46.521838+00:00
2,1,2,55,mac_stalled_by_ib,False,466927,True,False,0,True,,3156934,1,15,,FTDI-00FT46259002B,FI101-r1p0 (109762 v0100),0x504d574c,owner-verbal-2026-09-23,0af8d85f4e10db64e5c5885e109f407f5162f2f59183bd950ff58b8580dc3ba9,98962567ffeb7b9dd203672c10947c3ec3f6652148bfaf6651fdb16101dc98fb,81d37a219a6b4141d0b433796711ab8af2ee2c3c668a28143a3ffe6a574ade98,13,2026-10-06T20:41:46.521838+00:00
2,1,3,64,ao_active,True,17663,True,False,0,True,,3156934,1,15,,FTDI-00FT46259002B,FI101-r1p0 (109762 v0100),0x504d574c,owner-verbal-2026-09-23,0af8d85f4e10db64e5c5885e109f407f5162f2f59183bd950ff58b8580dc3ba9,98962567ffeb7b9dd203672c10947c3ec3f6652148bfaf6651fdb16101dc98fb,81d37a219a6b4141d0b433796711ab8af2ee2c3c668a28143a3ffe6a574ade98,13,2026-10-06T20:41:46.521838+00:00
2,1,4,67,ao_stalled_by_bs_or_ob,False,227479,True,False,0,True,,3156934,1,15,,FTDI-00FT46259002B,FI101-r1p0 (109762 v0100),0x504d574c,owner-verbal-2026-09-23,0af8d85f4e10db64e5c5885e109f407f5162f2f59183bd950ff58b8580dc3ba9,98962567ffeb7b9dd203672c10947c3ec3f6652148bfaf6651fdb16101dc98fb,81d37a219a6b4141d0b433796711ab8af2ee2c3c668a28143a3ffe6a574ade98,13,2026-10-06T20:41:46.521838+00:00
2,1,5,68,ao_stalled_by_bs,False,136854,True,False,0,True,,3156934,1,15,,FTDI-00FT46259002B,FI101-r1p0 (109762 v0100),0x504d574c,owner-verbal-2026-09-23,0af8d85f4e10db64e5c5885e109f407f5162f2f59183bd950ff58b8580dc3ba9,98962567ffeb7b9dd203672c10947c3ec3f6652148bfaf6651fdb16101dc98fb,81d37a219a6b4141d0b433796711ab8af2ee2c3c668a28143a3ffe6a574ade98,13,2026-10-06T20:41:46.521838+00:00
2,1,6,69,ao_stalled_by_ob,False,99341,True,False,0,True,,3156934,1,15,,FTDI-00FT46259002B,FI101-r1p0 (109762 v0100),0x504d574c,owner-verbal-2026-09-23,0af8d85f4e10db64e5c5885e109f407f5162f2f59183bd950ff58b8580dc3ba9,98962567ffeb7b9dd203672c10947c3ec3f6652148bfaf6651fdb16101dc98fb,81d37a219a6b4141d0b433796711ab8af2ee2c3c668a28143a3ffe6a574ade98,13,2026-10-06T20:41:46.521838+00:00
2,1,7,70,ao_stalled_by_ab_or_cb,False,389421,True,False,0,True,,3156934,1,15,,FTDI-00FT46259002B,FI101-r1p0 (109762 v0100),0x504d574c,owner-verbal-2026-09-23,0af8d85f4e10db64e5c5885e109f407f5162f2f59183bd950ff58b8580dc3ba9,98962567ffeb7b9dd203672c10947c3ec3f6652148bfaf6651fdb16101dc98fb,81d37a219a6b4141d0b433796711ab8af2ee2c3c668a28143a3ffe6a574ade98,13,2026-10-06T20:41:46.521838+00:00
2,2,0,53,mac_stalled_by_w,False,26624,True,False,0,True,,3152635,1,15,,FTDI-00FT46259002B,FI101-r1p0 (109762 v0100),0x504d574c,owner-verbal-2026-09-23,0af8d85f4e10db64e5c5885e109f407f5162f2f59183bd950ff58b8580dc3ba9,98962567ffeb7b9dd203672c10947c3ec3f6652148bfaf6651fdb16101dc98fb,81d37a219a6b4141d0b433796711ab8af2ee2c3c668a28143a3ffe6a574ade98,13,2026-10-06T20:41:46.521838+00:00
2,2,1,54,mac_stalled_by_acc,False,14745,True,False,0,True,,3152635,1,15,,FTDI-00FT46259002B,FI101-r1p0 (109762 v0100),0x504d574c,owner-verbal-2026-09-23,0af8d85f4e10db64e5c5885e109f407f5162f2f59183bd950ff58b8580dc3ba9,98962567ffeb7b9dd203672c10947c3ec3f6652148bfaf6651fdb16101dc98fb,81d37a219a6b4141d0b433796711ab8af2ee2c3c668a28143a3ffe6a574ade98,13,2026-10-06T20:41:46.521838+00:00
2,2,2,55,mac_stalled_by_ib,False,454853,True,False,0,True,,3152635,1,15,,FTDI-00FT46259002B,FI101-r1p0 (109762 v0100),0x504d574c,owner-verbal-2026-09-23,0af8d85f4e10db64e5c5885e109f407f5162f2f59183bd950ff58b8580dc3ba9,98962567ffeb7b9dd203672c10947c3ec3f6652148bfaf6651fdb16101dc98fb,81d37a219a6b4141d0b433796711ab8af2ee2c3c668a28143a3ffe6a574ade98,13,2026-10-06T20:41:46.521838+00:00
2,2,3,64,ao_active,True,17662,True,False,0,True,,3152635,1,15,,FTDI-00FT46259002B,FI101-r1p0 (109762 v0100),0x504d574c,owner-verbal-2026-09-23,0af8d85f4e10db64e5c5885e109f407f5162f2f59183bd950ff58b8580dc3ba9,98962567ffeb7b9dd203672c10947c3ec3f6652148bfaf6651fdb16101dc98fb,81d37a219a6b4141d0b433796711ab8af2ee2c3c668a28143a3ffe6a574ade98,13,2026-10-06T20:41:46.521838+00:00
2,2,4,67,ao_stalled_by_bs_or_ob,False,227665,True,False,0,True,,3152635,1,15,,FTDI-00FT46259002B,FI101-r1p0 (109762 v0100),0x504d574c,owner-verbal-2026-09-23,0af8d85f4e10db64e5c5885e109f407f5162f2f59183bd950ff58b8580dc3ba9,98962567ffeb7b9dd203672c10947c3ec3f6652148bfaf6651fdb16101dc98fb,81d37a219a6b4141d0b433796711ab8af2ee2c3c668a28143a3ffe6a574ade98,13,2026-10-06T20:41:46.521838+00:00
2,2,5,68,ao_stalled_by_bs,False,119106,True,False,0,True,,3152635,1,15,,FTDI-00FT46259002B,FI101-r1p0 (109762 v0100),0x504d574c,owner-verbal-2026-09-23,0af8d85f4e10db64e5c5885e109f407f5162f2f59183bd950ff58b8580dc3ba9,98962567ffeb7b9dd203672c10947c3ec3f6652148bfaf6651fdb16101dc98fb,81d37a219a6b4141d0b433796711ab8af2ee2c3c668a28143a3ffe6a574ade98,13,2026-10-06T20:41:46.521838+00:00
2,2,6,69,ao_stalled_by_ob,False,117264,True,False,0,True,,3152635,1,15,,FTDI-00FT46259002B,FI101-r1p0 (109762 v0100),0x504d574c,owner-verbal-2026-09-23,0af8d85f4e10db64e5c5885e109f407f5162f2f59183bd950ff58b8580dc3ba9,98962567ffeb7b9dd203672c10947c3ec3f6652148bfaf6651fdb16101dc98fb,81d37a219a6b4141d0b433796711ab8af2ee2c3c668a28143a3ffe6a574ade98,13,2026-10-06T20:41:46.521838+00:00
2,2,7,70,ao_stalled_by_ab_or_cb,False,367911,True,False,0,True,,3152635,1,15,,FTDI-00FT46259002B,FI101-r1p0 (109762 v0100),0x504d574c,owner-verbal-2026-09-23,0af8d85f4e10db64e5c5885e109f407f5162f2f59183bd950ff58b8580dc3ba9,98962567ffeb7b9dd203672c10947c3ec3f6652148bfaf6651fdb16101dc98fb,81d37a219a6b4141d0b433796711ab8af2ee2c3c668a28143a3ffe6a574ade98,13,2026-10-06T20:41:46.521838+00:00
2,3,0,53,mac_stalled_by_w,False,26645,True,False,0,True,,3147800,1,15,,FTDI-00FT46259002B,FI101-r1p0 (109762 v0100),0x504d574c,owner-verbal-2026-09-23,0af8d85f4e10db64e5c5885e109f407f5162f2f59183bd950ff58b8580dc3ba9,98962567ffeb7b9dd203672c10947c3ec3f6652148bfaf6651fdb16101dc98fb,81d37a219a6b4141d0b433796711ab8af2ee2c3c668a28143a3ffe6a574ade98,13,2026-10-06T20:41:46.521838+00:00
2,3,1,54,mac_stalled_by_acc,False,14841,True,False,0,True,,3147800,1,15,,FTDI-00FT46259002B,FI101-r1p0 (109762 v0100),0x504d574c,owner-verbal-2026-09-23,0af8d85f4e10db64e5c5885e109f407f5162f2f59183bd950ff58b8580dc3ba9,98962567ffeb7b9dd203672c10947c3ec3f6652148bfaf6651fdb16101dc98fb,81d37a219a6b4141d0b433796711ab8af2ee2c3c668a28143a3ffe6a574ade98,13,2026-10-06T20:41:46.521838+00:00
2,3,2,55,mac_stalled_by_ib,False,457869,True,False,0,True,,3147800,1,15,,FTDI-00FT46259002B,FI101-r1p0 (109762 v0100),0x504d574c,owner-verbal-2026-09-23,0af8d85f4e10db64e5c5885e109f407f5162f2f59183bd950ff58b8580dc3ba9,98962567ffeb7b9dd203672c10947c3ec3f6652148bfaf6651fdb16101dc98fb,81d37a219a6b4141d0b433796711ab8af2ee2c3c668a28143a3ffe6a574ade98,13,2026-10-06T20:41:46.521838+00:00
2,3,3,64,ao_active,True,17605,True,False,0,True,,3147800,1,15,,FTDI-00FT46259002B,FI101-r1p0 (109762 v0100),0x504d574c,owner-verbal-2026-09-23,0af8d85f4e10db64e5c5885e109f407f5162f2f59183bd950ff58b8580dc3ba9,98962567ffeb7b9dd203672c10947c3ec3f6652148bfaf6651fdb16101dc98fb,81d37a219a6b4141d0b433796711ab8af2ee2c3c668a28143a3ffe6a574ade98,13,2026-10-06T20:41:46.521838+00:00
2,3,4,67,ao_stalled_by_bs_or_ob,False,217916,True,False,0,True,,3147800,1,15,,FTDI-00FT46259002B,FI101-r1p0 (109762 v0100),0x504d574c,owner-verbal-2026-09-23,0af8d85f4e10db64e5c5885e109f407f5162f2f59183bd950ff58b8580dc3ba9,98962567ffeb7b9dd203672c10947c3ec3f6652148bfaf6651fdb16101dc98fb,81d37a219a6b4141d0b433796711ab8af2ee2c3c668a28143a3ffe6a574ade98,13,2026-10-06T20:41:46.521838+00:00
2,3,5,68,ao_stalled_by_bs,False,136505,True,False,0,True,,3147800,1,15,,FTDI-00FT46259002B,FI101-r1p0 (109762 v0100),0x504d574c,owner-verbal-2026-09-23,0af8d85f4e10db64e5c5885e109f407f5162f2f59183bd950ff58b8580dc3ba9,98962567ffeb7b9dd203672c10947c3ec3f6652148bfaf6651fdb16101dc98fb,81d37a219a6b4141d0b433796711ab8af2ee2c3c668a28143a3ffe6a574ade98,13,2026-10-06T20:41:46.521838+00:00
2,3,6,69,ao_stalled_by_ob,False,98625,True,False,0,True,,3147800,1,15,,FTDI-00FT46259002B,FI101-r1p0 (109762 v0100),0x504d574c,owner-verbal-2026-09-23,0af8d85f4e10db64e5c5885e109f407f5162f2f59183bd950ff58b8580dc3ba9,98962567ffeb7b9dd203672c10947c3ec3f6652148bfaf6651fdb16101dc98fb,81d37a219a6b4141d0b433796711ab8af2ee2c3c668a28143a3ffe6a574ade98,13,2026-10-06T20:41:46.521838+00:00
2,3,7,70,ao_stalled_by_ab_or_cb,False,389819,True,False,0,True,,3147800,1,15,,FTDI-00FT46259002B,FI101-r1p0 (109762 v0100),0x504d574c,owner-verbal-2026-09-23,0af8d85f4e10db64e5c5885e109f407f5162f2f59183bd950ff58b8580dc3ba9,98962567ffeb7b9dd203672c10947c3ec3f6652148bfaf6651fdb16101dc98fb,81d37a219a6b4141d0b433796711ab8af2ee2c3c668a28143a3ffe6a574ade98,13,2026-10-06T20:41:46.521838+00:00
3,1,0,71,ao_stalled_by_ab,False,376829,True,False,0,True,,3143623,1,15,,FTDI-00FT46259002B,FI101-r1p0 (109762 v0100),0x504d574c,owner-verbal-2026-09-23,0af8d85f4e10db64e5c5885e109f407f5162f2f59183bd950ff58b8580dc3ba9,98962567ffeb7b9dd203672c10947c3ec3f6652148bfaf6651fdb16101dc98fb,81d37a219a6b4141d0b433796711ab8af2ee2c3c668a28143a3ffe6a574ade98,13,2026-10-06T20:41:46.521838+00:00
3,1,1,72,ao_stalled_by_cb,False,0,True,False,0,True,,3143623,1,15,,FTDI-00FT46259002B,FI101-r1p0 (109762 v0100),0x504d574c,owner-verbal-2026-09-23,0af8d85f4e10db64e5c5885e109f407f5162f2f59183bd950ff58b8580dc3ba9,98962567ffeb7b9dd203672c10947c3ec3f6652148bfaf6651fdb16101dc98fb,81d37a219a6b4141d0b433796711ab8af2ee2c3c668a28143a3ffe6a574ade98,13,2026-10-06T20:41:46.521838+00:00
3,1,2,80,wd_active,True,12157,True,False,0,True,,3143623,1,15,,FTDI-00FT46259002B,FI101-r1p0 (109762 v0100),0x504d574c,owner-verbal-2026-09-23,0af8d85f4e10db64e5c5885e109f407f5162f2f59183bd950ff58b8580dc3ba9,98962567ffeb7b9dd203672c10947c3ec3f6652148bfaf6651fdb16101dc98fb,81d37a219a6b4141d0b433796711ab8af2ee2c3c668a28143a3ffe6a574ade98,13,2026-10-06T20:41:46.521838+00:00
3,1,3,81,wd_stalled,True,535856,True,False,0,True,,3143623,1,15,,FTDI-00FT46259002B,FI101-r1p0 (109762 v0100),0x504d574c,owner-verbal-2026-09-23,0af8d85f4e10db64e5c5885e109f407f5162f2f59183bd950ff58b8580dc3ba9,98962567ffeb7b9dd203672c10947c3ec3f6652148bfaf6651fdb16101dc98fb,81d37a219a6b4141d0b433796711ab8af2ee2c3c668a28143a3ffe6a574ade98,13,2026-10-06T20:41:46.521838+00:00
3,1,4,83,wd_stalled_by_wd_buf,False,473280,True,False,0,True,,3143623,1,15,,FTDI-00FT46259002B,FI101-r1p0 (109762 v0100),0x504d574c,owner-verbal-2026-09-23,0af8d85f4e10db64e5c5885e109f407f5162f2f59183bd950ff58b8580dc3ba9,98962567ffeb7b9dd203672c10947c3ec3f6652148bfaf6651fdb16101dc98fb,81d37a219a6b4141d0b433796711ab8af2ee2c3c668a28143a3ffe6a574ade98,13,2026-10-06T20:41:46.521838+00:00
3,1,5,84,wd_stalled_by_ws_fc,False,0,True,False,0,True,,3143623,1,15,,FTDI-00FT46259002B,FI101-r1p0 (109762 v0100),0x504d574c,owner-verbal-2026-09-23,0af8d85f4e10db64e5c5885e109f407f5162f2f59183bd950ff58b8580dc3ba9,98962567ffeb7b9dd203672c10947c3ec3f6652148bfaf6651fdb16101dc98fb,81d37a219a6b4141d0b433796711ab8af2ee2c3c668a28143a3ffe6a574ade98,13,2026-10-06T20:41:46.521838+00:00
3,1,6,85,wd_stalled_by_ws_tc,False,0,True,False,0,True,,3143623,1,15,,FTDI-00FT46259002B,FI101-r1p0 (109762 v0100),0x504d574c,owner-verbal-2026-09-23,0af8d85f4e10db64e5c5885e109f407f5162f2f59183bd950ff58b8580dc3ba9,98962567ffeb7b9dd203672c10947c3ec3f6652148bfaf6651fdb16101dc98fb,81d37a219a6b4141d0b433796711ab8af2ee2c3c668a28143a3ffe6a574ade98,13,2026-10-06T20:41:46.521838+00:00
3,1,7,89,wd_trans_wblk,False,303,True,False,0,True,,3143623,1,15,,FTDI-00FT46259002B,FI101-r1p0 (109762 v0100),0x504d574c,owner-verbal-2026-09-23,0af8d85f4e10db64e5c5885e109f407f5162f2f59183bd950ff58b8580dc3ba9,98962567ffeb7b9dd203672c10947c3ec3f6652148bfaf6651fdb16101dc98fb,81d37a219a6b4141d0b433796711ab8af2ee2c3c668a28143a3ffe6a574ade98,13,2026-10-06T20:41:46.521838+00:00
3,2,0,71,ao_stalled_by_ab,False,367469,True,False,0,True,,3143363,1,15,,FTDI-00FT46259002B,FI101-r1p0 (109762 v0100),0x504d574c,owner-verbal-2026-09-23,0af8d85f4e10db64e5c5885e109f407f5162f2f59183bd950ff58b8580dc3ba9,98962567ffeb7b9dd203672c10947c3ec3f6652148bfaf6651fdb16101dc98fb,81d37a219a6b4141d0b433796711ab8af2ee2c3c668a28143a3ffe6a574ade98,13,2026-10-06T20:41:46.521838+00:00
3,2,1,72,ao_stalled_by_cb,False,0,True,False,0,True,,3143363,1,15,,FTDI-00FT46259002B,FI101-r1p0 (109762 v0100),0x504d574c,owner-verbal-2026-09-23,0af8d85f4e10db64e5c5885e109f407f5162f2f59183bd950ff58b8580dc3ba9,98962567ffeb7b9dd203672c10947c3ec3f6652148bfaf6651fdb16101dc98fb,81d37a219a6b4141d0b433796711ab8af2ee2c3c668a28143a3ffe6a574ade98,13,2026-10-06T20:41:46.521838+00:00
3,2,2,80,wd_active,True,12174,True,False,0,True,,3143363,1,15,,FTDI-00FT46259002B,FI101-r1p0 (109762 v0100),0x504d574c,owner-verbal-2026-09-23,0af8d85f4e10db64e5c5885e109f407f5162f2f59183bd950ff58b8580dc3ba9,98962567ffeb7b9dd203672c10947c3ec3f6652148bfaf6651fdb16101dc98fb,81d37a219a6b4141d0b433796711ab8af2ee2c3c668a28143a3ffe6a574ade98,13,2026-10-06T20:41:46.521838+00:00
3,2,3,81,wd_stalled,True,535489,True,False,0,True,,3143363,1,15,,FTDI-00FT46259002B,FI101-r1p0 (109762 v0100),0x504d574c,owner-verbal-2026-09-23,0af8d85f4e10db64e5c5885e109f407f5162f2f59183bd950ff58b8580dc3ba9,98962567ffeb7b9dd203672c10947c3ec3f6652148bfaf6651fdb16101dc98fb,81d37a219a6b4141d0b433796711ab8af2ee2c3c668a28143a3ffe6a574ade98,13,2026-10-06T20:41:46.521838+00:00
3,2,4,83,wd_stalled_by_wd_buf,False,472706,True,False,0,True,,3143363,1,15,,FTDI-00FT46259002B,FI101-r1p0 (109762 v0100),0x504d574c,owner-verbal-2026-09-23,0af8d85f4e10db64e5c5885e109f407f5162f2f59183bd950ff58b8580dc3ba9,98962567ffeb7b9dd203672c10947c3ec3f6652148bfaf6651fdb16101dc98fb,81d37a219a6b4141d0b433796711ab8af2ee2c3c668a28143a3ffe6a574ade98,13,2026-10-06T20:41:46.521838+00:00
3,2,5,84,wd_stalled_by_ws_fc,False,0,True,False,0,True,,3143363,1,15,,FTDI-00FT46259002B,FI101-r1p0 (109762 v0100),0x504d574c,owner-verbal-2026-09-23,0af8d85f4e10db64e5c5885e109f407f5162f2f59183bd950ff58b8580dc3ba9,98962567ffeb7b9dd203672c10947c3ec3f6652148bfaf6651fdb16101dc98fb,81d37a219a6b4141d0b433796711ab8af2ee2c3c668a28143a3ffe6a574ade98,13,2026-10-06T20:41:46.521838+00:00
3,2,6,85,wd_stalled_by_ws_tc,False,0,True,False,0,True,,3143363,1,15,,FTDI-00FT46259002B,FI101-r1p0 (109762 v0100),0x504d574c,owner-verbal-2026-09-23,0af8d85f4e10db64e5c5885e109f407f5162f2f59183bd950ff58b8580dc3ba9,98962567ffeb7b9dd203672c10947c3ec3f6652148bfaf6651fdb16101dc98fb,81d37a219a6b4141d0b433796711ab8af2ee2c3c668a28143a3ffe6a574ade98,13,2026-10-06T20:41:46.521838+00:00
3,2,7,89,wd_trans_wblk,False,303,True,False,0,True,,3143363,1,15,,FTDI-00FT46259002B,FI101-r1p0 (109762 v0100),0x504d574c,owner-verbal-2026-09-23,0af8d85f4e10db64e5c5885e109f407f5162f2f59183bd950ff58b8580dc3ba9,98962567ffeb7b9dd203672c10947c3ec3f6652148bfaf6651fdb16101dc98fb,81d37a219a6b4141d0b433796711ab8af2ee2c3c668a28143a3ffe6a574ade98,13,2026-10-06T20:41:46.521838+00:00
3,3,0,71,ao_stalled_by_ab,False,380371,True,False,0,True,,3150227,1,15,,FTDI-00FT46259002B,FI101-r1p0 (109762 v0100),0x504d574c,owner-verbal-2026-09-23,0af8d85f4e10db64e5c5885e109f407f5162f2f59183bd950ff58b8580dc3ba9,98962567ffeb7b9dd203672c10947c3ec3f6652148bfaf6651fdb16101dc98fb,81d37a219a6b4141d0b433796711ab8af2ee2c3c668a28143a3ffe6a574ade98,13,2026-10-06T20:41:46.521838+00:00
3,3,1,72,ao_stalled_by_cb,False,0,True,False,0,True,,3150227,1,15,,FTDI-00FT46259002B,FI101-r1p0 (109762 v0100),0x504d574c,owner-verbal-2026-09-23,0af8d85f4e10db64e5c5885e109f407f5162f2f59183bd950ff58b8580dc3ba9,98962567ffeb7b9dd203672c10947c3ec3f6652148bfaf6651fdb16101dc98fb,81d37a219a6b4141d0b433796711ab8af2ee2c3c668a28143a3ffe6a574ade98,13,2026-10-06T20:41:46.521838+00:00
3,3,2,80,wd_active,True,12150,True,False,0,True,,3150227,1,15,,FTDI-00FT46259002B,FI101-r1p0 (109762 v0100),0x504d574c,owner-verbal-2026-09-23,0af8d85f4e10db64e5c5885e109f407f5162f2f59183bd950ff58b8580dc3ba9,98962567ffeb7b9dd203672c10947c3ec3f6652148bfaf6651fdb16101dc98fb,81d37a219a6b4141d0b433796711ab8af2ee2c3c668a28143a3ffe6a574ade98,13,2026-10-06T20:41:46.521838+00:00
3,3,3,81,wd_stalled,True,539347,True,False,0,True,,3150227,1,15,,FTDI-00FT46259002B,FI101-r1p0 (109762 v0100),0x504d574c,owner-verbal-2026-09-23,0af8d85f4e10db64e5c5885e109f407f5162f2f59183bd950ff58b8580dc3ba9,98962567ffeb7b9dd203672c10947c3ec3f6652148bfaf6651fdb16101dc98fb,81d37a219a6b4141d0b433796711ab8af2ee2c3c668a28143a3ffe6a574ade98,13,2026-10-06T20:41:46.521838+00:00
3,3,4,83,wd_stalled_by_wd_buf,False,486064,True,False,0,True,,3150227,1,15,,FTDI-00FT46259002B,FI101-r1p0 (109762 v0100),0x504d574c,owner-verbal-2026-09-23,0af8d85f4e10db64e5c5885e109f407f5162f2f59183bd950ff58b8580dc3ba9,98962567ffeb7b9dd203672c10947c3ec3f6652148bfaf6651fdb16101dc98fb,81d37a219a6b4141d0b433796711ab8af2ee2c3c668a28143a3ffe6a574ade98,13,2026-10-06T20:41:46.521838+00:00
3,3,5,84,wd_stalled_by_ws_fc,False,0,True,False,0,True,,3150227,1,15,,FTDI-00FT46259002B,FI101-r1p0 (109762 v0100),0x504d574c,owner-verbal-2026-09-23,0af8d85f4e10db64e5c5885e109f407f5162f2f59183bd950ff58b8580dc3ba9,98962567ffeb7b9dd203672c10947c3ec3f6652148bfaf6651fdb16101dc98fb,81d37a219a6b4141d0b433796711ab8af2ee2c3c668a28143a3ffe6a574ade98,13,2026-10-06T20:41:46.521838+00:00
3,3,6,85,wd_stalled_by_ws_tc,False,0,True,False,0,True,,3150227,1,15,,FTDI-00FT46259002B,FI101-r1p0 (109762 v0100),0x504d574c,owner-verbal-2026-09-23,0af8d85f4e10db64e5c5885e109f407f5162f2f59183bd950ff58b8580dc3ba9,98962567ffeb7b9dd203672c10947c3ec3f6652148bfaf6651fdb16101dc98fb,81d37a219a6b4141d0b433796711ab8af2ee2c3c668a28143a3ffe6a574ade98,13,2026-10-06T20:41:46.521838+00:00
3,3,7,89,wd_trans_wblk,False,303,True,False,0,True,,3150227,1,15,,FTDI-00FT46259002B,FI101-r1p0 (109762 v0100),0x504d574c,owner-verbal-2026-09-23,0af8d85f4e10db64e5c5885e109f407f5162f2f59183bd950ff58b8580dc3ba9,98962567ffeb7b9dd203672c10947c3ec3f6652148bfaf6651fdb16101dc98fb,81d37a219a6b4141d0b433796711ab8af2ee2c3c668a28143a3ffe6a574ade98,13,2026-10-06T20:41:46.521838+00:00
4,1,0,90,wd_trans_ws_fc,False,0,True,False,0,True,,3155247,1,15,,FTDI-00FT46259002B,FI101-r1p0 (109762 v0100),0x504d574c,owner-verbal-2026-09-23,0af8d85f4e10db64e5c5885e109f407f5162f2f59183bd950ff58b8580dc3ba9,98962567ffeb7b9dd203672c10947c3ec3f6652148bfaf6651fdb16101dc98fb,81d37a219a6b4141d0b433796711ab8af2ee2c3c668a28143a3ffe6a574ade98,13,2026-10-06T20:41:46.521838+00:00
4,1,1,91,wd_trans_ws_tc,False,0,True,False,0,True,,3155247,1,15,,FTDI-00FT46259002B,FI101-r1p0 (109762 v0100),0x504d574c,owner-verbal-2026-09-23,0af8d85f4e10db64e5c5885e109f407f5162f2f59183bd950ff58b8580dc3ba9,98962567ffeb7b9dd203672c10947c3ec3f6652148bfaf6651fdb16101dc98fb,81d37a219a6b4141d0b433796711ab8af2ee2c3c668a28143a3ffe6a574ade98,13,2026-10-06T20:41:46.521838+00:00
4,1,2,96,wd_stalled_by_ws_sc0,False,42823,True,False,0,True,,3155247,1,15,,FTDI-00FT46259002B,FI101-r1p0 (109762 v0100),0x504d574c,owner-verbal-2026-09-23,0af8d85f4e10db64e5c5885e109f407f5162f2f59183bd950ff58b8580dc3ba9,98962567ffeb7b9dd203672c10947c3ec3f6652148bfaf6651fdb16101dc98fb,81d37a219a6b4141d0b433796711ab8af2ee2c3c668a28143a3ffe6a574ade98,13,2026-10-06T20:41:46.521838+00:00
4,1,3,97,wd_stalled_by_ws_sc1,False,55691,True,False,0,True,,3155247,1,15,,FTDI-00FT46259002B,FI101-r1p0 (109762 v0100),0x504d574c,owner-verbal-2026-09-23,0af8d85f4e10db64e5c5885e109f407f5162f2f59183bd950ff58b8580dc3ba9,98962567ffeb7b9dd203672c10947c3ec3f6652148bfaf6651fdb16101dc98fb,81d37a219a6b4141d0b433796711ab8af2ee2c3c668a28143a3ffe6a574ade98,13,2026-10-06T20:41:46.521838+00:00
4,1,4,98,wd_stalled_by_ws_sc2,False,42323,True,False,0,True,,3155247,1,15,,FTDI-00FT46259002B,FI101-r1p0 (109762 v0100),0x504d574c,owner-verbal-2026-09-23,0af8d85f4e10db64e5c5885e109f407f5162f2f59183bd950ff58b8580dc3ba9,98962567ffeb7b9dd203672c10947c3ec3f6652148bfaf6651fdb16101dc98fb,81d37a219a6b4141d0b433796711ab8af2ee2c3c668a28143a3ffe6a574ade98,13,2026-10-06T20:41:46.521838+00:00
4,1,5,99,wd_stalled_by_ws_sc3,False,10626,True,False,0,True,,3155247,1,15,,FTDI-00FT46259002B,FI101-r1p0 (109762 v0100),0x504d574c,owner-verbal-2026-09-23,0af8d85f4e10db64e5c5885e109f407f5162f2f59183bd950ff58b8580dc3ba9,98962567ffeb7b9dd203672c10947c3ec3f6652148bfaf6651fdb16101dc98fb,81d37a219a6b4141d0b433796711ab8af2ee2c3c668a28143a3ffe6a574ade98,13,2026-10-06T20:41:46.521838+00:00
4,1,6,100,wd_parse_active_sc0,False,11398,True,False,0,True,,3155247,1,15,,FTDI-00FT46259002B,FI101-r1p0 (109762 v0100),0x504d574c,owner-verbal-2026-09-23,0af8d85f4e10db64e5c5885e109f407f5162f2f59183bd950ff58b8580dc3ba9,98962567ffeb7b9dd203672c10947c3ec3f6652148bfaf6651fdb16101dc98fb,81d37a219a6b4141d0b433796711ab8af2ee2c3c668a28143a3ffe6a574ade98,13,2026-10-06T20:41:46.521838+00:00
4,1,7,101,wd_parse_active_sc1,False,11311,True,False,0,True,,3155247,1,15,,FTDI-00FT46259002B,FI101-r1p0 (109762 v0100),0x504d574c,owner-verbal-2026-09-23,0af8d85f4e10db64e5c5885e109f407f5162f2f59183bd950ff58b8580dc3ba9,98962567ffeb7b9dd203672c10947c3ec3f6652148bfaf6651fdb16101dc98fb,81d37a219a6b4141d0b433796711ab8af2ee2c3c668a28143a3ffe6a574ade98,13,2026-10-06T20:41:46.521838+00:00
4,2,0,90,wd_trans_ws_fc,False,0,True,False,0,True,,3147340,1,15,,FTDI-00FT46259002B,FI101-r1p0 (109762 v0100),0x504d574c,owner-verbal-2026-09-23,0af8d85f4e10db64e5c5885e109f407f5162f2f59183bd950ff58b8580dc3ba9,98962567ffeb7b9dd203672c10947c3ec3f6652148bfaf6651fdb16101dc98fb,81d37a219a6b4141d0b433796711ab8af2ee2c3c668a28143a3ffe6a574ade98,13,2026-10-06T20:41:46.521838+00:00
4,2,1,91,wd_trans_ws_tc,False,0,True,False,0,True,,3147340,1,15,,FTDI-00FT46259002B,FI101-r1p0 (109762 v0100),0x504d574c,owner-verbal-2026-09-23,0af8d85f4e10db64e5c5885e109f407f5162f2f59183bd950ff58b8580dc3ba9,98962567ffeb7b9dd203672c10947c3ec3f6652148bfaf6651fdb16101dc98fb,81d37a219a6b4141d0b433796711ab8af2ee2c3c668a28143a3ffe6a574ade98,13,2026-10-06T20:41:46.521838+00:00
4,2,2,96,wd_stalled_by_ws_sc0,False,42804,True,False,0,True,,3147340,1,15,,FTDI-00FT46259002B,FI101-r1p0 (109762 v0100),0x504d574c,owner-verbal-2026-09-23,0af8d85f4e10db64e5c5885e109f407f5162f2f59183bd950ff58b8580dc3ba9,98962567ffeb7b9dd203672c10947c3ec3f6652148bfaf6651fdb16101dc98fb,81d37a219a6b4141d0b433796711ab8af2ee2c3c668a28143a3ffe6a574ade98,13,2026-10-06T20:41:46.521838+00:00
4,2,3,97,wd_stalled_by_ws_sc1,False,55684,True,False,0,True,,3147340,1,15,,FTDI-00FT46259002B,FI101-r1p0 (109762 v0100),0x504d574c,owner-verbal-2026-09-23,0af8d85f4e10db64e5c5885e109f407f5162f2f59183bd950ff58b8580dc3ba9,98962567ffeb7b9dd203672c10947c3ec3f6652148bfaf6651fdb16101dc98fb,81d37a219a6b4141d0b433796711ab8af2ee2c3c668a28143a3ffe6a574ade98,13,2026-10-06T20:41:46.521838+00:00
4,2,4,98,wd_stalled_by_ws_sc2,False,42317,True,False,0,True,,3147340,1,15,,FTDI-00FT46259002B,FI101-r1p0 (109762 v0100),0x504d574c,owner-verbal-2026-09-23,0af8d85f4e10db64e5c5885e109f407f5162f2f59183bd950ff58b8580dc3ba9,98962567ffeb7b9dd203672c10947c3ec3f6652148bfaf6651fdb16101dc98fb,81d37a219a6b4141d0b433796711ab8af2ee2c3c668a28143a3ffe6a574ade98,13,2026-10-06T20:41:46.521838+00:00
4,2,5,99,wd_stalled_by_ws_sc3,False,10662,True,False,0,True,,3147340,1,15,,FTDI-00FT46259002B,FI101-r1p0 (109762 v0100),0x504d574c,owner-verbal-2026-09-23,0af8d85f4e10db64e5c5885e109f407f5162f2f59183bd950ff58b8580dc3ba9,98962567ffeb7b9dd203672c10947c3ec3f6652148bfaf6651fdb16101dc98fb,81d37a219a6b4141d0b433796711ab8af2ee2c3c668a28143a3ffe6a574ade98,13,2026-10-06T20:41:46.521838+00:00
4,2,6,100,wd_parse_active_sc0,False,11398,True,False,0,True,,3147340,1,15,,FTDI-00FT46259002B,FI101-r1p0 (109762 v0100),0x504d574c,owner-verbal-2026-09-23,0af8d85f4e10db64e5c5885e109f407f5162f2f59183bd950ff58b8580dc3ba9,98962567ffeb7b9dd203672c10947c3ec3f6652148bfaf6651fdb16101dc98fb,81d37a219a6b4141d0b433796711ab8af2ee2c3c668a28143a3ffe6a574ade98,13,2026-10-06T20:41:46.521838+00:00
4,2,7,101,wd_parse_active_sc1,False,11311,True,False,0,True,,3147340,1,15,,FTDI-00FT46259002B,FI101-r1p0 (109762 v0100),0x504d574c,owner-verbal-2026-09-23,0af8d85f4e10db64e5c5885e109f407f5162f2f59183bd950ff58b8580dc3ba9,98962567ffeb7b9dd203672c10947c3ec3f6652148bfaf6651fdb16101dc98fb,81d37a219a6b4141d0b433796711ab8af2ee2c3c668a28143a3ffe6a574ade98,13,2026-10-06T20:41:46.521838+00:00
4,3,0,90,wd_trans_ws_fc,False,0,True,False,0,True,,3160905,1,15,,FTDI-00FT46259002B,FI101-r1p0 (109762 v0100),0x504d574c,owner-verbal-2026-09-23,0af8d85f4e10db64e5c5885e109f407f5162f2f59183bd950ff58b8580dc3ba9,98962567ffeb7b9dd203672c10947c3ec3f6652148bfaf6651fdb16101dc98fb,81d37a219a6b4141d0b433796711ab8af2ee2c3c668a28143a3ffe6a574ade98,13,2026-10-06T20:41:46.521838+00:00
4,3,1,91,wd_trans_ws_tc,False,0,True,False,0,True,,3160905,1,15,,FTDI-00FT46259002B,FI101-r1p0 (109762 v0100),0x504d574c,owner-verbal-2026-09-23,0af8d85f4e10db64e5c5885e109f407f5162f2f59183bd950ff58b8580dc3ba9,98962567ffeb7b9dd203672c10947c3ec3f6652148bfaf6651fdb16101dc98fb,81d37a219a6b4141d0b433796711ab8af2ee2c3c668a28143a3ffe6a574ade98,13,2026-10-06T20:41:46.521838+00:00
4,3,2,96,wd_stalled_by_ws_sc0,False,51405,True,False,0,True,,3160905,1,15,,FTDI-00FT46259002B,FI101-r1p0 (109762 v0100),0x504d574c,owner-verbal-2026-09-23,0af8d85f4e10db64e5c5885e109f407f5162f2f59183bd950ff58b8580dc3ba9,98962567ffeb7b9dd203672c10947c3ec3f6652148bfaf6651fdb16101dc98fb,81d37a219a6b4141d0b433796711ab8af2ee2c3c668a28143a3ffe6a574ade98,13,2026-10-06T20:41:46.521838+00:00
4,3,3,97,wd_stalled_by_ws_sc1,False,55968,True,False,0,True,,3160905,1,15,,FTDI-00FT46259002B,FI101-r1p0 (109762 v0100),0x504d574c,owner-verbal-2026-09-23,0af8d85f4e10db64e5c5885e109f407f5162f2f59183bd950ff58b8580dc3ba9,98962567ffeb7b9dd203672c10947c3ec3f6652148bfaf6651fdb16101dc98fb,81d37a219a6b4141d0b433796711ab8af2ee2c3c668a28143a3ffe6a574ade98,13,2026-10-06T20:41:46.521838+00:00
4,3,4,98,wd_stalled_by_ws_sc2,False,33641,True,False,0,True,,3160905,1,15,,FTDI-00FT46259002B,FI101-r1p0 (109762 v0100),0x504d574c,owner-verbal-2026-09-23,0af8d85f4e10db64e5c5885e109f407f5162f2f59183bd950ff58b8580dc3ba9,98962567ffeb7b9dd203672c10947c3ec3f6652148bfaf6651fdb16101dc98fb,81d37a219a6b4141d0b433796711ab8af2ee2c3c668a28143a3ffe6a574ade98,13,2026-10-06T20:41:46.521838+00:00
4,3,5,99,wd_stalled_by_ws_sc3,False,10642,True,False,0,True,,3160905,1,15,,FTDI-00FT46259002B,FI101-r1p0 (109762 v0100),0x504d574c,owner-verbal-2026-09-23,0af8d85f4e10db64e5c5885e109f407f5162f2f59183bd950ff58b8580dc3ba9,98962567ffeb7b9dd203672c10947c3ec3f6652148bfaf6651fdb16101dc98fb,81d37a219a6b4141d0b433796711ab8af2ee2c3c668a28143a3ffe6a574ade98,13,2026-10-06T20:41:46.521838+00:00
4,3,6,100,wd_parse_active_sc0,False,11398,True,False,0,True,,3160905,1,15,,FTDI-00FT46259002B,FI101-r1p0 (109762 v0100),0x504d574c,owner-verbal-2026-09-23,0af8d85f4e10db64e5c5885e109f407f5162f2f59183bd950ff58b8580dc3ba9,98962567ffeb7b9dd203672c10947c3ec3f6652148bfaf6651fdb16101dc98fb,81d37a219a6b4141d0b433796711ab8af2ee2c3c668a28143a3ffe6a574ade98,13,2026-10-06T20:41:46.521838+00:00
4,3,7,101,wd_parse_active_sc1,False,11311,True,False,0,True,,3160905,1,15,,FTDI-00FT46259002B,FI101-r1p0 (109762 v0100),0x504d574c,owner-verbal-2026-09-23,0af8d85f4e10db64e5c5885e109f407f5162f2f59183bd950ff58b8580dc3ba9,98962567ffeb7b9dd203672c10947c3ec3f6652148bfaf6651fdb16101dc98fb,81d37a219a6b4141d0b433796711ab8af2ee2c3c668a28143a3ffe6a574ade98,13,2026-10-06T20:41:46.521838+00:00
5,1,0,102,wd_parse_active_sc2,False,11262,True,False,0,True,,3158248,1,15,,FTDI-00FT46259002B,FI101-r1p0 (109762 v0100),0x504d574c,owner-verbal-2026-09-23,0af8d85f4e10db64e5c5885e109f407f5162f2f59183bd950ff58b8580dc3ba9,98962567ffeb7b9dd203672c10947c3ec3f6652148bfaf6651fdb16101dc98fb,81d37a219a6b4141d0b433796711ab8af2ee2c3c668a28143a3ffe6a574ade98,13,2026-10-06T20:41:46.521838+00:00
5,1,1,103,wd_parse_active_sc3,False,11070,True,False,0,True,,3158248,1,15,,FTDI-00FT46259002B,FI101-r1p0 (109762 v0100),0x504d574c,owner-verbal-2026-09-23,0af8d85f4e10db64e5c5885e109f407f5162f2f59183bd950ff58b8580dc3ba9,98962567ffeb7b9dd203672c10947c3ec3f6652148bfaf6651fdb16101dc98fb,81d37a219a6b4141d0b433796711ab8af2ee2c3c668a28143a3ffe6a574ade98,13,2026-10-06T20:41:46.521838+00:00
5,1,2,104,wd_parse_stall_sc0,False,490833,True,False,0,True,,3158248,1,15,,FTDI-00FT46259002B,FI101-r1p0 (109762 v0100),0x504d574c,owner-verbal-2026-09-23,0af8d85f4e10db64e5c5885e109f407f5162f2f59183bd950ff58b8580dc3ba9,98962567ffeb7b9dd203672c10947c3ec3f6652148bfaf6651fdb16101dc98fb,81d37a219a6b4141d0b433796711ab8af2ee2c3c668a28143a3ffe6a574ade98,13,2026-10-06T20:41:46.521838+00:00
5,1,3,105,wd_parse_stall_sc1,False,499506,True,False,0,True,,3158248,1,15,,FTDI-00FT46259002B,FI101-r1p0 (109762 v0100),0x504d574c,owner-verbal-2026-09-23,0af8d85f4e10db64e5c5885e109f407f5162f2f59183bd950ff58b8580dc3ba9,98962567ffeb7b9dd203672c10947c3ec3f6652148bfaf6651fdb16101dc98fb,81d37a219a6b4141d0b433796711ab8af2ee2c3c668a28143a3ffe6a574ade98,13,2026-10-06T20:41:46.521838+00:00
5,1,4,106,wd_parse_stall_sc2,False,499557,True,False,0,True,,3158248,1,15,,FTDI-00FT46259002B,FI101-r1p0 (109762 v0100),0x504d574c,owner-verbal-2026-09-23,0af8d85f4e10db64e5c5885e109f407f5162f2f59183bd950ff58b8580dc3ba9,98962567ffeb7b9dd203672c10947c3ec3f6652148bfaf6651fdb16101dc98fb,81d37a219a6b4141d0b433796711ab8af2ee2c3c668a28143a3ffe6a574ade98,13,2026-10-06T20:41:46.521838+00:00
5,1,5,107,wd_parse_stall_sc3,False,463507,True,False,0,True,,3158248,1,15,,FTDI-00FT46259002B,FI101-r1p0 (109762 v0100),0x504d574c,owner-verbal-2026-09-23,0af8d85f4e10db64e5c5885e109f407f5162f2f59183bd950ff58b8580dc3ba9,98962567ffeb7b9dd203672c10947c3ec3f6652148bfaf6651fdb16101dc98fb,81d37a219a6b4141d0b433796711ab8af2ee2c3c668a28143a3ffe6a574ade98,13,2026-10-06T20:41:46.521838+00:00
5,1,6,108,wd_parse_stall_in_sc0,False,33389,True,False,0,True,,3158248,1,15,,FTDI-00FT46259002B,FI101-r1p0 (109762 v0100),0x504d574c,owner-verbal-2026-09-23,0af8d85f4e10db64e5c5885e109f407f5162f2f59183bd950ff58b8580dc3ba9,98962567ffeb7b9dd203672c10947c3ec3f6652148bfaf6651fdb16101dc98fb,81d37a219a6b4141d0b433796711ab8af2ee2c3c668a28143a3ffe6a574ade98,13,2026-10-06T20:41:46.521838+00:00
5,1,7,109,wd_parse_stall_in_sc1,False,54905,True,False,0,True,,3158248,1,15,,FTDI-00FT46259002B,FI101-r1p0 (109762 v0100),0x504d574c,owner-verbal-2026-09-23,0af8d85f4e10db64e5c5885e109f407f5162f2f59183bd950ff58b8580dc3ba9,98962567ffeb7b9dd203672c10947c3ec3f6652148bfaf6651fdb16101dc98fb,81d37a219a6b4141d0b433796711ab8af2ee2c3c668a28143a3ffe6a574ade98,13,2026-10-06T20:41:46.521838+00:00
5,2,0,102,wd_parse_active_sc2,False,11262,True,False,0,True,,3152048,1,15,,FTDI-00FT46259002B,FI101-r1p0 (109762 v0100),0x504d574c,owner-verbal-2026-09-23,0af8d85f4e10db64e5c5885e109f407f5162f2f59183bd950ff58b8580dc3ba9,98962567ffeb7b9dd203672c10947c3ec3f6652148bfaf6651fdb16101dc98fb,81d37a219a6b4141d0b433796711ab8af2ee2c3c668a28143a3ffe6a574ade98,13,2026-10-06T20:41:46.521838+00:00
5,2,1,103,wd_parse_active_sc3,False,11070,True,False,0,True,,3152048,1,15,,FTDI-00FT46259002B,FI101-r1p0 (109762 v0100),0x504d574c,owner-verbal-2026-09-23,0af8d85f4e10db64e5c5885e109f407f5162f2f59183bd950ff58b8580dc3ba9,98962567ffeb7b9dd203672c10947c3ec3f6652148bfaf6651fdb16101dc98fb,81d37a219a6b4141d0b433796711ab8af2ee2c3c668a28143a3ffe6a574ade98,13,2026-10-06T20:41:46.521838+00:00
5,2,2,104,wd_parse_stall_sc0,False,512848,True,False,0,True,,3152048,1,15,,FTDI-00FT46259002B,FI101-r1p0 (109762 v0100),0x504d574c,owner-verbal-2026-09-23,0af8d85f4e10db64e5c5885e109f407f5162f2f59183bd950ff58b8580dc3ba9,98962567ffeb7b9dd203672c10947c3ec3f6652148bfaf6651fdb16101dc98fb,81d37a219a6b4141d0b433796711ab8af2ee2c3c668a28143a3ffe6a574ade98,13,2026-10-06T20:41:46.521838+00:00
5,2,3,105,wd_parse_stall_sc1,False,512801,True,False,0,True,,3152048,1,15,,FTDI-00FT46259002B,FI101-r1p0 (109762 v0100),0x504d574c,owner-verbal-2026-09-23,0af8d85f4e10db64e5c5885e109f407f5162f2f59183bd950ff58b8580dc3ba9,98962567ffeb7b9dd203672c10947c3ec3f6652148bfaf6651fdb16101dc98fb,81d37a219a6b4141d0b433796711ab8af2ee2c3c668a28143a3ffe6a574ade98,13,2026-10-06T20:41:46.521838+00:00
5,2,4,106,wd_parse_stall_sc2,False,512904,True,False,0,True,,3152048,1,15,,FTDI-00FT46259002B,FI101-r1p0 (109762 v0100),0x504d574c,owner-verbal-2026-09-23,0af8d85f4e10db64e5c5885e109f407f5162f2f59183bd950ff58b8580dc3ba9,98962567ffeb7b9dd203672c10947c3ec3f6652148bfaf6651fdb16101dc98fb,81d37a219a6b4141d0b433796711ab8af2ee2c3c668a28143a3ffe6a574ade98,13,2026-10-06T20:41:46.521838+00:00
5,2,5,107,wd_parse_stall_sc3,False,502754,True,False,0,True,,3152048,1,15,,FTDI-00FT46259002B,FI101-r1p0 (109762 v0100),0x504d574c,owner-verbal-2026-09-23,0af8d85f4e10db64e5c5885e109f407f5162f2f59183bd950ff58b8580dc3ba9,98962567ffeb7b9dd203672c10947c3ec3f6652148bfaf6651fdb16101dc98fb,81d37a219a6b4141d0b433796711ab8af2ee2c3c668a28143a3ffe6a574ade98,13,2026-10-06T20:41:46.521838+00:00
5,2,6,108,wd_parse_stall_in_sc0,False,61450,True,False,0,True,,3152048,1,15,,FTDI-00FT46259002B,FI101-r1p0 (109762 v0100),0x504d574c,owner-verbal-2026-09-23,0af8d85f4e10db64e5c5885e109f407f5162f2f59183bd950ff58b8580dc3ba9,98962567ffeb7b9dd203672c10947c3ec3f6652148bfaf6651fdb16101dc98fb,81d37a219a6b4141d0b433796711ab8af2ee2c3c668a28143a3ffe6a574ade98,13,2026-10-06T20:41:46.521838+00:00
5,2,7,109,wd_parse_stall_in_sc1,False,68829,True,False,0,True,,3152048,1,15,,FTDI-00FT46259002B,FI101-r1p0 (109762 v0100),0x504d574c,owner-verbal-2026-09-23,0af8d85f4e10db64e5c5885e109f407f5162f2f59183bd950ff58b8580dc3ba9,98962567ffeb7b9dd203672c10947c3ec3f6652148bfaf6651fdb16101dc98fb,81d37a219a6b4141d0b433796711ab8af2ee2c3c668a28143a3ffe6a574ade98,13,2026-10-06T20:41:46.521838+00:00
5,3,0,102,wd_parse_active_sc2,False,11262,True,False,0,True,,3152437,1,15,,FTDI-00FT46259002B,FI101-r1p0 (109762 v0100),0x504d574c,owner-verbal-2026-09-23,0af8d85f4e10db64e5c5885e109f407f5162f2f59183bd950ff58b8580dc3ba9,98962567ffeb7b9dd203672c10947c3ec3f6652148bfaf6651fdb16101dc98fb,81d37a219a6b4141d0b433796711ab8af2ee2c3c668a28143a3ffe6a574ade98,13,2026-10-06T20:41:46.521838+00:00
5,3,1,103,wd_parse_active_sc3,False,11070,True,False,0,True,,3152437,1,15,,FTDI-00FT46259002B,FI101-r1p0 (109762 v0100),0x504d574c,owner-verbal-2026-09-23,0af8d85f4e10db64e5c5885e109f407f5162f2f59183bd950ff58b8580dc3ba9,98962567ffeb7b9dd203672c10947c3ec3f6652148bfaf6651fdb16101dc98fb,81d37a219a6b4141d0b433796711ab8af2ee2c3c668a28143a3ffe6a574ade98,13,2026-10-06T20:41:46.521838+00:00
5,3,2,104,wd_parse_stall_sc0,False,487411,True,False,0,True,,3152437,1,15,,FTDI-00FT46259002B,FI101-r1p0 (109762 v0100),0x504d574c,owner-verbal-2026-09-23,0af8d85f4e10db64e5c5885e109f407f5162f2f59183bd950ff58b8580dc3ba9,98962567ffeb7b9dd203672c10947c3ec3f6652148bfaf6651fdb16101dc98fb,81d37a219a6b4141d0b433796711ab8af2ee2c3c668a28143a3ffe6a574ade98,13,2026-10-06T20:41:46.521838+00:00
5,3,3,105,wd_parse_stall_sc1,False,496084,True,False,0,True,,3152437,1,15,,FTDI-00FT46259002B,FI101-r1p0 (109762 v0100),0x504d574c,owner-verbal-2026-09-23,0af8d85f4e10db64e5c5885e109f407f5162f2f59183bd950ff58b8580dc3ba9,98962567ffeb7b9dd203672c10947c3ec3f6652148bfaf6651fdb16101dc98fb,81d37a219a6b4141d0b433796711ab8af2ee2c3c668a28143a3ffe6a574ade98,13,2026-10-06T20:41:46.521838+00:00
5,3,4,106,wd_parse_stall_sc2,False,496134,True,False,0,True,,3152437,1,15,,FTDI-00FT46259002B,FI101-r1p0 (109762 v0100),0x504d574c,owner-verbal-2026-09-23,0af8d85f4e10db64e5c5885e109f407f5162f2f59183bd950ff58b8580dc3ba9,98962567ffeb7b9dd203672c10947c3ec3f6652148bfaf6651fdb16101dc98fb,81d37a219a6b4141d0b433796711ab8af2ee2c3c668a28143a3ffe6a574ade98,13,2026-10-06T20:41:46.521838+00:00
5,3,5,107,wd_parse_stall_sc3,False,460084,True,False,0,True,,3152437,1,15,,FTDI-00FT46259002B,FI101-r1p0 (109762 v0100),0x504d574c,owner-verbal-2026-09-23,0af8d85f4e10db64e5c5885e109f407f5162f2f59183bd950ff58b8580dc3ba9,98962567ffeb7b9dd203672c10947c3ec3f6652148bfaf6651fdb16101dc98fb,81d37a219a6b4141d0b433796711ab8af2ee2c3c668a28143a3ffe6a574ade98,13,2026-10-06T20:41:46.521838+00:00
5,3,6,108,wd_parse_stall_in_sc0,False,42366,True,False,0,True,,3152437,1,15,,FTDI-00FT46259002B,FI101-r1p0 (109762 v0100),0x504d574c,owner-verbal-2026-09-23,0af8d85f4e10db64e5c5885e109f407f5162f2f59183bd950ff58b8580dc3ba9,98962567ffeb7b9dd203672c10947c3ec3f6652148bfaf6651fdb16101dc98fb,81d37a219a6b4141d0b433796711ab8af2ee2c3c668a28143a3ffe6a574ade98,13,2026-10-06T20:41:46.521838+00:00
5,3,7,109,wd_parse_stall_in_sc1,False,54910,True,False,0,True,,3152437,1,15,,FTDI-00FT46259002B,FI101-r1p0 (109762 v0100),0x504d574c,owner-verbal-2026-09-23,0af8d85f4e10db64e5c5885e109f407f5162f2f59183bd950ff58b8580dc3ba9,98962567ffeb7b9dd203672c10947c3ec3f6652148bfaf6651fdb16101dc98fb,81d37a219a6b4141d0b433796711ab8af2ee2c3c668a28143a3ffe6a574ade98,13,2026-10-06T20:41:46.521838+00:00
6,1,0,110,wd_parse_stall_in_sc2,False,41723,True,False,0,True,,3151502,1,15,,FTDI-00FT46259002B,FI101-r1p0 (109762 v0100),0x504d574c,owner-verbal-2026-09-23,0af8d85f4e10db64e5c5885e109f407f5162f2f59183bd950ff58b8580dc3ba9,98962567ffeb7b9dd203672c10947c3ec3f6652148bfaf6651fdb16101dc98fb,81d37a219a6b4141d0b433796711ab8af2ee2c3c668a28143a3ffe6a574ade98,13,2026-10-06T20:41:46.521838+00:00
6,1,1,111,wd_parse_stall_in_sc3,False,19235,True,False,0,True,,3151502,1,15,,FTDI-00FT46259002B,FI101-r1p0 (109762 v0100),0x504d574c,owner-verbal-2026-09-23,0af8d85f4e10db64e5c5885e109f407f5162f2f59183bd950ff58b8580dc3ba9,98962567ffeb7b9dd203672c10947c3ec3f6652148bfaf6651fdb16101dc98fb,81d37a219a6b4141d0b433796711ab8af2ee2c3c668a28143a3ffe6a574ade98,13,2026-10-06T20:41:46.521838+00:00
6,1,2,112,wd_parse_stall_out_sc0,False,448313,True,False,0,True,,3151502,1,15,,FTDI-00FT46259002B,FI101-r1p0 (109762 v0100),0x504d574c,owner-verbal-2026-09-23,0af8d85f4e10db64e5c5885e109f407f5162f2f59183bd950ff58b8580dc3ba9,98962567ffeb7b9dd203672c10947c3ec3f6652148bfaf6651fdb16101dc98fb,81d37a219a6b4141d0b433796711ab8af2ee2c3c668a28143a3ffe6a574ade98,13,2026-10-06T20:41:46.521838+00:00
6,1,3,113,wd_parse_stall_out_sc1,False,453924,True,False,0,True,,3151502,1,15,,FTDI-00FT46259002B,FI101-r1p0 (109762 v0100),0x504d574c,owner-verbal-2026-09-23,0af8d85f4e10db64e5c5885e109f407f5162f2f59183bd950ff58b8580dc3ba9,98962567ffeb7b9dd203672c10947c3ec3f6652148bfaf6651fdb16101dc98fb,81d37a219a6b4141d0b433796711ab8af2ee2c3c668a28143a3ffe6a574ade98,13,2026-10-06T20:41:46.521838+00:00
6,1,4,114,wd_parse_stall_out_sc2,False,466894,True,False,0,True,,3151502,1,15,,FTDI-00FT46259002B,FI101-r1p0 (109762 v0100),0x504d574c,owner-verbal-2026-09-23,0af8d85f4e10db64e5c5885e109f407f5162f2f59183bd950ff58b8580dc3ba9,98962567ffeb7b9dd203672c10947c3ec3f6652148bfaf6651fdb16101dc98fb,81d37a219a6b4141d0b433796711ab8af2ee2c3c668a28143a3ffe6a574ade98,13,2026-10-06T20:41:46.521838+00:00
6,1,5,115,wd_parse_stall_out_sc3,False,462311,True,False,0,True,,3151502,1,15,,FTDI-00FT46259002B,FI101-r1p0 (109762 v0100),0x504d574c,owner-verbal-2026-09-23,0af8d85f4e10db64e5c5885e109f407f5162f2f59183bd950ff58b8580dc3ba9,98962567ffeb7b9dd203672c10947c3ec3f6652148bfaf6651fdb16101dc98fb,81d37a219a6b4141d0b433796711ab8af2ee2c3c668a28143a3ffe6a574ade98,13,2026-10-06T20:41:46.521838+00:00
6,1,6,116,wd_trans_ws_sc0,False,8930,True,False,0,True,,3151502,1,15,,FTDI-00FT46259002B,FI101-r1p0 (109762 v0100),0x504d574c,owner-verbal-2026-09-23,0af8d85f4e10db64e5c5885e109f407f5162f2f59183bd950ff58b8580dc3ba9,98962567ffeb7b9dd203672c10947c3ec3f6652148bfaf6651fdb16101dc98fb,81d37a219a6b4141d0b433796711ab8af2ee2c3c668a28143a3ffe6a574ade98,13,2026-10-06T20:41:46.521838+00:00
6,1,7,117,wd_trans_ws_sc1,False,8850,True,False,0,True,,3151502,1,15,,FTDI-00FT46259002B,FI101-r1p0 (109762 v0100),0x504d574c,owner-verbal-2026-09-23,0af8d85f4e10db64e5c5885e109f407f5162f2f59183bd950ff58b8580dc3ba9,98962567ffeb7b9dd203672c10947c3ec3f6652148bfaf6651fdb16101dc98fb,81d37a219a6b4141d0b433796711ab8af2ee2c3c668a28143a3ffe6a574ade98,13,2026-10-06T20:41:46.521838+00:00
6,2,0,110,wd_parse_stall_in_sc2,False,31714,True,False,0,True,,3144727,1,15,,FTDI-00FT46259002B,FI101-r1p0 (109762 v0100),0x504d574c,owner-verbal-2026-09-23,0af8d85f4e10db64e5c5885e109f407f5162f2f59183bd950ff58b8580dc3ba9,98962567ffeb7b9dd203672c10947c3ec3f6652148bfaf6651fdb16101dc98fb,81d37a219a6b4141d0b433796711ab8af2ee2c3c668a28143a3ffe6a574ade98,13,2026-10-06T20:41:46.521838+00:00
6,2,1,111,wd_parse_stall_in_sc3,False,9341,True,False,0,True,,3144727,1,15,,FTDI-00FT46259002B,FI101-r1p0 (109762 v0100),0x504d574c,owner-verbal-2026-09-23,0af8d85f4e10db64e5c5885e109f407f5162f2f59183bd950ff58b8580dc3ba9,98962567ffeb7b9dd203672c10947c3ec3f6652148bfaf6651fdb16101dc98fb,81d37a219a6b4141d0b433796711ab8af2ee2c3c668a28143a3ffe6a574ade98,13,2026-10-06T20:41:46.521838+00:00
6,2,2,112,wd_parse_stall_out_sc0,False,455312,True,False,0,True,,3144727,1,15,,FTDI-00FT46259002B,FI101-r1p0 (109762 v0100),0x504d574c,owner-verbal-2026-09-23,0af8d85f4e10db64e5c5885e109f407f5162f2f59183bd950ff58b8580dc3ba9,98962567ffeb7b9dd203672c10947c3ec3f6652148bfaf6651fdb16101dc98fb,81d37a219a6b4141d0b433796711ab8af2ee2c3c668a28143a3ffe6a574ade98,13,2026-10-06T20:41:46.521838+00:00
6,2,3,113,wd_parse_stall_out_sc1,False,451325,True,False,0,True,,3144727,1,15,,FTDI-00FT46259002B,FI101-r1p0 (109762 v0100),0x504d574c,owner-verbal-2026-09-23,0af8d85f4e10db64e5c5885e109f407f5162f2f59183bd950ff58b8580dc3ba9,98962567ffeb7b9dd203672c10947c3ec3f6652148bfaf6651fdb16101dc98fb,81d37a219a6b4141d0b433796711ab8af2ee2c3c668a28143a3ffe6a574ade98,13,2026-10-06T20:41:46.521838+00:00
6,2,4,114,wd_parse_stall_out_sc2,False,465702,True,False,0,True,,3144727,1,15,,FTDI-00FT46259002B,FI101-r1p0 (109762 v0100),0x504d574c,owner-verbal-2026-09-23,0af8d85f4e10db64e5c5885e109f407f5162f2f59183bd950ff58b8580dc3ba9,98962567ffeb7b9dd203672c10947c3ec3f6652148bfaf6651fdb16101dc98fb,81d37a219a6b4141d0b433796711ab8af2ee2c3c668a28143a3ffe6a574ade98,13,2026-10-06T20:41:46.521838+00:00
6,2,5,115,wd_parse_stall_out_sc3,False,460974,True,False,0,True,,3144727,1,15,,FTDI-00FT46259002B,FI101-r1p0 (109762 v0100),0x504d574c,owner-verbal-2026-09-23,0af8d85f4e10db64e5c5885e109f407f5162f2f59183bd950ff58b8580dc3ba9,98962567ffeb7b9dd203672c10947c3ec3f6652148bfaf6651fdb16101dc98fb,81d37a219a6b4141d0b433796711ab8af2ee2c3c668a28143a3ffe6a574ade98,13,2026-10-06T20:41:46.521838+00:00
6,2,6,116,wd_trans_ws_sc0,False,8930,True,False,0,True,,3144727,1,15,,FTDI-00FT46259002B,FI101-r1p0 (109762 v0100),0x504d574c,owner-verbal-2026-09-23,0af8d85f4e10db64e5c5885e109f407f5162f2f59183bd950ff58b8580dc3ba9,98962567ffeb7b9dd203672c10947c3ec3f6652148bfaf6651fdb16101dc98fb,81d37a219a6b4141d0b433796711ab8af2ee2c3c668a28143a3ffe6a574ade98,13,2026-10-06T20:41:46.521838+00:00
6,2,7,117,wd_trans_ws_sc1,False,8850,True,False,0,True,,3144727,1,15,,FTDI-00FT46259002B,FI101-r1p0 (109762 v0100),0x504d574c,owner-verbal-2026-09-23,0af8d85f4e10db64e5c5885e109f407f5162f2f59183bd950ff58b8580dc3ba9,98962567ffeb7b9dd203672c10947c3ec3f6652148bfaf6651fdb16101dc98fb,81d37a219a6b4141d0b433796711ab8af2ee2c3c668a28143a3ffe6a574ade98,13,2026-10-06T20:41:46.521838+00:00
6,3,0,110,wd_parse_stall_in_sc2,False,31694,True,False,0,True,,3152040,1,15,,FTDI-00FT46259002B,FI101-r1p0 (109762 v0100),0x504d574c,owner-verbal-2026-09-23,0af8d85f4e10db64e5c5885e109f407f5162f2f59183bd950ff58b8580dc3ba9,98962567ffeb7b9dd203672c10947c3ec3f6652148bfaf6651fdb16101dc98fb,81d37a219a6b4141d0b433796711ab8af2ee2c3c668a28143a3ffe6a574ade98,13,2026-10-06T20:41:46.521838+00:00
6,3,1,111,wd_parse_stall_in_sc3,False,18937,True,False,0,True,,3152040,1,15,,FTDI-00FT46259002B,FI101-r1p0 (109762 v0100),0x504d574c,owner-verbal-2026-09-23,0af8d85f4e10db64e5c5885e109f407f5162f2f59183bd950ff58b8580dc3ba9,98962567ffeb7b9dd203672c10947c3ec3f6652148bfaf6651fdb16101dc98fb,81d37a219a6b4141d0b433796711ab8af2ee2c3c668a28143a3ffe6a574ade98,13,2026-10-06T20:41:46.521838+00:00
6,3,2,112,wd_parse_stall_out_sc0,False,448305,True,False,0,True,,3152040,1,15,,FTDI-00FT46259002B,FI101-r1p0 (109762 v0100),0x504d574c,owner-verbal-2026-09-23,0af8d85f4e10db64e5c5885e109f407f5162f2f59183bd950ff58b8580dc3ba9,98962567ffeb7b9dd203672c10947c3ec3f6652148bfaf6651fdb16101dc98fb,81d37a219a6b4141d0b433796711ab8af2ee2c3c668a28143a3ffe6a574ade98,13,2026-10-06T20:41:46.521838+00:00
6,3,3,113,wd_parse_stall_out_sc1,False,444439,True,False,0,True,,3152040,1,15,,FTDI-00FT46259002B,FI101-r1p0 (109762 v0100),0x504d574c,owner-verbal-2026-09-23,0af8d85f4e10db64e5c5885e109f407f5162f2f59183bd950ff58b8580dc3ba9,98962567ffeb7b9dd203672c10947c3ec3f6652148bfaf6651fdb16101dc98fb,81d37a219a6b4141d0b433796711ab8af2ee2c3c668a28143a3ffe6a574ade98,13,2026-10-06T20:41:46.521838+00:00
6,3,4,114,wd_parse_stall_out_sc2,False,458779,True,False,0,True,,3152040,1,15,,FTDI-00FT46259002B,FI101-r1p0 (109762 v0100),0x504d574c,owner-verbal-2026-09-23,0af8d85f4e10db64e5c5885e109f407f5162f2f59183bd950ff58b8580dc3ba9,98962567ffeb7b9dd203672c10947c3ec3f6652148bfaf6651fdb16101dc98fb,81d37a219a6b4141d0b433796711ab8af2ee2c3c668a28143a3ffe6a574ade98,13,2026-10-06T20:41:46.521838+00:00
6,3,5,115,wd_parse_stall_out_sc3,False,453552,True,False,0,True,,3152040,1,15,,FTDI-00FT46259002B,FI101-r1p0 (109762 v0100),0x504d574c,owner-verbal-2026-09-23,0af8d85f4e10db64e5c5885e109f407f5162f2f59183bd950ff58b8580dc3ba9,98962567ffeb7b9dd203672c10947c3ec3f6652148bfaf6651fdb16101dc98fb,81d37a219a6b4141d0b433796711ab8af2ee2c3c668a28143a3ffe6a574ade98,13,2026-10-06T20:41:46.521838+00:00
6,3,6,116,wd_trans_ws_sc0,False,8930,True,False,0,True,,3152040,1,15,,FTDI-00FT46259002B,FI101-r1p0 (109762 v0100),0x504d574c,owner-verbal-2026-09-23,0af8d85f4e10db64e5c5885e109f407f5162f2f59183bd950ff58b8580dc3ba9,98962567ffeb7b9dd203672c10947c3ec3f6652148bfaf6651fdb16101dc98fb,81d37a219a6b4141d0b433796711ab8af2ee2c3c668a28143a3ffe6a574ade98,13,2026-10-06T20:41:46.521838+00:00
6,3,7,117,wd_trans_ws_sc1,False,8850,True,False,0,True,,3152040,1,15,,FTDI-00FT46259002B,FI101-r1p0 (109762 v0100),0x504d574c,owner-verbal-2026-09-23,0af8d85f4e10db64e5c5885e109f407f5162f2f59183bd950ff58b8580dc3ba9,98962567ffeb7b9dd203672c10947c3ec3f6652148bfaf6651fdb16101dc98fb,81d37a219a6b4141d0b433796711ab8af2ee2c3c668a28143a3ffe6a574ade98,13,2026-10-06T20:41:46.521838+00:00
7,1,0,118,wd_trans_ws_sc2,False,8850,True,False,0,True,,3157669,1,15,,FTDI-00FT46259002B,FI101-r1p0 (109762 v0100),0x504d574c,owner-verbal-2026-09-23,0af8d85f4e10db64e5c5885e109f407f5162f2f59183bd950ff58b8580dc3ba9,98962567ffeb7b9dd203672c10947c3ec3f6652148bfaf6651fdb16101dc98fb,81d37a219a6b4141d0b433796711ab8af2ee2c3c668a28143a3ffe6a574ade98,13,2026-10-06T20:41:46.521838+00:00
7,1,1,119,wd_trans_ws_sc3,False,8252,True,False,0,True,,3157669,1,15,,FTDI-00FT46259002B,FI101-r1p0 (109762 v0100),0x504d574c,owner-verbal-2026-09-23,0af8d85f4e10db64e5c5885e109f407f5162f2f59183bd950ff58b8580dc3ba9,98962567ffeb7b9dd203672c10947c3ec3f6652148bfaf6651fdb16101dc98fb,81d37a219a6b4141d0b433796711ab8af2ee2c3c668a28143a3ffe6a574ade98,13,2026-10-06T20:41:46.521838+00:00
7,1,2,120,wd_trans_wb0,False,5668,True,False,0,True,,3157669,1,15,,FTDI-00FT46259002B,FI101-r1p0 (109762 v0100),0x504d574c,owner-verbal-2026-09-23,0af8d85f4e10db64e5c5885e109f407f5162f2f59183bd950ff58b8580dc3ba9,98962567ffeb7b9dd203672c10947c3ec3f6652148bfaf6651fdb16101dc98fb,81d37a219a6b4141d0b433796711ab8af2ee2c3c668a28143a3ffe6a574ade98,13,2026-10-06T20:41:46.521838+00:00
7,1,3,121,wd_trans_wb1,False,5668,True,False,0,True,,3157669,1,15,,FTDI-00FT46259002B,FI101-r1p0 (109762 v0100),0x504d574c,owner-verbal-2026-09-23,0af8d85f4e10db64e5c5885e109f407f5162f2f59183bd950ff58b8580dc3ba9,98962567ffeb7b9dd203672c10947c3ec3f6652148bfaf6651fdb16101dc98fb,81d37a219a6b4141d0b433796711ab8af2ee2c3c668a28143a3ffe6a574ade98,13,2026-10-06T20:41:46.521838+00:00
7,1,4,122,wd_trans_wb2,False,5668,True,False,0,True,,3157669,1,15,,FTDI-00FT46259002B,FI101-r1p0 (109762 v0100),0x504d574c,owner-verbal-2026-09-23,0af8d85f4e10db64e5c5885e109f407f5162f2f59183bd950ff58b8580dc3ba9,98962567ffeb7b9dd203672c10947c3ec3f6652148bfaf6651fdb16101dc98fb,81d37a219a6b4141d0b433796711ab8af2ee2c3c668a28143a3ffe6a574ade98,13,2026-10-06T20:41:46.521838+00:00
7,1,5,123,wd_trans_wb3,False,5668,True,False,0,True,,3157669,1,15,,FTDI-00FT46259002B,FI101-r1p0 (109762 v0100),0x504d574c,owner-verbal-2026-09-23,0af8d85f4e10db64e5c5885e109f407f5162f2f59183bd950ff58b8580dc3ba9,98962567ffeb7b9dd203672c10947c3ec3f6652148bfaf6651fdb16101dc98fb,81d37a219a6b4141d0b433796711ab8af2ee2c3c668a28143a3ffe6a574ade98,13,2026-10-06T20:41:46.521838+00:00
7,1,6,128,sram_rd_trans_accepted,True,0,True,False,0,True,,3157669,1,15,,FTDI-00FT46259002B,FI101-r1p0 (109762 v0100),0x504d574c,owner-verbal-2026-09-23,0af8d85f4e10db64e5c5885e109f407f5162f2f59183bd950ff58b8580dc3ba9,98962567ffeb7b9dd203672c10947c3ec3f6652148bfaf6651fdb16101dc98fb,81d37a219a6b4141d0b433796711ab8af2ee2c3c668a28143a3ffe6a574ade98,13,2026-10-06T20:41:46.521838+00:00
7,1,7,129,sram_rd_trans_completed,True,0,True,False,0,True,,3157669,1,15,,FTDI-00FT46259002B,FI101-r1p0 (109762 v0100),0x504d574c,owner-verbal-2026-09-23,0af8d85f4e10db64e5c5885e109f407f5162f2f59183bd950ff58b8580dc3ba9,98962567ffeb7b9dd203672c10947c3ec3f6652148bfaf6651fdb16101dc98fb,81d37a219a6b4141d0b433796711ab8af2ee2c3c668a28143a3ffe6a574ade98,13,2026-10-06T20:41:46.521838+00:00
7,2,0,118,wd_trans_ws_sc2,False,8850,True,False,0,True,,3153039,1,15,,FTDI-00FT46259002B,FI101-r1p0 (109762 v0100),0x504d574c,owner-verbal-2026-09-23,0af8d85f4e10db64e5c5885e109f407f5162f2f59183bd950ff58b8580dc3ba9,98962567ffeb7b9dd203672c10947c3ec3f6652148bfaf6651fdb16101dc98fb,81d37a219a6b4141d0b433796711ab8af2ee2c3c668a28143a3ffe6a574ade98,13,2026-10-06T20:41:46.521838+00:00
7,2,1,119,wd_trans_ws_sc3,False,8252,True,False,0,True,,3153039,1,15,,FTDI-00FT46259002B,FI101-r1p0 (109762 v0100),0x504d574c,owner-verbal-2026-09-23,0af8d85f4e10db64e5c5885e109f407f5162f2f59183bd950ff58b8580dc3ba9,98962567ffeb7b9dd203672c10947c3ec3f6652148bfaf6651fdb16101dc98fb,81d37a219a6b4141d0b433796711ab8af2ee2c3c668a28143a3ffe6a574ade98,13,2026-10-06T20:41:46.521838+00:00
7,2,2,120,wd_trans_wb0,False,5668,True,False,0,True,,3153039,1,15,,FTDI-00FT46259002B,FI101-r1p0 (109762 v0100),0x504d574c,owner-verbal-2026-09-23,0af8d85f4e10db64e5c5885e109f407f5162f2f59183bd950ff58b8580dc3ba9,98962567ffeb7b9dd203672c10947c3ec3f6652148bfaf6651fdb16101dc98fb,81d37a219a6b4141d0b433796711ab8af2ee2c3c668a28143a3ffe6a574ade98,13,2026-10-06T20:41:46.521838+00:00
7,2,3,121,wd_trans_wb1,False,5668,True,False,0,True,,3153039,1,15,,FTDI-00FT46259002B,FI101-r1p0 (109762 v0100),0x504d574c,owner-verbal-2026-09-23,0af8d85f4e10db64e5c5885e109f407f5162f2f59183bd950ff58b8580dc3ba9,98962567ffeb7b9dd203672c10947c3ec3f6652148bfaf6651fdb16101dc98fb,81d37a219a6b4141d0b433796711ab8af2ee2c3c668a28143a3ffe6a574ade98,13,2026-10-06T20:41:46.521838+00:00
7,2,4,122,wd_trans_wb2,False,5668,True,False,0,True,,3153039,1,15,,FTDI-00FT46259002B,FI101-r1p0 (109762 v0100),0x504d574c,owner-verbal-2026-09-23,0af8d85f4e10db64e5c5885e109f407f5162f2f59183bd950ff58b8580dc3ba9,98962567ffeb7b9dd203672c10947c3ec3f6652148bfaf6651fdb16101dc98fb,81d37a219a6b4141d0b433796711ab8af2ee2c3c668a28143a3ffe6a574ade98,13,2026-10-06T20:41:46.521838+00:00
7,2,5,123,wd_trans_wb3,False,5668,True,False,0,True,,3153039,1,15,,FTDI-00FT46259002B,FI101-r1p0 (109762 v0100),0x504d574c,owner-verbal-2026-09-23,0af8d85f4e10db64e5c5885e109f407f5162f2f59183bd950ff58b8580dc3ba9,98962567ffeb7b9dd203672c10947c3ec3f6652148bfaf6651fdb16101dc98fb,81d37a219a6b4141d0b433796711ab8af2ee2c3c668a28143a3ffe6a574ade98,13,2026-10-06T20:41:46.521838+00:00
7,2,6,128,sram_rd_trans_accepted,True,0,True,False,0,True,,3153039,1,15,,FTDI-00FT46259002B,FI101-r1p0 (109762 v0100),0x504d574c,owner-verbal-2026-09-23,0af8d85f4e10db64e5c5885e109f407f5162f2f59183bd950ff58b8580dc3ba9,98962567ffeb7b9dd203672c10947c3ec3f6652148bfaf6651fdb16101dc98fb,81d37a219a6b4141d0b433796711ab8af2ee2c3c668a28143a3ffe6a574ade98,13,2026-10-06T20:41:46.521838+00:00
7,2,7,129,sram_rd_trans_completed,True,0,True,False,0,True,,3153039,1,15,,FTDI-00FT46259002B,FI101-r1p0 (109762 v0100),0x504d574c,owner-verbal-2026-09-23,0af8d85f4e10db64e5c5885e109f407f5162f2f59183bd950ff58b8580dc3ba9,98962567ffeb7b9dd203672c10947c3ec3f6652148bfaf6651fdb16101dc98fb,81d37a219a6b4141d0b433796711ab8af2ee2c3c668a28143a3ffe6a574ade98,13,2026-10-06T20:41:46.521838+00:00
7,3,0,118,wd_trans_ws_sc2,False,8850,True,False,0,True,,3152389,1,15,,FTDI-00FT46259002B,FI101-r1p0 (109762 v0100),0x504d574c,owner-verbal-2026-09-23,0af8d85f4e10db64e5c5885e109f407f5162f2f59183bd950ff58b8580dc3ba9,98962567ffeb7b9dd203672c10947c3ec3f6652148bfaf6651fdb16101dc98fb,81d37a219a6b4141d0b433796711ab8af2ee2c3c668a28143a3ffe6a574ade98,13,2026-10-06T20:41:46.521838+00:00
7,3,1,119,wd_trans_ws_sc3,False,8252,True,False,0,True,,3152389,1,15,,FTDI-00FT46259002B,FI101-r1p0 (109762 v0100),0x504d574c,owner-verbal-2026-09-23,0af8d85f4e10db64e5c5885e109f407f5162f2f59183bd950ff58b8580dc3ba9,98962567ffeb7b9dd203672c10947c3ec3f6652148bfaf6651fdb16101dc98fb,81d37a219a6b4141d0b433796711ab8af2ee2c3c668a28143a3ffe6a574ade98,13,2026-10-06T20:41:46.521838+00:00
7,3,2,120,wd_trans_wb0,False,5668,True,False,0,True,,3152389,1,15,,FTDI-00FT46259002B,FI101-r1p0 (109762 v0100),0x504d574c,owner-verbal-2026-09-23,0af8d85f4e10db64e5c5885e109f407f5162f2f59183bd950ff58b8580dc3ba9,98962567ffeb7b9dd203672c10947c3ec3f6652148bfaf6651fdb16101dc98fb,81d37a219a6b4141d0b433796711ab8af2ee2c3c668a28143a3ffe6a574ade98,13,2026-10-06T20:41:46.521838+00:00
7,3,3,121,wd_trans_wb1,False,5668,True,False,0,True,,3152389,1,15,,FTDI-00FT46259002B,FI101-r1p0 (109762 v0100),0x504d574c,owner-verbal-2026-09-23,0af8d85f4e10db64e5c5885e109f407f5162f2f59183bd950ff58b8580dc3ba9,98962567ffeb7b9dd203672c10947c3ec3f6652148bfaf6651fdb16101dc98fb,81d37a219a6b4141d0b433796711ab8af2ee2c3c668a28143a3ffe6a574ade98,13,2026-10-06T20:41:46.521838+00:00
7,3,4,122,wd_trans_wb2,False,5668,True,False,0,True,,3152389,1,15,,FTDI-00FT46259002B,FI101-r1p0 (109762 v0100),0x504d574c,owner-verbal-2026-09-23,0af8d85f4e10db64e5c5885e109f407f5162f2f59183bd950ff58b8580dc3ba9,98962567ffeb7b9dd203672c10947c3ec3f6652148bfaf6651fdb16101dc98fb,81d37a219a6b4141d0b433796711ab8af2ee2c3c668a28143a3ffe6a574ade98,13,2026-10-06T20:41:46.521838+00:00
7,3,5,123,wd_trans_wb3,False,5668,True,False,0,True,,3152389,1,15,,FTDI-00FT46259002B,FI101-r1p0 (109762 v0100),0x504d574c,owner-verbal-2026-09-23,0af8d85f4e10db64e5c5885e109f407f5162f2f59183bd950ff58b8580dc3ba9,98962567ffeb7b9dd203672c10947c3ec3f6652148bfaf6651fdb16101dc98fb,81d37a219a6b4141d0b433796711ab8af2ee2c3c668a28143a3ffe6a574ade98,13,2026-10-06T20:41:46.521838+00:00
7,3,6,128,sram_rd_trans_accepted,True,0,True,False,0,True,,3152389,1,15,,FTDI-00FT46259002B,FI101-r1p0 (109762 v0100),0x504d574c,owner-verbal-2026-09-23,0af8d85f4e10db64e5c5885e109f407f5162f2f59183bd950ff58b8580dc3ba9,98962567ffeb7b9dd203672c10947c3ec3f6652148bfaf6651fdb16101dc98fb,81d37a219a6b4141d0b433796711ab8af2ee2c3c668a28143a3ffe6a574ade98,13,2026-10-06T20:41:46.521838+00:00
7,3,7,129,sram_rd_trans_completed,True,0,True,False,0,True,,3152389,1,15,,FTDI-00FT46259002B,FI101-r1p0 (109762 v0100),0x504d574c,owner-verbal-2026-09-23,0af8d85f4e10db64e5c5885e109f407f5162f2f59183bd950ff58b8580dc3ba9,98962567ffeb7b9dd203672c10947c3ec3f6652148bfaf6651fdb16101dc98fb,81d37a219a6b4141d0b433796711ab8af2ee2c3c668a28143a3ffe6a574ade98,13,2026-10-06T20:41:46.521838+00:00
8,1,0,130,sram_rd_data_beat_received,True,0,True,False,0,True,,3144606,1,15,,FTDI-00FT46259002B,FI101-r1p0 (109762 v0100),0x504d574c,owner-verbal-2026-09-23,0af8d85f4e10db64e5c5885e109f407f5162f2f59183bd950ff58b8580dc3ba9,98962567ffeb7b9dd203672c10947c3ec3f6652148bfaf6651fdb16101dc98fb,81d37a219a6b4141d0b433796711ab8af2ee2c3c668a28143a3ffe6a574ade98,13,2026-10-06T20:41:46.521838+00:00
8,1,1,131,sram_rd_tran_req_stalled,True,0,True,False,0,True,,3144606,1,15,,FTDI-00FT46259002B,FI101-r1p0 (109762 v0100),0x504d574c,owner-verbal-2026-09-23,0af8d85f4e10db64e5c5885e109f407f5162f2f59183bd950ff58b8580dc3ba9,98962567ffeb7b9dd203672c10947c3ec3f6652148bfaf6651fdb16101dc98fb,81d37a219a6b4141d0b433796711ab8af2ee2c3c668a28143a3ffe6a574ade98,13,2026-10-06T20:41:46.521838+00:00
8,1,2,132,sram_wr_trans_accepted,True,0,True,False,0,True,,3144606,1,15,,FTDI-00FT46259002B,FI101-r1p0 (109762 v0100),0x504d574c,owner-verbal-2026-09-23,0af8d85f4e10db64e5c5885e109f407f5162f2f59183bd950ff58b8580dc3ba9,98962567ffeb7b9dd203672c10947c3ec3f6652148bfaf6651fdb16101dc98fb,81d37a219a6b4141d0b433796711ab8af2ee2c3c668a28143a3ffe6a574ade98,13,2026-10-06T20:41:46.521838+00:00
8,1,3,133,sram_wr_trans_completed_m,False,0,True,False,0,True,,3144606,1,15,,FTDI-00FT46259002B,FI101-r1p0 (109762 v0100),0x504d574c,owner-verbal-2026-09-23,0af8d85f4e10db64e5c5885e109f407f5162f2f59183bd950ff58b8580dc3ba9,98962567ffeb7b9dd203672c10947c3ec3f6652148bfaf6651fdb16101dc98fb,81d37a219a6b4141d0b433796711ab8af2ee2c3c668a28143a3ffe6a574ade98,13,2026-10-06T20:41:46.521838+00:00
8,1,4,134,sram_wr_trans_completed_s,False,0,True,False,0,True,,3144606,1,15,,FTDI-00FT46259002B,FI101-r1p0 (109762 v0100),0x504d574c,owner-verbal-2026-09-23,0af8d85f4e10db64e5c5885e109f407f5162f2f59183bd950ff58b8580dc3ba9,98962567ffeb7b9dd203672c10947c3ec3f6652148bfaf6651fdb16101dc98fb,81d37a219a6b4141d0b433796711ab8af2ee2c3c668a28143a3ffe6a574ade98,13,2026-10-06T20:41:46.521838+00:00
8,1,5,135,sram_wr_data_beat_written,True,0,True,False,0,True,,3144606,1,15,,FTDI-00FT46259002B,FI101-r1p0 (109762 v0100),0x504d574c,owner-verbal-2026-09-23,0af8d85f4e10db64e5c5885e109f407f5162f2f59183bd950ff58b8580dc3ba9,98962567ffeb7b9dd203672c10947c3ec3f6652148bfaf6651fdb16101dc98fb,81d37a219a6b4141d0b433796711ab8af2ee2c3c668a28143a3ffe6a574ade98,13,2026-10-06T20:41:46.521838+00:00
8,1,6,136,sram_wr_tran_req_stalled,True,0,True,False,0,True,,3144606,1,15,,FTDI-00FT46259002B,FI101-r1p0 (109762 v0100),0x504d574c,owner-verbal-2026-09-23,0af8d85f4e10db64e5c5885e109f407f5162f2f59183bd950ff58b8580dc3ba9,98962567ffeb7b9dd203672c10947c3ec3f6652148bfaf6651fdb16101dc98fb,81d37a219a6b4141d0b433796711ab8af2ee2c3c668a28143a3ffe6a574ade98,13,2026-10-06T20:41:46.521838+00:00
8,1,7,137,sram_wr_data_beat_stalled,True,0,True,False,0,True,,3144606,1,15,,FTDI-00FT46259002B,FI101-r1p0 (109762 v0100),0x504d574c,owner-verbal-2026-09-23,0af8d85f4e10db64e5c5885e109f407f5162f2f59183bd950ff58b8580dc3ba9,98962567ffeb7b9dd203672c10947c3ec3f6652148bfaf6651fdb16101dc98fb,81d37a219a6b4141d0b433796711ab8af2ee2c3c668a28143a3ffe6a574ade98,13,2026-10-06T20:41:46.521838+00:00
8,2,0,130,sram_rd_data_beat_received,True,0,True,False,0,True,,3150699,1,15,,FTDI-00FT46259002B,FI101-r1p0 (109762 v0100),0x504d574c,owner-verbal-2026-09-23,0af8d85f4e10db64e5c5885e109f407f5162f2f59183bd950ff58b8580dc3ba9,98962567ffeb7b9dd203672c10947c3ec3f6652148bfaf6651fdb16101dc98fb,81d37a219a6b4141d0b433796711ab8af2ee2c3c668a28143a3ffe6a574ade98,13,2026-10-06T20:41:46.521838+00:00
8,2,1,131,sram_rd_tran_req_stalled,True,0,True,False,0,True,,3150699,1,15,,FTDI-00FT46259002B,FI101-r1p0 (109762 v0100),0x504d574c,owner-verbal-2026-09-23,0af8d85f4e10db64e5c5885e109f407f5162f2f59183bd950ff58b8580dc3ba9,98962567ffeb7b9dd203672c10947c3ec3f6652148bfaf6651fdb16101dc98fb,81d37a219a6b4141d0b433796711ab8af2ee2c3c668a28143a3ffe6a574ade98,13,2026-10-06T20:41:46.521838+00:00
8,2,2,132,sram_wr_trans_accepted,True,0,True,False,0,True,,3150699,1,15,,FTDI-00FT46259002B,FI101-r1p0 (109762 v0100),0x504d574c,owner-verbal-2026-09-23,0af8d85f4e10db64e5c5885e109f407f5162f2f59183bd950ff58b8580dc3ba9,98962567ffeb7b9dd203672c10947c3ec3f6652148bfaf6651fdb16101dc98fb,81d37a219a6b4141d0b433796711ab8af2ee2c3c668a28143a3ffe6a574ade98,13,2026-10-06T20:41:46.521838+00:00
8,2,3,133,sram_wr_trans_completed_m,False,0,True,False,0,True,,3150699,1,15,,FTDI-00FT46259002B,FI101-r1p0 (109762 v0100),0x504d574c,owner-verbal-2026-09-23,0af8d85f4e10db64e5c5885e109f407f5162f2f59183bd950ff58b8580dc3ba9,98962567ffeb7b9dd203672c10947c3ec3f6652148bfaf6651fdb16101dc98fb,81d37a219a6b4141d0b433796711ab8af2ee2c3c668a28143a3ffe6a574ade98,13,2026-10-06T20:41:46.521838+00:00
8,2,4,134,sram_wr_trans_completed_s,False,0,True,False,0,True,,3150699,1,15,,FTDI-00FT46259002B,FI101-r1p0 (109762 v0100),0x504d574c,owner-verbal-2026-09-23,0af8d85f4e10db64e5c5885e109f407f5162f2f59183bd950ff58b8580dc3ba9,98962567ffeb7b9dd203672c10947c3ec3f6652148bfaf6651fdb16101dc98fb,81d37a219a6b4141d0b433796711ab8af2ee2c3c668a28143a3ffe6a574ade98,13,2026-10-06T20:41:46.521838+00:00
8,2,5,135,sram_wr_data_beat_written,True,0,True,False,0,True,,3150699,1,15,,FTDI-00FT46259002B,FI101-r1p0 (109762 v0100),0x504d574c,owner-verbal-2026-09-23,0af8d85f4e10db64e5c5885e109f407f5162f2f59183bd950ff58b8580dc3ba9,98962567ffeb7b9dd203672c10947c3ec3f6652148bfaf6651fdb16101dc98fb,81d37a219a6b4141d0b433796711ab8af2ee2c3c668a28143a3ffe6a574ade98,13,2026-10-06T20:41:46.521838+00:00
8,2,6,136,sram_wr_tran_req_stalled,True,0,True,False,0,True,,3150699,1,15,,FTDI-00FT46259002B,FI101-r1p0 (109762 v0100),0x504d574c,owner-verbal-2026-09-23,0af8d85f4e10db64e5c5885e109f407f5162f2f59183bd950ff58b8580dc3ba9,98962567ffeb7b9dd203672c10947c3ec3f6652148bfaf6651fdb16101dc98fb,81d37a219a6b4141d0b433796711ab8af2ee2c3c668a28143a3ffe6a574ade98,13,2026-10-06T20:41:46.521838+00:00
8,2,7,137,sram_wr_data_beat_stalled,True,0,True,False,0,True,,3150699,1,15,,FTDI-00FT46259002B,FI101-r1p0 (109762 v0100),0x504d574c,owner-verbal-2026-09-23,0af8d85f4e10db64e5c5885e109f407f5162f2f59183bd950ff58b8580dc3ba9,98962567ffeb7b9dd203672c10947c3ec3f6652148bfaf6651fdb16101dc98fb,81d37a219a6b4141d0b433796711ab8af2ee2c3c668a28143a3ffe6a574ade98,13,2026-10-06T20:41:46.521838+00:00
8,3,0,130,sram_rd_data_beat_received,True,0,True,False,0,True,,3143302,1,15,,FTDI-00FT46259002B,FI101-r1p0 (109762 v0100),0x504d574c,owner-verbal-2026-09-23,0af8d85f4e10db64e5c5885e109f407f5162f2f59183bd950ff58b8580dc3ba9,98962567ffeb7b9dd203672c10947c3ec3f6652148bfaf6651fdb16101dc98fb,81d37a219a6b4141d0b433796711ab8af2ee2c3c668a28143a3ffe6a574ade98,13,2026-10-06T20:41:46.521838+00:00
8,3,1,131,sram_rd_tran_req_stalled,True,0,True,False,0,True,,3143302,1,15,,FTDI-00FT46259002B,FI101-r1p0 (109762 v0100),0x504d574c,owner-verbal-2026-09-23,0af8d85f4e10db64e5c5885e109f407f5162f2f59183bd950ff58b8580dc3ba9,98962567ffeb7b9dd203672c10947c3ec3f6652148bfaf6651fdb16101dc98fb,81d37a219a6b4141d0b433796711ab8af2ee2c3c668a28143a3ffe6a574ade98,13,2026-10-06T20:41:46.521838+00:00
8,3,2,132,sram_wr_trans_accepted,True,0,True,False,0,True,,3143302,1,15,,FTDI-00FT46259002B,FI101-r1p0 (109762 v0100),0x504d574c,owner-verbal-2026-09-23,0af8d85f4e10db64e5c5885e109f407f5162f2f59183bd950ff58b8580dc3ba9,98962567ffeb7b9dd203672c10947c3ec3f6652148bfaf6651fdb16101dc98fb,81d37a219a6b4141d0b433796711ab8af2ee2c3c668a28143a3ffe6a574ade98,13,2026-10-06T20:41:46.521838+00:00
8,3,3,133,sram_wr_trans_completed_m,False,0,True,False,0,True,,3143302,1,15,,FTDI-00FT46259002B,FI101-r1p0 (109762 v0100),0x504d574c,owner-verbal-2026-09-23,0af8d85f4e10db64e5c5885e109f407f5162f2f59183bd950ff58b8580dc3ba9,98962567ffeb7b9dd203672c10947c3ec3f6652148bfaf6651fdb16101dc98fb,81d37a219a6b4141d0b433796711ab8af2ee2c3c668a28143a3ffe6a574ade98,13,2026-10-06T20:41:46.521838+00:00
8,3,4,134,sram_wr_trans_completed_s,False,0,True,False,0,True,,3143302,1,15,,FTDI-00FT46259002B,FI101-r1p0 (109762 v0100),0x504d574c,owner-verbal-2026-09-23,0af8d85f4e10db64e5c5885e109f407f5162f2f59183bd950ff58b8580dc3ba9,98962567ffeb7b9dd203672c10947c3ec3f6652148bfaf6651fdb16101dc98fb,81d37a219a6b4141d0b433796711ab8af2ee2c3c668a28143a3ffe6a574ade98,13,2026-10-06T20:41:46.521838+00:00
8,3,5,135,sram_wr_data_beat_written,True,0,True,False,0,True,,3143302,1,15,,FTDI-00FT46259002B,FI101-r1p0 (109762 v0100),0x504d574c,owner-verbal-2026-09-23,0af8d85f4e10db64e5c5885e109f407f5162f2f59183bd950ff58b8580dc3ba9,98962567ffeb7b9dd203672c10947c3ec3f6652148bfaf6651fdb16101dc98fb,81d37a219a6b4141d0b433796711ab8af2ee2c3c668a28143a3ffe6a574ade98,13,2026-10-06T20:41:46.521838+00:00
8,3,6,136,sram_wr_tran_req_stalled,True,0,True,False,0,True,,3143302,1,15,,FTDI-00FT46259002B,FI101-r1p0 (109762 v0100),0x504d574c,owner-verbal-2026-09-23,0af8d85f4e10db64e5c5885e109f407f5162f2f59183bd950ff58b8580dc3ba9,98962567ffeb7b9dd203672c10947c3ec3f6652148bfaf6651fdb16101dc98fb,81d37a219a6b4141d0b433796711ab8af2ee2c3c668a28143a3ffe6a574ade98,13,2026-10-06T20:41:46.521838+00:00
8,3,7,137,sram_wr_data_beat_stalled,True,0,True,False,0,True,,3143302,1,15,,FTDI-00FT46259002B,FI101-r1p0 (109762 v0100),0x504d574c,owner-verbal-2026-09-23,0af8d85f4e10db64e5c5885e109f407f5162f2f59183bd950ff58b8580dc3ba9,98962567ffeb7b9dd203672c10947c3ec3f6652148bfaf6651fdb16101dc98fb,81d37a219a6b4141d0b433796711ab8af2ee2c3c668a28143a3ffe6a574ade98,13,2026-10-06T20:41:46.521838+00:00
9,1,0,140,sram_enabled_cycles,True,6300056,True,False,0,True,,3149805,1,15,,FTDI-00FT46259002B,FI101-r1p0 (109762 v0100),0x504d574c,owner-verbal-2026-09-23,0af8d85f4e10db64e5c5885e109f407f5162f2f59183bd950ff58b8580dc3ba9,98962567ffeb7b9dd203672c10947c3ec3f6652148bfaf6651fdb16101dc98fb,81d37a219a6b4141d0b433796711ab8af2ee2c3c668a28143a3ffe6a574ade98,13,2026-10-06T20:41:46.521838+00:00
9,1,1,142,sram_rd_stall_limit,True,0,True,False,0,True,,3149805,1,15,,FTDI-00FT46259002B,FI101-r1p0 (109762 v0100),0x504d574c,owner-verbal-2026-09-23,0af8d85f4e10db64e5c5885e109f407f5162f2f59183bd950ff58b8580dc3ba9,98962567ffeb7b9dd203672c10947c3ec3f6652148bfaf6651fdb16101dc98fb,81d37a219a6b4141d0b433796711ab8af2ee2c3c668a28143a3ffe6a574ade98,13,2026-10-06T20:41:46.521838+00:00
9,1,2,143,sram_wr_stall_limit,True,0,True,False,0,True,,3149805,1,15,,FTDI-00FT46259002B,FI101-r1p0 (109762 v0100),0x504d574c,owner-verbal-2026-09-23,0af8d85f4e10db64e5c5885e109f407f5162f2f59183bd950ff58b8580dc3ba9,98962567ffeb7b9dd203672c10947c3ec3f6652148bfaf6651fdb16101dc98fb,81d37a219a6b4141d0b433796711ab8af2ee2c3c668a28143a3ffe6a574ade98,13,2026-10-06T20:41:46.521838+00:00
9,1,3,160,axi_latency_any,True,0,True,False,0,True,,3149805,1,15,,FTDI-00FT46259002B,FI101-r1p0 (109762 v0100),0x504d574c,owner-verbal-2026-09-23,0af8d85f4e10db64e5c5885e109f407f5162f2f59183bd950ff58b8580dc3ba9,98962567ffeb7b9dd203672c10947c3ec3f6652148bfaf6651fdb16101dc98fb,81d37a219a6b4141d0b433796711ab8af2ee2c3c668a28143a3ffe6a574ade98,13,2026-10-06T20:41:46.521838+00:00
9,1,4,161,axi_latency_32,True,0,True,False,0,True,,3149805,1,15,,FTDI-00FT46259002B,FI101-r1p0 (109762 v0100),0x504d574c,owner-verbal-2026-09-23,0af8d85f4e10db64e5c5885e109f407f5162f2f59183bd950ff58b8580dc3ba9,98962567ffeb7b9dd203672c10947c3ec3f6652148bfaf6651fdb16101dc98fb,81d37a219a6b4141d0b433796711ab8af2ee2c3c668a28143a3ffe6a574ade98,13,2026-10-06T20:41:46.521838+00:00
9,1,5,162,axi_latency_64,True,0,True,False,0,True,,3149805,1,15,,FTDI-00FT46259002B,FI101-r1p0 (109762 v0100),0x504d574c,owner-verbal-2026-09-23,0af8d85f4e10db64e5c5885e109f407f5162f2f59183bd950ff58b8580dc3ba9,98962567ffeb7b9dd203672c10947c3ec3f6652148bfaf6651fdb16101dc98fb,81d37a219a6b4141d0b433796711ab8af2ee2c3c668a28143a3ffe6a574ade98,13,2026-10-06T20:41:46.521838+00:00
9,1,6,163,axi_latency_128,True,0,True,False,0,True,,3149805,1,15,,FTDI-00FT46259002B,FI101-r1p0 (109762 v0100),0x504d574c,owner-verbal-2026-09-23,0af8d85f4e10db64e5c5885e109f407f5162f2f59183bd950ff58b8580dc3ba9,98962567ffeb7b9dd203672c10947c3ec3f6652148bfaf6651fdb16101dc98fb,81d37a219a6b4141d0b433796711ab8af2ee2c3c668a28143a3ffe6a574ade98,13,2026-10-06T20:41:46.521838+00:00
9,1,7,164,axi_latency_256,True,0,True,False,0,True,,3149805,1,15,,FTDI-00FT46259002B,FI101-r1p0 (109762 v0100),0x504d574c,owner-verbal-2026-09-23,0af8d85f4e10db64e5c5885e109f407f5162f2f59183bd950ff58b8580dc3ba9,98962567ffeb7b9dd203672c10947c3ec3f6652148bfaf6651fdb16101dc98fb,81d37a219a6b4141d0b433796711ab8af2ee2c3c668a28143a3ffe6a574ade98,13,2026-10-06T20:41:46.521838+00:00
9,2,0,140,sram_enabled_cycles,True,6289320,True,False,0,True,,3144437,1,15,,FTDI-00FT46259002B,FI101-r1p0 (109762 v0100),0x504d574c,owner-verbal-2026-09-23,0af8d85f4e10db64e5c5885e109f407f5162f2f59183bd950ff58b8580dc3ba9,98962567ffeb7b9dd203672c10947c3ec3f6652148bfaf6651fdb16101dc98fb,81d37a219a6b4141d0b433796711ab8af2ee2c3c668a28143a3ffe6a574ade98,13,2026-10-06T20:41:46.521838+00:00
9,2,1,142,sram_rd_stall_limit,True,0,True,False,0,True,,3144437,1,15,,FTDI-00FT46259002B,FI101-r1p0 (109762 v0100),0x504d574c,owner-verbal-2026-09-23,0af8d85f4e10db64e5c5885e109f407f5162f2f59183bd950ff58b8580dc3ba9,98962567ffeb7b9dd203672c10947c3ec3f6652148bfaf6651fdb16101dc98fb,81d37a219a6b4141d0b433796711ab8af2ee2c3c668a28143a3ffe6a574ade98,13,2026-10-06T20:41:46.521838+00:00
9,2,2,143,sram_wr_stall_limit,True,0,True,False,0,True,,3144437,1,15,,FTDI-00FT46259002B,FI101-r1p0 (109762 v0100),0x504d574c,owner-verbal-2026-09-23,0af8d85f4e10db64e5c5885e109f407f5162f2f59183bd950ff58b8580dc3ba9,98962567ffeb7b9dd203672c10947c3ec3f6652148bfaf6651fdb16101dc98fb,81d37a219a6b4141d0b433796711ab8af2ee2c3c668a28143a3ffe6a574ade98,13,2026-10-06T20:41:46.521838+00:00
9,2,3,160,axi_latency_any,True,0,True,False,0,True,,3144437,1,15,,FTDI-00FT46259002B,FI101-r1p0 (109762 v0100),0x504d574c,owner-verbal-2026-09-23,0af8d85f4e10db64e5c5885e109f407f5162f2f59183bd950ff58b8580dc3ba9,98962567ffeb7b9dd203672c10947c3ec3f6652148bfaf6651fdb16101dc98fb,81d37a219a6b4141d0b433796711ab8af2ee2c3c668a28143a3ffe6a574ade98,13,2026-10-06T20:41:46.521838+00:00
9,2,4,161,axi_latency_32,True,0,True,False,0,True,,3144437,1,15,,FTDI-00FT46259002B,FI101-r1p0 (109762 v0100),0x504d574c,owner-verbal-2026-09-23,0af8d85f4e10db64e5c5885e109f407f5162f2f59183bd950ff58b8580dc3ba9,98962567ffeb7b9dd203672c10947c3ec3f6652148bfaf6651fdb16101dc98fb,81d37a219a6b4141d0b433796711ab8af2ee2c3c668a28143a3ffe6a574ade98,13,2026-10-06T20:41:46.521838+00:00
9,2,5,162,axi_latency_64,True,0,True,False,0,True,,3144437,1,15,,FTDI-00FT46259002B,FI101-r1p0 (109762 v0100),0x504d574c,owner-verbal-2026-09-23,0af8d85f4e10db64e5c5885e109f407f5162f2f59183bd950ff58b8580dc3ba9,98962567ffeb7b9dd203672c10947c3ec3f6652148bfaf6651fdb16101dc98fb,81d37a219a6b4141d0b433796711ab8af2ee2c3c668a28143a3ffe6a574ade98,13,2026-10-06T20:41:46.521838+00:00
9,2,6,163,axi_latency_128,True,0,True,False,0,True,,3144437,1,15,,FTDI-00FT46259002B,FI101-r1p0 (109762 v0100),0x504d574c,owner-verbal-2026-09-23,0af8d85f4e10db64e5c5885e109f407f5162f2f59183bd950ff58b8580dc3ba9,98962567ffeb7b9dd203672c10947c3ec3f6652148bfaf6651fdb16101dc98fb,81d37a219a6b4141d0b433796711ab8af2ee2c3c668a28143a3ffe6a574ade98,13,2026-10-06T20:41:46.521838+00:00
9,2,7,164,axi_latency_256,True,0,True,False,0,True,,3144437,1,15,,FTDI-00FT46259002B,FI101-r1p0 (109762 v0100),0x504d574c,owner-verbal-2026-09-23,0af8d85f4e10db64e5c5885e109f407f5162f2f59183bd950ff58b8580dc3ba9,98962567ffeb7b9dd203672c10947c3ec3f6652148bfaf6651fdb16101dc98fb,81d37a219a6b4141d0b433796711ab8af2ee2c3c668a28143a3ffe6a574ade98,13,2026-10-06T20:41:46.521838+00:00
9,3,0,140,sram_enabled_cycles,True,6308058,True,False,0,True,,3153806,1,15,,FTDI-00FT46259002B,FI101-r1p0 (109762 v0100),0x504d574c,owner-verbal-2026-09-23,0af8d85f4e10db64e5c5885e109f407f5162f2f59183bd950ff58b8580dc3ba9,98962567ffeb7b9dd203672c10947c3ec3f6652148bfaf6651fdb16101dc98fb,81d37a219a6b4141d0b433796711ab8af2ee2c3c668a28143a3ffe6a574ade98,13,2026-10-06T20:41:46.521838+00:00
9,3,1,142,sram_rd_stall_limit,True,0,True,False,0,True,,3153806,1,15,,FTDI-00FT46259002B,FI101-r1p0 (109762 v0100),0x504d574c,owner-verbal-2026-09-23,0af8d85f4e10db64e5c5885e109f407f5162f2f59183bd950ff58b8580dc3ba9,98962567ffeb7b9dd203672c10947c3ec3f6652148bfaf6651fdb16101dc98fb,81d37a219a6b4141d0b433796711ab8af2ee2c3c668a28143a3ffe6a574ade98,13,2026-10-06T20:41:46.521838+00:00
9,3,2,143,sram_wr_stall_limit,True,0,True,False,0,True,,3153806,1,15,,FTDI-00FT46259002B,FI101-r1p0 (109762 v0100),0x504d574c,owner-verbal-2026-09-23,0af8d85f4e10db64e5c5885e109f407f5162f2f59183bd950ff58b8580dc3ba9,98962567ffeb7b9dd203672c10947c3ec3f6652148bfaf6651fdb16101dc98fb,81d37a219a6b4141d0b433796711ab8af2ee2c3c668a28143a3ffe6a574ade98,13,2026-10-06T20:41:46.521838+00:00
9,3,3,160,axi_latency_any,True,0,True,False,0,True,,3153806,1,15,,FTDI-00FT46259002B,FI101-r1p0 (109762 v0100),0x504d574c,owner-verbal-2026-09-23,0af8d85f4e10db64e5c5885e109f407f5162f2f59183bd950ff58b8580dc3ba9,98962567ffeb7b9dd203672c10947c3ec3f6652148bfaf6651fdb16101dc98fb,81d37a219a6b4141d0b433796711ab8af2ee2c3c668a28143a3ffe6a574ade98,13,2026-10-06T20:41:46.521838+00:00
9,3,4,161,axi_latency_32,True,0,True,False,0,True,,3153806,1,15,,FTDI-00FT46259002B,FI101-r1p0 (109762 v0100),0x504d574c,owner-verbal-2026-09-23,0af8d85f4e10db64e5c5885e109f407f5162f2f59183bd950ff58b8580dc3ba9,98962567ffeb7b9dd203672c10947c3ec3f6652148bfaf6651fdb16101dc98fb,81d37a219a6b4141d0b433796711ab8af2ee2c3c668a28143a3ffe6a574ade98,13,2026-10-06T20:41:46.521838+00:00
9,3,5,162,axi_latency_64,True,0,True,False,0,True,,3153806,1,15,,FTDI-00FT46259002B,FI101-r1p0 (109762 v0100),0x504d574c,owner-verbal-2026-09-23,0af8d85f4e10db64e5c5885e109f407f5162f2f59183bd950ff58b8580dc3ba9,98962567ffeb7b9dd203672c10947c3ec3f6652148bfaf6651fdb16101dc98fb,81d37a219a6b4141d0b433796711ab8af2ee2c3c668a28143a3ffe6a574ade98,13,2026-10-06T20:41:46.521838+00:00
9,3,6,163,axi_latency_128,True,0,True,False,0,True,,3153806,1,15,,FTDI-00FT46259002B,FI101-r1p0 (109762 v0100),0x504d574c,owner-verbal-2026-09-23,0af8d85f4e10db64e5c5885e109f407f5162f2f59183bd950ff58b8580dc3ba9,98962567ffeb7b9dd203672c10947c3ec3f6652148bfaf6651fdb16101dc98fb,81d37a219a6b4141d0b433796711ab8af2ee2c3c668a28143a3ffe6a574ade98,13,2026-10-06T20:41:46.521838+00:00
9,3,7,164,axi_latency_256,True,0,True,False,0,True,,3153806,1,15,,FTDI-00FT46259002B,FI101-r1p0 (109762 v0100),0x504d574c,owner-verbal-2026-09-23,0af8d85f4e10db64e5c5885e109f407f5162f2f59183bd950ff58b8580dc3ba9,98962567ffeb7b9dd203672c10947c3ec3f6652148bfaf6651fdb16101dc98fb,81d37a219a6b4141d0b433796711ab8af2ee2c3c668a28143a3ffe6a574ade98,13,2026-10-06T20:41:46.521838+00:00
10,1,0,165,axi_latency_512,True,0,True,False,0,True,,3149080,1,15,,FTDI-00FT46259002B,FI101-r1p0 (109762 v0100),0x504d574c,owner-verbal-2026-09-23,0af8d85f4e10db64e5c5885e109f407f5162f2f59183bd950ff58b8580dc3ba9,98962567ffeb7b9dd203672c10947c3ec3f6652148bfaf6651fdb16101dc98fb,81d37a219a6b4141d0b433796711ab8af2ee2c3c668a28143a3ffe6a574ade98,13,2026-10-06T20:41:46.521838+00:00
10,1,1,166,axi_latency_1024,True,0,True,False,0,True,,3149080,1,15,,FTDI-00FT46259002B,FI101-r1p0 (109762 v0100),0x504d574c,owner-verbal-2026-09-23,0af8d85f4e10db64e5c5885e109f407f5162f2f59183bd950ff58b8580dc3ba9,98962567ffeb7b9dd203672c10947c3ec3f6652148bfaf6651fdb16101dc98fb,81d37a219a6b4141d0b433796711ab8af2ee2c3c668a28143a3ffe6a574ade98,13,2026-10-06T20:41:46.521838+00:00
10,1,2,176,ecc_dma,True,0,True,False,0,True,,3149080,1,15,,FTDI-00FT46259002B,FI101-r1p0 (109762 v0100),0x504d574c,owner-verbal-2026-09-23,0af8d85f4e10db64e5c5885e109f407f5162f2f59183bd950ff58b8580dc3ba9,98962567ffeb7b9dd203672c10947c3ec3f6652148bfaf6651fdb16101dc98fb,81d37a219a6b4141d0b433796711ab8af2ee2c3c668a28143a3ffe6a574ade98,13,2026-10-06T20:41:46.521838+00:00
10,1,3,177,ecc_mac_ib,True,0,True,False,0,True,,3149080,1,15,,FTDI-00FT46259002B,FI101-r1p0 (109762 v0100),0x504d574c,owner-verbal-2026-09-23,0af8d85f4e10db64e5c5885e109f407f5162f2f59183bd950ff58b8580dc3ba9,98962567ffeb7b9dd203672c10947c3ec3f6652148bfaf6651fdb16101dc98fb,81d37a219a6b4141d0b433796711ab8af2ee2c3c668a28143a3ffe6a574ade98,13,2026-10-06T20:41:46.521838+00:00
10,1,4,178,ecc_mac_ab,True,0,True,False,0,True,,3149080,1,15,,FTDI-00FT46259002B,FI101-r1p0 (109762 v0100),0x504d574c,owner-verbal-2026-09-23,0af8d85f4e10db64e5c5885e109f407f5162f2f59183bd950ff58b8580dc3ba9,98962567ffeb7b9dd203672c10947c3ec3f6652148bfaf6651fdb16101dc98fb,81d37a219a6b4141d0b433796711ab8af2ee2c3c668a28143a3ffe6a574ade98,13,2026-10-06T20:41:46.521838+00:00
10,1,5,179,ecc_ao_cb,True,0,True,False,0,True,,3149080,1,15,,FTDI-00FT46259002B,FI101-r1p0 (109762 v0100),0x504d574c,owner-verbal-2026-09-23,0af8d85f4e10db64e5c5885e109f407f5162f2f59183bd950ff58b8580dc3ba9,98962567ffeb7b9dd203672c10947c3ec3f6652148bfaf6651fdb16101dc98fb,81d37a219a6b4141d0b433796711ab8af2ee2c3c668a28143a3ffe6a574ade98,13,2026-10-06T20:41:46.521838+00:00
10,1,6,180,ecc_ao_ob,True,0,True,False,0,True,,3149080,1,15,,FTDI-00FT46259002B,FI101-r1p0 (109762 v0100),0x504d574c,owner-verbal-2026-09-23,0af8d85f4e10db64e5c5885e109f407f5162f2f59183bd950ff58b8580dc3ba9,98962567ffeb7b9dd203672c10947c3ec3f6652148bfaf6651fdb16101dc98fb,81d37a219a6b4141d0b433796711ab8af2ee2c3c668a28143a3ffe6a574ade98,13,2026-10-06T20:41:46.521838+00:00
10,1,7,181,ecc_ao_lut,True,0,True,False,0,True,,3149080,1,15,,FTDI-00FT46259002B,FI101-r1p0 (109762 v0100),0x504d574c,owner-verbal-2026-09-23,0af8d85f4e10db64e5c5885e109f407f5162f2f59183bd950ff58b8580dc3ba9,98962567ffeb7b9dd203672c10947c3ec3f6652148bfaf6651fdb16101dc98fb,81d37a219a6b4141d0b433796711ab8af2ee2c3c668a28143a3ffe6a574ade98,13,2026-10-06T20:41:46.521838+00:00
10,2,0,165,axi_latency_512,True,0,True,False,0,True,,3151175,1,15,,FTDI-00FT46259002B,FI101-r1p0 (109762 v0100),0x504d574c,owner-verbal-2026-09-23,0af8d85f4e10db64e5c5885e109f407f5162f2f59183bd950ff58b8580dc3ba9,98962567ffeb7b9dd203672c10947c3ec3f6652148bfaf6651fdb16101dc98fb,81d37a219a6b4141d0b433796711ab8af2ee2c3c668a28143a3ffe6a574ade98,13,2026-10-06T20:41:46.521838+00:00
10,2,1,166,axi_latency_1024,True,0,True,False,0,True,,3151175,1,15,,FTDI-00FT46259002B,FI101-r1p0 (109762 v0100),0x504d574c,owner-verbal-2026-09-23,0af8d85f4e10db64e5c5885e109f407f5162f2f59183bd950ff58b8580dc3ba9,98962567ffeb7b9dd203672c10947c3ec3f6652148bfaf6651fdb16101dc98fb,81d37a219a6b4141d0b433796711ab8af2ee2c3c668a28143a3ffe6a574ade98,13,2026-10-06T20:41:46.521838+00:00
10,2,2,176,ecc_dma,True,0,True,False,0,True,,3151175,1,15,,FTDI-00FT46259002B,FI101-r1p0 (109762 v0100),0x504d574c,owner-verbal-2026-09-23,0af8d85f4e10db64e5c5885e109f407f5162f2f59183bd950ff58b8580dc3ba9,98962567ffeb7b9dd203672c10947c3ec3f6652148bfaf6651fdb16101dc98fb,81d37a219a6b4141d0b433796711ab8af2ee2c3c668a28143a3ffe6a574ade98,13,2026-10-06T20:41:46.521838+00:00
10,2,3,177,ecc_mac_ib,True,0,True,False,0,True,,3151175,1,15,,FTDI-00FT46259002B,FI101-r1p0 (109762 v0100),0x504d574c,owner-verbal-2026-09-23,0af8d85f4e10db64e5c5885e109f407f5162f2f59183bd950ff58b8580dc3ba9,98962567ffeb7b9dd203672c10947c3ec3f6652148bfaf6651fdb16101dc98fb,81d37a219a6b4141d0b433796711ab8af2ee2c3c668a28143a3ffe6a574ade98,13,2026-10-06T20:41:46.521838+00:00
10,2,4,178,ecc_mac_ab,True,0,True,False,0,True,,3151175,1,15,,FTDI-00FT46259002B,FI101-r1p0 (109762 v0100),0x504d574c,owner-verbal-2026-09-23,0af8d85f4e10db64e5c5885e109f407f5162f2f59183bd950ff58b8580dc3ba9,98962567ffeb7b9dd203672c10947c3ec3f6652148bfaf6651fdb16101dc98fb,81d37a219a6b4141d0b433796711ab8af2ee2c3c668a28143a3ffe6a574ade98,13,2026-10-06T20:41:46.521838+00:00
10,2,5,179,ecc_ao_cb,True,0,True,False,0,True,,3151175,1,15,,FTDI-00FT46259002B,FI101-r1p0 (109762 v0100),0x504d574c,owner-verbal-2026-09-23,0af8d85f4e10db64e5c5885e109f407f5162f2f59183bd950ff58b8580dc3ba9,98962567ffeb7b9dd203672c10947c3ec3f6652148bfaf6651fdb16101dc98fb,81d37a219a6b4141d0b433796711ab8af2ee2c3c668a28143a3ffe6a574ade98,13,2026-10-06T20:41:46.521838+00:00
10,2,6,180,ecc_ao_ob,True,0,True,False,0,True,,3151175,1,15,,FTDI-00FT46259002B,FI101-r1p0 (109762 v0100),0x504d574c,owner-verbal-2026-09-23,0af8d85f4e10db64e5c5885e109f407f5162f2f59183bd950ff58b8580dc3ba9,98962567ffeb7b9dd203672c10947c3ec3f6652148bfaf6651fdb16101dc98fb,81d37a219a6b4141d0b433796711ab8af2ee2c3c668a28143a3ffe6a574ade98,13,2026-10-06T20:41:46.521838+00:00
10,2,7,181,ecc_ao_lut,True,0,True,False,0,True,,3151175,1,15,,FTDI-00FT46259002B,FI101-r1p0 (109762 v0100),0x504d574c,owner-verbal-2026-09-23,0af8d85f4e10db64e5c5885e109f407f5162f2f59183bd950ff58b8580dc3ba9,98962567ffeb7b9dd203672c10947c3ec3f6652148bfaf6651fdb16101dc98fb,81d37a219a6b4141d0b433796711ab8af2ee2c3c668a28143a3ffe6a574ade98,13,2026-10-06T20:41:46.521838+00:00
10,3,0,165,axi_latency_512,True,0,True,False,0,True,,3143342,1,15,,FTDI-00FT46259002B,FI101-r1p0 (109762 v0100),0x504d574c,owner-verbal-2026-09-23,0af8d85f4e10db64e5c5885e109f407f5162f2f59183bd950ff58b8580dc3ba9,98962567ffeb7b9dd203672c10947c3ec3f6652148bfaf6651fdb16101dc98fb,81d37a219a6b4141d0b433796711ab8af2ee2c3c668a28143a3ffe6a574ade98,13,2026-10-06T20:41:46.521838+00:00
10,3,1,166,axi_latency_1024,True,0,True,False,0,True,,3143342,1,15,,FTDI-00FT46259002B,FI101-r1p0 (109762 v0100),0x504d574c,owner-verbal-2026-09-23,0af8d85f4e10db64e5c5885e109f407f5162f2f59183bd950ff58b8580dc3ba9,98962567ffeb7b9dd203672c10947c3ec3f6652148bfaf6651fdb16101dc98fb,81d37a219a6b4141d0b433796711ab8af2ee2c3c668a28143a3ffe6a574ade98,13,2026-10-06T20:41:46.521838+00:00
10,3,2,176,ecc_dma,True,0,True,False,0,True,,3143342,1,15,,FTDI-00FT46259002B,FI101-r1p0 (109762 v0100),0x504d574c,owner-verbal-2026-09-23,0af8d85f4e10db64e5c5885e109f407f5162f2f59183bd950ff58b8580dc3ba9,98962567ffeb7b9dd203672c10947c3ec3f6652148bfaf6651fdb16101dc98fb,81d37a219a6b4141d0b433796711ab8af2ee2c3c668a28143a3ffe6a574ade98,13,2026-10-06T20:41:46.521838+00:00
10,3,3,177,ecc_mac_ib,True,0,True,False,0,True,,3143342,1,15,,FTDI-00FT46259002B,FI101-r1p0 (109762 v0100),0x504d574c,owner-verbal-2026-09-23,0af8d85f4e10db64e5c5885e109f407f5162f2f59183bd950ff58b8580dc3ba9,98962567ffeb7b9dd203672c10947c3ec3f6652148bfaf6651fdb16101dc98fb,81d37a219a6b4141d0b433796711ab8af2ee2c3c668a28143a3ffe6a574ade98,13,2026-10-06T20:41:46.521838+00:00
10,3,4,178,ecc_mac_ab,True,0,True,False,0,True,,3143342,1,15,,FTDI-00FT46259002B,FI101-r1p0 (109762 v0100),0x504d574c,owner-verbal-2026-09-23,0af8d85f4e10db64e5c5885e109f407f5162f2f59183bd950ff58b8580dc3ba9,98962567ffeb7b9dd203672c10947c3ec3f6652148bfaf6651fdb16101dc98fb,81d37a219a6b4141d0b433796711ab8af2ee2c3c668a28143a3ffe6a574ade98,13,2026-10-06T20:41:46.521838+00:00
10,3,5,179,ecc_ao_cb,True,0,True,False,0,True,,3143342,1,15,,FTDI-00FT46259002B,FI101-r1p0 (109762 v0100),0x504d574c,owner-verbal-2026-09-23,0af8d85f4e10db64e5c5885e109f407f5162f2f59183bd950ff58b8580dc3ba9,98962567ffeb7b9dd203672c10947c3ec3f6652148bfaf6651fdb16101dc98fb,81d37a219a6b4141d0b433796711ab8af2ee2c3c668a28143a3ffe6a574ade98,13,2026-10-06T20:41:46.521838+00:00
10,3,6,180,ecc_ao_ob,True,0,True,False,0,True,,3143342,1,15,,FTDI-00FT46259002B,FI101-r1p0 (109762 v0100),0x504d574c,owner-verbal-2026-09-23,0af8d85f4e10db64e5c5885e109f407f5162f2f59183bd950ff58b8580dc3ba9,98962567ffeb7b9dd203672c10947c3ec3f6652148bfaf6651fdb16101dc98fb,81d37a219a6b4141d0b433796711ab8af2ee2c3c668a28143a3ffe6a574ade98,13,2026-10-06T20:41:46.521838+00:00
10,3,7,181,ecc_ao_lut,True,0,True,False,0,True,,3143342,1,15,,FTDI-00FT46259002B,FI101-r1p0 (109762 v0100),0x504d574c,owner-verbal-2026-09-23,0af8d85f4e10db64e5c5885e109f407f5162f2f59183bd950ff58b8580dc3ba9,98962567ffeb7b9dd203672c10947c3ec3f6652148bfaf6651fdb16101dc98fb,81d37a219a6b4141d0b433796711ab8af2ee2c3c668a28143a3ffe6a574ade98,13,2026-10-06T20:41:46.521838+00:00
11,1,0,384,ext_rd_trans_accepted,True,5913,True,False,0,True,,3151189,1,15,,FTDI-00FT46259002B,FI101-r1p0 (109762 v0100),0x504d574c,owner-verbal-2026-09-23,0af8d85f4e10db64e5c5885e109f407f5162f2f59183bd950ff58b8580dc3ba9,98962567ffeb7b9dd203672c10947c3ec3f6652148bfaf6651fdb16101dc98fb,81d37a219a6b4141d0b433796711ab8af2ee2c3c668a28143a3ffe6a574ade98,13,2026-10-06T20:41:46.521838+00:00
11,1,1,385,ext_rd_trans_completed,True,5913,True,False,0,True,,3151189,1,15,,FTDI-00FT46259002B,FI101-r1p0 (109762 v0100),0x504d574c,owner-verbal-2026-09-23,0af8d85f4e10db64e5c5885e109f407f5162f2f59183bd950ff58b8580dc3ba9,98962567ffeb7b9dd203672c10947c3ec3f6652148bfaf6651fdb16101dc98fb,81d37a219a6b4141d0b433796711ab8af2ee2c3c668a28143a3ffe6a574ade98,13,2026-10-06T20:41:46.521838+00:00
11,1,2,386,ext_rd_data_beat_received,True,48898,True,False,0,True,,3151189,1,15,,FTDI-00FT46259002B,FI101-r1p0 (109762 v0100),0x504d574c,owner-verbal-2026-09-23,0af8d85f4e10db64e5c5885e109f407f5162f2f59183bd950ff58b8580dc3ba9,98962567ffeb7b9dd203672c10947c3ec3f6652148bfaf6651fdb16101dc98fb,81d37a219a6b4141d0b433796711ab8af2ee2c3c668a28143a3ffe6a574ade98,13,2026-10-06T20:41:46.521838+00:00
11,1,3,387,ext_rd_tran_req_stalled,True,843289,True,False,0,True,,3151189,1,15,,FTDI-00FT46259002B,FI101-r1p0 (109762 v0100),0x504d574c,owner-verbal-2026-09-23,0af8d85f4e10db64e5c5885e109f407f5162f2f59183bd950ff58b8580dc3ba9,98962567ffeb7b9dd203672c10947c3ec3f6652148bfaf6651fdb16101dc98fb,81d37a219a6b4141d0b433796711ab8af2ee2c3c668a28143a3ffe6a574ade98,13,2026-10-06T20:41:46.521838+00:00
11,1,4,388,ext_wr_trans_accepted,True,3563,True,False,0,True,,3151189,1,15,,FTDI-00FT46259002B,FI101-r1p0 (109762 v0100),0x504d574c,owner-verbal-2026-09-23,0af8d85f4e10db64e5c5885e109f407f5162f2f59183bd950ff58b8580dc3ba9,98962567ffeb7b9dd203672c10947c3ec3f6652148bfaf6651fdb16101dc98fb,81d37a219a6b4141d0b433796711ab8af2ee2c3c668a28143a3ffe6a574ade98,13,2026-10-06T20:41:46.521838+00:00
11,1,5,389,ext_wr_trans_completed_m,False,3563,True,False,0,True,,3151189,1,15,,FTDI-00FT46259002B,FI101-r1p0 (109762 v0100),0x504d574c,owner-verbal-2026-09-23,0af8d85f4e10db64e5c5885e109f407f5162f2f59183bd950ff58b8580dc3ba9,98962567ffeb7b9dd203672c10947c3ec3f6652148bfaf6651fdb16101dc98fb,81d37a219a6b4141d0b433796711ab8af2ee2c3c668a28143a3ffe6a574ade98,13,2026-10-06T20:41:46.521838+00:00
11,1,6,390,ext_wr_trans_completed_s,False,3563,True,False,0,True,,3151189,1,15,,FTDI-00FT46259002B,FI101-r1p0 (109762 v0100),0x504d574c,owner-verbal-2026-09-23,0af8d85f4e10db64e5c5885e109f407f5162f2f59183bd950ff58b8580dc3ba9,98962567ffeb7b9dd203672c10947c3ec3f6652148bfaf6651fdb16101dc98fb,81d37a219a6b4141d0b433796711ab8af2ee2c3c668a28143a3ffe6a574ade98,13,2026-10-06T20:41:46.521838+00:00
11,1,7,391,ext_wr_data_beat_written,True,23851,True,False,0,True,,3151189,1,15,,FTDI-00FT46259002B,FI101-r1p0 (109762 v0100),0x504d574c,owner-verbal-2026-09-23,0af8d85f4e10db64e5c5885e109f407f5162f2f59183bd950ff58b8580dc3ba9,98962567ffeb7b9dd203672c10947c3ec3f6652148bfaf6651fdb16101dc98fb,81d37a219a6b4141d0b433796711ab8af2ee2c3c668a28143a3ffe6a574ade98,13,2026-10-06T20:41:46.521838+00:00
11,2,0,384,ext_rd_trans_accepted,True,5913,True,False,0,True,,3144350,1,15,,FTDI-00FT46259002B,FI101-r1p0 (109762 v0100),0x504d574c,owner-verbal-2026-09-23,0af8d85f4e10db64e5c5885e109f407f5162f2f59183bd950ff58b8580dc3ba9,98962567ffeb7b9dd203672c10947c3ec3f6652148bfaf6651fdb16101dc98fb,81d37a219a6b4141d0b433796711ab8af2ee2c3c668a28143a3ffe6a574ade98,13,2026-10-06T20:41:46.521838+00:00
11,2,1,385,ext_rd_trans_completed,True,5913,True,False,0,True,,3144350,1,15,,FTDI-00FT46259002B,FI101-r1p0 (109762 v0100),0x504d574c,owner-verbal-2026-09-23,0af8d85f4e10db64e5c5885e109f407f5162f2f59183bd950ff58b8580dc3ba9,98962567ffeb7b9dd203672c10947c3ec3f6652148bfaf6651fdb16101dc98fb,81d37a219a6b4141d0b433796711ab8af2ee2c3c668a28143a3ffe6a574ade98,13,2026-10-06T20:41:46.521838+00:00
11,2,2,386,ext_rd_data_beat_received,True,48898,True,False,0,True,,3144350,1,15,,FTDI-00FT46259002B,FI101-r1p0 (109762 v0100),0x504d574c,owner-verbal-2026-09-23,0af8d85f4e10db64e5c5885e109f407f5162f2f59183bd950ff58b8580dc3ba9,98962567ffeb7b9dd203672c10947c3ec3f6652148bfaf6651fdb16101dc98fb,81d37a219a6b4141d0b433796711ab8af2ee2c3c668a28143a3ffe6a574ade98,13,2026-10-06T20:41:46.521838+00:00
11,2,3,387,ext_rd_tran_req_stalled,True,854943,True,False,0,True,,3144350,1,15,,FTDI-00FT46259002B,FI101-r1p0 (109762 v0100),0x504d574c,owner-verbal-2026-09-23,0af8d85f4e10db64e5c5885e109f407f5162f2f59183bd950ff58b8580dc3ba9,98962567ffeb7b9dd203672c10947c3ec3f6652148bfaf6651fdb16101dc98fb,81d37a219a6b4141d0b433796711ab8af2ee2c3c668a28143a3ffe6a574ade98,13,2026-10-06T20:41:46.521838+00:00
11,2,4,388,ext_wr_trans_accepted,True,3563,True,False,0,True,,3144350,1,15,,FTDI-00FT46259002B,FI101-r1p0 (109762 v0100),0x504d574c,owner-verbal-2026-09-23,0af8d85f4e10db64e5c5885e109f407f5162f2f59183bd950ff58b8580dc3ba9,98962567ffeb7b9dd203672c10947c3ec3f6652148bfaf6651fdb16101dc98fb,81d37a219a6b4141d0b433796711ab8af2ee2c3c668a28143a3ffe6a574ade98,13,2026-10-06T20:41:46.521838+00:00
11,2,5,389,ext_wr_trans_completed_m,False,3563,True,False,0,True,,3144350,1,15,,FTDI-00FT46259002B,FI101-r1p0 (109762 v0100),0x504d574c,owner-verbal-2026-09-23,0af8d85f4e10db64e5c5885e109f407f5162f2f59183bd950ff58b8580dc3ba9,98962567ffeb7b9dd203672c10947c3ec3f6652148bfaf6651fdb16101dc98fb,81d37a219a6b4141d0b433796711ab8af2ee2c3c668a28143a3ffe6a574ade98,13,2026-10-06T20:41:46.521838+00:00
11,2,6,390,ext_wr_trans_completed_s,False,3563,True,False,0,True,,3144350,1,15,,FTDI-00FT46259002B,FI101-r1p0 (109762 v0100),0x504d574c,owner-verbal-2026-09-23,0af8d85f4e10db64e5c5885e109f407f5162f2f59183bd950ff58b8580dc3ba9,98962567ffeb7b9dd203672c10947c3ec3f6652148bfaf6651fdb16101dc98fb,81d37a219a6b4141d0b433796711ab8af2ee2c3c668a28143a3ffe6a574ade98,13,2026-10-06T20:41:46.521838+00:00
11,2,7,391,ext_wr_data_beat_written,True,23851,True,False,0,True,,3144350,1,15,,FTDI-00FT46259002B,FI101-r1p0 (109762 v0100),0x504d574c,owner-verbal-2026-09-23,0af8d85f4e10db64e5c5885e109f407f5162f2f59183bd950ff58b8580dc3ba9,98962567ffeb7b9dd203672c10947c3ec3f6652148bfaf6651fdb16101dc98fb,81d37a219a6b4141d0b433796711ab8af2ee2c3c668a28143a3ffe6a574ade98,13,2026-10-06T20:41:46.521838+00:00
11,3,0,384,ext_rd_trans_accepted,True,5913,True,False,0,True,,3152085,1,15,,FTDI-00FT46259002B,FI101-r1p0 (109762 v0100),0x504d574c,owner-verbal-2026-09-23,0af8d85f4e10db64e5c5885e109f407f5162f2f59183bd950ff58b8580dc3ba9,98962567ffeb7b9dd203672c10947c3ec3f6652148bfaf6651fdb16101dc98fb,81d37a219a6b4141d0b433796711ab8af2ee2c3c668a28143a3ffe6a574ade98,13,2026-10-06T20:41:46.521838+00:00
11,3,1,385,ext_rd_trans_completed,True,5913,True,False,0,True,,3152085,1,15,,FTDI-00FT46259002B,FI101-r1p0 (109762 v0100),0x504d574c,owner-verbal-2026-09-23,0af8d85f4e10db64e5c5885e109f407f5162f2f59183bd950ff58b8580dc3ba9,98962567ffeb7b9dd203672c10947c3ec3f6652148bfaf6651fdb16101dc98fb,81d37a219a6b4141d0b433796711ab8af2ee2c3c668a28143a3ffe6a574ade98,13,2026-10-06T20:41:46.521838+00:00
11,3,2,386,ext_rd_data_beat_received,True,48898,True,False,0,True,,3152085,1,15,,FTDI-00FT46259002B,FI101-r1p0 (109762 v0100),0x504d574c,owner-verbal-2026-09-23,0af8d85f4e10db64e5c5885e109f407f5162f2f59183bd950ff58b8580dc3ba9,98962567ffeb7b9dd203672c10947c3ec3f6652148bfaf6651fdb16101dc98fb,81d37a219a6b4141d0b433796711ab8af2ee2c3c668a28143a3ffe6a574ade98,13,2026-10-06T20:41:46.521838+00:00
11,3,3,387,ext_rd_tran_req_stalled,True,880827,True,False,0,True,,3152085,1,15,,FTDI-00FT46259002B,FI101-r1p0 (109762 v0100),0x504d574c,owner-verbal-2026-09-23,0af8d85f4e10db64e5c5885e109f407f5162f2f59183bd950ff58b8580dc3ba9,98962567ffeb7b9dd203672c10947c3ec3f6652148bfaf6651fdb16101dc98fb,81d37a219a6b4141d0b433796711ab8af2ee2c3c668a28143a3ffe6a574ade98,13,2026-10-06T20:41:46.521838+00:00
11,3,4,388,ext_wr_trans_accepted,True,3563,True,False,0,True,,3152085,1,15,,FTDI-00FT46259002B,FI101-r1p0 (109762 v0100),0x504d574c,owner-verbal-2026-09-23,0af8d85f4e10db64e5c5885e109f407f5162f2f59183bd950ff58b8580dc3ba9,98962567ffeb7b9dd203672c10947c3ec3f6652148bfaf6651fdb16101dc98fb,81d37a219a6b4141d0b433796711ab8af2ee2c3c668a28143a3ffe6a574ade98,13,2026-10-06T20:41:46.521838+00:00
11,3,5,389,ext_wr_trans_completed_m,False,3563,True,False,0,True,,3152085,1,15,,FTDI-00FT46259002B,FI101-r1p0 (109762 v0100),0x504d574c,owner-verbal-2026-09-23,0af8d85f4e10db64e5c5885e109f407f5162f2f59183bd950ff58b8580dc3ba9,98962567ffeb7b9dd203672c10947c3ec3f6652148bfaf6651fdb16101dc98fb,81d37a219a6b4141d0b433796711ab8af2ee2c3c668a28143a3ffe6a574ade98,13,2026-10-06T20:41:46.521838+00:00
11,3,6,390,ext_wr_trans_completed_s,False,3563,True,False,0,True,,3152085,1,15,,FTDI-00FT46259002B,FI101-r1p0 (109762 v0100),0x504d574c,owner-verbal-2026-09-23,0af8d85f4e10db64e5c5885e109f407f5162f2f59183bd950ff58b8580dc3ba9,98962567ffeb7b9dd203672c10947c3ec3f6652148bfaf6651fdb16101dc98fb,81d37a219a6b4141d0b433796711ab8af2ee2c3c668a28143a3ffe6a574ade98,13,2026-10-06T20:41:46.521838+00:00
11,3,7,391,ext_wr_data_beat_written,True,23851,True,False,0,True,,3152085,1,15,,FTDI-00FT46259002B,FI101-r1p0 (109762 v0100),0x504d574c,owner-verbal-2026-09-23,0af8d85f4e10db64e5c5885e109f407f5162f2f59183bd950ff58b8580dc3ba9,98962567ffeb7b9dd203672c10947c3ec3f6652148bfaf6651fdb16101dc98fb,81d37a219a6b4141d0b433796711ab8af2ee2c3c668a28143a3ffe6a574ade98,13,2026-10-06T20:41:46.521838+00:00
12,1,0,392,ext_wr_tran_req_stalled,True,525273,True,False,0,True,,3157017,1,15,,FTDI-00FT46259002B,FI101-r1p0 (109762 v0100),0x504d574c,owner-verbal-2026-09-23,0af8d85f4e10db64e5c5885e109f407f5162f2f59183bd950ff58b8580dc3ba9,98962567ffeb7b9dd203672c10947c3ec3f6652148bfaf6651fdb16101dc98fb,81d37a219a6b4141d0b433796711ab8af2ee2c3c668a28143a3ffe6a574ade98,13,2026-10-06T20:41:46.521838+00:00
12,1,1,393,ext_wr_data_beat_stalled,True,521720,True,False,0,True,,3157017,1,15,,FTDI-00FT46259002B,FI101-r1p0 (109762 v0100),0x504d574c,owner-verbal-2026-09-23,0af8d85f4e10db64e5c5885e109f407f5162f2f59183bd950ff58b8580dc3ba9,98962567ffeb7b9dd203672c10947c3ec3f6652148bfaf6651fdb16101dc98fb,81d37a219a6b4141d0b433796711ab8af2ee2c3c668a28143a3ffe6a574ade98,13,2026-10-06T20:41:46.521838+00:00
12,1,2,396,ext_enabled_cycles,True,6314508,True,False,0,True,,3157017,1,15,,FTDI-00FT46259002B,FI101-r1p0 (109762 v0100),0x504d574c,owner-verbal-2026-09-23,0af8d85f4e10db64e5c5885e109f407f5162f2f59183bd950ff58b8580dc3ba9,98962567ffeb7b9dd203672c10947c3ec3f6652148bfaf6651fdb16101dc98fb,81d37a219a6b4141d0b433796711ab8af2ee2c3c668a28143a3ffe6a574ade98,13,2026-10-06T20:41:46.521838+00:00
12,1,3,398,ext_rd_stall_limit,True,0,True,False,0,True,,3157017,1,15,,FTDI-00FT46259002B,FI101-r1p0 (109762 v0100),0x504d574c,owner-verbal-2026-09-23,0af8d85f4e10db64e5c5885e109f407f5162f2f59183bd950ff58b8580dc3ba9,98962567ffeb7b9dd203672c10947c3ec3f6652148bfaf6651fdb16101dc98fb,81d37a219a6b4141d0b433796711ab8af2ee2c3c668a28143a3ffe6a574ade98,13,2026-10-06T20:41:46.521838+00:00
12,1,4,399,ext_wr_stall_limit,True,0,True,False,0,True,,3157017,1,15,,FTDI-00FT46259002B,FI101-r1p0 (109762 v0100),0x504d574c,owner-verbal-2026-09-23,0af8d85f4e10db64e5c5885e109f407f5162f2f59183bd950ff58b8580dc3ba9,98962567ffeb7b9dd203672c10947c3ec3f6652148bfaf6651fdb16101dc98fb,81d37a219a6b4141d0b433796711ab8af2ee2c3c668a28143a3ffe6a574ade98,13,2026-10-06T20:41:46.521838+00:00
12,1,5,512,sram0_rd_trans_accepted,True,0,True,False,0,True,,3157017,1,15,,FTDI-00FT46259002B,FI101-r1p0 (109762 v0100),0x504d574c,owner-verbal-2026-09-23,0af8d85f4e10db64e5c5885e109f407f5162f2f59183bd950ff58b8580dc3ba9,98962567ffeb7b9dd203672c10947c3ec3f6652148bfaf6651fdb16101dc98fb,81d37a219a6b4141d0b433796711ab8af2ee2c3c668a28143a3ffe6a574ade98,13,2026-10-06T20:41:46.521838+00:00
12,1,6,513,sram0_rd_trans_completed,True,0,True,False,0,True,,3157017,1,15,,FTDI-00FT46259002B,FI101-r1p0 (109762 v0100),0x504d574c,owner-verbal-2026-09-23,0af8d85f4e10db64e5c5885e109f407f5162f2f59183bd950ff58b8580dc3ba9,98962567ffeb7b9dd203672c10947c3ec3f6652148bfaf6651fdb16101dc98fb,81d37a219a6b4141d0b433796711ab8af2ee2c3c668a28143a3ffe6a574ade98,13,2026-10-06T20:41:46.521838+00:00
12,1,7,514,sram0_rd_data_beat_received,True,0,True,False,0,True,,3157017,1,15,,FTDI-00FT46259002B,FI101-r1p0 (109762 v0100),0x504d574c,owner-verbal-2026-09-23,0af8d85f4e10db64e5c5885e109f407f5162f2f59183bd950ff58b8580dc3ba9,98962567ffeb7b9dd203672c10947c3ec3f6652148bfaf6651fdb16101dc98fb,81d37a219a6b4141d0b433796711ab8af2ee2c3c668a28143a3ffe6a574ade98,13,2026-10-06T20:41:46.521838+00:00
12,2,0,392,ext_wr_tran_req_stalled,True,497017,True,False,0,True,,3146904,1,15,,FTDI-00FT46259002B,FI101-r1p0 (109762 v0100),0x504d574c,owner-verbal-2026-09-23,0af8d85f4e10db64e5c5885e109f407f5162f2f59183bd950ff58b8580dc3ba9,98962567ffeb7b9dd203672c10947c3ec3f6652148bfaf6651fdb16101dc98fb,81d37a219a6b4141d0b433796711ab8af2ee2c3c668a28143a3ffe6a574ade98,13,2026-10-06T20:41:46.521838+00:00
12,2,1,393,ext_wr_data_beat_stalled,True,493505,True,False,0,True,,3146904,1,15,,FTDI-00FT46259002B,FI101-r1p0 (109762 v0100),0x504d574c,owner-verbal-2026-09-23,0af8d85f4e10db64e5c5885e109f407f5162f2f59183bd950ff58b8580dc3ba9,98962567ffeb7b9dd203672c10947c3ec3f6652148bfaf6651fdb16101dc98fb,81d37a219a6b4141d0b433796711ab8af2ee2c3c668a28143a3ffe6a574ade98,13,2026-10-06T20:41:46.521838+00:00
12,2,2,396,ext_enabled_cycles,True,6294282,True,False,0,True,,3146904,1,15,,FTDI-00FT46259002B,FI101-r1p0 (109762 v0100),0x504d574c,owner-verbal-2026-09-23,0af8d85f4e10db64e5c5885e109f407f5162f2f59183bd950ff58b8580dc3ba9,98962567ffeb7b9dd203672c10947c3ec3f6652148bfaf6651fdb16101dc98fb,81d37a219a6b4141d0b433796711ab8af2ee2c3c668a28143a3ffe6a574ade98,13,2026-10-06T20:41:46.521838+00:00
12,2,3,398,ext_rd_stall_limit,True,0,True,False,0,True,,3146904,1,15,,FTDI-00FT46259002B,FI101-r1p0 (109762 v0100),0x504d574c,owner-verbal-2026-09-23,0af8d85f4e10db64e5c5885e109f407f5162f2f59183bd950ff58b8580dc3ba9,98962567ffeb7b9dd203672c10947c3ec3f6652148bfaf6651fdb16101dc98fb,81d37a219a6b4141d0b433796711ab8af2ee2c3c668a28143a3ffe6a574ade98,13,2026-10-06T20:41:46.521838+00:00
12,2,4,399,ext_wr_stall_limit,True,0,True,False,0,True,,3146904,1,15,,FTDI-00FT46259002B,FI101-r1p0 (109762 v0100),0x504d574c,owner-verbal-2026-09-23,0af8d85f4e10db64e5c5885e109f407f5162f2f59183bd950ff58b8580dc3ba9,98962567ffeb7b9dd203672c10947c3ec3f6652148bfaf6651fdb16101dc98fb,81d37a219a6b4141d0b433796711ab8af2ee2c3c668a28143a3ffe6a574ade98,13,2026-10-06T20:41:46.521838+00:00
12,2,5,512,sram0_rd_trans_accepted,True,0,True,False,0,True,,3146904,1,15,,FTDI-00FT46259002B,FI101-r1p0 (109762 v0100),0x504d574c,owner-verbal-2026-09-23,0af8d85f4e10db64e5c5885e109f407f5162f2f59183bd950ff58b8580dc3ba9,98962567ffeb7b9dd203672c10947c3ec3f6652148bfaf6651fdb16101dc98fb,81d37a219a6b4141d0b433796711ab8af2ee2c3c668a28143a3ffe6a574ade98,13,2026-10-06T20:41:46.521838+00:00
12,2,6,513,sram0_rd_trans_completed,True,0,True,False,0,True,,3146904,1,15,,FTDI-00FT46259002B,FI101-r1p0 (109762 v0100),0x504d574c,owner-verbal-2026-09-23,0af8d85f4e10db64e5c5885e109f407f5162f2f59183bd950ff58b8580dc3ba9,98962567ffeb7b9dd203672c10947c3ec3f6652148bfaf6651fdb16101dc98fb,81d37a219a6b4141d0b433796711ab8af2ee2c3c668a28143a3ffe6a574ade98,13,2026-10-06T20:41:46.521838+00:00
12,2,7,514,sram0_rd_data_beat_received,True,0,True,False,0,True,,3146904,1,15,,FTDI-00FT46259002B,FI101-r1p0 (109762 v0100),0x504d574c,owner-verbal-2026-09-23,0af8d85f4e10db64e5c5885e109f407f5162f2f59183bd950ff58b8580dc3ba9,98962567ffeb7b9dd203672c10947c3ec3f6652148bfaf6651fdb16101dc98fb,81d37a219a6b4141d0b433796711ab8af2ee2c3c668a28143a3ffe6a574ade98,13,2026-10-06T20:41:46.521838+00:00
12,3,0,392,ext_wr_tran_req_stalled,True,525266,True,False,0,True,,3160729,1,15,,FTDI-00FT46259002B,FI101-r1p0 (109762 v0100),0x504d574c,owner-verbal-2026-09-23,0af8d85f4e10db64e5c5885e109f407f5162f2f59183bd950ff58b8580dc3ba9,98962567ffeb7b9dd203672c10947c3ec3f6652148bfaf6651fdb16101dc98fb,81d37a219a6b4141d0b433796711ab8af2ee2c3c668a28143a3ffe6a574ade98,13,2026-10-06T20:41:46.521838+00:00
12,3,1,393,ext_wr_data_beat_stalled,True,521726,True,False,0,True,,3160729,1,15,,FTDI-00FT46259002B,FI101-r1p0 (109762 v0100),0x504d574c,owner-verbal-2026-09-23,0af8d85f4e10db64e5c5885e109f407f5162f2f59183bd950ff58b8580dc3ba9,98962567ffeb7b9dd203672c10947c3ec3f6652148bfaf6651fdb16101dc98fb,81d37a219a6b4141d0b433796711ab8af2ee2c3c668a28143a3ffe6a574ade98,13,2026-10-06T20:41:46.521838+00:00
12,3,2,396,ext_enabled_cycles,True,6321932,True,False,0,True,,3160729,1,15,,FTDI-00FT46259002B,FI101-r1p0 (109762 v0100),0x504d574c,owner-verbal-2026-09-23,0af8d85f4e10db64e5c5885e109f407f5162f2f59183bd950ff58b8580dc3ba9,98962567ffeb7b9dd203672c10947c3ec3f6652148bfaf6651fdb16101dc98fb,81d37a219a6b4141d0b433796711ab8af2ee2c3c668a28143a3ffe6a574ade98,13,2026-10-06T20:41:46.521838+00:00
12,3,3,398,ext_rd_stall_limit,True,0,True,False,0,True,,3160729,1,15,,FTDI-00FT46259002B,FI101-r1p0 (109762 v0100),0x504d574c,owner-verbal-2026-09-23,0af8d85f4e10db64e5c5885e109f407f5162f2f59183bd950ff58b8580dc3ba9,98962567ffeb7b9dd203672c10947c3ec3f6652148bfaf6651fdb16101dc98fb,81d37a219a6b4141d0b433796711ab8af2ee2c3c668a28143a3ffe6a574ade98,13,2026-10-06T20:41:46.521838+00:00
12,3,4,399,ext_wr_stall_limit,True,0,True,False,0,True,,3160729,1,15,,FTDI-00FT46259002B,FI101-r1p0 (109762 v0100),0x504d574c,owner-verbal-2026-09-23,0af8d85f4e10db64e5c5885e109f407f5162f2f59183bd950ff58b8580dc3ba9,98962567ffeb7b9dd203672c10947c3ec3f6652148bfaf6651fdb16101dc98fb,81d37a219a6b4141d0b433796711ab8af2ee2c3c668a28143a3ffe6a574ade98,13,2026-10-06T20:41:46.521838+00:00
12,3,5,512,sram0_rd_trans_accepted,True,0,True,False,0,True,,3160729,1,15,,FTDI-00FT46259002B,FI101-r1p0 (109762 v0100),0x504d574c,owner-verbal-2026-09-23,0af8d85f4e10db64e5c5885e109f407f5162f2f59183bd950ff58b8580dc3ba9,98962567ffeb7b9dd203672c10947c3ec3f6652148bfaf6651fdb16101dc98fb,81d37a219a6b4141d0b433796711ab8af2ee2c3c668a28143a3ffe6a574ade98,13,2026-10-06T20:41:46.521838+00:00
12,3,6,513,sram0_rd_trans_completed,True,0,True,False,0,True,,3160729,1,15,,FTDI-00FT46259002B,FI101-r1p0 (109762 v0100),0x504d574c,owner-verbal-2026-09-23,0af8d85f4e10db64e5c5885e109f407f5162f2f59183bd950ff58b8580dc3ba9,98962567ffeb7b9dd203672c10947c3ec3f6652148bfaf6651fdb16101dc98fb,81d37a219a6b4141d0b433796711ab8af2ee2c3c668a28143a3ffe6a574ade98,13,2026-10-06T20:41:46.521838+00:00
12,3,7,514,sram0_rd_data_beat_received,True,0,True,False,0,True,,3160729,1,15,,FTDI-00FT46259002B,FI101-r1p0 (109762 v0100),0x504d574c,owner-verbal-2026-09-23,0af8d85f4e10db64e5c5885e109f407f5162f2f59183bd950ff58b8580dc3ba9,98962567ffeb7b9dd203672c10947c3ec3f6652148bfaf6651fdb16101dc98fb,81d37a219a6b4141d0b433796711ab8af2ee2c3c668a28143a3ffe6a574ade98,13,2026-10-06T20:41:46.521838+00:00
13,1,0,515,sram0_rd_tran_req_stalled,True,0,True,False,0,True,,3151951,1,15,,FTDI-00FT46259002B,FI101-r1p0 (109762 v0100),0x504d574c,owner-verbal-2026-09-23,0af8d85f4e10db64e5c5885e109f407f5162f2f59183bd950ff58b8580dc3ba9,98962567ffeb7b9dd203672c10947c3ec3f6652148bfaf6651fdb16101dc98fb,81d37a219a6b4141d0b433796711ab8af2ee2c3c668a28143a3ffe6a574ade98,13,2026-10-06T20:41:46.521838+00:00
13,1,1,516,sram0_wr_trans_accepted,True,0,True,False,0,True,,3151951,1,15,,FTDI-00FT46259002B,FI101-r1p0 (109762 v0100),0x504d574c,owner-verbal-2026-09-23,0af8d85f4e10db64e5c5885e109f407f5162f2f59183bd950ff58b8580dc3ba9,98962567ffeb7b9dd203672c10947c3ec3f6652148bfaf6651fdb16101dc98fb,81d37a219a6b4141d0b433796711ab8af2ee2c3c668a28143a3ffe6a574ade98,13,2026-10-06T20:41:46.521838+00:00
13,1,2,517,sram0_wr_trans_completed_m,False,0,True,False,0,True,,3151951,1,15,,FTDI-00FT46259002B,FI101-r1p0 (109762 v0100),0x504d574c,owner-verbal-2026-09-23,0af8d85f4e10db64e5c5885e109f407f5162f2f59183bd950ff58b8580dc3ba9,98962567ffeb7b9dd203672c10947c3ec3f6652148bfaf6651fdb16101dc98fb,81d37a219a6b4141d0b433796711ab8af2ee2c3c668a28143a3ffe6a574ade98,13,2026-10-06T20:41:46.521838+00:00
13,1,3,518,sram0_wr_trans_completed_s,False,0,True,False,0,True,,3151951,1,15,,FTDI-00FT46259002B,FI101-r1p0 (109762 v0100),0x504d574c,owner-verbal-2026-09-23,0af8d85f4e10db64e5c5885e109f407f5162f2f59183bd950ff58b8580dc3ba9,98962567ffeb7b9dd203672c10947c3ec3f6652148bfaf6651fdb16101dc98fb,81d37a219a6b4141d0b433796711ab8af2ee2c3c668a28143a3ffe6a574ade98,13,2026-10-06T20:41:46.521838+00:00
13,1,4,519,sram0_wr_data_beat_written,True,0,True,False,0,True,,3151951,1,15,,FTDI-00FT46259002B,FI101-r1p0 (109762 v0100),0x504d574c,owner-verbal-2026-09-23,0af8d85f4e10db64e5c5885e109f407f5162f2f59183bd950ff58b8580dc3ba9,98962567ffeb7b9dd203672c10947c3ec3f6652148bfaf6651fdb16101dc98fb,81d37a219a6b4141d0b433796711ab8af2ee2c3c668a28143a3ffe6a574ade98,13,2026-10-06T20:41:46.521838+00:00
13,1,5,520,sram0_wr_tran_req_stalled,True,0,True,False,0,True,,3151951,1,15,,FTDI-00FT46259002B,FI101-r1p0 (109762 v0100),0x504d574c,owner-verbal-2026-09-23,0af8d85f4e10db64e5c5885e109f407f5162f2f59183bd950ff58b8580dc3ba9,98962567ffeb7b9dd203672c10947c3ec3f6652148bfaf6651fdb16101dc98fb,81d37a219a6b4141d0b433796711ab8af2ee2c3c668a28143a3ffe6a574ade98,13,2026-10-06T20:41:46.521838+00:00
13,1,6,521,sram0_wr_data_beat_stalled,True,0,True,False,0,True,,3151951,1,15,,FTDI-00FT46259002B,FI101-r1p0 (109762 v0100),0x504d574c,owner-verbal-2026-09-23,0af8d85f4e10db64e5c5885e109f407f5162f2f59183bd950ff58b8580dc3ba9,98962567ffeb7b9dd203672c10947c3ec3f6652148bfaf6651fdb16101dc98fb,81d37a219a6b4141d0b433796711ab8af2ee2c3c668a28143a3ffe6a574ade98,13,2026-10-06T20:41:46.521838+00:00
13,1,7,524,sram0_enabled_cycles,True,3152243,True,False,0,True,,3151951,1,15,,FTDI-00FT46259002B,FI101-r1p0 (109762 v0100),0x504d574c,owner-verbal-2026-09-23,0af8d85f4e10db64e5c5885e109f407f5162f2f59183bd950ff58b8580dc3ba9,98962567ffeb7b9dd203672c10947c3ec3f6652148bfaf6651fdb16101dc98fb,81d37a219a6b4141d0b433796711ab8af2ee2c3c668a28143a3ffe6a574ade98,13,2026-10-06T20:41:46.521838+00:00
13,2,0,515,sram0_rd_tran_req_stalled,True,0,True,False,0,True,,3152050,1,15,,FTDI-00FT46259002B,FI101-r1p0 (109762 v0100),0x504d574c,owner-verbal-2026-09-23,0af8d85f4e10db64e5c5885e109f407f5162f2f59183bd950ff58b8580dc3ba9,98962567ffeb7b9dd203672c10947c3ec3f6652148bfaf6651fdb16101dc98fb,81d37a219a6b4141d0b433796711ab8af2ee2c3c668a28143a3ffe6a574ade98,13,2026-10-06T20:41:46.521838+00:00
13,2,1,516,sram0_wr_trans_accepted,True,0,True,False,0,True,,3152050,1,15,,FTDI-00FT46259002B,FI101-r1p0 (109762 v0100),0x504d574c,owner-verbal-2026-09-23,0af8d85f4e10db64e5c5885e109f407f5162f2f59183bd950ff58b8580dc3ba9,98962567ffeb7b9dd203672c10947c3ec3f6652148bfaf6651fdb16101dc98fb,81d37a219a6b4141d0b433796711ab8af2ee2c3c668a28143a3ffe6a574ade98,13,2026-10-06T20:41:46.521838+00:00
13,2,2,517,sram0_wr_trans_completed_m,False,0,True,False,0,True,,3152050,1,15,,FTDI-00FT46259002B,FI101-r1p0 (109762 v0100),0x504d574c,owner-verbal-2026-09-23,0af8d85f4e10db64e5c5885e109f407f5162f2f59183bd950ff58b8580dc3ba9,98962567ffeb7b9dd203672c10947c3ec3f6652148bfaf6651fdb16101dc98fb,81d37a219a6b4141d0b433796711ab8af2ee2c3c668a28143a3ffe6a574ade98,13,2026-10-06T20:41:46.521838+00:00
13,2,3,518,sram0_wr_trans_completed_s,False,0,True,False,0,True,,3152050,1,15,,FTDI-00FT46259002B,FI101-r1p0 (109762 v0100),0x504d574c,owner-verbal-2026-09-23,0af8d85f4e10db64e5c5885e109f407f5162f2f59183bd950ff58b8580dc3ba9,98962567ffeb7b9dd203672c10947c3ec3f6652148bfaf6651fdb16101dc98fb,81d37a219a6b4141d0b433796711ab8af2ee2c3c668a28143a3ffe6a574ade98,13,2026-10-06T20:41:46.521838+00:00
13,2,4,519,sram0_wr_data_beat_written,True,0,True,False,0,True,,3152050,1,15,,FTDI-00FT46259002B,FI101-r1p0 (109762 v0100),0x504d574c,owner-verbal-2026-09-23,0af8d85f4e10db64e5c5885e109f407f5162f2f59183bd950ff58b8580dc3ba9,98962567ffeb7b9dd203672c10947c3ec3f6652148bfaf6651fdb16101dc98fb,81d37a219a6b4141d0b433796711ab8af2ee2c3c668a28143a3ffe6a574ade98,13,2026-10-06T20:41:46.521838+00:00
13,2,5,520,sram0_wr_tran_req_stalled,True,0,True,False,0,True,,3152050,1,15,,FTDI-00FT46259002B,FI101-r1p0 (109762 v0100),0x504d574c,owner-verbal-2026-09-23,0af8d85f4e10db64e5c5885e109f407f5162f2f59183bd950ff58b8580dc3ba9,98962567ffeb7b9dd203672c10947c3ec3f6652148bfaf6651fdb16101dc98fb,81d37a219a6b4141d0b433796711ab8af2ee2c3c668a28143a3ffe6a574ade98,13,2026-10-06T20:41:46.521838+00:00
13,2,6,521,sram0_wr_data_beat_stalled,True,0,True,False,0,True,,3152050,1,15,,FTDI-00FT46259002B,FI101-r1p0 (109762 v0100),0x504d574c,owner-verbal-2026-09-23,0af8d85f4e10db64e5c5885e109f407f5162f2f59183bd950ff58b8580dc3ba9,98962567ffeb7b9dd203672c10947c3ec3f6652148bfaf6651fdb16101dc98fb,81d37a219a6b4141d0b433796711ab8af2ee2c3c668a28143a3ffe6a574ade98,13,2026-10-06T20:41:46.521838+00:00
13,2,7,524,sram0_enabled_cycles,True,3152342,True,False,0,True,,3152050,1,15,,FTDI-00FT46259002B,FI101-r1p0 (109762 v0100),0x504d574c,owner-verbal-2026-09-23,0af8d85f4e10db64e5c5885e109f407f5162f2f59183bd950ff58b8580dc3ba9,98962567ffeb7b9dd203672c10947c3ec3f6652148bfaf6651fdb16101dc98fb,81d37a219a6b4141d0b433796711ab8af2ee2c3c668a28143a3ffe6a574ade98,13,2026-10-06T20:41:46.521838+00:00
13,3,0,515,sram0_rd_tran_req_stalled,True,0,True,False,0,True,,3144256,1,15,,FTDI-00FT46259002B,FI101-r1p0 (109762 v0100),0x504d574c,owner-verbal-2026-09-23,0af8d85f4e10db64e5c5885e109f407f5162f2f59183bd950ff58b8580dc3ba9,98962567ffeb7b9dd203672c10947c3ec3f6652148bfaf6651fdb16101dc98fb,81d37a219a6b4141d0b433796711ab8af2ee2c3c668a28143a3ffe6a574ade98,13,2026-10-06T20:41:46.521838+00:00
13,3,1,516,sram0_wr_trans_accepted,True,0,True,False,0,True,,3144256,1,15,,FTDI-00FT46259002B,FI101-r1p0 (109762 v0100),0x504d574c,owner-verbal-2026-09-23,0af8d85f4e10db64e5c5885e109f407f5162f2f59183bd950ff58b8580dc3ba9,98962567ffeb7b9dd203672c10947c3ec3f6652148bfaf6651fdb16101dc98fb,81d37a219a6b4141d0b433796711ab8af2ee2c3c668a28143a3ffe6a574ade98,13,2026-10-06T20:41:46.521838+00:00
13,3,2,517,sram0_wr_trans_completed_m,False,0,True,False,0,True,,3144256,1,15,,FTDI-00FT46259002B,FI101-r1p0 (109762 v0100),0x504d574c,owner-verbal-2026-09-23,0af8d85f4e10db64e5c5885e109f407f5162f2f59183bd950ff58b8580dc3ba9,98962567ffeb7b9dd203672c10947c3ec3f6652148bfaf6651fdb16101dc98fb,81d37a219a6b4141d0b433796711ab8af2ee2c3c668a28143a3ffe6a574ade98,13,2026-10-06T20:41:46.521838+00:00
13,3,3,518,sram0_wr_trans_completed_s,False,0,True,False,0,True,,3144256,1,15,,FTDI-00FT46259002B,FI101-r1p0 (109762 v0100),0x504d574c,owner-verbal-2026-09-23,0af8d85f4e10db64e5c5885e109f407f5162f2f59183bd950ff58b8580dc3ba9,98962567ffeb7b9dd203672c10947c3ec3f6652148bfaf6651fdb16101dc98fb,81d37a219a6b4141d0b433796711ab8af2ee2c3c668a28143a3ffe6a574ade98,13,2026-10-06T20:41:46.521838+00:00
13,3,4,519,sram0_wr_data_beat_written,True,0,True,False,0,True,,3144256,1,15,,FTDI-00FT46259002B,FI101-r1p0 (109762 v0100),0x504d574c,owner-verbal-2026-09-23,0af8d85f4e10db64e5c5885e109f407f5162f2f59183bd950ff58b8580dc3ba9,98962567ffeb7b9dd203672c10947c3ec3f6652148bfaf6651fdb16101dc98fb,81d37a219a6b4141d0b433796711ab8af2ee2c3c668a28143a3ffe6a574ade98,13,2026-10-06T20:41:46.521838+00:00
13,3,5,520,sram0_wr_tran_req_stalled,True,0,True,False,0,True,,3144256,1,15,,FTDI-00FT46259002B,FI101-r1p0 (109762 v0100),0x504d574c,owner-verbal-2026-09-23,0af8d85f4e10db64e5c5885e109f407f5162f2f59183bd950ff58b8580dc3ba9,98962567ffeb7b9dd203672c10947c3ec3f6652148bfaf6651fdb16101dc98fb,81d37a219a6b4141d0b433796711ab8af2ee2c3c668a28143a3ffe6a574ade98,13,2026-10-06T20:41:46.521838+00:00
13,3,6,521,sram0_wr_data_beat_stalled,True,0,True,False,0,True,,3144256,1,15,,FTDI-00FT46259002B,FI101-r1p0 (109762 v0100),0x504d574c,owner-verbal-2026-09-23,0af8d85f4e10db64e5c5885e109f407f5162f2f59183bd950ff58b8580dc3ba9,98962567ffeb7b9dd203672c10947c3ec3f6652148bfaf6651fdb16101dc98fb,81d37a219a6b4141d0b433796711ab8af2ee2c3c668a28143a3ffe6a574ade98,13,2026-10-06T20:41:46.521838+00:00
13,3,7,524,sram0_enabled_cycles,True,3144548,True,False,0,True,,3144256,1,15,,FTDI-00FT46259002B,FI101-r1p0 (109762 v0100),0x504d574c,owner-verbal-2026-09-23,0af8d85f4e10db64e5c5885e109f407f5162f2f59183bd950ff58b8580dc3ba9,98962567ffeb7b9dd203672c10947c3ec3f6652148bfaf6651fdb16101dc98fb,81d37a219a6b4141d0b433796711ab8af2ee2c3c668a28143a3ffe6a574ade98,13,2026-10-06T20:41:46.521838+00:00
14,1,0,526,sram0_rd_stall_limit,True,0,True,False,0,True,,3143492,1,15,,FTDI-00FT46259002B,FI101-r1p0 (109762 v0100),0x504d574c,owner-verbal-2026-09-23,0af8d85f4e10db64e5c5885e109f407f5162f2f59183bd950ff58b8580dc3ba9,98962567ffeb7b9dd203672c10947c3ec3f6652148bfaf6651fdb16101dc98fb,81d37a219a6b4141d0b433796711ab8af2ee2c3c668a28143a3ffe6a574ade98,13,2026-10-06T20:41:46.521838+00:00
14,1,1,527,sram0_wr_stall_limit,True,0,True,False,0,True,,3143492,1,15,,FTDI-00FT46259002B,FI101-r1p0 (109762 v0100),0x504d574c,owner-verbal-2026-09-23,0af8d85f4e10db64e5c5885e109f407f5162f2f59183bd950ff58b8580dc3ba9,98962567ffeb7b9dd203672c10947c3ec3f6652148bfaf6651fdb16101dc98fb,81d37a219a6b4141d0b433796711ab8af2ee2c3c668a28143a3ffe6a574ade98,13,2026-10-06T20:41:46.521838+00:00
14,1,2,528,sram1_rd_trans_accepted,True,0,True,False,0,True,,3143492,1,15,,FTDI-00FT46259002B,FI101-r1p0 (109762 v0100),0x504d574c,owner-verbal-2026-09-23,0af8d85f4e10db64e5c5885e109f407f5162f2f59183bd950ff58b8580dc3ba9,98962567ffeb7b9dd203672c10947c3ec3f6652148bfaf6651fdb16101dc98fb,81d37a219a6b4141d0b433796711ab8af2ee2c3c668a28143a3ffe6a574ade98,13,2026-10-06T20:41:46.521838+00:00
14,1,3,529,sram1_rd_trans_completed,True,0,True,False,0,True,,3143492,1,15,,FTDI-00FT46259002B,FI101-r1p0 (109762 v0100),0x504d574c,owner-verbal-2026-09-23,0af8d85f4e10db64e5c5885e109f407f5162f2f59183bd950ff58b8580dc3ba9,98962567ffeb7b9dd203672c10947c3ec3f6652148bfaf6651fdb16101dc98fb,81d37a219a6b4141d0b433796711ab8af2ee2c3c668a28143a3ffe6a574ade98,13,2026-10-06T20:41:46.521838+00:00
14,1,4,530,sram1_rd_data_beat_received,True,0,True,False,0,True,,3143492,1,15,,FTDI-00FT46259002B,FI101-r1p0 (109762 v0100),0x504d574c,owner-verbal-2026-09-23,0af8d85f4e10db64e5c5885e109f407f5162f2f59183bd950ff58b8580dc3ba9,98962567ffeb7b9dd203672c10947c3ec3f6652148bfaf6651fdb16101dc98fb,81d37a219a6b4141d0b433796711ab8af2ee2c3c668a28143a3ffe6a574ade98,13,2026-10-06T20:41:46.521838+00:00
14,1,5,531,sram1_rd_tran_req_stalled,True,0,True,False,0,True,,3143492,1,15,,FTDI-00FT46259002B,FI101-r1p0 (109762 v0100),0x504d574c,owner-verbal-2026-09-23,0af8d85f4e10db64e5c5885e109f407f5162f2f59183bd950ff58b8580dc3ba9,98962567ffeb7b9dd203672c10947c3ec3f6652148bfaf6651fdb16101dc98fb,81d37a219a6b4141d0b433796711ab8af2ee2c3c668a28143a3ffe6a574ade98,13,2026-10-06T20:41:46.521838+00:00
14,1,6,532,sram1_wr_trans_accepted,True,0,True,False,0,True,,3143492,1,15,,FTDI-00FT46259002B,FI101-r1p0 (109762 v0100),0x504d574c,owner-verbal-2026-09-23,0af8d85f4e10db64e5c5885e109f407f5162f2f59183bd950ff58b8580dc3ba9,98962567ffeb7b9dd203672c10947c3ec3f6652148bfaf6651fdb16101dc98fb,81d37a219a6b4141d0b433796711ab8af2ee2c3c668a28143a3ffe6a574ade98,13,2026-10-06T20:41:46.521838+00:00
14,1,7,533,sram1_wr_trans_completed_m,False,0,True,False,0,True,,3143492,1,15,,FTDI-00FT46259002B,FI101-r1p0 (109762 v0100),0x504d574c,owner-verbal-2026-09-23,0af8d85f4e10db64e5c5885e109f407f5162f2f59183bd950ff58b8580dc3ba9,98962567ffeb7b9dd203672c10947c3ec3f6652148bfaf6651fdb16101dc98fb,81d37a219a6b4141d0b433796711ab8af2ee2c3c668a28143a3ffe6a574ade98,13,2026-10-06T20:41:46.521838+00:00
14,2,0,526,sram0_rd_stall_limit,True,0,True,False,0,True,,3147984,1,15,,FTDI-00FT46259002B,FI101-r1p0 (109762 v0100),0x504d574c,owner-verbal-2026-09-23,0af8d85f4e10db64e5c5885e109f407f5162f2f59183bd950ff58b8580dc3ba9,98962567ffeb7b9dd203672c10947c3ec3f6652148bfaf6651fdb16101dc98fb,81d37a219a6b4141d0b433796711ab8af2ee2c3c668a28143a3ffe6a574ade98,13,2026-10-06T20:41:46.521838+00:00
14,2,1,527,sram0_wr_stall_limit,True,0,True,False,0,True,,3147984,1,15,,FTDI-00FT46259002B,FI101-r1p0 (109762 v0100),0x504d574c,owner-verbal-2026-09-23,0af8d85f4e10db64e5c5885e109f407f5162f2f59183bd950ff58b8580dc3ba9,98962567ffeb7b9dd203672c10947c3ec3f6652148bfaf6651fdb16101dc98fb,81d37a219a6b4141d0b433796711ab8af2ee2c3c668a28143a3ffe6a574ade98,13,2026-10-06T20:41:46.521838+00:00
14,2,2,528,sram1_rd_trans_accepted,True,0,True,False,0,True,,3147984,1,15,,FTDI-00FT46259002B,FI101-r1p0 (109762 v0100),0x504d574c,owner-verbal-2026-09-23,0af8d85f4e10db64e5c5885e109f407f5162f2f59183bd950ff58b8580dc3ba9,98962567ffeb7b9dd203672c10947c3ec3f6652148bfaf6651fdb16101dc98fb,81d37a219a6b4141d0b433796711ab8af2ee2c3c668a28143a3ffe6a574ade98,13,2026-10-06T20:41:46.521838+00:00
14,2,3,529,sram1_rd_trans_completed,True,0,True,False,0,True,,3147984,1,15,,FTDI-00FT46259002B,FI101-r1p0 (109762 v0100),0x504d574c,owner-verbal-2026-09-23,0af8d85f4e10db64e5c5885e109f407f5162f2f59183bd950ff58b8580dc3ba9,98962567ffeb7b9dd203672c10947c3ec3f6652148bfaf6651fdb16101dc98fb,81d37a219a6b4141d0b433796711ab8af2ee2c3c668a28143a3ffe6a574ade98,13,2026-10-06T20:41:46.521838+00:00
14,2,4,530,sram1_rd_data_beat_received,True,0,True,False,0,True,,3147984,1,15,,FTDI-00FT46259002B,FI101-r1p0 (109762 v0100),0x504d574c,owner-verbal-2026-09-23,0af8d85f4e10db64e5c5885e109f407f5162f2f59183bd950ff58b8580dc3ba9,98962567ffeb7b9dd203672c10947c3ec3f6652148bfaf6651fdb16101dc98fb,81d37a219a6b4141d0b433796711ab8af2ee2c3c668a28143a3ffe6a574ade98,13,2026-10-06T20:41:46.521838+00:00
14,2,5,531,sram1_rd_tran_req_stalled,True,0,True,False,0,True,,3147984,1,15,,FTDI-00FT46259002B,FI101-r1p0 (109762 v0100),0x504d574c,owner-verbal-2026-09-23,0af8d85f4e10db64e5c5885e109f407f5162f2f59183bd950ff58b8580dc3ba9,98962567ffeb7b9dd203672c10947c3ec3f6652148bfaf6651fdb16101dc98fb,81d37a219a6b4141d0b433796711ab8af2ee2c3c668a28143a3ffe6a574ade98,13,2026-10-06T20:41:46.521838+00:00
14,2,6,532,sram1_wr_trans_accepted,True,0,True,False,0,True,,3147984,1,15,,FTDI-00FT46259002B,FI101-r1p0 (109762 v0100),0x504d574c,owner-verbal-2026-09-23,0af8d85f4e10db64e5c5885e109f407f5162f2f59183bd950ff58b8580dc3ba9,98962567ffeb7b9dd203672c10947c3ec3f6652148bfaf6651fdb16101dc98fb,81d37a219a6b4141d0b433796711ab8af2ee2c3c668a28143a3ffe6a574ade98,13,2026-10-06T20:41:46.521838+00:00
14,2,7,533,sram1_wr_trans_completed_m,False,0,True,False,0,True,,3147984,1,15,,FTDI-00FT46259002B,FI101-r1p0 (109762 v0100),0x504d574c,owner-verbal-2026-09-23,0af8d85f4e10db64e5c5885e109f407f5162f2f59183bd950ff58b8580dc3ba9,98962567ffeb7b9dd203672c10947c3ec3f6652148bfaf6651fdb16101dc98fb,81d37a219a6b4141d0b433796711ab8af2ee2c3c668a28143a3ffe6a574ade98,13,2026-10-06T20:41:46.521838+00:00
14,3,0,526,sram0_rd_stall_limit,True,0,True,False,0,True,,3152796,1,15,,FTDI-00FT46259002B,FI101-r1p0 (109762 v0100),0x504d574c,owner-verbal-2026-09-23,0af8d85f4e10db64e5c5885e109f407f5162f2f59183bd950ff58b8580dc3ba9,98962567ffeb7b9dd203672c10947c3ec3f6652148bfaf6651fdb16101dc98fb,81d37a219a6b4141d0b433796711ab8af2ee2c3c668a28143a3ffe6a574ade98,13,2026-10-06T20:41:46.521838+00:00
14,3,1,527,sram0_wr_stall_limit,True,0,True,False,0,True,,3152796,1,15,,FTDI-00FT46259002B,FI101-r1p0 (109762 v0100),0x504d574c,owner-verbal-2026-09-23,0af8d85f4e10db64e5c5885e109f407f5162f2f59183bd950ff58b8580dc3ba9,98962567ffeb7b9dd203672c10947c3ec3f6652148bfaf6651fdb16101dc98fb,81d37a219a6b4141d0b433796711ab8af2ee2c3c668a28143a3ffe6a574ade98,13,2026-10-06T20:41:46.521838+00:00
14,3,2,528,sram1_rd_trans_accepted,True,0,True,False,0,True,,3152796,1,15,,FTDI-00FT46259002B,FI101-r1p0 (109762 v0100),0x504d574c,owner-verbal-2026-09-23,0af8d85f4e10db64e5c5885e109f407f5162f2f59183bd950ff58b8580dc3ba9,98962567ffeb7b9dd203672c10947c3ec3f6652148bfaf6651fdb16101dc98fb,81d37a219a6b4141d0b433796711ab8af2ee2c3c668a28143a3ffe6a574ade98,13,2026-10-06T20:41:46.521838+00:00
14,3,3,529,sram1_rd_trans_completed,True,0,True,False,0,True,,3152796,1,15,,FTDI-00FT46259002B,FI101-r1p0 (109762 v0100),0x504d574c,owner-verbal-2026-09-23,0af8d85f4e10db64e5c5885e109f407f5162f2f59183bd950ff58b8580dc3ba9,98962567ffeb7b9dd203672c10947c3ec3f6652148bfaf6651fdb16101dc98fb,81d37a219a6b4141d0b433796711ab8af2ee2c3c668a28143a3ffe6a574ade98,13,2026-10-06T20:41:46.521838+00:00
14,3,4,530,sram1_rd_data_beat_received,True,0,True,False,0,True,,3152796,1,15,,FTDI-00FT46259002B,FI101-r1p0 (109762 v0100),0x504d574c,owner-verbal-2026-09-23,0af8d85f4e10db64e5c5885e109f407f5162f2f59183bd950ff58b8580dc3ba9,98962567ffeb7b9dd203672c10947c3ec3f6652148bfaf6651fdb16101dc98fb,81d37a219a6b4141d0b433796711ab8af2ee2c3c668a28143a3ffe6a574ade98,13,2026-10-06T20:41:46.521838+00:00
14,3,5,531,sram1_rd_tran_req_stalled,True,0,True,False,0,True,,3152796,1,15,,FTDI-00FT46259002B,FI101-r1p0 (109762 v0100),0x504d574c,owner-verbal-2026-09-23,0af8d85f4e10db64e5c5885e109f407f5162f2f59183bd950ff58b8580dc3ba9,98962567ffeb7b9dd203672c10947c3ec3f6652148bfaf6651fdb16101dc98fb,81d37a219a6b4141d0b433796711ab8af2ee2c3c668a28143a3ffe6a574ade98,13,2026-10-06T20:41:46.521838+00:00
14,3,6,532,sram1_wr_trans_accepted,True,0,True,False,0,True,,3152796,1,15,,FTDI-00FT46259002B,FI101-r1p0 (109762 v0100),0x504d574c,owner-verbal-2026-09-23,0af8d85f4e10db64e5c5885e109f407f5162f2f59183bd950ff58b8580dc3ba9,98962567ffeb7b9dd203672c10947c3ec3f6652148bfaf6651fdb16101dc98fb,81d37a219a6b4141d0b433796711ab8af2ee2c3c668a28143a3ffe6a574ade98,13,2026-10-06T20:41:46.521838+00:00
14,3,7,533,sram1_wr_trans_completed_m,False,0,True,False,0,True,,3152796,1,15,,FTDI-00FT46259002B,FI101-r1p0 (109762 v0100),0x504d574c,owner-verbal-2026-09-23,0af8d85f4e10db64e5c5885e109f407f5162f2f59183bd950ff58b8580dc3ba9,98962567ffeb7b9dd203672c10947c3ec3f6652148bfaf6651fdb16101dc98fb,81d37a219a6b4141d0b433796711ab8af2ee2c3c668a28143a3ffe6a574ade98,13,2026-10-06T20:41:46.521838+00:00
15,1,0,534,sram1_wr_trans_completed_s,False,0,True,False,0,True,,3151787,1,15,,FTDI-00FT46259002B,FI101-r1p0 (109762 v0100),0x504d574c,owner-verbal-2026-09-23,0af8d85f4e10db64e5c5885e109f407f5162f2f59183bd950ff58b8580dc3ba9,98962567ffeb7b9dd203672c10947c3ec3f6652148bfaf6651fdb16101dc98fb,81d37a219a6b4141d0b433796711ab8af2ee2c3c668a28143a3ffe6a574ade98,13,2026-10-06T20:41:46.521838+00:00
15,1,1,535,sram1_wr_data_beat_written,True,0,True,False,0,True,,3151787,1,15,,FTDI-00FT46259002B,FI101-r1p0 (109762 v0100),0x504d574c,owner-verbal-2026-09-23,0af8d85f4e10db64e5c5885e109f407f5162f2f59183bd950ff58b8580dc3ba9,98962567ffeb7b9dd203672c10947c3ec3f6652148bfaf6651fdb16101dc98fb,81d37a219a6b4141d0b433796711ab8af2ee2c3c668a28143a3ffe6a574ade98,13,2026-10-06T20:41:46.521838+00:00
15,1,2,536,sram1_wr_tran_req_stalled,True,0,True,False,0,True,,3151787,1,15,,FTDI-00FT46259002B,FI101-r1p0 (109762 v0100),0x504d574c,owner-verbal-2026-09-23,0af8d85f4e10db64e5c5885e109f407f5162f2f59183bd950ff58b8580dc3ba9,98962567ffeb7b9dd203672c10947c3ec3f6652148bfaf6651fdb16101dc98fb,81d37a219a6b4141d0b433796711ab8af2ee2c3c668a28143a3ffe6a574ade98,13,2026-10-06T20:41:46.521838+00:00
15,1,3,537,sram1_wr_data_beat_stalled,True,0,True,False,0,True,,3151787,1,15,,FTDI-00FT46259002B,FI101-r1p0 (109762 v0100),0x504d574c,owner-verbal-2026-09-23,0af8d85f4e10db64e5c5885e109f407f5162f2f59183bd950ff58b8580dc3ba9,98962567ffeb7b9dd203672c10947c3ec3f6652148bfaf6651fdb16101dc98fb,81d37a219a6b4141d0b433796711ab8af2ee2c3c668a28143a3ffe6a574ade98,13,2026-10-06T20:41:46.521838+00:00
15,1,4,540,sram1_enabled_cycles,True,3152046,True,False,0,True,,3151787,1,15,,FTDI-00FT46259002B,FI101-r1p0 (109762 v0100),0x504d574c,owner-verbal-2026-09-23,0af8d85f4e10db64e5c5885e109f407f5162f2f59183bd950ff58b8580dc3ba9,98962567ffeb7b9dd203672c10947c3ec3f6652148bfaf6651fdb16101dc98fb,81d37a219a6b4141d0b433796711ab8af2ee2c3c668a28143a3ffe6a574ade98,13,2026-10-06T20:41:46.521838+00:00
15,1,5,542,sram1_rd_stall_limit,True,0,True,False,0,True,,3151787,1,15,,FTDI-00FT46259002B,FI101-r1p0 (109762 v0100),0x504d574c,owner-verbal-2026-09-23,0af8d85f4e10db64e5c5885e109f407f5162f2f59183bd950ff58b8580dc3ba9,98962567ffeb7b9dd203672c10947c3ec3f6652148bfaf6651fdb16101dc98fb,81d37a219a6b4141d0b433796711ab8af2ee2c3c668a28143a3ffe6a574ade98,13,2026-10-06T20:41:46.521838+00:00
15,1,6,543,sram1_wr_stall_limit,True,0,True,False,0,True,,3151787,1,15,,FTDI-00FT46259002B,FI101-r1p0 (109762 v0100),0x504d574c,owner-verbal-2026-09-23,0af8d85f4e10db64e5c5885e109f407f5162f2f59183bd950ff58b8580dc3ba9,98962567ffeb7b9dd203672c10947c3ec3f6652148bfaf6651fdb16101dc98fb,81d37a219a6b4141d0b433796711ab8af2ee2c3c668a28143a3ffe6a574ade98,13,2026-10-06T20:41:46.521838+00:00
15,1,7,544,sram2_rd_trans_accepted,True,0,True,False,0,True,,3151787,1,15,,FTDI-00FT46259002B,FI101-r1p0 (109762 v0100),0x504d574c,owner-verbal-2026-09-23,0af8d85f4e10db64e5c5885e109f407f5162f2f59183bd950ff58b8580dc3ba9,98962567ffeb7b9dd203672c10947c3ec3f6652148bfaf6651fdb16101dc98fb,81d37a219a6b4141d0b433796711ab8af2ee2c3c668a28143a3ffe6a574ade98,13,2026-10-06T20:41:46.521838+00:00
15,2,0,534,sram1_wr_trans_completed_s,False,0,True,False,0,True,,3160662,1,15,,FTDI-00FT46259002B,FI101-r1p0 (109762 v0100),0x504d574c,owner-verbal-2026-09-23,0af8d85f4e10db64e5c5885e109f407f5162f2f59183bd950ff58b8580dc3ba9,98962567ffeb7b9dd203672c10947c3ec3f6652148bfaf6651fdb16101dc98fb,81d37a219a6b4141d0b433796711ab8af2ee2c3c668a28143a3ffe6a574ade98,13,2026-10-06T20:41:46.521838+00:00
15,2,1,535,sram1_wr_data_beat_written,True,0,True,False,0,True,,3160662,1,15,,FTDI-00FT46259002B,FI101-r1p0 (109762 v0100),0x504d574c,owner-verbal-2026-09-23,0af8d85f4e10db64e5c5885e109f407f5162f2f59183bd950ff58b8580dc3ba9,98962567ffeb7b9dd203672c10947c3ec3f6652148bfaf6651fdb16101dc98fb,81d37a219a6b4141d0b433796711ab8af2ee2c3c668a28143a3ffe6a574ade98,13,2026-10-06T20:41:46.521838+00:00
15,2,2,536,sram1_wr_tran_req_stalled,True,0,True,False,0,True,,3160662,1,15,,FTDI-00FT46259002B,FI101-r1p0 (109762 v0100),0x504d574c,owner-verbal-2026-09-23,0af8d85f4e10db64e5c5885e109f407f5162f2f59183bd950ff58b8580dc3ba9,98962567ffeb7b9dd203672c10947c3ec3f6652148bfaf6651fdb16101dc98fb,81d37a219a6b4141d0b433796711ab8af2ee2c3c668a28143a3ffe6a574ade98,13,2026-10-06T20:41:46.521838+00:00
15,2,3,537,sram1_wr_data_beat_stalled,True,0,True,False,0,True,,3160662,1,15,,FTDI-00FT46259002B,FI101-r1p0 (109762 v0100),0x504d574c,owner-verbal-2026-09-23,0af8d85f4e10db64e5c5885e109f407f5162f2f59183bd950ff58b8580dc3ba9,98962567ffeb7b9dd203672c10947c3ec3f6652148bfaf6651fdb16101dc98fb,81d37a219a6b4141d0b433796711ab8af2ee2c3c668a28143a3ffe6a574ade98,13,2026-10-06T20:41:46.521838+00:00
15,2,4,540,sram1_enabled_cycles,True,3160921,True,False,0,True,,3160662,1,15,,FTDI-00FT46259002B,FI101-r1p0 (109762 v0100),0x504d574c,owner-verbal-2026-09-23,0af8d85f4e10db64e5c5885e109f407f5162f2f59183bd950ff58b8580dc3ba9,98962567ffeb7b9dd203672c10947c3ec3f6652148bfaf6651fdb16101dc98fb,81d37a219a6b4141d0b433796711ab8af2ee2c3c668a28143a3ffe6a574ade98,13,2026-10-06T20:41:46.521838+00:00
15,2,5,542,sram1_rd_stall_limit,True,0,True,False,0,True,,3160662,1,15,,FTDI-00FT46259002B,FI101-r1p0 (109762 v0100),0x504d574c,owner-verbal-2026-09-23,0af8d85f4e10db64e5c5885e109f407f5162f2f59183bd950ff58b8580dc3ba9,98962567ffeb7b9dd203672c10947c3ec3f6652148bfaf6651fdb16101dc98fb,81d37a219a6b4141d0b433796711ab8af2ee2c3c668a28143a3ffe6a574ade98,13,2026-10-06T20:41:46.521838+00:00
15,2,6,543,sram1_wr_stall_limit,True,0,True,False,0,True,,3160662,1,15,,FTDI-00FT46259002B,FI101-r1p0 (109762 v0100),0x504d574c,owner-verbal-2026-09-23,0af8d85f4e10db64e5c5885e109f407f5162f2f59183bd950ff58b8580dc3ba9,98962567ffeb7b9dd203672c10947c3ec3f6652148bfaf6651fdb16101dc98fb,81d37a219a6b4141d0b433796711ab8af2ee2c3c668a28143a3ffe6a574ade98,13,2026-10-06T20:41:46.521838+00:00
15,2,7,544,sram2_rd_trans_accepted,True,0,True,False,0,True,,3160662,1,15,,FTDI-00FT46259002B,FI101-r1p0 (109762 v0100),0x504d574c,owner-verbal-2026-09-23,0af8d85f4e10db64e5c5885e109f407f5162f2f59183bd950ff58b8580dc3ba9,98962567ffeb7b9dd203672c10947c3ec3f6652148bfaf6651fdb16101dc98fb,81d37a219a6b4141d0b433796711ab8af2ee2c3c668a28143a3ffe6a574ade98,13,2026-10-06T20:41:46.521838+00:00
15,3,0,534,sram1_wr_trans_completed_s,False,0,True,False,0,True,,3150998,1,15,,FTDI-00FT46259002B,FI101-r1p0 (109762 v0100),0x504d574c,owner-verbal-2026-09-23,0af8d85f4e10db64e5c5885e109f407f5162f2f59183bd950ff58b8580dc3ba9,98962567ffeb7b9dd203672c10947c3ec3f6652148bfaf6651fdb16101dc98fb,81d37a219a6b4141d0b433796711ab8af2ee2c3c668a28143a3ffe6a574ade98,13,2026-10-06T20:41:46.521838+00:00
15,3,1,535,sram1_wr_data_beat_written,True,0,True,False,0,True,,3150998,1,15,,FTDI-00FT46259002B,FI101-r1p0 (109762 v0100),0x504d574c,owner-verbal-2026-09-23,0af8d85f4e10db64e5c5885e109f407f5162f2f59183bd950ff58b8580dc3ba9,98962567ffeb7b9dd203672c10947c3ec3f6652148bfaf6651fdb16101dc98fb,81d37a219a6b4141d0b433796711ab8af2ee2c3c668a28143a3ffe6a574ade98,13,2026-10-06T20:41:46.521838+00:00
15,3,2,536,sram1_wr_tran_req_stalled,True,0,True,False,0,True,,3150998,1,15,,FTDI-00FT46259002B,FI101-r1p0 (109762 v0100),0x504d574c,owner-verbal-2026-09-23,0af8d85f4e10db64e5c5885e109f407f5162f2f59183bd950ff58b8580dc3ba9,98962567ffeb7b9dd203672c10947c3ec3f6652148bfaf6651fdb16101dc98fb,81d37a219a6b4141d0b433796711ab8af2ee2c3c668a28143a3ffe6a574ade98,13,2026-10-06T20:41:46.521838+00:00
15,3,3,537,sram1_wr_data_beat_stalled,True,0,True,False,0,True,,3150998,1,15,,FTDI-00FT46259002B,FI101-r1p0 (109762 v0100),0x504d574c,owner-verbal-2026-09-23,0af8d85f4e10db64e5c5885e109f407f5162f2f59183bd950ff58b8580dc3ba9,98962567ffeb7b9dd203672c10947c3ec3f6652148bfaf6651fdb16101dc98fb,81d37a219a6b4141d0b433796711ab8af2ee2c3c668a28143a3ffe6a574ade98,13,2026-10-06T20:41:46.521838+00:00
15,3,4,540,sram1_enabled_cycles,True,3151257,True,False,0,True,,3150998,1,15,,FTDI-00FT46259002B,FI101-r1p0 (109762 v0100),0x504d574c,owner-verbal-2026-09-23,0af8d85f4e10db64e5c5885e109f407f5162f2f59183bd950ff58b8580dc3ba9,98962567ffeb7b9dd203672c10947c3ec3f6652148bfaf6651fdb16101dc98fb,81d37a219a6b4141d0b433796711ab8af2ee2c3c668a28143a3ffe6a574ade98,13,2026-10-06T20:41:46.521838+00:00
15,3,5,542,sram1_rd_stall_limit,True,0,True,False,0,True,,3150998,1,15,,FTDI-00FT46259002B,FI101-r1p0 (109762 v0100),0x504d574c,owner-verbal-2026-09-23,0af8d85f4e10db64e5c5885e109f407f5162f2f59183bd950ff58b8580dc3ba9,98962567ffeb7b9dd203672c10947c3ec3f6652148bfaf6651fdb16101dc98fb,81d37a219a6b4141d0b433796711ab8af2ee2c3c668a28143a3ffe6a574ade98,13,2026-10-06T20:41:46.521838+00:00
15,3,6,543,sram1_wr_stall_limit,True,0,True,False,0,True,,3150998,1,15,,FTDI-00FT46259002B,FI101-r1p0 (109762 v0100),0x504d574c,owner-verbal-2026-09-23,0af8d85f4e10db64e5c5885e109f407f5162f2f59183bd950ff58b8580dc3ba9,98962567ffeb7b9dd203672c10947c3ec3f6652148bfaf6651fdb16101dc98fb,81d37a219a6b4141d0b433796711ab8af2ee2c3c668a28143a3ffe6a574ade98,13,2026-10-06T20:41:46.521838+00:00
15,3,7,544,sram2_rd_trans_accepted,True,0,True,False,0,True,,3150998,1,15,,FTDI-00FT46259002B,FI101-r1p0 (109762 v0100),0x504d574c,owner-verbal-2026-09-23,0af8d85f4e10db64e5c5885e109f407f5162f2f59183bd950ff58b8580dc3ba9,98962567ffeb7b9dd203672c10947c3ec3f6652148bfaf6651fdb16101dc98fb,81d37a219a6b4141d0b433796711ab8af2ee2c3c668a28143a3ffe6a574ade98,13,2026-10-06T20:41:46.521838+00:00
16,1,0,545,sram2_rd_trans_completed,True,0,True,False,0,True,,3151123,1,15,,FTDI-00FT46259002B,FI101-r1p0 (109762 v0100),0x504d574c,owner-verbal-2026-09-23,0af8d85f4e10db64e5c5885e109f407f5162f2f59183bd950ff58b8580dc3ba9,98962567ffeb7b9dd203672c10947c3ec3f6652148bfaf6651fdb16101dc98fb,81d37a219a6b4141d0b433796711ab8af2ee2c3c668a28143a3ffe6a574ade98,13,2026-10-06T20:41:46.521838+00:00
16,1,1,546,sram2_rd_data_beat_received,True,0,True,False,0,True,,3151123,1,15,,FTDI-00FT46259002B,FI101-r1p0 (109762 v0100),0x504d574c,owner-verbal-2026-09-23,0af8d85f4e10db64e5c5885e109f407f5162f2f59183bd950ff58b8580dc3ba9,98962567ffeb7b9dd203672c10947c3ec3f6652148bfaf6651fdb16101dc98fb,81d37a219a6b4141d0b433796711ab8af2ee2c3c668a28143a3ffe6a574ade98,13,2026-10-06T20:41:46.521838+00:00
16,1,2,547,sram2_rd_tran_req_stalled,True,0,True,False,0,True,,3151123,1,15,,FTDI-00FT46259002B,FI101-r1p0 (109762 v0100),0x504d574c,owner-verbal-2026-09-23,0af8d85f4e10db64e5c5885e109f407f5162f2f59183bd950ff58b8580dc3ba9,98962567ffeb7b9dd203672c10947c3ec3f6652148bfaf6651fdb16101dc98fb,81d37a219a6b4141d0b433796711ab8af2ee2c3c668a28143a3ffe6a574ade98,13,2026-10-06T20:41:46.521838+00:00
16,1,3,548,sram2_wr_trans_accepted,True,0,True,False,0,True,,3151123,1,15,,FTDI-00FT46259002B,FI101-r1p0 (109762 v0100),0x504d574c,owner-verbal-2026-09-23,0af8d85f4e10db64e5c5885e109f407f5162f2f59183bd950ff58b8580dc3ba9,98962567ffeb7b9dd203672c10947c3ec3f6652148bfaf6651fdb16101dc98fb,81d37a219a6b4141d0b433796711ab8af2ee2c3c668a28143a3ffe6a574ade98,13,2026-10-06T20:41:46.521838+00:00
16,1,4,549,sram2_wr_trans_completed_m,False,0,True,False,0,True,,3151123,1,15,,FTDI-00FT46259002B,FI101-r1p0 (109762 v0100),0x504d574c,owner-verbal-2026-09-23,0af8d85f4e10db64e5c5885e109f407f5162f2f59183bd950ff58b8580dc3ba9,98962567ffeb7b9dd203672c10947c3ec3f6652148bfaf6651fdb16101dc98fb,81d37a219a6b4141d0b433796711ab8af2ee2c3c668a28143a3ffe6a574ade98,13,2026-10-06T20:41:46.521838+00:00
16,1,5,550,sram2_wr_trans_completed_s,False,0,True,False,0,True,,3151123,1,15,,FTDI-00FT46259002B,FI101-r1p0 (109762 v0100),0x504d574c,owner-verbal-2026-09-23,0af8d85f4e10db64e5c5885e109f407f5162f2f59183bd950ff58b8580dc3ba9,98962567ffeb7b9dd203672c10947c3ec3f6652148bfaf6651fdb16101dc98fb,81d37a219a6b4141d0b433796711ab8af2ee2c3c668a28143a3ffe6a574ade98,13,2026-10-06T20:41:46.521838+00:00
16,1,6,551,sram2_wr_data_beat_written,True,0,True,False,0,True,,3151123,1,15,,FTDI-00FT46259002B,FI101-r1p0 (109762 v0100),0x504d574c,owner-verbal-2026-09-23,0af8d85f4e10db64e5c5885e109f407f5162f2f59183bd950ff58b8580dc3ba9,98962567ffeb7b9dd203672c10947c3ec3f6652148bfaf6651fdb16101dc98fb,81d37a219a6b4141d0b433796711ab8af2ee2c3c668a28143a3ffe6a574ade98,13,2026-10-06T20:41:46.521838+00:00
16,1,7,552,sram2_wr_tran_req_stalled,True,0,True,False,0,True,,3151123,1,15,,FTDI-00FT46259002B,FI101-r1p0 (109762 v0100),0x504d574c,owner-verbal-2026-09-23,0af8d85f4e10db64e5c5885e109f407f5162f2f59183bd950ff58b8580dc3ba9,98962567ffeb7b9dd203672c10947c3ec3f6652148bfaf6651fdb16101dc98fb,81d37a219a6b4141d0b433796711ab8af2ee2c3c668a28143a3ffe6a574ade98,13,2026-10-06T20:41:46.521838+00:00
16,2,0,545,sram2_rd_trans_completed,True,0,True,False,0,True,,3148261,1,15,,FTDI-00FT46259002B,FI101-r1p0 (109762 v0100),0x504d574c,owner-verbal-2026-09-23,0af8d85f4e10db64e5c5885e109f407f5162f2f59183bd950ff58b8580dc3ba9,98962567ffeb7b9dd203672c10947c3ec3f6652148bfaf6651fdb16101dc98fb,81d37a219a6b4141d0b433796711ab8af2ee2c3c668a28143a3ffe6a574ade98,13,2026-10-06T20:41:46.521838+00:00
16,2,1,546,sram2_rd_data_beat_received,True,0,True,False,0,True,,3148261,1,15,,FTDI-00FT46259002B,FI101-r1p0 (109762 v0100),0x504d574c,owner-verbal-2026-09-23,0af8d85f4e10db64e5c5885e109f407f5162f2f59183bd950ff58b8580dc3ba9,98962567ffeb7b9dd203672c10947c3ec3f6652148bfaf6651fdb16101dc98fb,81d37a219a6b4141d0b433796711ab8af2ee2c3c668a28143a3ffe6a574ade98,13,2026-10-06T20:41:46.521838+00:00
16,2,2,547,sram2_rd_tran_req_stalled,True,0,True,False,0,True,,3148261,1,15,,FTDI-00FT46259002B,FI101-r1p0 (109762 v0100),0x504d574c,owner-verbal-2026-09-23,0af8d85f4e10db64e5c5885e109f407f5162f2f59183bd950ff58b8580dc3ba9,98962567ffeb7b9dd203672c10947c3ec3f6652148bfaf6651fdb16101dc98fb,81d37a219a6b4141d0b433796711ab8af2ee2c3c668a28143a3ffe6a574ade98,13,2026-10-06T20:41:46.521838+00:00
16,2,3,548,sram2_wr_trans_accepted,True,0,True,False,0,True,,3148261,1,15,,FTDI-00FT46259002B,FI101-r1p0 (109762 v0100),0x504d574c,owner-verbal-2026-09-23,0af8d85f4e10db64e5c5885e109f407f5162f2f59183bd950ff58b8580dc3ba9,98962567ffeb7b9dd203672c10947c3ec3f6652148bfaf6651fdb16101dc98fb,81d37a219a6b4141d0b433796711ab8af2ee2c3c668a28143a3ffe6a574ade98,13,2026-10-06T20:41:46.521838+00:00
16,2,4,549,sram2_wr_trans_completed_m,False,0,True,False,0,True,,3148261,1,15,,FTDI-00FT46259002B,FI101-r1p0 (109762 v0100),0x504d574c,owner-verbal-2026-09-23,0af8d85f4e10db64e5c5885e109f407f5162f2f59183bd950ff58b8580dc3ba9,98962567ffeb7b9dd203672c10947c3ec3f6652148bfaf6651fdb16101dc98fb,81d37a219a6b4141d0b433796711ab8af2ee2c3c668a28143a3ffe6a574ade98,13,2026-10-06T20:41:46.521838+00:00
16,2,5,550,sram2_wr_trans_completed_s,False,0,True,False,0,True,,3148261,1,15,,FTDI-00FT46259002B,FI101-r1p0 (109762 v0100),0x504d574c,owner-verbal-2026-09-23,0af8d85f4e10db64e5c5885e109f407f5162f2f59183bd950ff58b8580dc3ba9,98962567ffeb7b9dd203672c10947c3ec3f6652148bfaf6651fdb16101dc98fb,81d37a219a6b4141d0b433796711ab8af2ee2c3c668a28143a3ffe6a574ade98,13,2026-10-06T20:41:46.521838+00:00
16,2,6,551,sram2_wr_data_beat_written,True,0,True,False,0,True,,3148261,1,15,,FTDI-00FT46259002B,FI101-r1p0 (109762 v0100),0x504d574c,owner-verbal-2026-09-23,0af8d85f4e10db64e5c5885e109f407f5162f2f59183bd950ff58b8580dc3ba9,98962567ffeb7b9dd203672c10947c3ec3f6652148bfaf6651fdb16101dc98fb,81d37a219a6b4141d0b433796711ab8af2ee2c3c668a28143a3ffe6a574ade98,13,2026-10-06T20:41:46.521838+00:00
16,2,7,552,sram2_wr_tran_req_stalled,True,0,True,False,0,True,,3148261,1,15,,FTDI-00FT46259002B,FI101-r1p0 (109762 v0100),0x504d574c,owner-verbal-2026-09-23,0af8d85f4e10db64e5c5885e109f407f5162f2f59183bd950ff58b8580dc3ba9,98962567ffeb7b9dd203672c10947c3ec3f6652148bfaf6651fdb16101dc98fb,81d37a219a6b4141d0b433796711ab8af2ee2c3c668a28143a3ffe6a574ade98,13,2026-10-06T20:41:46.521838+00:00
16,3,0,545,sram2_rd_trans_completed,True,0,True,False,0,True,,3147969,1,15,,FTDI-00FT46259002B,FI101-r1p0 (109762 v0100),0x504d574c,owner-verbal-2026-09-23,0af8d85f4e10db64e5c5885e109f407f5162f2f59183bd950ff58b8580dc3ba9,98962567ffeb7b9dd203672c10947c3ec3f6652148bfaf6651fdb16101dc98fb,81d37a219a6b4141d0b433796711ab8af2ee2c3c668a28143a3ffe6a574ade98,13,2026-10-06T20:41:46.521838+00:00
16,3,1,546,sram2_rd_data_beat_received,True,0,True,False,0,True,,3147969,1,15,,FTDI-00FT46259002B,FI101-r1p0 (109762 v0100),0x504d574c,owner-verbal-2026-09-23,0af8d85f4e10db64e5c5885e109f407f5162f2f59183bd950ff58b8580dc3ba9,98962567ffeb7b9dd203672c10947c3ec3f6652148bfaf6651fdb16101dc98fb,81d37a219a6b4141d0b433796711ab8af2ee2c3c668a28143a3ffe6a574ade98,13,2026-10-06T20:41:46.521838+00:00
16,3,2,547,sram2_rd_tran_req_stalled,True,0,True,False,0,True,,3147969,1,15,,FTDI-00FT46259002B,FI101-r1p0 (109762 v0100),0x504d574c,owner-verbal-2026-09-23,0af8d85f4e10db64e5c5885e109f407f5162f2f59183bd950ff58b8580dc3ba9,98962567ffeb7b9dd203672c10947c3ec3f6652148bfaf6651fdb16101dc98fb,81d37a219a6b4141d0b433796711ab8af2ee2c3c668a28143a3ffe6a574ade98,13,2026-10-06T20:41:46.521838+00:00
16,3,3,548,sram2_wr_trans_accepted,True,0,True,False,0,True,,3147969,1,15,,FTDI-00FT46259002B,FI101-r1p0 (109762 v0100),0x504d574c,owner-verbal-2026-09-23,0af8d85f4e10db64e5c5885e109f407f5162f2f59183bd950ff58b8580dc3ba9,98962567ffeb7b9dd203672c10947c3ec3f6652148bfaf6651fdb16101dc98fb,81d37a219a6b4141d0b433796711ab8af2ee2c3c668a28143a3ffe6a574ade98,13,2026-10-06T20:41:46.521838+00:00
16,3,4,549,sram2_wr_trans_completed_m,False,0,True,False,0,True,,3147969,1,15,,FTDI-00FT46259002B,FI101-r1p0 (109762 v0100),0x504d574c,owner-verbal-2026-09-23,0af8d85f4e10db64e5c5885e109f407f5162f2f59183bd950ff58b8580dc3ba9,98962567ffeb7b9dd203672c10947c3ec3f6652148bfaf6651fdb16101dc98fb,81d37a219a6b4141d0b433796711ab8af2ee2c3c668a28143a3ffe6a574ade98,13,2026-10-06T20:41:46.521838+00:00
16,3,5,550,sram2_wr_trans_completed_s,False,0,True,False,0,True,,3147969,1,15,,FTDI-00FT46259002B,FI101-r1p0 (109762 v0100),0x504d574c,owner-verbal-2026-09-23,0af8d85f4e10db64e5c5885e109f407f5162f2f59183bd950ff58b8580dc3ba9,98962567ffeb7b9dd203672c10947c3ec3f6652148bfaf6651fdb16101dc98fb,81d37a219a6b4141d0b433796711ab8af2ee2c3c668a28143a3ffe6a574ade98,13,2026-10-06T20:41:46.521838+00:00
16,3,6,551,sram2_wr_data_beat_written,True,0,True,False,0,True,,3147969,1,15,,FTDI-00FT46259002B,FI101-r1p0 (109762 v0100),0x504d574c,owner-verbal-2026-09-23,0af8d85f4e10db64e5c5885e109f407f5162f2f59183bd950ff58b8580dc3ba9,98962567ffeb7b9dd203672c10947c3ec3f6652148bfaf6651fdb16101dc98fb,81d37a219a6b4141d0b433796711ab8af2ee2c3c668a28143a3ffe6a574ade98,13,2026-10-06T20:41:46.521838+00:00
16,3,7,552,sram2_wr_tran_req_stalled,True,0,True,False,0,True,,3147969,1,15,,FTDI-00FT46259002B,FI101-r1p0 (109762 v0100),0x504d574c,owner-verbal-2026-09-23,0af8d85f4e10db64e5c5885e109f407f5162f2f59183bd950ff58b8580dc3ba9,98962567ffeb7b9dd203672c10947c3ec3f6652148bfaf6651fdb16101dc98fb,81d37a219a6b4141d0b433796711ab8af2ee2c3c668a28143a3ffe6a574ade98,13,2026-10-06T20:41:46.521838+00:00
17,1,0,553,sram2_wr_data_beat_stalled,True,0,True,False,0,True,,3151989,1,15,,FTDI-00FT46259002B,FI101-r1p0 (109762 v0100),0x504d574c,owner-verbal-2026-09-23,0af8d85f4e10db64e5c5885e109f407f5162f2f59183bd950ff58b8580dc3ba9,98962567ffeb7b9dd203672c10947c3ec3f6652148bfaf6651fdb16101dc98fb,81d37a219a6b4141d0b433796711ab8af2ee2c3c668a28143a3ffe6a574ade98,13,2026-10-06T20:41:46.521838+00:00
17,1,1,556,sram2_enabled_cycles,True,0,True,False,0,True,,3151989,1,15,,FTDI-00FT46259002B,FI101-r1p0 (109762 v0100),0x504d574c,owner-verbal-2026-09-23,0af8d85f4e10db64e5c5885e109f407f5162f2f59183bd950ff58b8580dc3ba9,98962567ffeb7b9dd203672c10947c3ec3f6652148bfaf6651fdb16101dc98fb,81d37a219a6b4141d0b433796711ab8af2ee2c3c668a28143a3ffe6a574ade98,13,2026-10-06T20:41:46.521838+00:00
17,1,2,558,sram2_rd_stall_limit,True,0,True,False,0,True,,3151989,1,15,,FTDI-00FT46259002B,FI101-r1p0 (109762 v0100),0x504d574c,owner-verbal-2026-09-23,0af8d85f4e10db64e5c5885e109f407f5162f2f59183bd950ff58b8580dc3ba9,98962567ffeb7b9dd203672c10947c3ec3f6652148bfaf6651fdb16101dc98fb,81d37a219a6b4141d0b433796711ab8af2ee2c3c668a28143a3ffe6a574ade98,13,2026-10-06T20:41:46.521838+00:00
17,1,3,559,sram2_wr_stall_limit,True,0,True,False,0,True,,3151989,1,15,,FTDI-00FT46259002B,FI101-r1p0 (109762 v0100),0x504d574c,owner-verbal-2026-09-23,0af8d85f4e10db64e5c5885e109f407f5162f2f59183bd950ff58b8580dc3ba9,98962567ffeb7b9dd203672c10947c3ec3f6652148bfaf6651fdb16101dc98fb,81d37a219a6b4141d0b433796711ab8af2ee2c3c668a28143a3ffe6a574ade98,13,2026-10-06T20:41:46.521838+00:00
17,1,4,560,sram3_rd_trans_accepted,True,0,True,False,0,True,,3151989,1,15,,FTDI-00FT46259002B,FI101-r1p0 (109762 v0100),0x504d574c,owner-verbal-2026-09-23,0af8d85f4e10db64e5c5885e109f407f5162f2f59183bd950ff58b8580dc3ba9,98962567ffeb7b9dd203672c10947c3ec3f6652148bfaf6651fdb16101dc98fb,81d37a219a6b4141d0b433796711ab8af2ee2c3c668a28143a3ffe6a574ade98,13,2026-10-06T20:41:46.521838+00:00
17,1,5,561,sram3_rd_trans_completed,True,0,True,False,0,True,,3151989,1,15,,FTDI-00FT46259002B,FI101-r1p0 (109762 v0100),0x504d574c,owner-verbal-2026-09-23,0af8d85f4e10db64e5c5885e109f407f5162f2f59183bd950ff58b8580dc3ba9,98962567ffeb7b9dd203672c10947c3ec3f6652148bfaf6651fdb16101dc98fb,81d37a219a6b4141d0b433796711ab8af2ee2c3c668a28143a3ffe6a574ade98,13,2026-10-06T20:41:46.521838+00:00
17,1,6,562,sram3_rd_data_beat_received,True,0,True,False,0,True,,3151989,1,15,,FTDI-00FT46259002B,FI101-r1p0 (109762 v0100),0x504d574c,owner-verbal-2026-09-23,0af8d85f4e10db64e5c5885e109f407f5162f2f59183bd950ff58b8580dc3ba9,98962567ffeb7b9dd203672c10947c3ec3f6652148bfaf6651fdb16101dc98fb,81d37a219a6b4141d0b433796711ab8af2ee2c3c668a28143a3ffe6a574ade98,13,2026-10-06T20:41:46.521838+00:00
17,1,7,563,sram3_rd_tran_req_stalled,True,0,True,False,0,True,,3151989,1,15,,FTDI-00FT46259002B,FI101-r1p0 (109762 v0100),0x504d574c,owner-verbal-2026-09-23,0af8d85f4e10db64e5c5885e109f407f5162f2f59183bd950ff58b8580dc3ba9,98962567ffeb7b9dd203672c10947c3ec3f6652148bfaf6651fdb16101dc98fb,81d37a219a6b4141d0b433796711ab8af2ee2c3c668a28143a3ffe6a574ade98,13,2026-10-06T20:41:46.521838+00:00
17,2,0,553,sram2_wr_data_beat_stalled,True,0,True,False,0,True,,3145925,1,15,,FTDI-00FT46259002B,FI101-r1p0 (109762 v0100),0x504d574c,owner-verbal-2026-09-23,0af8d85f4e10db64e5c5885e109f407f5162f2f59183bd950ff58b8580dc3ba9,98962567ffeb7b9dd203672c10947c3ec3f6652148bfaf6651fdb16101dc98fb,81d37a219a6b4141d0b433796711ab8af2ee2c3c668a28143a3ffe6a574ade98,13,2026-10-06T20:41:46.521838+00:00
17,2,1,556,sram2_enabled_cycles,True,0,True,False,0,True,,3145925,1,15,,FTDI-00FT46259002B,FI101-r1p0 (109762 v0100),0x504d574c,owner-verbal-2026-09-23,0af8d85f4e10db64e5c5885e109f407f5162f2f59183bd950ff58b8580dc3ba9,98962567ffeb7b9dd203672c10947c3ec3f6652148bfaf6651fdb16101dc98fb,81d37a219a6b4141d0b433796711ab8af2ee2c3c668a28143a3ffe6a574ade98,13,2026-10-06T20:41:46.521838+00:00
17,2,2,558,sram2_rd_stall_limit,True,0,True,False,0,True,,3145925,1,15,,FTDI-00FT46259002B,FI101-r1p0 (109762 v0100),0x504d574c,owner-verbal-2026-09-23,0af8d85f4e10db64e5c5885e109f407f5162f2f59183bd950ff58b8580dc3ba9,98962567ffeb7b9dd203672c10947c3ec3f6652148bfaf6651fdb16101dc98fb,81d37a219a6b4141d0b433796711ab8af2ee2c3c668a28143a3ffe6a574ade98,13,2026-10-06T20:41:46.521838+00:00
17,2,3,559,sram2_wr_stall_limit,True,0,True,False,0,True,,3145925,1,15,,FTDI-00FT46259002B,FI101-r1p0 (109762 v0100),0x504d574c,owner-verbal-2026-09-23,0af8d85f4e10db64e5c5885e109f407f5162f2f59183bd950ff58b8580dc3ba9,98962567ffeb7b9dd203672c10947c3ec3f6652148bfaf6651fdb16101dc98fb,81d37a219a6b4141d0b433796711ab8af2ee2c3c668a28143a3ffe6a574ade98,13,2026-10-06T20:41:46.521838+00:00
17,2,4,560,sram3_rd_trans_accepted,True,0,True,False,0,True,,3145925,1,15,,FTDI-00FT46259002B,FI101-r1p0 (109762 v0100),0x504d574c,owner-verbal-2026-09-23,0af8d85f4e10db64e5c5885e109f407f5162f2f59183bd950ff58b8580dc3ba9,98962567ffeb7b9dd203672c10947c3ec3f6652148bfaf6651fdb16101dc98fb,81d37a219a6b4141d0b433796711ab8af2ee2c3c668a28143a3ffe6a574ade98,13,2026-10-06T20:41:46.521838+00:00
17,2,5,561,sram3_rd_trans_completed,True,0,True,False,0,True,,3145925,1,15,,FTDI-00FT46259002B,FI101-r1p0 (109762 v0100),0x504d574c,owner-verbal-2026-09-23,0af8d85f4e10db64e5c5885e109f407f5162f2f59183bd950ff58b8580dc3ba9,98962567ffeb7b9dd203672c10947c3ec3f6652148bfaf6651fdb16101dc98fb,81d37a219a6b4141d0b433796711ab8af2ee2c3c668a28143a3ffe6a574ade98,13,2026-10-06T20:41:46.521838+00:00
17,2,6,562,sram3_rd_data_beat_received,True,0,True,False,0,True,,3145925,1,15,,FTDI-00FT46259002B,FI101-r1p0 (109762 v0100),0x504d574c,owner-verbal-2026-09-23,0af8d85f4e10db64e5c5885e109f407f5162f2f59183bd950ff58b8580dc3ba9,98962567ffeb7b9dd203672c10947c3ec3f6652148bfaf6651fdb16101dc98fb,81d37a219a6b4141d0b433796711ab8af2ee2c3c668a28143a3ffe6a574ade98,13,2026-10-06T20:41:46.521838+00:00
17,2,7,563,sram3_rd_tran_req_stalled,True,0,True,False,0,True,,3145925,1,15,,FTDI-00FT46259002B,FI101-r1p0 (109762 v0100),0x504d574c,owner-verbal-2026-09-23,0af8d85f4e10db64e5c5885e109f407f5162f2f59183bd950ff58b8580dc3ba9,98962567ffeb7b9dd203672c10947c3ec3f6652148bfaf6651fdb16101dc98fb,81d37a219a6b4141d0b433796711ab8af2ee2c3c668a28143a3ffe6a574ade98,13,2026-10-06T20:41:46.521838+00:00
17,3,0,553,sram2_wr_data_beat_stalled,True,0,True,False,0,True,,3153227,1,15,,FTDI-00FT46259002B,FI101-r1p0 (109762 v0100),0x504d574c,owner-verbal-2026-09-23,0af8d85f4e10db64e5c5885e109f407f5162f2f59183bd950ff58b8580dc3ba9,98962567ffeb7b9dd203672c10947c3ec3f6652148bfaf6651fdb16101dc98fb,81d37a219a6b4141d0b433796711ab8af2ee2c3c668a28143a3ffe6a574ade98,13,2026-10-06T20:41:46.521838+00:00
17,3,1,556,sram2_enabled_cycles,True,0,True,False,0,True,,3153227,1,15,,FTDI-00FT46259002B,FI101-r1p0 (109762 v0100),0x504d574c,owner-verbal-2026-09-23,0af8d85f4e10db64e5c5885e109f407f5162f2f59183bd950ff58b8580dc3ba9,98962567ffeb7b9dd203672c10947c3ec3f6652148bfaf6651fdb16101dc98fb,81d37a219a6b4141d0b433796711ab8af2ee2c3c668a28143a3ffe6a574ade98,13,2026-10-06T20:41:46.521838+00:00
17,3,2,558,sram2_rd_stall_limit,True,0,True,False,0,True,,3153227,1,15,,FTDI-00FT46259002B,FI101-r1p0 (109762 v0100),0x504d574c,owner-verbal-2026-09-23,0af8d85f4e10db64e5c5885e109f407f5162f2f59183bd950ff58b8580dc3ba9,98962567ffeb7b9dd203672c10947c3ec3f6652148bfaf6651fdb16101dc98fb,81d37a219a6b4141d0b433796711ab8af2ee2c3c668a28143a3ffe6a574ade98,13,2026-10-06T20:41:46.521838+00:00
17,3,3,559,sram2_wr_stall_limit,True,0,True,False,0,True,,3153227,1,15,,FTDI-00FT46259002B,FI101-r1p0 (109762 v0100),0x504d574c,owner-verbal-2026-09-23,0af8d85f4e10db64e5c5885e109f407f5162f2f59183bd950ff58b8580dc3ba9,98962567ffeb7b9dd203672c10947c3ec3f6652148bfaf6651fdb16101dc98fb,81d37a219a6b4141d0b433796711ab8af2ee2c3c668a28143a3ffe6a574ade98,13,2026-10-06T20:41:46.521838+00:00
17,3,4,560,sram3_rd_trans_accepted,True,0,True,False,0,True,,3153227,1,15,,FTDI-00FT46259002B,FI101-r1p0 (109762 v0100),0x504d574c,owner-verbal-2026-09-23,0af8d85f4e10db64e5c5885e109f407f5162f2f59183bd950ff58b8580dc3ba9,98962567ffeb7b9dd203672c10947c3ec3f6652148bfaf6651fdb16101dc98fb,81d37a219a6b4141d0b433796711ab8af2ee2c3c668a28143a3ffe6a574ade98,13,2026-10-06T20:41:46.521838+00:00
17,3,5,561,sram3_rd_trans_completed,True,0,True,False,0,True,,3153227,1,15,,FTDI-00FT46259002B,FI101-r1p0 (109762 v0100),0x504d574c,owner-verbal-2026-09-23,0af8d85f4e10db64e5c5885e109f407f5162f2f59183bd950ff58b8580dc3ba9,98962567ffeb7b9dd203672c10947c3ec3f6652148bfaf6651fdb16101dc98fb,81d37a219a6b4141d0b433796711ab8af2ee2c3c668a28143a3ffe6a574ade98,13,2026-10-06T20:41:46.521838+00:00
17,3,6,562,sram3_rd_data_beat_received,True,0,True,False,0,True,,3153227,1,15,,FTDI-00FT46259002B,FI101-r1p0 (109762 v0100),0x504d574c,owner-verbal-2026-09-23,0af8d85f4e10db64e5c5885e109f407f5162f2f59183bd950ff58b8580dc3ba9,98962567ffeb7b9dd203672c10947c3ec3f6652148bfaf6651fdb16101dc98fb,81d37a219a6b4141d0b433796711ab8af2ee2c3c668a28143a3ffe6a574ade98,13,2026-10-06T20:41:46.521838+00:00
17,3,7,563,sram3_rd_tran_req_stalled,True,0,True,False,0,True,,3153227,1,15,,FTDI-00FT46259002B,FI101-r1p0 (109762 v0100),0x504d574c,owner-verbal-2026-09-23,0af8d85f4e10db64e5c5885e109f407f5162f2f59183bd950ff58b8580dc3ba9,98962567ffeb7b9dd203672c10947c3ec3f6652148bfaf6651fdb16101dc98fb,81d37a219a6b4141d0b433796711ab8af2ee2c3c668a28143a3ffe6a574ade98,13,2026-10-06T20:41:46.521838+00:00
18,1,0,564,sram3_wr_trans_accepted,True,0,True,False,0,True,,3149515,1,15,,FTDI-00FT46259002B,FI101-r1p0 (109762 v0100),0x504d574c,owner-verbal-2026-09-23,0af8d85f4e10db64e5c5885e109f407f5162f2f59183bd950ff58b8580dc3ba9,98962567ffeb7b9dd203672c10947c3ec3f6652148bfaf6651fdb16101dc98fb,81d37a219a6b4141d0b433796711ab8af2ee2c3c668a28143a3ffe6a574ade98,13,2026-10-06T20:41:46.521838+00:00
18,1,1,565,sram3_wr_trans_completed_m,False,0,True,False,0,True,,3149515,1,15,,FTDI-00FT46259002B,FI101-r1p0 (109762 v0100),0x504d574c,owner-verbal-2026-09-23,0af8d85f4e10db64e5c5885e109f407f5162f2f59183bd950ff58b8580dc3ba9,98962567ffeb7b9dd203672c10947c3ec3f6652148bfaf6651fdb16101dc98fb,81d37a219a6b4141d0b433796711ab8af2ee2c3c668a28143a3ffe6a574ade98,13,2026-10-06T20:41:46.521838+00:00
18,1,2,566,sram3_wr_trans_completed_s,False,0,True,False,0,True,,3149515,1,15,,FTDI-00FT46259002B,FI101-r1p0 (109762 v0100),0x504d574c,owner-verbal-2026-09-23,0af8d85f4e10db64e5c5885e109f407f5162f2f59183bd950ff58b8580dc3ba9,98962567ffeb7b9dd203672c10947c3ec3f6652148bfaf6651fdb16101dc98fb,81d37a219a6b4141d0b433796711ab8af2ee2c3c668a28143a3ffe6a574ade98,13,2026-10-06T20:41:46.521838+00:00
18,1,3,567,sram3_wr_data_beat_written,True,0,True,False,0,True,,3149515,1,15,,FTDI-00FT46259002B,FI101-r1p0 (109762 v0100),0x504d574c,owner-verbal-2026-09-23,0af8d85f4e10db64e5c5885e109f407f5162f2f59183bd950ff58b8580dc3ba9,98962567ffeb7b9dd203672c10947c3ec3f6652148bfaf6651fdb16101dc98fb,81d37a219a6b4141d0b433796711ab8af2ee2c3c668a28143a3ffe6a574ade98,13,2026-10-06T20:41:46.521838+00:00
18,1,4,568,sram3_wr_tran_req_stalled,True,0,True,False,0,True,,3149515,1,15,,FTDI-00FT46259002B,FI101-r1p0 (109762 v0100),0x504d574c,owner-verbal-2026-09-23,0af8d85f4e10db64e5c5885e109f407f5162f2f59183bd950ff58b8580dc3ba9,98962567ffeb7b9dd203672c10947c3ec3f6652148bfaf6651fdb16101dc98fb,81d37a219a6b4141d0b433796711ab8af2ee2c3c668a28143a3ffe6a574ade98,13,2026-10-06T20:41:46.521838+00:00
18,1,5,569,sram3_wr_data_beat_stalled,True,0,True,False,0,True,,3149515,1,15,,FTDI-00FT46259002B,FI101-r1p0 (109762 v0100),0x504d574c,owner-verbal-2026-09-23,0af8d85f4e10db64e5c5885e109f407f5162f2f59183bd950ff58b8580dc3ba9,98962567ffeb7b9dd203672c10947c3ec3f6652148bfaf6651fdb16101dc98fb,81d37a219a6b4141d0b433796711ab8af2ee2c3c668a28143a3ffe6a574ade98,13,2026-10-06T20:41:46.521838+00:00
18,1,6,572,sram3_enabled_cycles,True,0,True,False,0,True,,3149515,1,15,,FTDI-00FT46259002B,FI101-r1p0 (109762 v0100),0x504d574c,owner-verbal-2026-09-23,0af8d85f4e10db64e5c5885e109f407f5162f2f59183bd950ff58b8580dc3ba9,98962567ffeb7b9dd203672c10947c3ec3f6652148bfaf6651fdb16101dc98fb,81d37a219a6b4141d0b433796711ab8af2ee2c3c668a28143a3ffe6a574ade98,13,2026-10-06T20:41:46.521838+00:00
18,1,7,574,sram3_rd_stall_limit,True,0,True,False,0,True,,3149515,1,15,,FTDI-00FT46259002B,FI101-r1p0 (109762 v0100),0x504d574c,owner-verbal-2026-09-23,0af8d85f4e10db64e5c5885e109f407f5162f2f59183bd950ff58b8580dc3ba9,98962567ffeb7b9dd203672c10947c3ec3f6652148bfaf6651fdb16101dc98fb,81d37a219a6b4141d0b433796711ab8af2ee2c3c668a28143a3ffe6a574ade98,13,2026-10-06T20:41:46.521838+00:00
18,2,0,564,sram3_wr_trans_accepted,True,0,True,False,0,True,,3142866,1,15,,FTDI-00FT46259002B,FI101-r1p0 (109762 v0100),0x504d574c,owner-verbal-2026-09-23,0af8d85f4e10db64e5c5885e109f407f5162f2f59183bd950ff58b8580dc3ba9,98962567ffeb7b9dd203672c10947c3ec3f6652148bfaf6651fdb16101dc98fb,81d37a219a6b4141d0b433796711ab8af2ee2c3c668a28143a3ffe6a574ade98,13,2026-10-06T20:41:46.521838+00:00
18,2,1,565,sram3_wr_trans_completed_m,False,0,True,False,0,True,,3142866,1,15,,FTDI-00FT46259002B,FI101-r1p0 (109762 v0100),0x504d574c,owner-verbal-2026-09-23,0af8d85f4e10db64e5c5885e109f407f5162f2f59183bd950ff58b8580dc3ba9,98962567ffeb7b9dd203672c10947c3ec3f6652148bfaf6651fdb16101dc98fb,81d37a219a6b4141d0b433796711ab8af2ee2c3c668a28143a3ffe6a574ade98,13,2026-10-06T20:41:46.521838+00:00
18,2,2,566,sram3_wr_trans_completed_s,False,0,True,False,0,True,,3142866,1,15,,FTDI-00FT46259002B,FI101-r1p0 (109762 v0100),0x504d574c,owner-verbal-2026-09-23,0af8d85f4e10db64e5c5885e109f407f5162f2f59183bd950ff58b8580dc3ba9,98962567ffeb7b9dd203672c10947c3ec3f6652148bfaf6651fdb16101dc98fb,81d37a219a6b4141d0b433796711ab8af2ee2c3c668a28143a3ffe6a574ade98,13,2026-10-06T20:41:46.521838+00:00
18,2,3,567,sram3_wr_data_beat_written,True,0,True,False,0,True,,3142866,1,15,,FTDI-00FT46259002B,FI101-r1p0 (109762 v0100),0x504d574c,owner-verbal-2026-09-23,0af8d85f4e10db64e5c5885e109f407f5162f2f59183bd950ff58b8580dc3ba9,98962567ffeb7b9dd203672c10947c3ec3f6652148bfaf6651fdb16101dc98fb,81d37a219a6b4141d0b433796711ab8af2ee2c3c668a28143a3ffe6a574ade98,13,2026-10-06T20:41:46.521838+00:00
18,2,4,568,sram3_wr_tran_req_stalled,True,0,True,False,0,True,,3142866,1,15,,FTDI-00FT46259002B,FI101-r1p0 (109762 v0100),0x504d574c,owner-verbal-2026-09-23,0af8d85f4e10db64e5c5885e109f407f5162f2f59183bd950ff58b8580dc3ba9,98962567ffeb7b9dd203672c10947c3ec3f6652148bfaf6651fdb16101dc98fb,81d37a219a6b4141d0b433796711ab8af2ee2c3c668a28143a3ffe6a574ade98,13,2026-10-06T20:41:46.521838+00:00
18,2,5,569,sram3_wr_data_beat_stalled,True,0,True,False,0,True,,3142866,1,15,,FTDI-00FT46259002B,FI101-r1p0 (109762 v0100),0x504d574c,owner-verbal-2026-09-23,0af8d85f4e10db64e5c5885e109f407f5162f2f59183bd950ff58b8580dc3ba9,98962567ffeb7b9dd203672c10947c3ec3f6652148bfaf6651fdb16101dc98fb,81d37a219a6b4141d0b433796711ab8af2ee2c3c668a28143a3ffe6a574ade98,13,2026-10-06T20:41:46.521838+00:00
18,2,6,572,sram3_enabled_cycles,True,0,True,False,0,True,,3142866,1,15,,FTDI-00FT46259002B,FI101-r1p0 (109762 v0100),0x504d574c,owner-verbal-2026-09-23,0af8d85f4e10db64e5c5885e109f407f5162f2f59183bd950ff58b8580dc3ba9,98962567ffeb7b9dd203672c10947c3ec3f6652148bfaf6651fdb16101dc98fb,81d37a219a6b4141d0b433796711ab8af2ee2c3c668a28143a3ffe6a574ade98,13,2026-10-06T20:41:46.521838+00:00
18,2,7,574,sram3_rd_stall_limit,True,0,True,False,0,True,,3142866,1,15,,FTDI-00FT46259002B,FI101-r1p0 (109762 v0100),0x504d574c,owner-verbal-2026-09-23,0af8d85f4e10db64e5c5885e109f407f5162f2f59183bd950ff58b8580dc3ba9,98962567ffeb7b9dd203672c10947c3ec3f6652148bfaf6651fdb16101dc98fb,81d37a219a6b4141d0b433796711ab8af2ee2c3c668a28143a3ffe6a574ade98,13,2026-10-06T20:41:46.521838+00:00
18,3,0,564,sram3_wr_trans_accepted,True,0,True,False,0,True,,3145628,1,15,,FTDI-00FT46259002B,FI101-r1p0 (109762 v0100),0x504d574c,owner-verbal-2026-09-23,0af8d85f4e10db64e5c5885e109f407f5162f2f59183bd950ff58b8580dc3ba9,98962567ffeb7b9dd203672c10947c3ec3f6652148bfaf6651fdb16101dc98fb,81d37a219a6b4141d0b433796711ab8af2ee2c3c668a28143a3ffe6a574ade98,13,2026-10-06T20:41:46.521838+00:00
18,3,1,565,sram3_wr_trans_completed_m,False,0,True,False,0,True,,3145628,1,15,,FTDI-00FT46259002B,FI101-r1p0 (109762 v0100),0x504d574c,owner-verbal-2026-09-23,0af8d85f4e10db64e5c5885e109f407f5162f2f59183bd950ff58b8580dc3ba9,98962567ffeb7b9dd203672c10947c3ec3f6652148bfaf6651fdb16101dc98fb,81d37a219a6b4141d0b433796711ab8af2ee2c3c668a28143a3ffe6a574ade98,13,2026-10-06T20:41:46.521838+00:00
18,3,2,566,sram3_wr_trans_completed_s,False,0,True,False,0,True,,3145628,1,15,,FTDI-00FT46259002B,FI101-r1p0 (109762 v0100),0x504d574c,owner-verbal-2026-09-23,0af8d85f4e10db64e5c5885e109f407f5162f2f59183bd950ff58b8580dc3ba9,98962567ffeb7b9dd203672c10947c3ec3f6652148bfaf6651fdb16101dc98fb,81d37a219a6b4141d0b433796711ab8af2ee2c3c668a28143a3ffe6a574ade98,13,2026-10-06T20:41:46.521838+00:00
18,3,3,567,sram3_wr_data_beat_written,True,0,True,False,0,True,,3145628,1,15,,FTDI-00FT46259002B,FI101-r1p0 (109762 v0100),0x504d574c,owner-verbal-2026-09-23,0af8d85f4e10db64e5c5885e109f407f5162f2f59183bd950ff58b8580dc3ba9,98962567ffeb7b9dd203672c10947c3ec3f6652148bfaf6651fdb16101dc98fb,81d37a219a6b4141d0b433796711ab8af2ee2c3c668a28143a3ffe6a574ade98,13,2026-10-06T20:41:46.521838+00:00
18,3,4,568,sram3_wr_tran_req_stalled,True,0,True,False,0,True,,3145628,1,15,,FTDI-00FT46259002B,FI101-r1p0 (109762 v0100),0x504d574c,owner-verbal-2026-09-23,0af8d85f4e10db64e5c5885e109f407f5162f2f59183bd950ff58b8580dc3ba9,98962567ffeb7b9dd203672c10947c3ec3f6652148bfaf6651fdb16101dc98fb,81d37a219a6b4141d0b433796711ab8af2ee2c3c668a28143a3ffe6a574ade98,13,2026-10-06T20:41:46.521838+00:00
18,3,5,569,sram3_wr_data_beat_stalled,True,0,True,False,0,True,,3145628,1,15,,FTDI-00FT46259002B,FI101-r1p0 (109762 v0100),0x504d574c,owner-verbal-2026-09-23,0af8d85f4e10db64e5c5885e109f407f5162f2f59183bd950ff58b8580dc3ba9,98962567ffeb7b9dd203672c10947c3ec3f6652148bfaf6651fdb16101dc98fb,81d37a219a6b4141d0b433796711ab8af2ee2c3c668a28143a3ffe6a574ade98,13,2026-10-06T20:41:46.521838+00:00
18,3,6,572,sram3_enabled_cycles,True,0,True,False,0,True,,3145628,1,15,,FTDI-00FT46259002B,FI101-r1p0 (109762 v0100),0x504d574c,owner-verbal-2026-09-23,0af8d85f4e10db64e5c5885e109f407f5162f2f59183bd950ff58b8580dc3ba9,98962567ffeb7b9dd203672c10947c3ec3f6652148bfaf6651fdb16101dc98fb,81d37a219a6b4141d0b433796711ab8af2ee2c3c668a28143a3ffe6a574ade98,13,2026-10-06T20:41:46.521838+00:00
18,3,7,574,sram3_rd_stall_limit,True,0,True,False,0,True,,3145628,1,15,,FTDI-00FT46259002B,FI101-r1p0 (109762 v0100),0x504d574c,owner-verbal-2026-09-23,0af8d85f4e10db64e5c5885e109f407f5162f2f59183bd950ff58b8580dc3ba9,98962567ffeb7b9dd203672c10947c3ec3f6652148bfaf6651fdb16101dc98fb,81d37a219a6b4141d0b433796711ab8af2ee2c3c668a28143a3ffe6a574ade98,13,2026-10-06T20:41:46.521838+00:00
19,1,0,575,sram3_wr_stall_limit,True,0,True,False,0,True,,3151526,1,15,,FTDI-00FT46259002B,FI101-r1p0 (109762 v0100),0x504d574c,owner-verbal-2026-09-23,0af8d85f4e10db64e5c5885e109f407f5162f2f59183bd950ff58b8580dc3ba9,98962567ffeb7b9dd203672c10947c3ec3f6652148bfaf6651fdb16101dc98fb,81d37a219a6b4141d0b433796711ab8af2ee2c3c668a28143a3ffe6a574ade98,13,2026-10-06T20:41:46.521838+00:00
19,1,1,640,ext0_rd_trans_accepted,True,2950,True,False,0,True,,3151526,1,15,,FTDI-00FT46259002B,FI101-r1p0 (109762 v0100),0x504d574c,owner-verbal-2026-09-23,0af8d85f4e10db64e5c5885e109f407f5162f2f59183bd950ff58b8580dc3ba9,98962567ffeb7b9dd203672c10947c3ec3f6652148bfaf6651fdb16101dc98fb,81d37a219a6b4141d0b433796711ab8af2ee2c3c668a28143a3ffe6a574ade98,13,2026-10-06T20:41:46.521838+00:00
19,1,2,641,ext0_rd_trans_completed,True,2950,True,False,0,True,,3151526,1,15,,FTDI-00FT46259002B,FI101-r1p0 (109762 v0100),0x504d574c,owner-verbal-2026-09-23,0af8d85f4e10db64e5c5885e109f407f5162f2f59183bd950ff58b8580dc3ba9,98962567ffeb7b9dd203672c10947c3ec3f6652148bfaf6651fdb16101dc98fb,81d37a219a6b4141d0b433796711ab8af2ee2c3c668a28143a3ffe6a574ade98,13,2026-10-06T20:41:46.521838+00:00
19,1,3,642,ext0_rd_data_beat_received,True,24486,True,False,0,True,,3151526,1,15,,FTDI-00FT46259002B,FI101-r1p0 (109762 v0100),0x504d574c,owner-verbal-2026-09-23,0af8d85f4e10db64e5c5885e109f407f5162f2f59183bd950ff58b8580dc3ba9,98962567ffeb7b9dd203672c10947c3ec3f6652148bfaf6651fdb16101dc98fb,81d37a219a6b4141d0b433796711ab8af2ee2c3c668a28143a3ffe6a574ade98,13,2026-10-06T20:41:46.521838+00:00
19,1,4,643,ext0_rd_tran_req_stalled,True,406040,True,False,0,True,,3151526,1,15,,FTDI-00FT46259002B,FI101-r1p0 (109762 v0100),0x504d574c,owner-verbal-2026-09-23,0af8d85f4e10db64e5c5885e109f407f5162f2f59183bd950ff58b8580dc3ba9,98962567ffeb7b9dd203672c10947c3ec3f6652148bfaf6651fdb16101dc98fb,81d37a219a6b4141d0b433796711ab8af2ee2c3c668a28143a3ffe6a574ade98,13,2026-10-06T20:41:46.521838+00:00
19,1,5,644,ext0_wr_trans_accepted,True,1804,True,False,0,True,,3151526,1,15,,FTDI-00FT46259002B,FI101-r1p0 (109762 v0100),0x504d574c,owner-verbal-2026-09-23,0af8d85f4e10db64e5c5885e109f407f5162f2f59183bd950ff58b8580dc3ba9,98962567ffeb7b9dd203672c10947c3ec3f6652148bfaf6651fdb16101dc98fb,81d37a219a6b4141d0b433796711ab8af2ee2c3c668a28143a3ffe6a574ade98,13,2026-10-06T20:41:46.521838+00:00
19,1,6,645,ext0_wr_trans_completed_m,False,1804,True,False,0,True,,3151526,1,15,,FTDI-00FT46259002B,FI101-r1p0 (109762 v0100),0x504d574c,owner-verbal-2026-09-23,0af8d85f4e10db64e5c5885e109f407f5162f2f59183bd950ff58b8580dc3ba9,98962567ffeb7b9dd203672c10947c3ec3f6652148bfaf6651fdb16101dc98fb,81d37a219a6b4141d0b433796711ab8af2ee2c3c668a28143a3ffe6a574ade98,13,2026-10-06T20:41:46.521838+00:00
19,1,7,646,ext0_wr_trans_completed_s,False,1804,True,False,0,True,,3151526,1,15,,FTDI-00FT46259002B,FI101-r1p0 (109762 v0100),0x504d574c,owner-verbal-2026-09-23,0af8d85f4e10db64e5c5885e109f407f5162f2f59183bd950ff58b8580dc3ba9,98962567ffeb7b9dd203672c10947c3ec3f6652148bfaf6651fdb16101dc98fb,81d37a219a6b4141d0b433796711ab8af2ee2c3c668a28143a3ffe6a574ade98,13,2026-10-06T20:41:46.521838+00:00
19,2,0,575,sram3_wr_stall_limit,True,0,True,False,0,True,,3148281,1,15,,FTDI-00FT46259002B,FI101-r1p0 (109762 v0100),0x504d574c,owner-verbal-2026-09-23,0af8d85f4e10db64e5c5885e109f407f5162f2f59183bd950ff58b8580dc3ba9,98962567ffeb7b9dd203672c10947c3ec3f6652148bfaf6651fdb16101dc98fb,81d37a219a6b4141d0b433796711ab8af2ee2c3c668a28143a3ffe6a574ade98,13,2026-10-06T20:41:46.521838+00:00
19,2,1,640,ext0_rd_trans_accepted,True,2950,True,False,0,True,,3148281,1,15,,FTDI-00FT46259002B,FI101-r1p0 (109762 v0100),0x504d574c,owner-verbal-2026-09-23,0af8d85f4e10db64e5c5885e109f407f5162f2f59183bd950ff58b8580dc3ba9,98962567ffeb7b9dd203672c10947c3ec3f6652148bfaf6651fdb16101dc98fb,81d37a219a6b4141d0b433796711ab8af2ee2c3c668a28143a3ffe6a574ade98,13,2026-10-06T20:41:46.521838+00:00
19,2,2,641,ext0_rd_trans_completed,True,2950,True,False,0,True,,3148281,1,15,,FTDI-00FT46259002B,FI101-r1p0 (109762 v0100),0x504d574c,owner-verbal-2026-09-23,0af8d85f4e10db64e5c5885e109f407f5162f2f59183bd950ff58b8580dc3ba9,98962567ffeb7b9dd203672c10947c3ec3f6652148bfaf6651fdb16101dc98fb,81d37a219a6b4141d0b433796711ab8af2ee2c3c668a28143a3ffe6a574ade98,13,2026-10-06T20:41:46.521838+00:00
19,2,3,642,ext0_rd_data_beat_received,True,24486,True,False,0,True,,3148281,1,15,,FTDI-00FT46259002B,FI101-r1p0 (109762 v0100),0x504d574c,owner-verbal-2026-09-23,0af8d85f4e10db64e5c5885e109f407f5162f2f59183bd950ff58b8580dc3ba9,98962567ffeb7b9dd203672c10947c3ec3f6652148bfaf6651fdb16101dc98fb,81d37a219a6b4141d0b433796711ab8af2ee2c3c668a28143a3ffe6a574ade98,13,2026-10-06T20:41:46.521838+00:00
19,2,4,643,ext0_rd_tran_req_stalled,True,393463,True,False,0,True,,3148281,1,15,,FTDI-00FT46259002B,FI101-r1p0 (109762 v0100),0x504d574c,owner-verbal-2026-09-23,0af8d85f4e10db64e5c5885e109f407f5162f2f59183bd950ff58b8580dc3ba9,98962567ffeb7b9dd203672c10947c3ec3f6652148bfaf6651fdb16101dc98fb,81d37a219a6b4141d0b433796711ab8af2ee2c3c668a28143a3ffe6a574ade98,13,2026-10-06T20:41:46.521838+00:00
19,2,5,644,ext0_wr_trans_accepted,True,1804,True,False,0,True,,3148281,1,15,,FTDI-00FT46259002B,FI101-r1p0 (109762 v0100),0x504d574c,owner-verbal-2026-09-23,0af8d85f4e10db64e5c5885e109f407f5162f2f59183bd950ff58b8580dc3ba9,98962567ffeb7b9dd203672c10947c3ec3f6652148bfaf6651fdb16101dc98fb,81d37a219a6b4141d0b433796711ab8af2ee2c3c668a28143a3ffe6a574ade98,13,2026-10-06T20:41:46.521838+00:00
19,2,6,645,ext0_wr_trans_completed_m,False,1804,True,False,0,True,,3148281,1,15,,FTDI-00FT46259002B,FI101-r1p0 (109762 v0100),0x504d574c,owner-verbal-2026-09-23,0af8d85f4e10db64e5c5885e109f407f5162f2f59183bd950ff58b8580dc3ba9,98962567ffeb7b9dd203672c10947c3ec3f6652148bfaf6651fdb16101dc98fb,81d37a219a6b4141d0b433796711ab8af2ee2c3c668a28143a3ffe6a574ade98,13,2026-10-06T20:41:46.521838+00:00
19,2,7,646,ext0_wr_trans_completed_s,False,1804,True,False,0,True,,3148281,1,15,,FTDI-00FT46259002B,FI101-r1p0 (109762 v0100),0x504d574c,owner-verbal-2026-09-23,0af8d85f4e10db64e5c5885e109f407f5162f2f59183bd950ff58b8580dc3ba9,98962567ffeb7b9dd203672c10947c3ec3f6652148bfaf6651fdb16101dc98fb,81d37a219a6b4141d0b433796711ab8af2ee2c3c668a28143a3ffe6a574ade98,13,2026-10-06T20:41:46.521838+00:00
19,3,0,575,sram3_wr_stall_limit,True,0,True,False,0,True,,3145968,1,15,,FTDI-00FT46259002B,FI101-r1p0 (109762 v0100),0x504d574c,owner-verbal-2026-09-23,0af8d85f4e10db64e5c5885e109f407f5162f2f59183bd950ff58b8580dc3ba9,98962567ffeb7b9dd203672c10947c3ec3f6652148bfaf6651fdb16101dc98fb,81d37a219a6b4141d0b433796711ab8af2ee2c3c668a28143a3ffe6a574ade98,13,2026-10-06T20:41:46.521838+00:00
19,3,1,640,ext0_rd_trans_accepted,True,2950,True,False,0,True,,3145968,1,15,,FTDI-00FT46259002B,FI101-r1p0 (109762 v0100),0x504d574c,owner-verbal-2026-09-23,0af8d85f4e10db64e5c5885e109f407f5162f2f59183bd950ff58b8580dc3ba9,98962567ffeb7b9dd203672c10947c3ec3f6652148bfaf6651fdb16101dc98fb,81d37a219a6b4141d0b433796711ab8af2ee2c3c668a28143a3ffe6a574ade98,13,2026-10-06T20:41:46.521838+00:00
19,3,2,641,ext0_rd_trans_completed,True,2950,True,False,0,True,,3145968,1,15,,FTDI-00FT46259002B,FI101-r1p0 (109762 v0100),0x504d574c,owner-verbal-2026-09-23,0af8d85f4e10db64e5c5885e109f407f5162f2f59183bd950ff58b8580dc3ba9,98962567ffeb7b9dd203672c10947c3ec3f6652148bfaf6651fdb16101dc98fb,81d37a219a6b4141d0b433796711ab8af2ee2c3c668a28143a3ffe6a574ade98,13,2026-10-06T20:41:46.521838+00:00
19,3,3,642,ext0_rd_data_beat_received,True,24486,True,False,0,True,,3145968,1,15,,FTDI-00FT46259002B,FI101-r1p0 (109762 v0100),0x504d574c,owner-verbal-2026-09-23,0af8d85f4e10db64e5c5885e109f407f5162f2f59183bd950ff58b8580dc3ba9,98962567ffeb7b9dd203672c10947c3ec3f6652148bfaf6651fdb16101dc98fb,81d37a219a6b4141d0b433796711ab8af2ee2c3c668a28143a3ffe6a574ade98,13,2026-10-06T20:41:46.521838+00:00
19,3,4,643,ext0_rd_tran_req_stalled,True,401623,True,False,0,True,,3145968,1,15,,FTDI-00FT46259002B,FI101-r1p0 (109762 v0100),0x504d574c,owner-verbal-2026-09-23,0af8d85f4e10db64e5c5885e109f407f5162f2f59183bd950ff58b8580dc3ba9,98962567ffeb7b9dd203672c10947c3ec3f6652148bfaf6651fdb16101dc98fb,81d37a219a6b4141d0b433796711ab8af2ee2c3c668a28143a3ffe6a574ade98,13,2026-10-06T20:41:46.521838+00:00
19,3,5,644,ext0_wr_trans_accepted,True,1804,True,False,0,True,,3145968,1,15,,FTDI-00FT46259002B,FI101-r1p0 (109762 v0100),0x504d574c,owner-verbal-2026-09-23,0af8d85f4e10db64e5c5885e109f407f5162f2f59183bd950ff58b8580dc3ba9,98962567ffeb7b9dd203672c10947c3ec3f6652148bfaf6651fdb16101dc98fb,81d37a219a6b4141d0b433796711ab8af2ee2c3c668a28143a3ffe6a574ade98,13,2026-10-06T20:41:46.521838+00:00
19,3,6,645,ext0_wr_trans_completed_m,False,1804,True,False,0,True,,3145968,1,15,,FTDI-00FT46259002B,FI101-r1p0 (109762 v0100),0x504d574c,owner-verbal-2026-09-23,0af8d85f4e10db64e5c5885e109f407f5162f2f59183bd950ff58b8580dc3ba9,98962567ffeb7b9dd203672c10947c3ec3f6652148bfaf6651fdb16101dc98fb,81d37a219a6b4141d0b433796711ab8af2ee2c3c668a28143a3ffe6a574ade98,13,2026-10-06T20:41:46.521838+00:00
19,3,7,646,ext0_wr_trans_completed_s,False,1804,True,False,0,True,,3145968,1,15,,FTDI-00FT46259002B,FI101-r1p0 (109762 v0100),0x504d574c,owner-verbal-2026-09-23,0af8d85f4e10db64e5c5885e109f407f5162f2f59183bd950ff58b8580dc3ba9,98962567ffeb7b9dd203672c10947c3ec3f6652148bfaf6651fdb16101dc98fb,81d37a219a6b4141d0b433796711ab8af2ee2c3c668a28143a3ffe6a574ade98,13,2026-10-06T20:41:46.521838+00:00
20,1,0,647,ext0_wr_data_beat_written,True,11942,True,False,0,True,,3148603,1,15,,FTDI-00FT46259002B,FI101-r1p0 (109762 v0100),0x504d574c,owner-verbal-2026-09-23,0af8d85f4e10db64e5c5885e109f407f5162f2f59183bd950ff58b8580dc3ba9,98962567ffeb7b9dd203672c10947c3ec3f6652148bfaf6651fdb16101dc98fb,81d37a219a6b4141d0b433796711ab8af2ee2c3c668a28143a3ffe6a574ade98,13,2026-10-06T20:41:46.521838+00:00
20,1,1,648,ext0_wr_tran_req_stalled,True,210793,True,False,0,True,,3148603,1,15,,FTDI-00FT46259002B,FI101-r1p0 (109762 v0100),0x504d574c,owner-verbal-2026-09-23,0af8d85f4e10db64e5c5885e109f407f5162f2f59183bd950ff58b8580dc3ba9,98962567ffeb7b9dd203672c10947c3ec3f6652148bfaf6651fdb16101dc98fb,81d37a219a6b4141d0b433796711ab8af2ee2c3c668a28143a3ffe6a574ade98,13,2026-10-06T20:41:46.521838+00:00
20,1,2,649,ext0_wr_data_beat_stalled,True,208902,True,False,0,True,,3148603,1,15,,FTDI-00FT46259002B,FI101-r1p0 (109762 v0100),0x504d574c,owner-verbal-2026-09-23,0af8d85f4e10db64e5c5885e109f407f5162f2f59183bd950ff58b8580dc3ba9,98962567ffeb7b9dd203672c10947c3ec3f6652148bfaf6651fdb16101dc98fb,81d37a219a6b4141d0b433796711ab8af2ee2c3c668a28143a3ffe6a574ade98,13,2026-10-06T20:41:46.521838+00:00
20,1,3,652,ext0_enabled_cycles,True,3148851,True,False,0,True,,3148603,1,15,,FTDI-00FT46259002B,FI101-r1p0 (109762 v0100),0x504d574c,owner-verbal-2026-09-23,0af8d85f4e10db64e5c5885e109f407f5162f2f59183bd950ff58b8580dc3ba9,98962567ffeb7b9dd203672c10947c3ec3f6652148bfaf6651fdb16101dc98fb,81d37a219a6b4141d0b433796711ab8af2ee2c3c668a28143a3ffe6a574ade98,13,2026-10-06T20:41:46.521838+00:00
20,1,4,654,ext0_rd_stall_limit,True,0,True,False,0,True,,3148603,1,15,,FTDI-00FT46259002B,FI101-r1p0 (109762 v0100),0x504d574c,owner-verbal-2026-09-23,0af8d85f4e10db64e5c5885e109f407f5162f2f59183bd950ff58b8580dc3ba9,98962567ffeb7b9dd203672c10947c3ec3f6652148bfaf6651fdb16101dc98fb,81d37a219a6b4141d0b433796711ab8af2ee2c3c668a28143a3ffe6a574ade98,13,2026-10-06T20:41:46.521838+00:00
20,1,5,655,ext0_wr_stall_limit,True,0,True,False,0,True,,3148603,1,15,,FTDI-00FT46259002B,FI101-r1p0 (109762 v0100),0x504d574c,owner-verbal-2026-09-23,0af8d85f4e10db64e5c5885e109f407f5162f2f59183bd950ff58b8580dc3ba9,98962567ffeb7b9dd203672c10947c3ec3f6652148bfaf6651fdb16101dc98fb,81d37a219a6b4141d0b433796711ab8af2ee2c3c668a28143a3ffe6a574ade98,13,2026-10-06T20:41:46.521838+00:00
20,1,6,656,ext1_rd_trans_accepted,True,2963,True,False,0,True,,3148603,1,15,,FTDI-00FT46259002B,FI101-r1p0 (109762 v0100),0x504d574c,owner-verbal-2026-09-23,0af8d85f4e10db64e5c5885e109f407f5162f2f59183bd950ff58b8580dc3ba9,98962567ffeb7b9dd203672c10947c3ec3f6652148bfaf6651fdb16101dc98fb,81d37a219a6b4141d0b433796711ab8af2ee2c3c668a28143a3ffe6a574ade98,13,2026-10-06T20:41:46.521838+00:00
20,1,7,657,ext1_rd_trans_completed,True,2963,True,False,0,True,,3148603,1,15,,FTDI-00FT46259002B,FI101-r1p0 (109762 v0100),0x504d574c,owner-verbal-2026-09-23,0af8d85f4e10db64e5c5885e109f407f5162f2f59183bd950ff58b8580dc3ba9,98962567ffeb7b9dd203672c10947c3ec3f6652148bfaf6651fdb16101dc98fb,81d37a219a6b4141d0b433796711ab8af2ee2c3c668a28143a3ffe6a574ade98,13,2026-10-06T20:41:46.521838+00:00
20,2,0,647,ext0_wr_data_beat_written,True,11942,True,False,0,True,,3151753,1,15,,FTDI-00FT46259002B,FI101-r1p0 (109762 v0100),0x504d574c,owner-verbal-2026-09-23,0af8d85f4e10db64e5c5885e109f407f5162f2f59183bd950ff58b8580dc3ba9,98962567ffeb7b9dd203672c10947c3ec3f6652148bfaf6651fdb16101dc98fb,81d37a219a6b4141d0b433796711ab8af2ee2c3c668a28143a3ffe6a574ade98,13,2026-10-06T20:41:46.521838+00:00
20,2,1,648,ext0_wr_tran_req_stalled,True,210887,True,False,0,True,,3151753,1,15,,FTDI-00FT46259002B,FI101-r1p0 (109762 v0100),0x504d574c,owner-verbal-2026-09-23,0af8d85f4e10db64e5c5885e109f407f5162f2f59183bd950ff58b8580dc3ba9,98962567ffeb7b9dd203672c10947c3ec3f6652148bfaf6651fdb16101dc98fb,81d37a219a6b4141d0b433796711ab8af2ee2c3c668a28143a3ffe6a574ade98,13,2026-10-06T20:41:46.521838+00:00
20,2,2,649,ext0_wr_data_beat_stalled,True,208957,True,False,0,True,,3151753,1,15,,FTDI-00FT46259002B,FI101-r1p0 (109762 v0100),0x504d574c,owner-verbal-2026-09-23,0af8d85f4e10db64e5c5885e109f407f5162f2f59183bd950ff58b8580dc3ba9,98962567ffeb7b9dd203672c10947c3ec3f6652148bfaf6651fdb16101dc98fb,81d37a219a6b4141d0b433796711ab8af2ee2c3c668a28143a3ffe6a574ade98,13,2026-10-06T20:41:46.521838+00:00
20,2,3,652,ext0_enabled_cycles,True,3152001,True,False,0,True,,3151753,1,15,,FTDI-00FT46259002B,FI101-r1p0 (109762 v0100),0x504d574c,owner-verbal-2026-09-23,0af8d85f4e10db64e5c5885e109f407f5162f2f59183bd950ff58b8580dc3ba9,98962567ffeb7b9dd203672c10947c3ec3f6652148bfaf6651fdb16101dc98fb,81d37a219a6b4141d0b433796711ab8af2ee2c3c668a28143a3ffe6a574ade98,13,2026-10-06T20:41:46.521838+00:00
20,2,4,654,ext0_rd_stall_limit,True,0,True,False,0,True,,3151753,1,15,,FTDI-00FT46259002B,FI101-r1p0 (109762 v0100),0x504d574c,owner-verbal-2026-09-23,0af8d85f4e10db64e5c5885e109f407f5162f2f59183bd950ff58b8580dc3ba9,98962567ffeb7b9dd203672c10947c3ec3f6652148bfaf6651fdb16101dc98fb,81d37a219a6b4141d0b433796711ab8af2ee2c3c668a28143a3ffe6a574ade98,13,2026-10-06T20:41:46.521838+00:00
20,2,5,655,ext0_wr_stall_limit,True,0,True,False,0,True,,3151753,1,15,,FTDI-00FT46259002B,FI101-r1p0 (109762 v0100),0x504d574c,owner-verbal-2026-09-23,0af8d85f4e10db64e5c5885e109f407f5162f2f59183bd950ff58b8580dc3ba9,98962567ffeb7b9dd203672c10947c3ec3f6652148bfaf6651fdb16101dc98fb,81d37a219a6b4141d0b433796711ab8af2ee2c3c668a28143a3ffe6a574ade98,13,2026-10-06T20:41:46.521838+00:00
20,2,6,656,ext1_rd_trans_accepted,True,2963,True,False,0,True,,3151753,1,15,,FTDI-00FT46259002B,FI101-r1p0 (109762 v0100),0x504d574c,owner-verbal-2026-09-23,0af8d85f4e10db64e5c5885e109f407f5162f2f59183bd950ff58b8580dc3ba9,98962567ffeb7b9dd203672c10947c3ec3f6652148bfaf6651fdb16101dc98fb,81d37a219a6b4141d0b433796711ab8af2ee2c3c668a28143a3ffe6a574ade98,13,2026-10-06T20:41:46.521838+00:00
20,2,7,657,ext1_rd_trans_completed,True,2963,True,False,0,True,,3151753,1,15,,FTDI-00FT46259002B,FI101-r1p0 (109762 v0100),0x504d574c,owner-verbal-2026-09-23,0af8d85f4e10db64e5c5885e109f407f5162f2f59183bd950ff58b8580dc3ba9,98962567ffeb7b9dd203672c10947c3ec3f6652148bfaf6651fdb16101dc98fb,81d37a219a6b4141d0b433796711ab8af2ee2c3c668a28143a3ffe6a574ade98,13,2026-10-06T20:41:46.521838+00:00
20,3,0,647,ext0_wr_data_beat_written,True,11942,True,False,0,True,,3145381,1,15,,FTDI-00FT46259002B,FI101-r1p0 (109762 v0100),0x504d574c,owner-verbal-2026-09-23,0af8d85f4e10db64e5c5885e109f407f5162f2f59183bd950ff58b8580dc3ba9,98962567ffeb7b9dd203672c10947c3ec3f6652148bfaf6651fdb16101dc98fb,81d37a219a6b4141d0b433796711ab8af2ee2c3c668a28143a3ffe6a574ade98,13,2026-10-06T20:41:46.521838+00:00
20,3,1,648,ext0_wr_tran_req_stalled,True,229413,True,False,0,True,,3145381,1,15,,FTDI-00FT46259002B,FI101-r1p0 (109762 v0100),0x504d574c,owner-verbal-2026-09-23,0af8d85f4e10db64e5c5885e109f407f5162f2f59183bd950ff58b8580dc3ba9,98962567ffeb7b9dd203672c10947c3ec3f6652148bfaf6651fdb16101dc98fb,81d37a219a6b4141d0b433796711ab8af2ee2c3c668a28143a3ffe6a574ade98,13,2026-10-06T20:41:46.521838+00:00
20,3,2,649,ext0_wr_data_beat_stalled,True,227468,True,False,0,True,,3145381,1,15,,FTDI-00FT46259002B,FI101-r1p0 (109762 v0100),0x504d574c,owner-verbal-2026-09-23,0af8d85f4e10db64e5c5885e109f407f5162f2f59183bd950ff58b8580dc3ba9,98962567ffeb7b9dd203672c10947c3ec3f6652148bfaf6651fdb16101dc98fb,81d37a219a6b4141d0b433796711ab8af2ee2c3c668a28143a3ffe6a574ade98,13,2026-10-06T20:41:46.521838+00:00
20,3,3,652,ext0_enabled_cycles,True,3145629,True,False,0,True,,3145381,1,15,,FTDI-00FT46259002B,FI101-r1p0 (109762 v0100),0x504d574c,owner-verbal-2026-09-23,0af8d85f4e10db64e5c5885e109f407f5162f2f59183bd950ff58b8580dc3ba9,98962567ffeb7b9dd203672c10947c3ec3f6652148bfaf6651fdb16101dc98fb,81d37a219a6b4141d0b433796711ab8af2ee2c3c668a28143a3ffe6a574ade98,13,2026-10-06T20:41:46.521838+00:00
20,3,4,654,ext0_rd_stall_limit,True,0,True,False,0,True,,3145381,1,15,,FTDI-00FT46259002B,FI101-r1p0 (109762 v0100),0x504d574c,owner-verbal-2026-09-23,0af8d85f4e10db64e5c5885e109f407f5162f2f59183bd950ff58b8580dc3ba9,98962567ffeb7b9dd203672c10947c3ec3f6652148bfaf6651fdb16101dc98fb,81d37a219a6b4141d0b433796711ab8af2ee2c3c668a28143a3ffe6a574ade98,13,2026-10-06T20:41:46.521838+00:00
20,3,5,655,ext0_wr_stall_limit,True,0,True,False,0,True,,3145381,1,15,,FTDI-00FT46259002B,FI101-r1p0 (109762 v0100),0x504d574c,owner-verbal-2026-09-23,0af8d85f4e10db64e5c5885e109f407f5162f2f59183bd950ff58b8580dc3ba9,98962567ffeb7b9dd203672c10947c3ec3f6652148bfaf6651fdb16101dc98fb,81d37a219a6b4141d0b433796711ab8af2ee2c3c668a28143a3ffe6a574ade98,13,2026-10-06T20:41:46.521838+00:00
20,3,6,656,ext1_rd_trans_accepted,True,2963,True,False,0,True,,3145381,1,15,,FTDI-00FT46259002B,FI101-r1p0 (109762 v0100),0x504d574c,owner-verbal-2026-09-23,0af8d85f4e10db64e5c5885e109f407f5162f2f59183bd950ff58b8580dc3ba9,98962567ffeb7b9dd203672c10947c3ec3f6652148bfaf6651fdb16101dc98fb,81d37a219a6b4141d0b433796711ab8af2ee2c3c668a28143a3ffe6a574ade98,13,2026-10-06T20:41:46.521838+00:00
20,3,7,657,ext1_rd_trans_completed,True,2963,True,False,0,True,,3145381,1,15,,FTDI-00FT46259002B,FI101-r1p0 (109762 v0100),0x504d574c,owner-verbal-2026-09-23,0af8d85f4e10db64e5c5885e109f407f5162f2f59183bd950ff58b8580dc3ba9,98962567ffeb7b9dd203672c10947c3ec3f6652148bfaf6651fdb16101dc98fb,81d37a219a6b4141d0b433796711ab8af2ee2c3c668a28143a3ffe6a574ade98,13,2026-10-06T20:41:46.521838+00:00
21,1,0,658,ext1_rd_data_beat_received,True,24412,True,False,0,True,,3145976,1,15,,FTDI-00FT46259002B,FI101-r1p0 (109762 v0100),0x504d574c,owner-verbal-2026-09-23,0af8d85f4e10db64e5c5885e109f407f5162f2f59183bd950ff58b8580dc3ba9,98962567ffeb7b9dd203672c10947c3ec3f6652148bfaf6651fdb16101dc98fb,81d37a219a6b4141d0b433796711ab8af2ee2c3c668a28143a3ffe6a574ade98,13,2026-10-06T20:41:46.521838+00:00
21,1,1,659,ext1_rd_tran_req_stalled,True,417901,True,False,0,True,,3145976,1,15,,FTDI-00FT46259002B,FI101-r1p0 (109762 v0100),0x504d574c,owner-verbal-2026-09-23,0af8d85f4e10db64e5c5885e109f407f5162f2f59183bd950ff58b8580dc3ba9,98962567ffeb7b9dd203672c10947c3ec3f6652148bfaf6651fdb16101dc98fb,81d37a219a6b4141d0b433796711ab8af2ee2c3c668a28143a3ffe6a574ade98,13,2026-10-06T20:41:46.521838+00:00
21,1,2,660,ext1_wr_trans_accepted,True,1759,True,False,0,True,,3145976,1,15,,FTDI-00FT46259002B,FI101-r1p0 (109762 v0100),0x504d574c,owner-verbal-2026-09-23,0af8d85f4e10db64e5c5885e109f407f5162f2f59183bd950ff58b8580dc3ba9,98962567ffeb7b9dd203672c10947c3ec3f6652148bfaf6651fdb16101dc98fb,81d37a219a6b4141d0b433796711ab8af2ee2c3c668a28143a3ffe6a574ade98,13,2026-10-06T20:41:46.521838+00:00
21,1,3,661,ext1_wr_trans_completed_m,False,1759,True,False,0,True,,3145976,1,15,,FTDI-00FT46259002B,FI101-r1p0 (109762 v0100),0x504d574c,owner-verbal-2026-09-23,0af8d85f4e10db64e5c5885e109f407f5162f2f59183bd950ff58b8580dc3ba9,98962567ffeb7b9dd203672c10947c3ec3f6652148bfaf6651fdb16101dc98fb,81d37a219a6b4141d0b433796711ab8af2ee2c3c668a28143a3ffe6a574ade98,13,2026-10-06T20:41:46.521838+00:00
21,1,4,662,ext1_wr_trans_completed_s,False,1759,True,False,0,True,,3145976,1,15,,FTDI-00FT46259002B,FI101-r1p0 (109762 v0100),0x504d574c,owner-verbal-2026-09-23,0af8d85f4e10db64e5c5885e109f407f5162f2f59183bd950ff58b8580dc3ba9,98962567ffeb7b9dd203672c10947c3ec3f6652148bfaf6651fdb16101dc98fb,81d37a219a6b4141d0b433796711ab8af2ee2c3c668a28143a3ffe6a574ade98,13,2026-10-06T20:41:46.521838+00:00
21,1,5,663,ext1_wr_data_beat_written,True,11909,True,False,0,True,,3145976,1,15,,FTDI-00FT46259002B,FI101-r1p0 (109762 v0100),0x504d574c,owner-verbal-2026-09-23,0af8d85f4e10db64e5c5885e109f407f5162f2f59183bd950ff58b8580dc3ba9,98962567ffeb7b9dd203672c10947c3ec3f6652148bfaf6651fdb16101dc98fb,81d37a219a6b4141d0b433796711ab8af2ee2c3c668a28143a3ffe6a574ade98,13,2026-10-06T20:41:46.521838+00:00
21,1,6,664,ext1_wr_tran_req_stalled,True,248505,True,False,0,True,,3145976,1,15,,FTDI-00FT46259002B,FI101-r1p0 (109762 v0100),0x504d574c,owner-verbal-2026-09-23,0af8d85f4e10db64e5c5885e109f407f5162f2f59183bd950ff58b8580dc3ba9,98962567ffeb7b9dd203672c10947c3ec3f6652148bfaf6651fdb16101dc98fb,81d37a219a6b4141d0b433796711ab8af2ee2c3c668a28143a3ffe6a574ade98,13,2026-10-06T20:41:46.521838+00:00
21,1,7,665,ext1_wr_data_beat_stalled,True,247017,True,False,0,True,,3145976,1,15,,FTDI-00FT46259002B,FI101-r1p0 (109762 v0100),0x504d574c,owner-verbal-2026-09-23,0af8d85f4e10db64e5c5885e109f407f5162f2f59183bd950ff58b8580dc3ba9,98962567ffeb7b9dd203672c10947c3ec3f6652148bfaf6651fdb16101dc98fb,81d37a219a6b4141d0b433796711ab8af2ee2c3c668a28143a3ffe6a574ade98,13,2026-10-06T20:41:46.521838+00:00
21,2,0,658,ext1_rd_data_beat_received,True,24412,True,False,0,True,,3145060,1,15,,FTDI-00FT46259002B,FI101-r1p0 (109762 v0100),0x504d574c,owner-verbal-2026-09-23,0af8d85f4e10db64e5c5885e109f407f5162f2f59183bd950ff58b8580dc3ba9,98962567ffeb7b9dd203672c10947c3ec3f6652148bfaf6651fdb16101dc98fb,81d37a219a6b4141d0b433796711ab8af2ee2c3c668a28143a3ffe6a574ade98,13,2026-10-06T20:41:46.521838+00:00
21,2,1,659,ext1_rd_tran_req_stalled,True,416930,True,False,0,True,,3145060,1,15,,FTDI-00FT46259002B,FI101-r1p0 (109762 v0100),0x504d574c,owner-verbal-2026-09-23,0af8d85f4e10db64e5c5885e109f407f5162f2f59183bd950ff58b8580dc3ba9,98962567ffeb7b9dd203672c10947c3ec3f6652148bfaf6651fdb16101dc98fb,81d37a219a6b4141d0b433796711ab8af2ee2c3c668a28143a3ffe6a574ade98,13,2026-10-06T20:41:46.521838+00:00
21,2,2,660,ext1_wr_trans_accepted,True,1759,True,False,0,True,,3145060,1,15,,FTDI-00FT46259002B,FI101-r1p0 (109762 v0100),0x504d574c,owner-verbal-2026-09-23,0af8d85f4e10db64e5c5885e109f407f5162f2f59183bd950ff58b8580dc3ba9,98962567ffeb7b9dd203672c10947c3ec3f6652148bfaf6651fdb16101dc98fb,81d37a219a6b4141d0b433796711ab8af2ee2c3c668a28143a3ffe6a574ade98,13,2026-10-06T20:41:46.521838+00:00
21,2,3,661,ext1_wr_trans_completed_m,False,1759,True,False,0,True,,3145060,1,15,,FTDI-00FT46259002B,FI101-r1p0 (109762 v0100),0x504d574c,owner-verbal-2026-09-23,0af8d85f4e10db64e5c5885e109f407f5162f2f59183bd950ff58b8580dc3ba9,98962567ffeb7b9dd203672c10947c3ec3f6652148bfaf6651fdb16101dc98fb,81d37a219a6b4141d0b433796711ab8af2ee2c3c668a28143a3ffe6a574ade98,13,2026-10-06T20:41:46.521838+00:00
21,2,4,662,ext1_wr_trans_completed_s,False,1759,True,False,0,True,,3145060,1,15,,FTDI-00FT46259002B,FI101-r1p0 (109762 v0100),0x504d574c,owner-verbal-2026-09-23,0af8d85f4e10db64e5c5885e109f407f5162f2f59183bd950ff58b8580dc3ba9,98962567ffeb7b9dd203672c10947c3ec3f6652148bfaf6651fdb16101dc98fb,81d37a219a6b4141d0b433796711ab8af2ee2c3c668a28143a3ffe6a574ade98,13,2026-10-06T20:41:46.521838+00:00
21,2,5,663,ext1_wr_data_beat_written,True,11909,True,False,0,True,,3145060,1,15,,FTDI-00FT46259002B,FI101-r1p0 (109762 v0100),0x504d574c,owner-verbal-2026-09-23,0af8d85f4e10db64e5c5885e109f407f5162f2f59183bd950ff58b8580dc3ba9,98962567ffeb7b9dd203672c10947c3ec3f6652148bfaf6651fdb16101dc98fb,81d37a219a6b4141d0b433796711ab8af2ee2c3c668a28143a3ffe6a574ade98,13,2026-10-06T20:41:46.521838+00:00
21,2,6,664,ext1_wr_tran_req_stalled,True,275462,True,False,0,True,,3145060,1,15,,FTDI-00FT46259002B,FI101-r1p0 (109762 v0100),0x504d574c,owner-verbal-2026-09-23,0af8d85f4e10db64e5c5885e109f407f5162f2f59183bd950ff58b8580dc3ba9,98962567ffeb7b9dd203672c10947c3ec3f6652148bfaf6651fdb16101dc98fb,81d37a219a6b4141d0b433796711ab8af2ee2c3c668a28143a3ffe6a574ade98,13,2026-10-06T20:41:46.521838+00:00
21,2,7,665,ext1_wr_data_beat_stalled,True,273940,True,False,0,True,,3145060,1,15,,FTDI-00FT46259002B,FI101-r1p0 (109762 v0100),0x504d574c,owner-verbal-2026-09-23,0af8d85f4e10db64e5c5885e109f407f5162f2f59183bd950ff58b8580dc3ba9,98962567ffeb7b9dd203672c10947c3ec3f6652148bfaf6651fdb16101dc98fb,81d37a219a6b4141d0b433796711ab8af2ee2c3c668a28143a3ffe6a574ade98,13,2026-10-06T20:41:46.521838+00:00
21,3,0,658,ext1_rd_data_beat_received,True,24412,True,False,0,True,,3150834,1,15,,FTDI-00FT46259002B,FI101-r1p0 (109762 v0100),0x504d574c,owner-verbal-2026-09-23,0af8d85f4e10db64e5c5885e109f407f5162f2f59183bd950ff58b8580dc3ba9,98962567ffeb7b9dd203672c10947c3ec3f6652148bfaf6651fdb16101dc98fb,81d37a219a6b4141d0b433796711ab8af2ee2c3c668a28143a3ffe6a574ade98,13,2026-10-06T20:41:46.521838+00:00
21,3,1,659,ext1_rd_tran_req_stalled,True,428540,True,False,0,True,,3150834,1,15,,FTDI-00FT46259002B,FI101-r1p0 (109762 v0100),0x504d574c,owner-verbal-2026-09-23,0af8d85f4e10db64e5c5885e109f407f5162f2f59183bd950ff58b8580dc3ba9,98962567ffeb7b9dd203672c10947c3ec3f6652148bfaf6651fdb16101dc98fb,81d37a219a6b4141d0b433796711ab8af2ee2c3c668a28143a3ffe6a574ade98,13,2026-10-06T20:41:46.521838+00:00
21,3,2,660,ext1_wr_trans_accepted,True,1759,True,False,0,True,,3150834,1,15,,FTDI-00FT46259002B,FI101-r1p0 (109762 v0100),0x504d574c,owner-verbal-2026-09-23,0af8d85f4e10db64e5c5885e109f407f5162f2f59183bd950ff58b8580dc3ba9,98962567ffeb7b9dd203672c10947c3ec3f6652148bfaf6651fdb16101dc98fb,81d37a219a6b4141d0b433796711ab8af2ee2c3c668a28143a3ffe6a574ade98,13,2026-10-06T20:41:46.521838+00:00
21,3,3,661,ext1_wr_trans_completed_m,False,1759,True,False,0,True,,3150834,1,15,,FTDI-00FT46259002B,FI101-r1p0 (109762 v0100),0x504d574c,owner-verbal-2026-09-23,0af8d85f4e10db64e5c5885e109f407f5162f2f59183bd950ff58b8580dc3ba9,98962567ffeb7b9dd203672c10947c3ec3f6652148bfaf6651fdb16101dc98fb,81d37a219a6b4141d0b433796711ab8af2ee2c3c668a28143a3ffe6a574ade98,13,2026-10-06T20:41:46.521838+00:00
21,3,4,662,ext1_wr_trans_completed_s,False,1759,True,False,0,True,,3150834,1,15,,FTDI-00FT46259002B,FI101-r1p0 (109762 v0100),0x504d574c,owner-verbal-2026-09-23,0af8d85f4e10db64e5c5885e109f407f5162f2f59183bd950ff58b8580dc3ba9,98962567ffeb7b9dd203672c10947c3ec3f6652148bfaf6651fdb16101dc98fb,81d37a219a6b4141d0b433796711ab8af2ee2c3c668a28143a3ffe6a574ade98,13,2026-10-06T20:41:46.521838+00:00
21,3,5,663,ext1_wr_data_beat_written,True,11909,True,False,0,True,,3150834,1,15,,FTDI-00FT46259002B,FI101-r1p0 (109762 v0100),0x504d574c,owner-verbal-2026-09-23,0af8d85f4e10db64e5c5885e109f407f5162f2f59183bd950ff58b8580dc3ba9,98962567ffeb7b9dd203672c10947c3ec3f6652148bfaf6651fdb16101dc98fb,81d37a219a6b4141d0b433796711ab8af2ee2c3c668a28143a3ffe6a574ade98,13,2026-10-06T20:41:46.521838+00:00
21,3,6,664,ext1_wr_tran_req_stalled,True,258716,True,False,0,True,,3150834,1,15,,FTDI-00FT46259002B,FI101-r1p0 (109762 v0100),0x504d574c,owner-verbal-2026-09-23,0af8d85f4e10db64e5c5885e109f407f5162f2f59183bd950ff58b8580dc3ba9,98962567ffeb7b9dd203672c10947c3ec3f6652148bfaf6651fdb16101dc98fb,81d37a219a6b4141d0b433796711ab8af2ee2c3c668a28143a3ffe6a574ade98,13,2026-10-06T20:41:46.521838+00:00
21,3,7,665,ext1_wr_data_beat_stalled,True,257262,True,False,0,True,,3150834,1,15,,FTDI-00FT46259002B,FI101-r1p0 (109762 v0100),0x504d574c,owner-verbal-2026-09-23,0af8d85f4e10db64e5c5885e109f407f5162f2f59183bd950ff58b8580dc3ba9,98962567ffeb7b9dd203672c10947c3ec3f6652148bfaf6651fdb16101dc98fb,81d37a219a6b4141d0b433796711ab8af2ee2c3c668a28143a3ffe6a574ade98,13,2026-10-06T20:41:46.521838+00:00
22,1,0,668,ext1_enabled_cycles,True,3157055,True,False,0,True,,3156832,1,15,,FTDI-00FT46259002B,FI101-r1p0 (109762 v0100),0x504d574c,owner-verbal-2026-09-23,0af8d85f4e10db64e5c5885e109f407f5162f2f59183bd950ff58b8580dc3ba9,98962567ffeb7b9dd203672c10947c3ec3f6652148bfaf6651fdb16101dc98fb,81d37a219a6b4141d0b433796711ab8af2ee2c3c668a28143a3ffe6a574ade98,13,2026-10-06T20:41:46.521838+00:00
22,1,1,670,ext1_rd_stall_limit,True,0,True,False,0,True,,3156832,1,15,,FTDI-00FT46259002B,FI101-r1p0 (109762 v0100),0x504d574c,owner-verbal-2026-09-23,0af8d85f4e10db64e5c5885e109f407f5162f2f59183bd950ff58b8580dc3ba9,98962567ffeb7b9dd203672c10947c3ec3f6652148bfaf6651fdb16101dc98fb,81d37a219a6b4141d0b433796711ab8af2ee2c3c668a28143a3ffe6a574ade98,13,2026-10-06T20:41:46.521838+00:00
22,1,2,671,ext1_wr_stall_limit,True,0,True,False,0,True,,3156832,1,15,,FTDI-00FT46259002B,FI101-r1p0 (109762 v0100),0x504d574c,owner-verbal-2026-09-23,0af8d85f4e10db64e5c5885e109f407f5162f2f59183bd950ff58b8580dc3ba9,98962567ffeb7b9dd203672c10947c3ec3f6652148bfaf6651fdb16101dc98fb,81d37a219a6b4141d0b433796711ab8af2ee2c3c668a28143a3ffe6a574ade98,13,2026-10-06T20:41:46.521838+00:00
22,2,0,668,ext1_enabled_cycles,True,3151869,True,False,0,True,,3151646,1,15,,FTDI-00FT46259002B,FI101-r1p0 (109762 v0100),0x504d574c,owner-verbal-2026-09-23,0af8d85f4e10db64e5c5885e109f407f5162f2f59183bd950ff58b8580dc3ba9,98962567ffeb7b9dd203672c10947c3ec3f6652148bfaf6651fdb16101dc98fb,81d37a219a6b4141d0b433796711ab8af2ee2c3c668a28143a3ffe6a574ade98,13,2026-10-06T20:41:46.521838+00:00
22,2,1,670,ext1_rd_stall_limit,True,0,True,False,0,True,,3151646,1,15,,FTDI-00FT46259002B,FI101-r1p0 (109762 v0100),0x504d574c,owner-verbal-2026-09-23,0af8d85f4e10db64e5c5885e109f407f5162f2f59183bd950ff58b8580dc3ba9,98962567ffeb7b9dd203672c10947c3ec3f6652148bfaf6651fdb16101dc98fb,81d37a219a6b4141d0b433796711ab8af2ee2c3c668a28143a3ffe6a574ade98,13,2026-10-06T20:41:46.521838+00:00
22,2,2,671,ext1_wr_stall_limit,True,0,True,False,0,True,,3151646,1,15,,FTDI-00FT46259002B,FI101-r1p0 (109762 v0100),0x504d574c,owner-verbal-2026-09-23,0af8d85f4e10db64e5c5885e109f407f5162f2f59183bd950ff58b8580dc3ba9,98962567ffeb7b9dd203672c10947c3ec3f6652148bfaf6651fdb16101dc98fb,81d37a219a6b4141d0b433796711ab8af2ee2c3c668a28143a3ffe6a574ade98,13,2026-10-06T20:41:46.521838+00:00
22,3,0,668,ext1_enabled_cycles,True,3144690,True,False,0,True,,3144467,1,15,,FTDI-00FT46259002B,FI101-r1p0 (109762 v0100),0x504d574c,owner-verbal-2026-09-23,0af8d85f4e10db64e5c5885e109f407f5162f2f59183bd950ff58b8580dc3ba9,98962567ffeb7b9dd203672c10947c3ec3f6652148bfaf6651fdb16101dc98fb,81d37a219a6b4141d0b433796711ab8af2ee2c3c668a28143a3ffe6a574ade98,13,2026-10-06T20:41:46.521838+00:00
22,3,1,670,ext1_rd_stall_limit,True,0,True,False,0,True,,3144467,1,15,,FTDI-00FT46259002B,FI101-r1p0 (109762 v0100),0x504d574c,owner-verbal-2026-09-23,0af8d85f4e10db64e5c5885e109f407f5162f2f59183bd950ff58b8580dc3ba9,98962567ffeb7b9dd203672c10947c3ec3f6652148bfaf6651fdb16101dc98fb,81d37a219a6b4141d0b433796711ab8af2ee2c3c668a28143a3ffe6a574ade98,13,2026-10-06T20:41:46.521838+00:00
22,3,2,671,ext1_wr_stall_limit,True,0,True,False,0,True,,3144467,1,15,,FTDI-00FT46259002B,FI101-r1p0 (109762 v0100),0x504d574c,owner-verbal-2026-09-23,0af8d85f4e10db64e5c5885e109f407f5162f2f59183bd950ff58b8580dc3ba9,98962567ffeb7b9dd203672c10947c3ec3f6652148bfaf6651fdb16101dc98fb,81d37a219a6b4141d0b433796711ab8af2ee2c3c668a28143a3ffe6a574ade98,13,2026-10-06T20:41:46.521838+00:00
