workload,binding_pair,source_id,op_identity,op_type,launches_256,launches_512,cycles_256,cycles_512,separable,observed_direction,tail_in_op_256,tail_in_op_512,vela_cycles_256,vela_cycles_512,ublock_256,ublock_512,block_256,block_512,stripes_256,stripes_512,cascade_256,cascade_512,UBLOCK_CHANGED,BLOCK_CONFIG_CHANGED,TILE_GEOMETRY_CHANGED,MEMORY_PLACEMENT_CHANGED,COMMAND_OR_PASS_STRUCTURE_CHANGED,active_512,sram_rd_512,sram_wr_512,ext_rd_512,ext_wr_512,active_256,sram_rd_256,sram_wr_256,ext_rd_256,ext_wr_256
rnnoise_INT8,B-frozen,1,FullyConnected|1x1x288|1x1|0,FullyConnected,1,1,,9015,0,NOT_SEPARATED,0,0,7929,7929,"[1, 4, 8]","[2, 2, 16]","OFM[1, 1, 4, 288] IFM[1, 1, 4, 64]","OFM[1, 2, 2, 288] IFM[1, 2, 2, 64]","IFM[1, 1, 1, 96] OFM[1, 1, 1, 288]","IFM[1, 1, 1, 96] OFM[1, 1, 1, 288]",0,0,1,1,0,0,0,9014,3,24,2201,0,,,,,
rnnoise_INT8,B-frozen,3,Reshape|1x1x42|1x1|2,Reshape,1,1,,,0,NOT_SEPARATED,0,0,,,,,,,,,,,,,,,0,,,,,,,,,,
rnnoise_INT8,B-frozen,4,FullyConnected|1x1x24|1x1|3,FullyConnected,1,1,2015,1015,1,IMPROVE,0,0,801,809,"[1, 4, 8]","[2, 2, 16]","OFM[1, 1, 4, 24] IFM[1, 1, 4, 64]","OFM[1, 2, 2, 32] IFM[1, 2, 2, 64]","IFM[1, 1, 1, 42] OFM[1, 1, 1, 24]","IFM[1, 1, 1, 42] OFM[1, 1, 1, 24]",0,0,1,1,0,0,0,1014,2,2,136,0,2014,2,6,270,0
rnnoise_INT8,B-frozen,8,FullyConnected|1x1x72|1x1|7,FullyConnected,1,1,,,0,NOT_SEPARATED,0,0,2037,2033,"[1, 4, 8]","[2, 2, 16]","OFM[1, 1, 4, 72] IFM[1, 1, 4, 64]","OFM[1, 2, 2, 80] IFM[1, 2, 2, 64]","IFM[1, 1, 1, 24] OFM[1, 1, 1, 72]","IFM[1, 1, 1, 24] OFM[1, 1, 1, 72]",0,0,1,1,0,0,0,,,,,,,,,,
rnnoise_INT8,B-frozen,10,FullyConnected|1x1x144|1x1|9,FullyConnected,1,1,,,0,NOT_SEPARATED,0,0,3888,3861,"[1, 4, 8]","[2, 2, 16]","OFM[1, 1, 4, 144] IFM[1, 1, 4, 64]","OFM[1, 2, 2, 144] IFM[1, 2, 2, 64]","IFM[1, 1, 1, 48] OFM[1, 1, 1, 144]","IFM[1, 1, 1, 48] OFM[1, 1, 1, 144]",0,0,1,1,0,0,0,,,,,,,,,,
rnnoise_INT8,B-frozen,12,FullyConnected|1x1x72|1x1|11,FullyConnected,1,1,,,0,NOT_SEPARATED,0,0,2037,2032,"[1, 4, 8]","[2, 2, 16]","OFM[1, 1, 4, 72] IFM[1, 1, 4, 64]","OFM[1, 2, 2, 80] IFM[1, 2, 2, 64]","IFM[1, 1, 1, 24] OFM[1, 1, 1, 72]","IFM[1, 1, 1, 24] OFM[1, 1, 1, 72]",0,0,1,1,0,0,0,,,,,,,,,,
rnnoise_INT8,B-frozen,14,Add|1x1x24|1x1|13,Add,1,1,,1015,0,NOT_SEPARATED,0,0,8,4,"[1, 2, 16]","[2, 2, 16]","OFM[1, 64, 32] IFM[1, 64, 32]","OFM[2, 128, 32] IFM[2, 128, 32]","IFM[1, 1, 1, 24] OFM[1, 1, 1, 24]","IFM[1, 1, 1, 24] OFM[1, 1, 1, 24]",0,0,1,1,0,0,0,1014,4,0,48,2,,,,,
rnnoise_INT8,B-frozen,16,Sub|1x1x24|1x1|15,Sub,1,1,,,0,NOT_SEPARATED,0,0,16,8,"[1, 2, 16]","[2, 2, 16]","OFM[1, 64, 32] IFM[1, 64, 32]","OFM[2, 128, 32] IFM[2, 128, 32]","IFM[1, 1, 1, 24] OFM[1, 1, 1, 24]","IFM[1, 1, 1, 24] OFM[1, 1, 1, 24]",0,0,1,1,0,0,0,,,,,,,,,,
rnnoise_INT8,B-frozen,17,Add|1x1x24|1x1|16,Add,1,1,,,0,NOT_SEPARATED,0,0,16,8,"[1, 2, 16]","[2, 2, 16]","OFM[1, 64, 32] IFM[1, 64, 32]","OFM[2, 128, 32] IFM[2, 128, 32]","IFM[1, 1, 1, 24] OFM[1, 1, 1, 24]","IFM[1, 1, 1, 24] OFM[1, 1, 1, 24]",0,0,1,1,0,0,0,,,,,,,,,,
rnnoise_INT8,B-frozen,19,Mul|1x1x24|1x1|18,Mul,1,1,,,0,NOT_SEPARATED,0,0,,,,,,,,,,,,,,,0,,,,,,,,,,
rnnoise_INT8,B-frozen,20,Add|1x1x24|1x1|19,Add,1,1,,,0,NOT_SEPARATED,0,0,8,4,"[1, 2, 16]","[2, 2, 16]","OFM[1, 64, 32] IFM[1, 64, 32]","OFM[2, 128, 32] IFM[2, 128, 32]","IFM[1, 1, 1, 24] OFM[1, 1, 1, 24]","IFM[1, 1, 1, 24] OFM[1, 1, 1, 24]",0,0,1,1,0,0,0,,,,,,,,,,
rnnoise_INT8,B-frozen,22,Mul|1x1x24|1x1|21,Mul,1,1,,,0,NOT_SEPARATED,0,0,16,8,"[1, 2, 16]","[2, 2, 16]","OFM[1, 64, 32] IFM[1, 64, 32]","OFM[2, 128, 32] IFM[2, 128, 32]","IFM[1, 1, 1, 24] OFM[1, 1, 1, 24]","IFM[1, 1, 1, 24] OFM[1, 1, 1, 24]",0,0,1,1,0,0,0,,,,,,,,,,
rnnoise_INT8,B-frozen,23,Mul|1x1x24|1x1|22,Mul,1,1,,,0,NOT_SEPARATED,0,0,,,,,,,,,,,,,,,0,,,,,,,,,,
rnnoise_INT8,B-frozen,24,Add|1x1x24|1x1|23,Add,1,1,,,0,NOT_SEPARATED,0,0,,,,,,,,,,,,,,,0,,,,,,,,,,
rnnoise_INT8,B-frozen,25,Pack|1x1x24|1x1|24,Pack,1,1,,,0,NOT_SEPARATED,0,0,,,,,,,,,,,,,,,0,,,,,,,,,,
rnnoise_INT8,B-frozen,26,Quantize|1x1x24|1x1|25,Quantize,1,1,,,0,NOT_SEPARATED,0,0,406,398,"[1, 2, 16]","[2, 2, 16]","OFM[1, 2, 32] IFM[1, 1, 2, 32]","OFM[2, 2, 32] IFM[1, 2, 2, 32]","IFM[1, 1, 1, 24] OFM[1, 1, 1, 24]","IFM[1, 1, 1, 24] OFM[1, 1, 1, 24]",0,0,1,1,0,0,0,,,,,,,,,,
rnnoise_INT8,B-frozen,27,Quantize|1x1x24|1x1|26,Quantize,1,1,,,0,NOT_SEPARATED,0,0,406,398,"[1, 2, 16]","[2, 2, 16]","OFM[1, 2, 32] IFM[1, 1, 2, 32]","OFM[2, 2, 32] IFM[1, 2, 2, 32]","IFM[1, 1, 1, 24] OFM[1, 1, 1, 24]","IFM[1, 1, 1, 24] OFM[1, 1, 1, 24]",0,0,1,1,0,0,0,,,,,,,,,,
rnnoise_INT8,B-frozen,28,Concat|1x1x90|1x1|27,Concat,3,3,,,0,NOT_SEPARATED,0,0,,,,,,,,,,,,,,,0,,,,,,,,,,
rnnoise_INT8,B-frozen,30,FullyConnected|1x1x144|1x1|29,FullyConnected,1,1,,,0,NOT_SEPARATED,0,0,4033,4005,"[1, 4, 8]","[2, 2, 16]","OFM[1, 1, 4, 144] IFM[1, 1, 4, 64]","OFM[1, 2, 2, 144] IFM[1, 2, 2, 64]","IFM[1, 1, 1, 90] OFM[1, 1, 1, 144]","IFM[1, 1, 1, 90] OFM[1, 1, 1, 144]",0,0,1,1,0,0,0,,,,,,,,,,
rnnoise_INT8,B-frozen,32,Add|1x1x48|1x1|31,Add,1,1,,1015,0,NOT_SEPARATED,0,0,12,6,"[1, 2, 16]","[2, 2, 16]","OFM[1, 42, 48] IFM[1, 42, 48]","OFM[2, 86, 48] IFM[2, 86, 48]","IFM[1, 1, 1, 48] OFM[1, 1, 1, 48]","IFM[1, 1, 1, 48] OFM[1, 1, 1, 48]",0,0,1,1,0,0,0,1014,0,0,16,3,,,,,
rnnoise_INT8,B-frozen,34,Mul|1x1x48|1x1|33,Mul,1,1,,,0,NOT_SEPARATED,0,0,,,,,,,,,,,,,,,0,,,,,,,,,,
rnnoise_INT8,B-frozen,35,Sub|1x1x48|1x1|34,Sub,1,1,,,0,NOT_SEPARATED,0,0,24,12,"[1, 2, 16]","[2, 2, 16]","OFM[1, 42, 48] IFM[1, 42, 48]","OFM[2, 86, 48] IFM[2, 86, 48]","IFM[1, 1, 1, 48] OFM[1, 1, 1, 48]","IFM[1, 1, 1, 48] OFM[1, 1, 1, 48]",0,0,1,1,0,0,0,,,,,,,,,,
rnnoise_INT8,B-frozen,36,Add|1x1x48|1x1|35,Add,1,1,,,0,NOT_SEPARATED,0,0,24,12,"[1, 2, 16]","[2, 2, 16]","OFM[1, 42, 48] IFM[1, 42, 48]","OFM[2, 86, 48] IFM[2, 86, 48]","IFM[1, 1, 1, 48] OFM[1, 1, 1, 48]","IFM[1, 1, 1, 48] OFM[1, 1, 1, 48]",0,0,1,1,0,0,0,,,,,,,,,,
rnnoise_INT8,B-frozen,38,Mul|1x1x48|1x1|37,Mul,1,1,,,0,NOT_SEPARATED,0,0,,,,,,,,,,,,,,,0,,,,,,,,,,
rnnoise_INT8,B-frozen,39,Add|1x1x48|1x1|38,Add,1,1,,,0,NOT_SEPARATED,0,0,12,6,"[1, 2, 16]","[2, 2, 16]","OFM[1, 42, 48] IFM[1, 42, 48]","OFM[2, 86, 48] IFM[2, 86, 48]","IFM[1, 1, 1, 48] OFM[1, 1, 1, 48]","IFM[1, 1, 1, 48] OFM[1, 1, 1, 48]",0,0,1,1,0,0,0,,,,,,,,,,
rnnoise_INT8,B-frozen,40,Mul|1x1x48|1x1|39,Mul,1,1,,,0,NOT_SEPARATED,0,0,24,12,"[1, 2, 16]","[2, 2, 16]","OFM[1, 42, 48] IFM[1, 42, 48]","OFM[2, 86, 48] IFM[2, 86, 48]","IFM[1, 1, 1, 48] OFM[1, 1, 1, 48]","IFM[1, 1, 1, 48] OFM[1, 1, 1, 48]",0,0,1,1,0,0,0,,,,,,,,,,
rnnoise_INT8,B-frozen,41,Add|1x1x48|1x1|40,Add,1,1,,,0,NOT_SEPARATED,0,0,,,,,,,,,,,,,,,0,,,,,,,,,,
rnnoise_INT8,B-frozen,42,Pack|1x1x48|1x1|41,Pack,1,1,,,0,NOT_SEPARATED,0,0,,,,,,,,,,,,,,,0,,,,,,,,,,
rnnoise_INT8,B-frozen,43,Quantize|1x1x48|1x1|42,Quantize,1,1,,,0,NOT_SEPARATED,0,0,423,410,"[1, 2, 16]","[2, 2, 16]","OFM[1, 2, 48] IFM[1, 1, 2, 64]","OFM[2, 2, 48] IFM[1, 2, 2, 64]","IFM[1, 1, 1, 48] OFM[1, 1, 1, 48]","IFM[1, 1, 1, 48] OFM[1, 1, 1, 48]",0,0,1,1,0,0,0,,,,,,,,,,
rnnoise_INT8,B-frozen,44,Quantize|1x1x24|1x1|43,Quantize,1,1,,,0,NOT_SEPARATED,0,0,406,398,"[1, 2, 16]","[2, 2, 16]","OFM[1, 2, 32] IFM[1, 1, 2, 32]","OFM[2, 2, 32] IFM[1, 2, 2, 32]","IFM[1, 1, 1, 24] OFM[1, 1, 1, 24]","IFM[1, 1, 1, 24] OFM[1, 1, 1, 24]",0,0,1,1,0,0,0,,,,,,,,,,
rnnoise_INT8,B-frozen,45,Concat|1x1x114|1x1|44,Concat,3,3,,,0,NOT_SEPARATED,0,0,,,,,,,,,,,,,,,0,,,,,,,,,,
rnnoise_INT8,B-frozen,47,FullyConnected|1x1x288|1x1|46,FullyConnected,1,1,,9015,0,NOT_SEPARATED,0,0,7929,7929,"[1, 4, 8]","[2, 2, 16]","OFM[1, 1, 4, 288] IFM[1, 1, 4, 64]","OFM[1, 2, 2, 288] IFM[1, 2, 2, 64]","IFM[1, 1, 1, 114] OFM[1, 1, 1, 288]","IFM[1, 1, 1, 114] OFM[1, 1, 1, 288]",0,0,1,1,0,0,0,9014,3,18,2562,0,,,,,
rnnoise_INT8,B-frozen,49,Add|1x1x96|1x1|48,Add,1,1,1015,,0,NOT_SEPARATED,0,0,24,12,"[1, 2, 16]","[2, 2, 16]","OFM[1, 22, 96] IFM[1, 22, 96]","OFM[2, 42, 96] IFM[2, 42, 96]","IFM[1, 1, 1, 96] OFM[1, 1, 1, 96]","IFM[1, 1, 1, 96] OFM[1, 1, 1, 96]",0,0,1,1,0,0,0,,,,,,1014,14,0,41,8
rnnoise_INT8,B-frozen,51,Mul|1x1x96|1x1|50,Mul,1,1,,,0,NOT_SEPARATED,0,0,,,,,,,,,,,,,,,0,,,,,,,,,,
rnnoise_INT8,B-frozen,52,Sub|1x1x96|1x1|51,Sub,1,1,,,0,NOT_SEPARATED,0,0,48,24,"[1, 2, 16]","[2, 2, 16]","OFM[1, 22, 96] IFM[1, 22, 96]","OFM[2, 42, 96] IFM[2, 42, 96]","IFM[1, 1, 1, 96] OFM[1, 1, 1, 96]","IFM[1, 1, 1, 96] OFM[1, 1, 1, 96]",0,0,1,1,0,0,0,,,,,,,,,,
rnnoise_INT8,B-frozen,53,Add|1x1x96|1x1|52,Add,1,1,,,0,NOT_SEPARATED,0,0,48,24,"[1, 2, 16]","[2, 2, 16]","OFM[1, 22, 96] IFM[1, 22, 96]","OFM[2, 42, 96] IFM[2, 42, 96]","IFM[1, 1, 1, 96] OFM[1, 1, 1, 96]","IFM[1, 1, 1, 96] OFM[1, 1, 1, 96]",0,0,1,1,0,0,0,,,,,,,,,,
rnnoise_INT8,B-frozen,55,Mul|1x1x96|1x1|54,Mul,1,1,,,0,NOT_SEPARATED,0,0,,,,,,,,,,,,,,,0,,,,,,,,,,
rnnoise_INT8,B-frozen,56,Add|1x1x96|1x1|55,Add,1,1,,,0,NOT_SEPARATED,0,0,24,12,"[1, 2, 16]","[2, 2, 16]","OFM[1, 22, 96] IFM[1, 22, 96]","OFM[2, 42, 96] IFM[2, 42, 96]","IFM[1, 1, 1, 96] OFM[1, 1, 1, 96]","IFM[1, 1, 1, 96] OFM[1, 1, 1, 96]",0,0,1,1,0,0,0,,,,,,,,,,
rnnoise_INT8,B-frozen,58,Mul|1x1x96|1x1|57,Mul,1,1,,,0,NOT_SEPARATED,0,0,48,24,"[1, 2, 16]","[2, 2, 16]","OFM[1, 22, 96] IFM[1, 22, 96]","OFM[2, 42, 96] IFM[2, 42, 96]","IFM[1, 1, 1, 96] OFM[1, 1, 1, 96]","IFM[1, 1, 1, 96] OFM[1, 1, 1, 96]",0,0,1,1,0,0,0,,,,,,,,,,
rnnoise_INT8,B-frozen,59,Add|1x1x96|1x1|58,Add,1,1,,,0,NOT_SEPARATED,0,0,,,,,,,,,,,,,,,0,,,,,,,,,,
rnnoise_INT8,B-frozen,60,Pack|1x1x96|1x1|59,Pack,1,1,,1015,0,NOT_SEPARATED,0,0,,,,,,,,,,,,,,,0,1014,0,0,53,6,,,,,
rnnoise_INT8,B-frozen,62,FullyConnected|1x1x22|1x1|61,FullyConnected,1,1,1030,1030,1,SAME,1,1,782,792,"[1, 4, 8]","[2, 2, 16]","OFM[1, 1, 4, 24] IFM[1, 1, 4, 64]","OFM[1, 2, 2, 32] IFM[1, 2, 2, 64]","IFM[1, 1, 1, 96] OFM[1, 1, 1, 22]","IFM[1, 1, 1, 96] OFM[1, 1, 1, 22]",0,0,1,1,0,0,0,,,,,,,,,,
rnnoise_INT8,B-frozen,65,Reshape|1x1x24|1x1|64,Reshape,1,1,,,0,NOT_SEPARATED,0,0,,,,,,,,,,,,,,,0,,,,,,,,,,
rnnoise_INT8,B-frozen,66,FullyConnected|1x1x1|1x1|65,FullyConnected,1,1,1015,2015,1,REGRESS,0,0,405,421,"[1, 4, 8]","[2, 2, 16]","OFM[1, 1, 4, 16] IFM[1, 1, 4, 64]","OFM[1, 2, 2, 16] IFM[1, 2, 2, 64]","IFM[1, 1, 1, 24] OFM[1, 1, 1, 1]","IFM[1, 1, 1, 24] OFM[1, 1, 1, 1]",0,0,1,1,0,0,0,2014,3,2,306,1,1014,3,1,152,1
rnnoise_INT8,B-held,1,FullyConnected|1x1x288|1x1|0,FullyConnected,1,1,,9015,0,NOT_SEPARATED,0,0,7929,7929,"[1, 4, 8]","[2, 2, 16]","OFM[1, 1, 4, 288] IFM[1, 1, 4, 64]","OFM[1, 2, 2, 288] IFM[1, 2, 2, 64]","IFM[1, 1, 1, 96] OFM[1, 1, 1, 288]","IFM[1, 1, 1, 96] OFM[1, 1, 1, 288]",0,0,1,1,0,0,0,9014,3,24,2201,0,,,,,
rnnoise_INT8,B-held,3,Reshape|1x1x42|1x1|2,Reshape,1,1,,,0,NOT_SEPARATED,0,0,,,,,,,,,,,,,,,0,,,,,,,,,,
rnnoise_INT8,B-held,4,FullyConnected|1x1x24|1x1|3,FullyConnected,1,1,2015,1015,1,IMPROVE,0,0,801,812,"[1, 4, 8]","[2, 2, 16]","OFM[1, 1, 4, 24] IFM[1, 1, 4, 64]","OFM[1, 2, 2, 32] IFM[1, 2, 2, 64]","IFM[1, 1, 1, 42] OFM[1, 1, 1, 24]","IFM[1, 1, 1, 42] OFM[1, 1, 1, 24]",0,0,1,1,0,0,0,1014,2,2,136,0,2014,2,6,270,0
rnnoise_INT8,B-held,8,FullyConnected|1x1x72|1x1|7,FullyConnected,1,1,,,0,NOT_SEPARATED,0,0,2037,2037,"[1, 4, 8]","[2, 2, 16]","OFM[1, 1, 4, 72] IFM[1, 1, 4, 64]","OFM[1, 2, 2, 80] IFM[1, 2, 2, 64]","IFM[1, 1, 1, 24] OFM[1, 1, 1, 72]","IFM[1, 1, 1, 24] OFM[1, 1, 1, 72]",0,0,1,1,0,0,0,,,,,,,,,,
rnnoise_INT8,B-held,10,FullyConnected|1x1x144|1x1|9,FullyConnected,1,1,,,0,NOT_SEPARATED,0,0,3888,3869,"[1, 4, 8]","[2, 2, 16]","OFM[1, 1, 4, 144] IFM[1, 1, 4, 64]","OFM[1, 2, 2, 144] IFM[1, 2, 2, 64]","IFM[1, 1, 1, 48] OFM[1, 1, 1, 144]","IFM[1, 1, 1, 48] OFM[1, 1, 1, 144]",0,0,1,1,0,0,0,,,,,,,,,,
rnnoise_INT8,B-held,12,FullyConnected|1x1x72|1x1|11,FullyConnected,1,1,,,0,NOT_SEPARATED,0,0,2037,2036,"[1, 4, 8]","[2, 2, 16]","OFM[1, 1, 4, 72] IFM[1, 1, 4, 64]","OFM[1, 2, 2, 80] IFM[1, 2, 2, 64]","IFM[1, 1, 1, 24] OFM[1, 1, 1, 72]","IFM[1, 1, 1, 24] OFM[1, 1, 1, 72]",0,0,1,1,0,0,0,,,,,,,,,,
rnnoise_INT8,B-held,14,Add|1x1x24|1x1|13,Add,1,1,,1015,0,NOT_SEPARATED,0,0,8,4,"[1, 2, 16]","[2, 2, 16]","OFM[1, 64, 32] IFM[1, 64, 32]","OFM[2, 128, 32] IFM[2, 128, 32]","IFM[1, 1, 1, 24] OFM[1, 1, 1, 24]","IFM[1, 1, 1, 24] OFM[1, 1, 1, 24]",0,0,1,1,0,0,0,1014,4,0,48,2,,,,,
rnnoise_INT8,B-held,16,Sub|1x1x24|1x1|15,Sub,1,1,,,0,NOT_SEPARATED,0,0,16,8,"[1, 2, 16]","[2, 2, 16]","OFM[1, 64, 32] IFM[1, 64, 32]","OFM[2, 128, 32] IFM[2, 128, 32]","IFM[1, 1, 1, 24] OFM[1, 1, 1, 24]","IFM[1, 1, 1, 24] OFM[1, 1, 1, 24]",0,0,1,1,0,0,0,,,,,,,,,,
rnnoise_INT8,B-held,17,Add|1x1x24|1x1|16,Add,1,1,,,0,NOT_SEPARATED,0,0,16,8,"[1, 2, 16]","[2, 2, 16]","OFM[1, 64, 32] IFM[1, 64, 32]","OFM[2, 128, 32] IFM[2, 128, 32]","IFM[1, 1, 1, 24] OFM[1, 1, 1, 24]","IFM[1, 1, 1, 24] OFM[1, 1, 1, 24]",0,0,1,1,0,0,0,,,,,,,,,,
rnnoise_INT8,B-held,19,Mul|1x1x24|1x1|18,Mul,1,1,,,0,NOT_SEPARATED,0,0,,,,,,,,,,,,,,,0,,,,,,,,,,
rnnoise_INT8,B-held,20,Add|1x1x24|1x1|19,Add,1,1,,,0,NOT_SEPARATED,0,0,8,4,"[1, 2, 16]","[2, 2, 16]","OFM[1, 64, 32] IFM[1, 64, 32]","OFM[2, 128, 32] IFM[2, 128, 32]","IFM[1, 1, 1, 24] OFM[1, 1, 1, 24]","IFM[1, 1, 1, 24] OFM[1, 1, 1, 24]",0,0,1,1,0,0,0,,,,,,,,,,
rnnoise_INT8,B-held,22,Mul|1x1x24|1x1|21,Mul,1,1,,,0,NOT_SEPARATED,0,0,16,8,"[1, 2, 16]","[2, 2, 16]","OFM[1, 64, 32] IFM[1, 64, 32]","OFM[2, 128, 32] IFM[2, 128, 32]","IFM[1, 1, 1, 24] OFM[1, 1, 1, 24]","IFM[1, 1, 1, 24] OFM[1, 1, 1, 24]",0,0,1,1,0,0,0,,,,,,,,,,
rnnoise_INT8,B-held,23,Mul|1x1x24|1x1|22,Mul,1,1,,,0,NOT_SEPARATED,0,0,,,,,,,,,,,,,,,0,,,,,,,,,,
rnnoise_INT8,B-held,24,Add|1x1x24|1x1|23,Add,1,1,,,0,NOT_SEPARATED,0,0,,,,,,,,,,,,,,,0,,,,,,,,,,
rnnoise_INT8,B-held,25,Pack|1x1x24|1x1|24,Pack,1,1,,,0,NOT_SEPARATED,0,0,,,,,,,,,,,,,,,0,,,,,,,,,,
rnnoise_INT8,B-held,26,Quantize|1x1x24|1x1|25,Quantize,1,1,,,0,NOT_SEPARATED,0,0,406,401,"[1, 2, 16]","[2, 2, 16]","OFM[1, 2, 32] IFM[1, 1, 2, 32]","OFM[2, 2, 32] IFM[1, 2, 2, 32]","IFM[1, 1, 1, 24] OFM[1, 1, 1, 24]","IFM[1, 1, 1, 24] OFM[1, 1, 1, 24]",0,0,1,1,0,0,0,,,,,,,,,,
rnnoise_INT8,B-held,27,Quantize|1x1x24|1x1|26,Quantize,1,1,,,0,NOT_SEPARATED,0,0,406,401,"[1, 2, 16]","[2, 2, 16]","OFM[1, 2, 32] IFM[1, 1, 2, 32]","OFM[2, 2, 32] IFM[1, 2, 2, 32]","IFM[1, 1, 1, 24] OFM[1, 1, 1, 24]","IFM[1, 1, 1, 24] OFM[1, 1, 1, 24]",0,0,1,1,0,0,0,,,,,,,,,,
rnnoise_INT8,B-held,28,Concat|1x1x90|1x1|27,Concat,3,3,,,0,NOT_SEPARATED,0,0,,,,,,,,,,,,,,,0,,,,,,,,,,
rnnoise_INT8,B-held,30,FullyConnected|1x1x144|1x1|29,FullyConnected,1,1,,,0,NOT_SEPARATED,0,0,4033,4014,"[1, 4, 8]","[2, 2, 16]","OFM[1, 1, 4, 144] IFM[1, 1, 4, 64]","OFM[1, 2, 2, 144] IFM[1, 2, 2, 64]","IFM[1, 1, 1, 90] OFM[1, 1, 1, 144]","IFM[1, 1, 1, 90] OFM[1, 1, 1, 144]",0,0,1,1,0,0,0,,,,,,,,,,
rnnoise_INT8,B-held,32,Add|1x1x48|1x1|31,Add,1,1,,1015,0,NOT_SEPARATED,0,0,12,6,"[1, 2, 16]","[2, 2, 16]","OFM[1, 42, 48] IFM[1, 42, 48]","OFM[2, 86, 48] IFM[2, 86, 48]","IFM[1, 1, 1, 48] OFM[1, 1, 1, 48]","IFM[1, 1, 1, 48] OFM[1, 1, 1, 48]",0,0,1,1,0,0,0,1014,0,0,16,3,,,,,
rnnoise_INT8,B-held,34,Mul|1x1x48|1x1|33,Mul,1,1,,,0,NOT_SEPARATED,0,0,,,,,,,,,,,,,,,0,,,,,,,,,,
rnnoise_INT8,B-held,35,Sub|1x1x48|1x1|34,Sub,1,1,,,0,NOT_SEPARATED,0,0,24,12,"[1, 2, 16]","[2, 2, 16]","OFM[1, 42, 48] IFM[1, 42, 48]","OFM[2, 86, 48] IFM[2, 86, 48]","IFM[1, 1, 1, 48] OFM[1, 1, 1, 48]","IFM[1, 1, 1, 48] OFM[1, 1, 1, 48]",0,0,1,1,0,0,0,,,,,,,,,,
rnnoise_INT8,B-held,36,Add|1x1x48|1x1|35,Add,1,1,,,0,NOT_SEPARATED,0,0,24,12,"[1, 2, 16]","[2, 2, 16]","OFM[1, 42, 48] IFM[1, 42, 48]","OFM[2, 86, 48] IFM[2, 86, 48]","IFM[1, 1, 1, 48] OFM[1, 1, 1, 48]","IFM[1, 1, 1, 48] OFM[1, 1, 1, 48]",0,0,1,1,0,0,0,,,,,,,,,,
rnnoise_INT8,B-held,38,Mul|1x1x48|1x1|37,Mul,1,1,,,0,NOT_SEPARATED,0,0,,,,,,,,,,,,,,,0,,,,,,,,,,
rnnoise_INT8,B-held,39,Add|1x1x48|1x1|38,Add,1,1,,,0,NOT_SEPARATED,0,0,12,6,"[1, 2, 16]","[2, 2, 16]","OFM[1, 42, 48] IFM[1, 42, 48]","OFM[2, 86, 48] IFM[2, 86, 48]","IFM[1, 1, 1, 48] OFM[1, 1, 1, 48]","IFM[1, 1, 1, 48] OFM[1, 1, 1, 48]",0,0,1,1,0,0,0,,,,,,,,,,
rnnoise_INT8,B-held,40,Mul|1x1x48|1x1|39,Mul,1,1,,,0,NOT_SEPARATED,0,0,24,12,"[1, 2, 16]","[2, 2, 16]","OFM[1, 42, 48] IFM[1, 42, 48]","OFM[2, 86, 48] IFM[2, 86, 48]","IFM[1, 1, 1, 48] OFM[1, 1, 1, 48]","IFM[1, 1, 1, 48] OFM[1, 1, 1, 48]",0,0,1,1,0,0,0,,,,,,,,,,
rnnoise_INT8,B-held,41,Add|1x1x48|1x1|40,Add,1,1,,,0,NOT_SEPARATED,0,0,,,,,,,,,,,,,,,0,,,,,,,,,,
rnnoise_INT8,B-held,42,Pack|1x1x48|1x1|41,Pack,1,1,,,0,NOT_SEPARATED,0,0,,,,,,,,,,,,,,,0,,,,,,,,,,
rnnoise_INT8,B-held,43,Quantize|1x1x48|1x1|42,Quantize,1,1,,,0,NOT_SEPARATED,0,0,423,414,"[1, 2, 16]","[2, 2, 16]","OFM[1, 2, 48] IFM[1, 1, 2, 64]","OFM[2, 2, 48] IFM[1, 2, 2, 64]","IFM[1, 1, 1, 48] OFM[1, 1, 1, 48]","IFM[1, 1, 1, 48] OFM[1, 1, 1, 48]",0,0,1,1,0,0,0,,,,,,,,,,
rnnoise_INT8,B-held,44,Quantize|1x1x24|1x1|43,Quantize,1,1,,,0,NOT_SEPARATED,0,0,406,401,"[1, 2, 16]","[2, 2, 16]","OFM[1, 2, 32] IFM[1, 1, 2, 32]","OFM[2, 2, 32] IFM[1, 2, 2, 32]","IFM[1, 1, 1, 24] OFM[1, 1, 1, 24]","IFM[1, 1, 1, 24] OFM[1, 1, 1, 24]",0,0,1,1,0,0,0,,,,,,,,,,
rnnoise_INT8,B-held,45,Concat|1x1x114|1x1|44,Concat,3,3,,,0,NOT_SEPARATED,0,0,,,,,,,,,,,,,,,0,,,,,,,,,,
rnnoise_INT8,B-held,47,FullyConnected|1x1x288|1x1|46,FullyConnected,1,1,,9015,0,NOT_SEPARATED,0,0,7929,7929,"[1, 4, 8]","[2, 2, 16]","OFM[1, 1, 4, 288] IFM[1, 1, 4, 64]","OFM[1, 2, 2, 288] IFM[1, 2, 2, 64]","IFM[1, 1, 1, 114] OFM[1, 1, 1, 288]","IFM[1, 1, 1, 114] OFM[1, 1, 1, 288]",0,0,1,1,0,0,0,9014,3,18,2562,0,,,,,
rnnoise_INT8,B-held,49,Add|1x1x96|1x1|48,Add,1,1,1015,,0,NOT_SEPARATED,0,0,24,12,"[1, 2, 16]","[2, 2, 16]","OFM[1, 22, 96] IFM[1, 22, 96]","OFM[2, 42, 96] IFM[2, 42, 96]","IFM[1, 1, 1, 96] OFM[1, 1, 1, 96]","IFM[1, 1, 1, 96] OFM[1, 1, 1, 96]",0,0,1,1,0,0,0,,,,,,1014,14,0,41,8
rnnoise_INT8,B-held,51,Mul|1x1x96|1x1|50,Mul,1,1,,,0,NOT_SEPARATED,0,0,,,,,,,,,,,,,,,0,,,,,,,,,,
rnnoise_INT8,B-held,52,Sub|1x1x96|1x1|51,Sub,1,1,,,0,NOT_SEPARATED,0,0,48,24,"[1, 2, 16]","[2, 2, 16]","OFM[1, 22, 96] IFM[1, 22, 96]","OFM[2, 42, 96] IFM[2, 42, 96]","IFM[1, 1, 1, 96] OFM[1, 1, 1, 96]","IFM[1, 1, 1, 96] OFM[1, 1, 1, 96]",0,0,1,1,0,0,0,,,,,,,,,,
rnnoise_INT8,B-held,53,Add|1x1x96|1x1|52,Add,1,1,,,0,NOT_SEPARATED,0,0,48,24,"[1, 2, 16]","[2, 2, 16]","OFM[1, 22, 96] IFM[1, 22, 96]","OFM[2, 42, 96] IFM[2, 42, 96]","IFM[1, 1, 1, 96] OFM[1, 1, 1, 96]","IFM[1, 1, 1, 96] OFM[1, 1, 1, 96]",0,0,1,1,0,0,0,,,,,,,,,,
rnnoise_INT8,B-held,55,Mul|1x1x96|1x1|54,Mul,1,1,,,0,NOT_SEPARATED,0,0,,,,,,,,,,,,,,,0,,,,,,,,,,
rnnoise_INT8,B-held,56,Add|1x1x96|1x1|55,Add,1,1,,,0,NOT_SEPARATED,0,0,24,12,"[1, 2, 16]","[2, 2, 16]","OFM[1, 22, 96] IFM[1, 22, 96]","OFM[2, 42, 96] IFM[2, 42, 96]","IFM[1, 1, 1, 96] OFM[1, 1, 1, 96]","IFM[1, 1, 1, 96] OFM[1, 1, 1, 96]",0,0,1,1,0,0,0,,,,,,,,,,
rnnoise_INT8,B-held,58,Mul|1x1x96|1x1|57,Mul,1,1,,,0,NOT_SEPARATED,0,0,48,24,"[1, 2, 16]","[2, 2, 16]","OFM[1, 22, 96] IFM[1, 22, 96]","OFM[2, 42, 96] IFM[2, 42, 96]","IFM[1, 1, 1, 96] OFM[1, 1, 1, 96]","IFM[1, 1, 1, 96] OFM[1, 1, 1, 96]",0,0,1,1,0,0,0,,,,,,,,,,
rnnoise_INT8,B-held,59,Add|1x1x96|1x1|58,Add,1,1,,,0,NOT_SEPARATED,0,0,,,,,,,,,,,,,,,0,,,,,,,,,,
rnnoise_INT8,B-held,60,Pack|1x1x96|1x1|59,Pack,1,1,,1015,0,NOT_SEPARATED,0,0,,,,,,,,,,,,,,,0,1014,0,0,53,6,,,,,
rnnoise_INT8,B-held,62,FullyConnected|1x1x22|1x1|61,FullyConnected,1,1,1030,1030,1,SAME,1,1,782,795,"[1, 4, 8]","[2, 2, 16]","OFM[1, 1, 4, 24] IFM[1, 1, 4, 64]","OFM[1, 2, 2, 32] IFM[1, 2, 2, 64]","IFM[1, 1, 1, 96] OFM[1, 1, 1, 22]","IFM[1, 1, 1, 96] OFM[1, 1, 1, 22]",0,0,1,1,0,0,0,,,,,,,,,,
rnnoise_INT8,B-held,65,Reshape|1x1x24|1x1|64,Reshape,1,1,,,0,NOT_SEPARATED,0,0,,,,,,,,,,,,,,,0,,,,,,,,,,
rnnoise_INT8,B-held,66,FullyConnected|1x1x1|1x1|65,FullyConnected,1,1,1015,2015,1,REGRESS,0,0,405,424,"[1, 4, 8]","[2, 2, 16]","OFM[1, 1, 4, 16] IFM[1, 1, 4, 64]","OFM[1, 2, 2, 16] IFM[1, 2, 2, 64]","IFM[1, 1, 1, 24] OFM[1, 1, 1, 1]","IFM[1, 1, 1, 24] OFM[1, 1, 1, 1]",0,0,1,1,0,0,0,2014,3,2,306,1,1014,3,1,152,1
vww4_128_128_INT8,B-frozen,1,Conv2D|64x64x8|1x1|0,Conv2D,1,1,20055,21055,1,REGRESS,0,0,19988,16723,"[1, 4, 8]","[2, 2, 16]","OFM[1, 6, 16, 16] IFM[1, 13, 36, 16]","OFM[1, 10, 10, 16] IFM[1, 22, 22, 16]","IFM[1, 128, 128, 1] OFM[1, 64, 64, 8]","IFM[1, 128, 128, 1] OFM[1, 64, 64, 8]",0,0,1,1,0,0,0,21007,1537,4144,1981,0,20007,2079,4311,1621,0
vww4_128_128_INT8,B-frozen,2,Conv2D|64x64x4|1x1|1,Conv2D,2,2,,,0,NOT_SEPARATED,0,0,13926,8440,"[1, 4, 8]","[2, 2, 16]","OFM[1, 2, 64, 16] IFM[1, 2, 64, 16]","OFM[1, 4, 64, 16] IFM[1, 4, 64, 16]","IFM[1, 64, 64, 8] OFM[1, 64, 64, 4]","IFM[1, 64, 64, 8] OFM[1, 64, 64, 4]",0,0,1,1,0,0,0,,,,,,,,,,
vww4_128_128_INT8,B-frozen,3,DepthwiseConv2D|64x64x4|1x1|2,DepthwiseConv2D,2,2,23030,11030,1,IMPROVE,0,0,25830,13605,"[1, 2, 16]","[2, 2, 16]","OFM[16, 16, 16] IFM[1, 18, 18, 16]","OFM[22, 22, 16] IFM[1, 24, 24, 16]","IFM[1, 64, 64, 4] OFM[1, 64, 64, 4]","IFM[1, 64, 64, 4] OFM[1, 64, 64, 4]",0,0,1,1,0,0,0,11028,2133,2096,63,0,23028,2703,2084,56,0
vww4_128_128_INT8,B-frozen,4,Conv2D|64x64x4|1x1|3,Conv2D,1,1,5015,7015,1,REGRESS,0,0,13365,8079,"[1, 4, 8]","[2, 2, 16]","OFM[1, 2, 64, 16] IFM[1, 2, 64, 16]","OFM[1, 4, 64, 16] IFM[1, 4, 64, 16]","IFM[1, 64, 64, 4] OFM[1, 64, 64, 4]","IFM[1, 64, 64, 4] OFM[1, 64, 64, 4]",0,0,1,1,0,0,0,7014,2839,4458,28,0,5014,2489,4497,34,0
vww4_128_128_INT8,B-frozen,5,Conv2D|64x64x8|1x1|4,Conv2D,1,1,8015,6015,1,IMPROVE,0,0,11038,6447,"[1, 4, 8]","[2, 2, 16]","OFM[1, 2, 64, 16] IFM[1, 2, 64, 16]","OFM[1, 4, 64, 16] IFM[1, 4, 64, 16]","IFM[1, 64, 64, 4] OFM[1, 64, 64, 8]","IFM[1, 64, 64, 4] OFM[1, 64, 64, 8]",0,0,1,1,0,0,0,6014,4782,4119,50,0,8014,5091,3943,35,0
vww4_128_128_INT8,B-frozen,6,DepthwiseConv2D|32x32x8|1x1|5,DepthwiseConv2D,1,1,,,0,NOT_SEPARATED,0,0,7002,3643,"[1, 2, 16]","[2, 2, 16]","OFM[16, 12, 16] IFM[1, 34, 26, 16]","OFM[14, 12, 16] IFM[1, 30, 26, 16]","IFM[1, 64, 64, 8] OFM[1, 32, 32, 8]","IFM[1, 64, 64, 8] OFM[1, 32, 32, 8]",0,0,1,1,0,0,0,,,,,,,,,,
vww4_128_128_INT8,B-frozen,7,Conv2D|32x32x12|1x1|6,Conv2D,1,1,4015,2015,1,IMPROVE,0,0,3892,2270,"[1, 4, 8]","[2, 2, 16]","OFM[1, 4, 32, 16] IFM[1, 4, 32, 16]","OFM[1, 8, 32, 16] IFM[1, 8, 32, 16]","IFM[1, 32, 32, 8] OFM[1, 32, 32, 12]","IFM[1, 32, 32, 8] OFM[1, 32, 32, 12]",0,0,1,1,0,0,0,2014,1372,1029,35,0,4014,1483,1170,33,0
vww4_128_128_INT8,B-frozen,8,Conv2D|32x32x14|1x1|7,Conv2D,1,1,,,0,NOT_SEPARATED,0,0,4842,2830,"[1, 4, 8]","[2, 2, 16]","OFM[1, 4, 32, 16] IFM[1, 4, 32, 16]","OFM[1, 8, 32, 16] IFM[1, 8, 32, 16]","IFM[1, 32, 32, 12] OFM[1, 32, 32, 14]","IFM[1, 32, 32, 12] OFM[1, 32, 32, 14]",0,0,1,1,0,0,0,,,,,,,,,,
vww4_128_128_INT8,B-frozen,9,DepthwiseConv2D|32x32x14|1x1|8,DepthwiseConv2D,1,1,4015,2015,1,IMPROVE,0,0,7209,4137,"[1, 2, 16]","[2, 2, 16]","OFM[16, 16, 16] IFM[1, 18, 18, 16]","OFM[30, 16, 16] IFM[1, 32, 18, 16]","IFM[1, 32, 32, 14] OFM[1, 32, 32, 14]","IFM[1, 32, 32, 14] OFM[1, 32, 32, 14]",0,0,1,1,0,0,0,2014,854,862,0,0,4014,762,948,4,0
vww4_128_128_INT8,B-frozen,10,Conv2D|32x32x16|1x1|9,Conv2D,1,1,5015,3015,1,IMPROVE,0,0,5141,3016,"[1, 4, 8]","[2, 2, 16]","OFM[1, 4, 32, 16] IFM[1, 4, 32, 16]","OFM[1, 8, 32, 16] IFM[1, 8, 32, 16]","IFM[1, 32, 32, 14] OFM[1, 32, 32, 16]","IFM[1, 32, 32, 14] OFM[1, 32, 32, 16]",0,0,1,1,0,0,0,3014,1279,1234,8,0,5014,1023,1273,4,0
vww4_128_128_INT8,B-frozen,11,Pad|32x32x16|1x1|10,Pad,2,2,6030,8030,1,REGRESS,0,0,,,,,,,,,,,,,,,0,8028,1231,2085,376,0,6028,1104,1951,440,0
vww4_128_128_INT8,B-frozen,12,Add|32x32x16|1x1|11,Add,1,1,4015,2015,1,IMPROVE,0,0,4096,2048,"[1, 2, 16]","[2, 2, 16]","OFM[32, 128, 16] IFM[32, 128, 16]","OFM[32, 256, 16] IFM[32, 256, 16]","IFM[1, 32, 32, 16] OFM[1, 32, 32, 16]","IFM[1, 32, 32, 16] OFM[1, 32, 32, 16]",0,0,1,1,0,0,0,2014,1834,821,0,0,4014,1912,954,50,0
vww4_128_128_INT8,B-frozen,13,Conv2D|32x32x28|1x1|12,Conv2D,1,1,,,0,NOT_SEPARATED,0,0,9295,5122,"[1, 4, 8]","[2, 2, 16]","OFM[1, 2, 32, 32] IFM[1, 2, 32, 16]","OFM[1, 4, 32, 32] IFM[1, 4, 32, 16]","IFM[1, 32, 32, 16] OFM[1, 32, 32, 28]","IFM[1, 32, 32, 16] OFM[1, 32, 32, 28]",0,0,1,1,0,0,0,,,,,,,,,,
vww4_128_128_INT8,B-frozen,14,DepthwiseConv2D|16x16x28|1x1|13,DepthwiseConv2D,1,1,3015,3015,1,SAME,0,0,4413,2980,"[1, 2, 16]","[2, 2, 16]","OFM[25, 8, 16] IFM[1, 52, 18, 16]","OFM[24, 8, 16] IFM[1, 50, 18, 16]","IFM[1, 32, 32, 28] OFM[1, 16, 16, 28]","IFM[1, 32, 32, 28] OFM[1, 16, 16, 28]",0,0,1,1,0,0,0,3014,1841,752,235,0,3014,2355,840,255,0
vww4_128_128_INT8,B-frozen,15,Conv2D|16x16x32|1x1|14,Conv2D,1,1,,,0,NOT_SEPARATED,0,0,4798,2790,"[1, 4, 8]","[2, 2, 16]","OFM[1, 4, 16, 32] IFM[1, 4, 16, 16]","OFM[1, 16, 16, 16] IFM[1, 16, 16, 16]","IFM[1, 16, 16, 28] OFM[1, 16, 16, 32]","IFM[1, 16, 16, 28] OFM[1, 16, 16, 32]",0,0,1,1,0,0,0,,,,,,,,,,
vww4_128_128_INT8,B-frozen,16,Conv2D|16x16x96|1x1|15,Conv2D,1,1,7015,5015,1,IMPROVE,0,0,12990,8268,"[1, 4, 8]","[2, 2, 16]","OFM[1, 4, 16, 32] IFM[1, 4, 16, 16]","OFM[1, 4, 16, 48] IFM[1, 4, 16, 16]","IFM[1, 16, 16, 32] OFM[1, 16, 16, 96]","IFM[1, 16, 16, 32] OFM[1, 16, 16, 96]",0,0,1,1,0,0,0,5014,3056,1772,116,0,7014,2438,1819,339,0
vww4_128_128_INT8,B-frozen,17,DepthwiseConv2D|16x16x96|1x1|16,DepthwiseConv2D,1,1,6015,3015,1,IMPROVE,0,0,10316,5776,"[1, 2, 16]","[2, 2, 16]","OFM[16, 16, 16] IFM[1, 18, 18, 16]","OFM[16, 16, 32] IFM[1, 18, 18, 32]","IFM[1, 16, 16, 96] OFM[1, 16, 16, 96]","IFM[1, 16, 16, 96] OFM[1, 16, 16, 96]",0,0,1,1,0,0,0,3014,918,1301,247,0,6014,1157,1392,17,0
vww4_128_128_INT8,B-frozen,18,Conv2D|16x16x28|1x1|17,Conv2D,1,1,4015,3015,1,IMPROVE,0,0,4872,2873,"[1, 4, 8]","[2, 2, 16]","OFM[1, 4, 16, 32] IFM[1, 4, 16, 64]","OFM[1, 8, 16, 32] IFM[1, 8, 16, 64]","IFM[1, 16, 16, 96] OFM[1, 16, 16, 28]","IFM[1, 16, 16, 96] OFM[1, 16, 16, 28]",0,0,1,1,0,0,0,3014,1499,840,227,0,4014,2062,746,4,0
vww4_128_128_INT8,B-frozen,19,Pad|16x16x32|1x1|18,Pad,2,2,3030,2030,1,IMPROVE,0,0,,,,,,,,,,,,,,,0,2028,124,582,209,0,3028,416,819,332,0
vww4_128_128_INT8,B-frozen,20,Add|16x16x32|1x1|19,Add,1,1,2015,2015,1,SAME,0,0,2048,1024,"[1, 2, 16]","[2, 2, 16]","OFM[16, 64, 32] IFM[16, 64, 32]","OFM[16, 128, 32] IFM[16, 128, 32]","IFM[1, 16, 16, 32] OFM[1, 16, 16, 32]","IFM[1, 16, 16, 32] OFM[1, 16, 16, 32]",0,0,1,1,0,0,0,2014,1259,712,244,0,2014,1039,564,120,0
vww4_128_128_INT8,B-frozen,21,Conv2D|16x16x96|1x1|20,Conv2D,2,2,8030,4030,1,IMPROVE,0,0,12990,8268,"[1, 4, 8]","[2, 2, 16]","OFM[1, 4, 16, 32] IFM[1, 4, 16, 16]","OFM[1, 4, 16, 48] IFM[1, 4, 16, 16]","IFM[1, 16, 16, 32] OFM[1, 16, 16, 96]","IFM[1, 16, 16, 32] OFM[1, 16, 16, 96]",0,0,1,1,0,0,0,4028,3160,1705,116,0,8028,3241,1883,347,0
vww4_128_128_INT8,B-frozen,22,DepthwiseConv2D|16x16x96|1x1|21,DepthwiseConv2D,1,1,7015,4015,1,IMPROVE,0,0,10316,5776,"[1, 2, 16]","[2, 2, 16]","OFM[16, 16, 16] IFM[1, 18, 18, 16]","OFM[16, 16, 32] IFM[1, 18, 18, 32]","IFM[1, 16, 16, 96] OFM[1, 16, 16, 96]","IFM[1, 16, 16, 96] OFM[1, 16, 16, 96]",0,0,1,1,0,0,0,4014,1823,1588,321,0,7014,1480,1440,17,0
vww4_128_128_INT8,B-frozen,23,Conv2D|16x16x28|1x1|22,Conv2D,1,1,3015,2015,1,IMPROVE,0,0,4872,2873,"[1, 4, 8]","[2, 2, 16]","OFM[1, 4, 16, 32] IFM[1, 4, 16, 64]","OFM[1, 8, 16, 32] IFM[1, 8, 16, 64]","IFM[1, 16, 16, 96] OFM[1, 16, 16, 28]","IFM[1, 16, 16, 96] OFM[1, 16, 16, 28]",0,0,1,1,0,0,0,2014,610,543,148,0,3014,1513,568,4,0
vww4_128_128_INT8,B-frozen,24,Pad|16x16x32|1x1|23,Pad,2,2,3030,3030,1,SAME,0,0,,,,,,,,,,,,,,,0,3028,592,1043,400,0,3028,768,1127,386,0
vww4_128_128_INT8,B-frozen,25,Add|16x16x32|1x1|24,Add,1,1,2015,1015,1,IMPROVE,0,0,2048,1024,"[1, 2, 16]","[2, 2, 16]","OFM[16, 64, 32] IFM[16, 64, 32]","OFM[16, 128, 32] IFM[16, 128, 32]","IFM[1, 16, 16, 32] OFM[1, 16, 16, 32]","IFM[1, 16, 16, 32] OFM[1, 16, 16, 32]",0,0,1,1,0,0,0,1014,525,496,256,0,2014,949,618,274,0
vww4_128_128_INT8,B-frozen,26,Conv2D|16x16x152|1x1|25,Conv2D,2,2,11030,6030,1,IMPROVE,0,0,20158,13524,"[1, 4, 8]","[2, 2, 16]","OFM[1, 4, 16, 32] IFM[1, 4, 16, 16]","OFM[1, 4, 16, 64] IFM[1, 4, 16, 16]","IFM[1, 16, 16, 32] OFM[1, 16, 16, 152]","IFM[1, 16, 16, 32] OFM[1, 16, 16, 152]",0,0,1,1,0,0,0,6028,4211,2623,138,0,11028,4430,2683,260,0
vww4_128_128_INT8,B-frozen,27,DepthwiseConv2D|8x8x152|1x1|26,DepthwiseConv2D,1,1,,4015,0,NOT_SEPARATED,0,0,5262,3916,"[1, 2, 16]","[2, 2, 16]","OFM[8, 8, 32] IFM[1, 17, 18, 32]","OFM[8, 8, 32] IFM[1, 17, 18, 32]","IFM[1, 16, 16, 152] OFM[1, 8, 8, 152]","IFM[1, 16, 16, 152] OFM[1, 8, 8, 152]",0,0,1,0,0,0,0,4014,2101,624,602,0,,,,,
vww4_128_128_INT8,B-frozen,28,Conv2D|8x8x44|1x1|27,Conv2D,1,1,2015,1015,1,IMPROVE,0,0,3163,2011,"[1, 4, 8]","[2, 2, 16]","OFM[1, 4, 8, 48] IFM[1, 4, 8, 64]","OFM[1, 8, 8, 48] IFM[1, 8, 8, 64]","IFM[1, 8, 8, 152] OFM[1, 8, 8, 44]","IFM[1, 8, 8, 152] OFM[1, 8, 8, 44]",0,0,1,1,0,0,0,1014,192,136,9,0,2014,874,160,157,0
vww4_128_128_INT8,B-frozen,29,Conv2D|8x8x268|1x1|28,Conv2D,1,1,5015,8015,1,REGRESS,0,0,5898,6036,"[1, 4, 8]","[2, 2, 16]","OFM[1, 8, 8, 32] IFM[1, 8, 8, 64]","OFM[1, 8, 8, 64] IFM[1, 8, 8, 64]","IFM[1, 8, 8, 44] OFM[1, 8, 8, 268]","IFM[1, 8, 8, 44] OFM[1, 8, 8, 268]",0,0,1,1,0,0,0,8014,1088,1280,1267,0,5014,1047,1664,1681,0
vww4_128_128_INT8,B-frozen,30,DepthwiseConv2D|8x8x268|1x1|29,DepthwiseConv2D,1,1,5015,6015,1,REGRESS,0,0,7778,6175,"[1, 2, 16]","[2, 2, 16]","OFM[8, 8, 64] IFM[1, 10, 10, 64]","OFM[8, 8, 64] IFM[1, 10, 10, 64]","IFM[1, 8, 8, 268] OFM[1, 8, 8, 268]","IFM[1, 8, 8, 268] OFM[1, 8, 8, 268]",0,0,1,0,0,0,0,6014,1088,997,900,0,5014,1417,1235,285,0
vww4_128_128_INT8,B-frozen,31,Conv2D|8x8x40|1x1|30,Conv2D,1,1,3015,1015,1,IMPROVE,0,0,4093,2921,"[1, 4, 8]","[2, 2, 16]","OFM[1, 4, 8, 40] IFM[1, 4, 8, 64]","OFM[1, 8, 8, 48] IFM[1, 8, 8, 64]","IFM[1, 8, 8, 268] OFM[1, 8, 8, 40]","IFM[1, 8, 8, 268] OFM[1, 8, 8, 40]",0,0,1,1,0,0,0,1014,192,367,11,0,3014,1373,351,15,0
vww4_128_128_INT8,B-frozen,32,Pad|8x8x44|1x1|31,Pad,2,2,1015,2030,1,REGRESS,0,0,,,,,,,,,,,,,,,0,2028,506,244,36,0,1014,368,284,28,0
vww4_128_128_INT8,B-frozen,33,Add|8x8x44|1x1|32,Add,1,1,1015,1015,1,SAME,0,0,768,384,"[1, 2, 16]","[2, 2, 16]","OFM[8, 42, 48] IFM[8, 42, 48]","OFM[8, 86, 48] IFM[8, 86, 48]","IFM[1, 8, 8, 44] OFM[1, 8, 8, 44]","IFM[1, 8, 8, 44] OFM[1, 8, 8, 44]",0,0,1,1,0,0,0,1014,192,92,260,0,1014,322,120,176,0
vww4_128_128_INT8,B-frozen,34,Conv2D|8x8x268|1x1|33,Conv2D,1,1,6015,6015,1,SAME,0,0,5898,6036,"[1, 4, 8]","[2, 2, 16]","OFM[1, 8, 8, 32] IFM[1, 8, 8, 64]","OFM[1, 8, 8, 64] IFM[1, 8, 8, 64]","IFM[1, 8, 8, 44] OFM[1, 8, 8, 268]","IFM[1, 8, 8, 44] OFM[1, 8, 8, 268]",0,0,1,1,0,0,0,6014,986,1024,981,0,6014,1088,2112,1919,0
vww4_128_128_INT8,B-frozen,35,DepthwiseConv2D|8x8x268|1x1|34,DepthwiseConv2D,1,1,4015,8015,1,REGRESS,0,0,7778,6175,"[1, 2, 16]","[2, 2, 16]","OFM[8, 8, 64] IFM[1, 10, 10, 64]","OFM[8, 8, 64] IFM[1, 10, 10, 64]","IFM[1, 8, 8, 268] OFM[1, 8, 8, 268]","IFM[1, 8, 8, 268] OFM[1, 8, 8, 268]",0,0,1,0,0,0,0,8014,1370,1216,1162,0,4014,1282,1015,268,0
vww4_128_128_INT8,B-frozen,36,Conv2D|8x8x52|1x1|35,Conv2D,1,1,4015,1015,1,IMPROVE,0,0,5604,3795,"[1, 4, 8]","[2, 2, 16]","OFM[1, 4, 8, 56] IFM[1, 4, 8, 64]","OFM[1, 8, 8, 64] IFM[1, 8, 8, 64]","IFM[1, 8, 8, 268] OFM[1, 8, 8, 52]","IFM[1, 8, 8, 268] OFM[1, 8, 8, 52]",0,0,1,1,0,0,0,1014,0,403,13,0,4014,1934,361,8,0
vww4_128_128_INT8,B-frozen,37,Pad|8x8x52|1x1|36,Pad,2,2,1015,1015,1,SAME,0,0,,,,,,,,,,,,,,,0,1014,319,210,46,0,1014,241,328,48,0
vww4_128_128_INT8,B-frozen,38,Add|8x8x52|1x1|37,Add,1,1,1015,1015,1,SAME,0,0,1024,512,"[1, 4, 8]","[2, 2, 16]","OFM[8, 32, 64] IFM[8, 32, 64]","OFM[8, 64, 64] IFM[8, 64, 64]","IFM[1, 8, 8, 52] OFM[1, 8, 8, 52]","IFM[1, 8, 8, 52] OFM[1, 8, 8, 52]",0,0,1,1,0,0,0,1014,578,160,4,0,1014,638,216,14,0
vww4_128_128_INT8,B-frozen,39,Conv2D|8x8x268|1x1|38,Conv2D,1,1,6015,8015,1,REGRESS,0,0,5931,6063,"[1, 4, 8]","[2, 2, 16]","OFM[1, 8, 8, 32] IFM[1, 8, 8, 64]","OFM[1, 8, 8, 64] IFM[1, 8, 8, 64]","IFM[1, 8, 8, 52] OFM[1, 8, 8, 268]","IFM[1, 8, 8, 52] OFM[1, 8, 8, 268]",0,0,1,1,0,0,0,8014,1088,1251,1404,0,6014,1091,1943,2048,0
vww4_128_128_INT8,B-frozen,40,DepthwiseConv2D|8x8x268|1x1|39,DepthwiseConv2D,1,1,5015,6015,1,REGRESS,0,0,7778,6175,"[1, 2, 16]","[2, 2, 16]","OFM[8, 8, 64] IFM[1, 10, 10, 64]","OFM[8, 8, 64] IFM[1, 10, 10, 64]","IFM[1, 8, 8, 268] OFM[1, 8, 8, 268]","IFM[1, 8, 8, 268] OFM[1, 8, 8, 268]",0,0,1,0,0,0,0,6014,1088,973,948,0,5014,1328,1051,282,0
vww4_128_128_INT8,B-frozen,41,Conv2D|8x8x44|1x1|40,Conv2D,1,1,4015,1015,1,IMPROVE,0,0,4837,2946,"[1, 4, 8]","[2, 2, 16]","OFM[1, 4, 8, 48] IFM[1, 4, 8, 64]","OFM[1, 8, 8, 48] IFM[1, 8, 8, 64]","IFM[1, 8, 8, 268] OFM[1, 8, 8, 44]","IFM[1, 8, 8, 268] OFM[1, 8, 8, 44]",0,0,1,1,0,0,0,1014,192,335,8,0,4014,1577,531,24,0
vww4_128_128_INT8,B-frozen,42,Pad|8x8x52|1x1|41,Pad,2,2,1015,,0,NOT_SEPARATED,0,0,,,,,,,,,,,,,,,0,,,,,,1014,601,213,32,0
vww4_128_128_INT8,B-frozen,43,Add|8x8x52|1x1|42,Add,1,1,1015,,0,NOT_SEPARATED,0,0,1024,512,"[1, 4, 8]","[2, 2, 16]","OFM[8, 32, 64] IFM[8, 32, 64]","OFM[8, 64, 64] IFM[8, 64, 64]","IFM[1, 8, 8, 52] OFM[1, 8, 8, 52]","IFM[1, 8, 8, 52] OFM[1, 8, 8, 52]",0,0,1,1,0,0,0,,,,,,1014,298,144,250,0
vww4_128_128_INT8,B-frozen,44,Conv2D|8x8x192|1x1|43,Conv2D,1,1,3015,4015,1,REGRESS,0,0,4368,4500,"[1, 4, 8]","[2, 2, 16]","OFM[1, 8, 8, 32] IFM[1, 8, 8, 64]","OFM[1, 8, 8, 64] IFM[1, 8, 8, 64]","IFM[1, 8, 8, 52] OFM[1, 8, 8, 192]","IFM[1, 8, 8, 52] OFM[1, 8, 8, 192]",0,0,1,1,0,0,0,4014,555,704,711,0,3014,652,752,742,0
vww4_128_128_INT8,B-frozen,45,DepthwiseConv2D|8x8x192|1x1|44,DepthwiseConv2D,1,1,4015,5015,1,REGRESS,0,0,5858,4612,"[1, 2, 16]","[2, 2, 16]","OFM[8, 8, 64] IFM[1, 10, 10, 64]","OFM[8, 8, 64] IFM[1, 10, 10, 64]","IFM[1, 8, 8, 192] OFM[1, 8, 8, 192]","IFM[1, 8, 8, 192] OFM[1, 8, 8, 192]",0,0,1,0,0,0,0,5014,781,768,902,0,4014,869,720,470,0
vww4_128_128_INT8,B-frozen,46,Conv2D|8x8x68|1x1|45,Conv2D,1,1,4015,2015,1,IMPROVE,0,0,4388,2857,"[1, 4, 8]","[2, 2, 16]","OFM[1, 8, 8, 32] IFM[1, 8, 8, 64]","OFM[1, 8, 8, 48] IFM[1, 8, 8, 64]","IFM[1, 8, 8, 192] OFM[1, 8, 8, 68]","IFM[1, 8, 8, 192] OFM[1, 8, 8, 68]",0,0,1,1,0,0,0,2014,490,320,301,0,4014,320,320,876,0
vww4_128_128_INT8,B-frozen,47,Conv2D|8x8x172|1x1|46,Conv2D,1,1,5015,5015,1,SAME,0,0,6436,4461,"[1, 4, 8]","[2, 2, 16]","OFM[1, 8, 8, 32] IFM[1, 8, 8, 64]","OFM[1, 8, 8, 64] IFM[1, 8, 8, 64]","IFM[1, 8, 8, 68] OFM[1, 8, 8, 172]","IFM[1, 8, 8, 68] OFM[1, 8, 8, 172]",0,0,1,1,0,0,0,5014,704,896,1046,0,5014,704,792,863,0
vww4_128_128_INT8,B-frozen,48,DepthwiseConv2D|8x8x172|1x1|47,DepthwiseConv2D,1,1,3015,4015,1,REGRESS,0,0,5474,4300,"[1, 2, 16]","[2, 2, 16]","OFM[8, 8, 64] IFM[1, 10, 10, 64]","OFM[8, 8, 64] IFM[1, 10, 10, 64]","IFM[1, 8, 8, 172] OFM[1, 8, 8, 172]","IFM[1, 8, 8, 172] OFM[1, 8, 8, 172]",0,0,1,0,0,0,0,4014,553,512,162,0,3014,329,611,66,0
vww4_128_128_INT8,B-frozen,49,Conv2D|8x8x68|1x1|48,Conv2D,1,1,,,0,NOT_SEPARATED,0,0,4488,2857,"[1, 4, 8]","[2, 2, 16]","OFM[1, 8, 8, 32] IFM[1, 8, 8, 64]","OFM[1, 8, 8, 48] IFM[1, 8, 8, 64]","IFM[1, 8, 8, 172] OFM[1, 8, 8, 68]","IFM[1, 8, 8, 172] OFM[1, 8, 8, 68]",0,0,1,1,0,0,0,,,,,,,,,,
vww4_128_128_INT8,B-frozen,50,Add|8x8x68|1x1|49,Add,1,1,,,0,NOT_SEPARATED,0,0,,,,,,,,,,,,,,,0,,,,,,,,,,
vww4_128_128_INT8,B-frozen,51,Conv2D|8x8x172|1x1|50,Conv2D,1,1,5015,5015,1,SAME,0,0,6436,4461,"[1, 4, 8]","[2, 2, 16]","OFM[1, 8, 8, 32] IFM[1, 8, 8, 64]","OFM[1, 8, 8, 64] IFM[1, 8, 8, 64]","IFM[1, 8, 8, 68] OFM[1, 8, 8, 172]","IFM[1, 8, 8, 68] OFM[1, 8, 8, 172]",0,0,1,1,0,0,0,5014,704,896,914,0,5014,610,912,1214,0
vww4_128_128_INT8,B-frozen,52,DepthwiseConv2D|8x8x172|1x1|51,DepthwiseConv2D,1,1,4015,3015,1,IMPROVE,0,0,5474,4300,"[1, 2, 16]","[2, 2, 16]","OFM[8, 8, 64] IFM[1, 10, 10, 64]","OFM[8, 8, 64] IFM[1, 10, 10, 64]","IFM[1, 8, 8, 172] OFM[1, 8, 8, 172]","IFM[1, 8, 8, 172] OFM[1, 8, 8, 172]",0,0,1,0,0,0,0,3014,704,512,637,0,4014,993,1083,593,0
vww4_128_128_INT8,B-frozen,53,Conv2D|8x8x48|1x1|52,Conv2D,1,1,3015,,0,NOT_SEPARATED,0,0,3241,2089,"[1, 4, 8]","[2, 2, 16]","OFM[1, 4, 8, 48] IFM[1, 4, 8, 64]","OFM[1, 8, 8, 48] IFM[1, 8, 8, 64]","IFM[1, 8, 8, 172] OFM[1, 8, 8, 48]","IFM[1, 8, 8, 172] OFM[1, 8, 8, 48]",0,0,1,1,0,0,0,,,,,,3014,1142,344,84,0
vww4_128_128_INT8,B-frozen,54,Pad|8x8x68|1x1|53,Pad,2,2,2030,,0,NOT_SEPARATED,0,0,,,,,,,,,,,,,,,0,,,,,,2028,586,382,116,0
vww4_128_128_INT8,B-frozen,55,Add|8x8x68|1x1|54,Add,1,1,1015,,0,NOT_SEPARATED,0,0,1280,640,"[1, 4, 8]","[2, 2, 16]","OFM[8, 28, 80] IFM[8, 28, 80]","OFM[8, 52, 80] IFM[8, 52, 80]","IFM[1, 8, 8, 68] OFM[1, 8, 8, 68]","IFM[1, 8, 8, 68] OFM[1, 8, 8, 68]",0,0,1,1,0,0,0,,,,,,1014,361,96,0,0
vww4_128_128_INT8,B-frozen,56,Conv2D|8x8x288|1x1|55,Conv2D,1,1,9015,9015,1,SAME,0,0,10020,6649,"[1, 4, 8]","[2, 2, 16]","OFM[1, 8, 8, 32] IFM[1, 8, 8, 64]","OFM[1, 8, 8, 64] IFM[1, 8, 8, 64]","IFM[1, 8, 8, 68] OFM[1, 8, 8, 288]","IFM[1, 8, 8, 68] OFM[1, 8, 8, 288]",0,0,1,1,0,0,0,9014,1443,1200,1932,0,9014,1152,1276,1966,0
vww4_128_128_INT8,B-frozen,57,DepthwiseConv2D|4x4x288|1x1|56,DepthwiseConv2D,1,1,3015,6015,1,REGRESS,0,0,7231,7161,"[1, 2, 16]","[2, 2, 16]","OFM[4, 4, 128] IFM[1, 9, 9, 128]","OFM[4, 4, 128] IFM[1, 9, 9, 128]","IFM[1, 8, 8, 288] OFM[1, 4, 4, 288]","IFM[1, 8, 8, 288] OFM[1, 4, 4, 288]",0,0,1,0,0,0,0,6014,288,256,462,0,3014,288,160,422,0
vww4_128_128_INT8,B-frozen,58,Conv2D|4x4x16|1x1|57,Conv2D,1,1,1015,15,1,IMPROVE,0,0,793,744,"[1, 4, 8]","[2, 2, 16]","OFM[1, 4, 4, 16] IFM[1, 4, 4, 64]","OFM[1, 4, 4, 16] IFM[1, 4, 4, 64]","IFM[1, 4, 4, 288] OFM[1, 4, 4, 16]","IFM[1, 4, 4, 288] OFM[1, 4, 4, 16]",0,0,1,0,0,0,0,14,0,0,4,0,1014,16,76,200,0
vww4_128_128_INT8,B-frozen,59,Conv2D|4x4x96|1x1|58,Conv2D,1,1,1015,3015,1,REGRESS,0,0,2842,2765,"[1, 4, 8]","[2, 2, 16]","OFM[1, 4, 4, 96] IFM[1, 4, 4, 16]","OFM[1, 4, 4, 96] IFM[1, 4, 4, 16]","IFM[1, 4, 4, 16] OFM[1, 4, 4, 96]","IFM[1, 4, 4, 16] OFM[1, 4, 4, 96]",0,0,1,0,0,0,0,3014,16,96,214,0,1014,96,80,125,0
vww4_128_128_INT8,B-frozen,60,DepthwiseConv2D|4x4x96|1x1|59,DepthwiseConv2D,1,1,2015,3015,1,REGRESS,0,0,2643,2643,"[1, 2, 16]","[2, 2, 16]","OFM[4, 4, 64] IFM[1, 6, 6, 64]","OFM[4, 4, 64] IFM[1, 6, 6, 64]","IFM[1, 4, 4, 96] OFM[1, 4, 4, 96]","IFM[1, 4, 4, 96] OFM[1, 4, 4, 96]",0,0,1,0,0,0,0,3014,208,96,150,0,2014,112,48,156,0
vww4_128_128_INT8,B-frozen,61,Conv2D|4x4x16|1x1|60,Conv2D,1,1,,,0,NOT_SEPARATED,0,0,697,648,"[1, 4, 8]","[2, 2, 16]","OFM[1, 4, 4, 16] IFM[1, 4, 4, 64]","OFM[1, 4, 4, 16] IFM[1, 4, 4, 64]","IFM[1, 4, 4, 96] OFM[1, 4, 4, 16]","IFM[1, 4, 4, 96] OFM[1, 4, 4, 16]",0,0,1,0,0,0,0,,,,,,,,,,
vww4_128_128_INT8,B-frozen,62,Add|4x4x16|1x1|61,Add,1,1,,,0,NOT_SEPARATED,0,0,,,,,,,,,,,,,,,0,,,,,,,,,,
vww4_128_128_INT8,B-frozen,63,Conv2D|4x4x96|1x1|62,Conv2D,1,1,1015,2015,1,REGRESS,0,0,2842,2765,"[1, 4, 8]","[2, 2, 16]","OFM[1, 4, 4, 96] IFM[1, 4, 4, 16]","OFM[1, 4, 4, 96] IFM[1, 4, 4, 16]","IFM[1, 4, 4, 16] OFM[1, 4, 4, 96]","IFM[1, 4, 4, 16] OFM[1, 4, 4, 96]",0,0,1,0,0,0,0,2014,96,96,214,0,1014,96,80,114,0
vww4_128_128_INT8,B-frozen,64,DepthwiseConv2D|4x4x96|1x1|63,DepthwiseConv2D,1,1,1015,3015,1,REGRESS,0,0,2643,2643,"[1, 2, 16]","[2, 2, 16]","OFM[4, 4, 64] IFM[1, 6, 6, 64]","OFM[4, 4, 64] IFM[1, 6, 6, 64]","IFM[1, 4, 4, 96] OFM[1, 4, 4, 96]","IFM[1, 4, 4, 96] OFM[1, 4, 4, 96]",0,0,1,0,0,0,0,3014,112,96,347,0,1014,112,52,234,0
vww4_128_128_INT8,B-frozen,65,Conv2D|4x4x32|1x1|64,Conv2D,1,1,,,0,NOT_SEPARATED,0,0,1100,1064,"[1, 4, 8]","[2, 2, 16]","OFM[1, 4, 4, 32] IFM[1, 4, 4, 64]","OFM[1, 4, 4, 32] IFM[1, 4, 4, 64]","IFM[1, 4, 4, 96] OFM[1, 4, 4, 32]","IFM[1, 4, 4, 96] OFM[1, 4, 4, 32]",0,0,1,0,0,0,0,,,,,,,,,,
vww4_128_128_INT8,B-frozen,66,Pad|4x4x32|1x1|65,Pad,2,2,,,0,NOT_SEPARATED,0,0,,,,,,,,,,,,,,,0,,,,,,,,,,
vww4_128_128_INT8,B-frozen,67,Add|4x4x32|1x1|66,Add,1,1,,,0,NOT_SEPARATED,0,0,128,64,"[1, 2, 16]","[2, 2, 16]","OFM[4, 64, 32] IFM[4, 64, 32]","OFM[4, 128, 32] IFM[4, 128, 32]","IFM[1, 4, 4, 32] OFM[1, 4, 4, 32]","IFM[1, 4, 4, 32] OFM[1, 4, 4, 32]",0,0,1,1,0,0,0,,,,,,,,,,
vww4_128_128_INT8,B-frozen,68,Conv2D|4x4x96|1x1|67,Conv2D,1,1,2015,3015,1,REGRESS,0,0,3411,3411,"[1, 4, 8]","[2, 2, 16]","OFM[1, 4, 4, 96] IFM[1, 4, 4, 16]","OFM[1, 4, 4, 96] IFM[1, 4, 4, 16]","IFM[1, 4, 4, 32] OFM[1, 4, 4, 96]","IFM[1, 4, 4, 32] OFM[1, 4, 4, 96]",0,0,1,0,0,0,0,3014,96,96,355,0,2014,96,140,465,0
vww4_128_128_INT8,B-frozen,69,DepthwiseConv2D|4x4x96|1x1|68,DepthwiseConv2D,1,1,1015,2015,1,REGRESS,0,0,2643,2643,"[1, 2, 16]","[2, 2, 16]","OFM[4, 4, 64] IFM[1, 6, 6, 64]","OFM[4, 4, 64] IFM[1, 6, 6, 64]","IFM[1, 4, 4, 96] OFM[1, 4, 4, 96]","IFM[1, 4, 4, 96] OFM[1, 4, 4, 96]",0,0,1,0,0,0,0,2014,96,96,291,0,1014,96,64,247,0
vww4_128_128_INT8,B-frozen,70,Conv2D|4x4x32|1x1|69,Conv2D,1,1,1015,1015,1,SAME,0,0,1100,1064,"[1, 4, 8]","[2, 2, 16]","OFM[1, 4, 4, 32] IFM[1, 4, 4, 64]","OFM[1, 4, 4, 32] IFM[1, 4, 4, 64]","IFM[1, 4, 4, 96] OFM[1, 4, 4, 32]","IFM[1, 4, 4, 96] OFM[1, 4, 4, 32]",0,0,1,0,0,0,0,1014,32,32,78,0,1014,28,16,14,0
vww4_128_128_INT8,B-frozen,71,Conv2D|4x4x128|1x1|70,Conv2D,1,1,2015,,0,NOT_SEPARATED,0,0,4548,4548,"[1, 4, 8]","[2, 2, 16]","OFM[1, 4, 4, 128] IFM[1, 4, 4, 16]","OFM[1, 4, 4, 128] IFM[1, 4, 4, 16]","IFM[1, 4, 4, 32] OFM[1, 4, 4, 128]","IFM[1, 4, 4, 32] OFM[1, 4, 4, 128]",0,0,1,0,0,0,0,,,,,,2014,61,128,464,0
vww4_128_128_INT8,B-frozen,72,AvgPool|1x1x128|1x1|71,AvgPool,1,1,,,0,NOT_SEPARATED,1,0,961,905,"[1, 2, 16]","[2, 2, 16]","OFM[1, 2, 128] IFM[1, 4, 5, 128]","OFM[2, 2, 128] IFM[1, 5, 5, 128]","IFM[1, 4, 4, 128] OFM[1, 1, 1, 128]","IFM[1, 4, 4, 128] OFM[1, 1, 1, 128]",0,0,1,1,0,0,0,,,,,,,,,,
vww4_128_128_INT8,B-frozen,73,Conv2D|1x1x2|1x1|72,Conv2D,1,1,,1030,0,NOT_SEPARATED,1,1,438,471,"[1, 4, 8]","[2, 2, 16]","OFM[1, 1, 4, 16] IFM[1, 1, 4, 64]","OFM[1, 2, 2, 16] IFM[1, 2, 2, 64]","IFM[1, 1, 1, 128] OFM[1, 1, 1, 2]","IFM[1, 1, 1, 128] OFM[1, 1, 1, 2]",0,0,1,1,0,0,0,,,,,,,,,,
vww4_128_128_INT8,B-held,1,Conv2D|64x64x8|1x1|0,Conv2D,1,1,20055,21055,1,REGRESS,0,0,19988,19178,"[1, 4, 8]","[2, 2, 16]","OFM[1, 6, 16, 16] IFM[1, 13, 36, 16]","OFM[1, 10, 10, 16] IFM[1, 22, 22, 16]","IFM[1, 128, 128, 1] OFM[1, 64, 64, 8]","IFM[1, 128, 128, 1] OFM[1, 64, 64, 8]",0,0,1,1,0,0,0,21007,1516,4144,1981,0,20007,2079,4311,1621,0
vww4_128_128_INT8,B-held,2,Conv2D|64x64x4|1x1|1,Conv2D,2,2,,,0,NOT_SEPARATED,0,0,13926,10620,"[1, 4, 8]","[2, 2, 16]","OFM[1, 2, 64, 16] IFM[1, 2, 64, 16]","OFM[1, 4, 64, 16] IFM[1, 4, 64, 16]","IFM[1, 64, 64, 8] OFM[1, 64, 64, 4]","IFM[1, 64, 64, 8] OFM[1, 64, 64, 4]",0,0,1,1,0,0,0,,,,,,,,,,
vww4_128_128_INT8,B-held,3,DepthwiseConv2D|64x64x4|1x1|2,DepthwiseConv2D,2,2,23030,11030,1,IMPROVE,0,0,25830,16479,"[1, 2, 16]","[2, 2, 16]","OFM[16, 16, 16] IFM[1, 18, 18, 16]","OFM[22, 22, 16] IFM[1, 24, 24, 16]","IFM[1, 64, 64, 4] OFM[1, 64, 64, 4]","IFM[1, 64, 64, 4] OFM[1, 64, 64, 4]",0,0,1,1,0,0,0,11028,2099,2088,63,0,23028,2703,2084,56,0
vww4_128_128_INT8,B-held,4,Conv2D|64x64x4|1x1|3,Conv2D,1,1,5015,7015,1,REGRESS,0,0,13365,10038,"[1, 4, 8]","[2, 2, 16]","OFM[1, 2, 64, 16] IFM[1, 2, 64, 16]","OFM[1, 4, 64, 16] IFM[1, 4, 64, 16]","IFM[1, 64, 64, 4] OFM[1, 64, 64, 4]","IFM[1, 64, 64, 4] OFM[1, 64, 64, 4]",0,0,1,1,0,0,0,7014,2845,4436,28,0,5014,2489,4497,34,0
vww4_128_128_INT8,B-held,5,Conv2D|64x64x8|1x1|4,Conv2D,1,1,8015,6015,1,IMPROVE,0,0,11038,7101,"[1, 4, 8]","[2, 2, 16]","OFM[1, 2, 64, 16] IFM[1, 2, 64, 16]","OFM[1, 4, 64, 16] IFM[1, 4, 64, 16]","IFM[1, 64, 64, 4] OFM[1, 64, 64, 8]","IFM[1, 64, 64, 4] OFM[1, 64, 64, 8]",0,0,1,1,0,0,0,6014,4797,4132,37,0,8014,5091,3943,35,0
vww4_128_128_INT8,B-held,6,DepthwiseConv2D|32x32x8|1x1|5,DepthwiseConv2D,1,1,,,0,NOT_SEPARATED,0,0,7002,4315,"[1, 2, 16]","[2, 2, 16]","OFM[16, 12, 16] IFM[1, 34, 26, 16]","OFM[14, 12, 16] IFM[1, 30, 26, 16]","IFM[1, 64, 64, 8] OFM[1, 32, 32, 8]","IFM[1, 64, 64, 8] OFM[1, 32, 32, 8]",0,0,1,1,0,0,0,,,,,,,,,,
vww4_128_128_INT8,B-held,7,Conv2D|32x32x12|1x1|6,Conv2D,1,1,4015,2015,1,IMPROVE,0,0,3892,2590,"[1, 4, 8]","[2, 2, 16]","OFM[1, 4, 32, 16] IFM[1, 4, 32, 16]","OFM[1, 8, 32, 16] IFM[1, 8, 32, 16]","IFM[1, 32, 32, 8] OFM[1, 32, 32, 12]","IFM[1, 32, 32, 8] OFM[1, 32, 32, 12]",0,0,1,1,0,0,0,2014,1399,1030,35,0,4014,1483,1170,33,0
vww4_128_128_INT8,B-held,8,Conv2D|32x32x14|1x1|7,Conv2D,1,1,,,0,NOT_SEPARATED,0,0,4842,3245,"[1, 4, 8]","[2, 2, 16]","OFM[1, 4, 32, 16] IFM[1, 4, 32, 16]","OFM[1, 8, 32, 16] IFM[1, 8, 32, 16]","IFM[1, 32, 32, 12] OFM[1, 32, 32, 14]","IFM[1, 32, 32, 12] OFM[1, 32, 32, 14]",0,0,1,1,0,0,0,,,,,,,,,,
vww4_128_128_INT8,B-held,9,DepthwiseConv2D|32x32x14|1x1|8,DepthwiseConv2D,1,1,4015,2015,1,IMPROVE,0,0,7209,4322,"[1, 2, 16]","[2, 2, 16]","OFM[16, 16, 16] IFM[1, 18, 18, 16]","OFM[30, 16, 16] IFM[1, 32, 18, 16]","IFM[1, 32, 32, 14] OFM[1, 32, 32, 14]","IFM[1, 32, 32, 14] OFM[1, 32, 32, 14]",0,0,1,1,0,0,0,2014,860,878,0,0,4014,762,948,4,0
vww4_128_128_INT8,B-held,10,Conv2D|32x32x16|1x1|9,Conv2D,1,1,5015,3015,1,IMPROVE,0,0,5141,3496,"[1, 4, 8]","[2, 2, 16]","OFM[1, 4, 32, 16] IFM[1, 4, 32, 16]","OFM[1, 8, 32, 16] IFM[1, 8, 32, 16]","IFM[1, 32, 32, 14] OFM[1, 32, 32, 16]","IFM[1, 32, 32, 14] OFM[1, 32, 32, 16]",0,0,1,1,0,0,0,3014,1306,1232,8,0,5014,1023,1273,4,0
vww4_128_128_INT8,B-held,11,Pad|32x32x16|1x1|10,Pad,2,2,6030,8030,1,REGRESS,0,0,,,,,,,,,,,,,,,0,8028,1208,2084,376,0,6028,1104,1951,440,0
vww4_128_128_INT8,B-held,12,Add|32x32x16|1x1|11,Add,1,1,4015,2015,1,IMPROVE,0,0,4096,2048,"[1, 2, 16]","[2, 2, 16]","OFM[32, 128, 16] IFM[32, 128, 16]","OFM[32, 256, 16] IFM[32, 256, 16]","IFM[1, 32, 32, 16] OFM[1, 32, 32, 16]","IFM[1, 32, 32, 16] OFM[1, 32, 32, 16]",0,0,1,1,0,0,0,2014,1825,832,0,0,4014,1912,954,50,0
vww4_128_128_INT8,B-held,13,Conv2D|32x32x28|1x1|12,Conv2D,1,1,,,0,NOT_SEPARATED,0,0,9295,5757,"[1, 4, 8]","[2, 2, 16]","OFM[1, 2, 32, 32] IFM[1, 2, 32, 16]","OFM[1, 4, 32, 32] IFM[1, 4, 32, 16]","IFM[1, 32, 32, 16] OFM[1, 32, 32, 28]","IFM[1, 32, 32, 16] OFM[1, 32, 32, 28]",0,0,1,1,0,0,0,,,,,,,,,,
vww4_128_128_INT8,B-held,14,DepthwiseConv2D|16x16x28|1x1|13,DepthwiseConv2D,1,1,3015,3015,1,SAME,0,0,4413,3684,"[1, 2, 16]","[2, 2, 16]","OFM[25, 8, 16] IFM[1, 52, 18, 16]","OFM[24, 8, 16] IFM[1, 50, 18, 16]","IFM[1, 32, 32, 28] OFM[1, 16, 16, 28]","IFM[1, 32, 32, 28] OFM[1, 16, 16, 28]",0,0,1,1,0,0,0,3014,1862,752,235,0,3014,2355,840,255,0
vww4_128_128_INT8,B-held,15,Conv2D|16x16x32|1x1|14,Conv2D,1,1,,,0,NOT_SEPARATED,0,0,4798,2892,"[1, 4, 8]","[2, 2, 16]","OFM[1, 4, 16, 32] IFM[1, 4, 16, 16]","OFM[1, 16, 16, 16] IFM[1, 16, 16, 16]","IFM[1, 16, 16, 28] OFM[1, 16, 16, 32]","IFM[1, 16, 16, 28] OFM[1, 16, 16, 32]",0,0,1,1,0,0,0,,,,,,,,,,
vww4_128_128_INT8,B-held,16,Conv2D|16x16x96|1x1|15,Conv2D,1,1,7015,5015,1,IMPROVE,0,0,12990,8268,"[1, 4, 8]","[2, 2, 16]","OFM[1, 4, 16, 32] IFM[1, 4, 16, 16]","OFM[1, 4, 16, 48] IFM[1, 4, 16, 16]","IFM[1, 16, 16, 32] OFM[1, 16, 16, 96]","IFM[1, 16, 16, 32] OFM[1, 16, 16, 96]",0,0,1,1,0,0,0,5014,3039,1980,335,0,7014,2438,1819,339,0
vww4_128_128_INT8,B-held,17,DepthwiseConv2D|16x16x96|1x1|16,DepthwiseConv2D,1,1,6015,3015,1,IMPROVE,0,0,10316,5981,"[1, 2, 16]","[2, 2, 16]","OFM[16, 16, 16] IFM[1, 18, 18, 16]","OFM[16, 16, 32] IFM[1, 18, 18, 32]","IFM[1, 16, 16, 96] OFM[1, 16, 16, 96]","IFM[1, 16, 16, 96] OFM[1, 16, 16, 96]",0,0,1,1,0,0,0,3014,1117,1312,28,0,6014,1157,1392,17,0
vww4_128_128_INT8,B-held,18,Conv2D|16x16x28|1x1|17,Conv2D,1,1,4015,3015,1,IMPROVE,0,0,4872,3020,"[1, 4, 8]","[2, 2, 16]","OFM[1, 4, 16, 32] IFM[1, 4, 16, 64]","OFM[1, 8, 16, 32] IFM[1, 8, 16, 64]","IFM[1, 16, 16, 96] OFM[1, 16, 16, 28]","IFM[1, 16, 16, 96] OFM[1, 16, 16, 28]",0,0,1,1,0,0,0,3014,1751,880,12,0,4014,2062,746,4,0
vww4_128_128_INT8,B-held,19,Pad|16x16x32|1x1|18,Pad,2,2,3030,2030,1,IMPROVE,0,0,,,,,,,,,,,,,,,0,2028,124,543,209,0,3028,416,819,332,0
vww4_128_128_INT8,B-held,20,Add|16x16x32|1x1|19,Add,1,1,2015,2015,1,SAME,0,0,2048,1024,"[1, 2, 16]","[2, 2, 16]","OFM[16, 64, 32] IFM[16, 64, 32]","OFM[16, 128, 32] IFM[16, 128, 32]","IFM[1, 16, 16, 32] OFM[1, 16, 16, 32]","IFM[1, 16, 16, 32] OFM[1, 16, 16, 32]",0,0,1,1,0,0,0,2014,1259,712,240,0,2014,1039,564,120,0
vww4_128_128_INT8,B-held,21,Conv2D|16x16x96|1x1|20,Conv2D,2,2,8030,4030,1,IMPROVE,0,0,12990,8268,"[1, 4, 8]","[2, 2, 16]","OFM[1, 4, 16, 32] IFM[1, 4, 16, 16]","OFM[1, 4, 16, 48] IFM[1, 4, 16, 16]","IFM[1, 16, 16, 32] OFM[1, 16, 16, 96]","IFM[1, 16, 16, 32] OFM[1, 16, 16, 96]",0,0,1,1,0,0,0,4028,3160,1925,340,0,8028,3241,1883,347,0
vww4_128_128_INT8,B-held,22,DepthwiseConv2D|16x16x96|1x1|21,DepthwiseConv2D,1,1,7015,4015,1,IMPROVE,0,0,10316,5981,"[1, 2, 16]","[2, 2, 16]","OFM[16, 16, 16] IFM[1, 18, 18, 16]","OFM[16, 16, 32] IFM[1, 18, 18, 32]","IFM[1, 16, 16, 96] OFM[1, 16, 16, 96]","IFM[1, 16, 16, 96] OFM[1, 16, 16, 96]",0,0,1,1,0,0,0,4014,2029,1588,32,0,7014,1480,1440,17,0
vww4_128_128_INT8,B-held,23,Conv2D|16x16x28|1x1|22,Conv2D,1,1,3015,2015,1,IMPROVE,0,0,4872,3020,"[1, 4, 8]","[2, 2, 16]","OFM[1, 4, 16, 32] IFM[1, 4, 16, 64]","OFM[1, 8, 16, 32] IFM[1, 8, 16, 64]","IFM[1, 16, 16, 96] OFM[1, 16, 16, 28]","IFM[1, 16, 16, 96] OFM[1, 16, 16, 28]",0,0,1,1,0,0,0,2014,848,595,8,0,3014,1513,568,4,0
vww4_128_128_INT8,B-held,24,Pad|16x16x32|1x1|23,Pad,2,2,3030,3030,1,SAME,0,0,,,,,,,,,,,,,,,0,3028,592,993,400,0,3028,768,1127,386,0
vww4_128_128_INT8,B-held,25,Add|16x16x32|1x1|24,Add,1,1,2015,1015,1,IMPROVE,0,0,2048,1024,"[1, 2, 16]","[2, 2, 16]","OFM[16, 64, 32] IFM[16, 64, 32]","OFM[16, 128, 32] IFM[16, 128, 32]","IFM[1, 16, 16, 32] OFM[1, 16, 16, 32]","IFM[1, 16, 16, 32] OFM[1, 16, 16, 32]",0,0,1,1,0,0,0,1014,525,496,256,0,2014,949,618,274,0
vww4_128_128_INT8,B-held,26,Conv2D|16x16x152|1x1|25,Conv2D,2,2,11030,6030,1,IMPROVE,0,0,20158,13524,"[1, 4, 8]","[2, 2, 16]","OFM[1, 4, 16, 32] IFM[1, 4, 16, 16]","OFM[1, 4, 16, 64] IFM[1, 4, 16, 16]","IFM[1, 16, 16, 32] OFM[1, 16, 16, 152]","IFM[1, 16, 16, 32] OFM[1, 16, 16, 152]",0,0,1,1,0,0,0,6028,4211,2623,138,0,11028,4430,2683,260,0
vww4_128_128_INT8,B-held,27,DepthwiseConv2D|8x8x152|1x1|26,DepthwiseConv2D,1,1,,4015,0,NOT_SEPARATED,0,0,5262,4686,"[1, 2, 16]","[2, 2, 16]","OFM[8, 8, 32] IFM[1, 17, 18, 32]","OFM[8, 8, 32] IFM[1, 17, 18, 32]","IFM[1, 16, 16, 152] OFM[1, 8, 8, 152]","IFM[1, 16, 16, 152] OFM[1, 8, 8, 152]",0,0,1,0,0,0,0,4014,2101,624,604,0,,,,,
vww4_128_128_INT8,B-held,28,Conv2D|8x8x44|1x1|27,Conv2D,1,1,2015,1015,1,IMPROVE,0,0,3163,2072,"[1, 4, 8]","[2, 2, 16]","OFM[1, 4, 8, 48] IFM[1, 4, 8, 64]","OFM[1, 8, 8, 48] IFM[1, 8, 8, 64]","IFM[1, 8, 8, 152] OFM[1, 8, 8, 44]","IFM[1, 8, 8, 152] OFM[1, 8, 8, 44]",0,0,1,1,0,0,0,1014,192,136,9,0,2014,874,160,157,0
vww4_128_128_INT8,B-held,29,Conv2D|8x8x268|1x1|28,Conv2D,1,1,5015,8015,1,REGRESS,0,0,5898,6122,"[1, 4, 8]","[2, 2, 16]","OFM[1, 8, 8, 32] IFM[1, 8, 8, 64]","OFM[1, 8, 8, 64] IFM[1, 8, 8, 64]","IFM[1, 8, 8, 44] OFM[1, 8, 8, 268]","IFM[1, 8, 8, 44] OFM[1, 8, 8, 268]",0,0,1,1,0,0,0,8014,1088,1280,1267,0,5014,1047,1664,1681,0
vww4_128_128_INT8,B-held,30,DepthwiseConv2D|8x8x268|1x1|29,DepthwiseConv2D,1,1,5015,6015,1,REGRESS,0,0,7778,6277,"[1, 2, 16]","[2, 2, 16]","OFM[8, 8, 64] IFM[1, 10, 10, 64]","OFM[8, 8, 64] IFM[1, 10, 10, 64]","IFM[1, 8, 8, 268] OFM[1, 8, 8, 268]","IFM[1, 8, 8, 268] OFM[1, 8, 8, 268]",0,0,1,0,0,0,0,6014,1088,997,900,0,5014,1417,1235,285,0
vww4_128_128_INT8,B-held,31,Conv2D|8x8x40|1x1|30,Conv2D,1,1,3015,1015,1,IMPROVE,0,0,4093,3004,"[1, 4, 8]","[2, 2, 16]","OFM[1, 4, 8, 40] IFM[1, 4, 8, 64]","OFM[1, 8, 8, 48] IFM[1, 8, 8, 64]","IFM[1, 8, 8, 268] OFM[1, 8, 8, 40]","IFM[1, 8, 8, 268] OFM[1, 8, 8, 40]",0,0,1,1,0,0,0,1014,192,367,11,0,3014,1373,351,15,0
vww4_128_128_INT8,B-held,32,Pad|8x8x44|1x1|31,Pad,2,2,1015,2030,1,REGRESS,0,0,,,,,,,,,,,,,,,0,2028,506,244,32,0,1014,368,284,28,0
vww4_128_128_INT8,B-held,33,Add|8x8x44|1x1|32,Add,1,1,1015,1015,1,SAME,0,0,768,384,"[1, 2, 16]","[2, 2, 16]","OFM[8, 42, 48] IFM[8, 42, 48]","OFM[8, 86, 48] IFM[8, 86, 48]","IFM[1, 8, 8, 44] OFM[1, 8, 8, 44]","IFM[1, 8, 8, 44] OFM[1, 8, 8, 44]",0,0,1,1,0,0,0,1014,192,92,264,0,1014,322,120,176,0
vww4_128_128_INT8,B-held,34,Conv2D|8x8x268|1x1|33,Conv2D,1,1,6015,6015,1,SAME,0,0,5898,6122,"[1, 4, 8]","[2, 2, 16]","OFM[1, 8, 8, 32] IFM[1, 8, 8, 64]","OFM[1, 8, 8, 64] IFM[1, 8, 8, 64]","IFM[1, 8, 8, 44] OFM[1, 8, 8, 268]","IFM[1, 8, 8, 44] OFM[1, 8, 8, 268]",0,0,1,1,0,0,0,6014,986,1024,981,0,6014,1088,2112,1919,0
vww4_128_128_INT8,B-held,35,DepthwiseConv2D|8x8x268|1x1|34,DepthwiseConv2D,1,1,4015,8015,1,REGRESS,0,0,7778,6277,"[1, 2, 16]","[2, 2, 16]","OFM[8, 8, 64] IFM[1, 10, 10, 64]","OFM[8, 8, 64] IFM[1, 10, 10, 64]","IFM[1, 8, 8, 268] OFM[1, 8, 8, 268]","IFM[1, 8, 8, 268] OFM[1, 8, 8, 268]",0,0,1,0,0,0,0,8014,1370,1216,1158,0,4014,1282,1015,268,0
vww4_128_128_INT8,B-held,36,Conv2D|8x8x52|1x1|35,Conv2D,1,1,4015,1015,1,IMPROVE,0,0,5604,3888,"[1, 4, 8]","[2, 2, 16]","OFM[1, 4, 8, 56] IFM[1, 4, 8, 64]","OFM[1, 8, 8, 64] IFM[1, 8, 8, 64]","IFM[1, 8, 8, 268] OFM[1, 8, 8, 52]","IFM[1, 8, 8, 268] OFM[1, 8, 8, 52]",0,0,1,1,0,0,0,1014,0,403,13,0,4014,1934,361,8,0
vww4_128_128_INT8,B-held,37,Pad|8x8x52|1x1|36,Pad,2,2,1015,1015,1,SAME,0,0,,,,,,,,,,,,,,,0,1014,319,210,48,0,1014,241,328,48,0
vww4_128_128_INT8,B-held,38,Add|8x8x52|1x1|37,Add,1,1,1015,1015,1,SAME,0,0,1024,512,"[1, 4, 8]","[2, 2, 16]","OFM[8, 32, 64] IFM[8, 32, 64]","OFM[8, 64, 64] IFM[8, 64, 64]","IFM[1, 8, 8, 52] OFM[1, 8, 8, 52]","IFM[1, 8, 8, 52] OFM[1, 8, 8, 52]",0,0,1,1,0,0,0,1014,578,160,4,0,1014,638,216,14,0
vww4_128_128_INT8,B-held,39,Conv2D|8x8x268|1x1|38,Conv2D,1,1,6015,8015,1,REGRESS,0,0,5931,6155,"[1, 4, 8]","[2, 2, 16]","OFM[1, 8, 8, 32] IFM[1, 8, 8, 64]","OFM[1, 8, 8, 64] IFM[1, 8, 8, 64]","IFM[1, 8, 8, 52] OFM[1, 8, 8, 268]","IFM[1, 8, 8, 52] OFM[1, 8, 8, 268]",0,0,1,1,0,0,0,8014,1088,1251,1404,0,6014,1091,1943,2048,0
vww4_128_128_INT8,B-held,40,DepthwiseConv2D|8x8x268|1x1|39,DepthwiseConv2D,1,1,5015,6015,1,REGRESS,0,0,7778,6277,"[1, 2, 16]","[2, 2, 16]","OFM[8, 8, 64] IFM[1, 10, 10, 64]","OFM[8, 8, 64] IFM[1, 10, 10, 64]","IFM[1, 8, 8, 268] OFM[1, 8, 8, 268]","IFM[1, 8, 8, 268] OFM[1, 8, 8, 268]",0,0,1,0,0,0,0,6014,1088,973,948,0,5014,1328,1051,282,0
vww4_128_128_INT8,B-held,41,Conv2D|8x8x44|1x1|40,Conv2D,1,1,4015,1015,1,IMPROVE,0,0,4837,3032,"[1, 4, 8]","[2, 2, 16]","OFM[1, 4, 8, 48] IFM[1, 4, 8, 64]","OFM[1, 8, 8, 48] IFM[1, 8, 8, 64]","IFM[1, 8, 8, 268] OFM[1, 8, 8, 44]","IFM[1, 8, 8, 268] OFM[1, 8, 8, 44]",0,0,1,1,0,0,0,1014,192,335,8,0,4014,1577,531,24,0
vww4_128_128_INT8,B-held,42,Pad|8x8x52|1x1|41,Pad,2,2,1015,,0,NOT_SEPARATED,0,0,,,,,,,,,,,,,,,0,,,,,,1014,601,213,32,0
vww4_128_128_INT8,B-held,43,Add|8x8x52|1x1|42,Add,1,1,1015,,0,NOT_SEPARATED,0,0,1024,512,"[1, 4, 8]","[2, 2, 16]","OFM[8, 32, 64] IFM[8, 32, 64]","OFM[8, 64, 64] IFM[8, 64, 64]","IFM[1, 8, 8, 52] OFM[1, 8, 8, 52]","IFM[1, 8, 8, 52] OFM[1, 8, 8, 52]",0,0,1,1,0,0,0,,,,,,1014,298,144,250,0
vww4_128_128_INT8,B-held,44,Conv2D|8x8x192|1x1|43,Conv2D,1,1,3015,4015,1,REGRESS,0,0,4368,4593,"[1, 4, 8]","[2, 2, 16]","OFM[1, 8, 8, 32] IFM[1, 8, 8, 64]","OFM[1, 8, 8, 64] IFM[1, 8, 8, 64]","IFM[1, 8, 8, 52] OFM[1, 8, 8, 192]","IFM[1, 8, 8, 52] OFM[1, 8, 8, 192]",0,0,1,1,0,0,0,4014,555,704,711,0,3014,652,752,742,0
vww4_128_128_INT8,B-held,45,DepthwiseConv2D|8x8x192|1x1|44,DepthwiseConv2D,1,1,4015,5015,1,REGRESS,0,0,5858,4715,"[1, 2, 16]","[2, 2, 16]","OFM[8, 8, 64] IFM[1, 10, 10, 64]","OFM[8, 8, 64] IFM[1, 10, 10, 64]","IFM[1, 8, 8, 192] OFM[1, 8, 8, 192]","IFM[1, 8, 8, 192] OFM[1, 8, 8, 192]",0,0,1,0,0,0,0,5014,781,768,902,0,4014,869,720,470,0
vww4_128_128_INT8,B-held,46,Conv2D|8x8x68|1x1|45,Conv2D,1,1,4015,2015,1,IMPROVE,0,0,4388,2868,"[1, 4, 8]","[2, 2, 16]","OFM[1, 8, 8, 32] IFM[1, 8, 8, 64]","OFM[1, 8, 8, 48] IFM[1, 8, 8, 64]","IFM[1, 8, 8, 192] OFM[1, 8, 8, 68]","IFM[1, 8, 8, 192] OFM[1, 8, 8, 68]",0,0,1,1,0,0,0,2014,490,320,301,0,4014,320,320,876,0
vww4_128_128_INT8,B-held,47,Conv2D|8x8x172|1x1|46,Conv2D,1,1,5015,5015,1,SAME,0,0,6436,4466,"[1, 4, 8]","[2, 2, 16]","OFM[1, 8, 8, 32] IFM[1, 8, 8, 64]","OFM[1, 8, 8, 64] IFM[1, 8, 8, 64]","IFM[1, 8, 8, 68] OFM[1, 8, 8, 172]","IFM[1, 8, 8, 68] OFM[1, 8, 8, 172]",0,0,1,1,0,0,0,5014,704,896,1046,0,5014,704,792,863,0
vww4_128_128_INT8,B-held,48,DepthwiseConv2D|8x8x172|1x1|47,DepthwiseConv2D,1,1,3015,4015,1,REGRESS,0,0,5474,4402,"[1, 2, 16]","[2, 2, 16]","OFM[8, 8, 64] IFM[1, 10, 10, 64]","OFM[8, 8, 64] IFM[1, 10, 10, 64]","IFM[1, 8, 8, 172] OFM[1, 8, 8, 172]","IFM[1, 8, 8, 172] OFM[1, 8, 8, 172]",0,0,1,0,0,0,0,4014,553,512,162,0,3014,329,611,66,0
vww4_128_128_INT8,B-held,49,Conv2D|8x8x68|1x1|48,Conv2D,1,1,,,0,NOT_SEPARATED,0,0,4488,2868,"[1, 4, 8]","[2, 2, 16]","OFM[1, 8, 8, 32] IFM[1, 8, 8, 64]","OFM[1, 8, 8, 48] IFM[1, 8, 8, 64]","IFM[1, 8, 8, 172] OFM[1, 8, 8, 68]","IFM[1, 8, 8, 172] OFM[1, 8, 8, 68]",0,0,1,1,0,0,0,,,,,,,,,,
vww4_128_128_INT8,B-held,50,Add|8x8x68|1x1|49,Add,1,1,,,0,NOT_SEPARATED,0,0,,,,,,,,,,,,,,,0,,,,,,,,,,
vww4_128_128_INT8,B-held,51,Conv2D|8x8x172|1x1|50,Conv2D,1,1,5015,5015,1,SAME,0,0,6436,4466,"[1, 4, 8]","[2, 2, 16]","OFM[1, 8, 8, 32] IFM[1, 8, 8, 64]","OFM[1, 8, 8, 64] IFM[1, 8, 8, 64]","IFM[1, 8, 8, 68] OFM[1, 8, 8, 172]","IFM[1, 8, 8, 68] OFM[1, 8, 8, 172]",0,0,1,1,0,0,0,5014,704,896,914,0,5014,610,912,1214,0
vww4_128_128_INT8,B-held,52,DepthwiseConv2D|8x8x172|1x1|51,DepthwiseConv2D,1,1,4015,3015,1,IMPROVE,0,0,5474,4402,"[1, 2, 16]","[2, 2, 16]","OFM[8, 8, 64] IFM[1, 10, 10, 64]","OFM[8, 8, 64] IFM[1, 10, 10, 64]","IFM[1, 8, 8, 172] OFM[1, 8, 8, 172]","IFM[1, 8, 8, 172] OFM[1, 8, 8, 172]",0,0,1,0,0,0,0,3014,704,512,637,0,4014,993,1083,593,0
vww4_128_128_INT8,B-held,53,Conv2D|8x8x48|1x1|52,Conv2D,1,1,3015,,0,NOT_SEPARATED,0,0,3241,2100,"[1, 4, 8]","[2, 2, 16]","OFM[1, 4, 8, 48] IFM[1, 4, 8, 64]","OFM[1, 8, 8, 48] IFM[1, 8, 8, 64]","IFM[1, 8, 8, 172] OFM[1, 8, 8, 48]","IFM[1, 8, 8, 172] OFM[1, 8, 8, 48]",0,0,1,1,0,0,0,,,,,,3014,1142,344,84,0
vww4_128_128_INT8,B-held,54,Pad|8x8x68|1x1|53,Pad,2,2,2030,,0,NOT_SEPARATED,0,0,,,,,,,,,,,,,,,0,,,,,,2028,586,382,116,0
vww4_128_128_INT8,B-held,55,Add|8x8x68|1x1|54,Add,1,1,1015,,0,NOT_SEPARATED,0,0,1280,640,"[1, 4, 8]","[2, 2, 16]","OFM[8, 28, 80] IFM[8, 28, 80]","OFM[8, 52, 80] IFM[8, 52, 80]","IFM[1, 8, 8, 68] OFM[1, 8, 8, 68]","IFM[1, 8, 8, 68] OFM[1, 8, 8, 68]",0,0,1,1,0,0,0,,,,,,1014,361,96,0,0
vww4_128_128_INT8,B-held,56,Conv2D|8x8x288|1x1|55,Conv2D,1,1,9015,9015,1,SAME,0,0,10020,6654,"[1, 4, 8]","[2, 2, 16]","OFM[1, 8, 8, 32] IFM[1, 8, 8, 64]","OFM[1, 8, 8, 64] IFM[1, 8, 8, 64]","IFM[1, 8, 8, 68] OFM[1, 8, 8, 288]","IFM[1, 8, 8, 68] OFM[1, 8, 8, 288]",0,0,1,1,0,0,0,9014,1443,1200,1936,0,9014,1152,1276,1966,0
vww4_128_128_INT8,B-held,57,DepthwiseConv2D|4x4x288|1x1|56,DepthwiseConv2D,1,1,3015,6015,1,REGRESS,0,0,7231,7162,"[1, 2, 16]","[2, 2, 16]","OFM[4, 4, 128] IFM[1, 9, 9, 128]","OFM[4, 4, 128] IFM[1, 9, 9, 128]","IFM[1, 8, 8, 288] OFM[1, 4, 4, 288]","IFM[1, 8, 8, 288] OFM[1, 4, 4, 288]",0,0,1,0,0,0,0,6014,288,256,461,0,3014,288,160,422,0
vww4_128_128_INT8,B-held,58,Conv2D|4x4x16|1x1|57,Conv2D,1,1,1015,15,1,IMPROVE,0,0,793,776,"[1, 4, 8]","[2, 2, 16]","OFM[1, 4, 4, 16] IFM[1, 4, 4, 64]","OFM[1, 4, 4, 16] IFM[1, 4, 4, 64]","IFM[1, 4, 4, 288] OFM[1, 4, 4, 16]","IFM[1, 4, 4, 288] OFM[1, 4, 4, 16]",0,0,1,0,0,0,0,14,0,0,4,0,1014,16,76,200,0
vww4_128_128_INT8,B-held,59,Conv2D|4x4x96|1x1|58,Conv2D,1,1,1015,3015,1,REGRESS,0,0,2842,2791,"[1, 4, 8]","[2, 2, 16]","OFM[1, 4, 4, 96] IFM[1, 4, 4, 16]","OFM[1, 4, 4, 96] IFM[1, 4, 4, 16]","IFM[1, 4, 4, 16] OFM[1, 4, 4, 96]","IFM[1, 4, 4, 16] OFM[1, 4, 4, 96]",0,0,1,0,0,0,0,3014,16,96,214,0,1014,96,80,125,0
vww4_128_128_INT8,B-held,60,DepthwiseConv2D|4x4x96|1x1|59,DepthwiseConv2D,1,1,2015,3015,1,REGRESS,0,0,2643,2643,"[1, 2, 16]","[2, 2, 16]","OFM[4, 4, 64] IFM[1, 6, 6, 64]","OFM[4, 4, 64] IFM[1, 6, 6, 64]","IFM[1, 4, 4, 96] OFM[1, 4, 4, 96]","IFM[1, 4, 4, 96] OFM[1, 4, 4, 96]",0,0,1,0,0,0,0,3014,208,96,150,0,2014,112,48,156,0
vww4_128_128_INT8,B-held,61,Conv2D|4x4x16|1x1|60,Conv2D,1,1,,,0,NOT_SEPARATED,0,0,697,680,"[1, 4, 8]","[2, 2, 16]","OFM[1, 4, 4, 16] IFM[1, 4, 4, 64]","OFM[1, 4, 4, 16] IFM[1, 4, 4, 64]","IFM[1, 4, 4, 96] OFM[1, 4, 4, 16]","IFM[1, 4, 4, 96] OFM[1, 4, 4, 16]",0,0,1,0,0,0,0,,,,,,,,,,
vww4_128_128_INT8,B-held,62,Add|4x4x16|1x1|61,Add,1,1,,,0,NOT_SEPARATED,0,0,,,,,,,,,,,,,,,0,,,,,,,,,,
vww4_128_128_INT8,B-held,63,Conv2D|4x4x96|1x1|62,Conv2D,1,1,1015,2015,1,REGRESS,0,0,2842,2791,"[1, 4, 8]","[2, 2, 16]","OFM[1, 4, 4, 96] IFM[1, 4, 4, 16]","OFM[1, 4, 4, 96] IFM[1, 4, 4, 16]","IFM[1, 4, 4, 16] OFM[1, 4, 4, 96]","IFM[1, 4, 4, 16] OFM[1, 4, 4, 96]",0,0,1,0,0,0,0,2014,96,96,214,0,1014,96,80,114,0
vww4_128_128_INT8,B-held,64,DepthwiseConv2D|4x4x96|1x1|63,DepthwiseConv2D,1,1,1015,3015,1,REGRESS,0,0,2643,2643,"[1, 2, 16]","[2, 2, 16]","OFM[4, 4, 64] IFM[1, 6, 6, 64]","OFM[4, 4, 64] IFM[1, 6, 6, 64]","IFM[1, 4, 4, 96] OFM[1, 4, 4, 96]","IFM[1, 4, 4, 96] OFM[1, 4, 4, 96]",0,0,1,0,0,0,0,3014,112,96,347,0,1014,112,52,234,0
vww4_128_128_INT8,B-held,65,Conv2D|4x4x32|1x1|64,Conv2D,1,1,,,0,NOT_SEPARATED,0,0,1100,1083,"[1, 4, 8]","[2, 2, 16]","OFM[1, 4, 4, 32] IFM[1, 4, 4, 64]","OFM[1, 4, 4, 32] IFM[1, 4, 4, 64]","IFM[1, 4, 4, 96] OFM[1, 4, 4, 32]","IFM[1, 4, 4, 96] OFM[1, 4, 4, 32]",0,0,1,0,0,0,0,,,,,,,,,,
vww4_128_128_INT8,B-held,66,Pad|4x4x32|1x1|65,Pad,2,2,,,0,NOT_SEPARATED,0,0,,,,,,,,,,,,,,,0,,,,,,,,,,
vww4_128_128_INT8,B-held,67,Add|4x4x32|1x1|66,Add,1,1,,,0,NOT_SEPARATED,0,0,128,64,"[1, 2, 16]","[2, 2, 16]","OFM[4, 64, 32] IFM[4, 64, 32]","OFM[4, 128, 32] IFM[4, 128, 32]","IFM[1, 4, 4, 32] OFM[1, 4, 4, 32]","IFM[1, 4, 4, 32] OFM[1, 4, 4, 32]",0,0,1,1,0,0,0,,,,,,,,,,
vww4_128_128_INT8,B-held,68,Conv2D|4x4x96|1x1|67,Conv2D,1,1,2015,3015,1,REGRESS,0,0,3411,3411,"[1, 4, 8]","[2, 2, 16]","OFM[1, 4, 4, 96] IFM[1, 4, 4, 16]","OFM[1, 4, 4, 96] IFM[1, 4, 4, 16]","IFM[1, 4, 4, 32] OFM[1, 4, 4, 96]","IFM[1, 4, 4, 32] OFM[1, 4, 4, 96]",0,0,1,0,0,0,0,3014,96,96,355,0,2014,96,140,465,0
vww4_128_128_INT8,B-held,69,DepthwiseConv2D|4x4x96|1x1|68,DepthwiseConv2D,1,1,1015,2015,1,REGRESS,0,0,2643,2643,"[1, 2, 16]","[2, 2, 16]","OFM[4, 4, 64] IFM[1, 6, 6, 64]","OFM[4, 4, 64] IFM[1, 6, 6, 64]","IFM[1, 4, 4, 96] OFM[1, 4, 4, 96]","IFM[1, 4, 4, 96] OFM[1, 4, 4, 96]",0,0,1,0,0,0,0,2014,96,96,291,0,1014,96,64,247,0
vww4_128_128_INT8,B-held,70,Conv2D|4x4x32|1x1|69,Conv2D,1,1,1015,1015,1,SAME,0,0,1100,1083,"[1, 4, 8]","[2, 2, 16]","OFM[1, 4, 4, 32] IFM[1, 4, 4, 64]","OFM[1, 4, 4, 32] IFM[1, 4, 4, 64]","IFM[1, 4, 4, 96] OFM[1, 4, 4, 32]","IFM[1, 4, 4, 96] OFM[1, 4, 4, 32]",0,0,1,0,0,0,0,1014,32,32,77,0,1014,28,16,14,0
vww4_128_128_INT8,B-held,71,Conv2D|4x4x128|1x1|70,Conv2D,1,1,2015,,0,NOT_SEPARATED,0,0,4548,4548,"[1, 4, 8]","[2, 2, 16]","OFM[1, 4, 4, 128] IFM[1, 4, 4, 16]","OFM[1, 4, 4, 128] IFM[1, 4, 4, 16]","IFM[1, 4, 4, 32] OFM[1, 4, 4, 128]","IFM[1, 4, 4, 32] OFM[1, 4, 4, 128]",0,0,1,0,0,0,0,,,,,,2014,61,128,464,0
vww4_128_128_INT8,B-held,72,AvgPool|1x1x128|1x1|71,AvgPool,1,1,,,0,NOT_SEPARATED,1,0,961,949,"[1, 2, 16]","[2, 2, 16]","OFM[1, 2, 128] IFM[1, 4, 5, 128]","OFM[2, 2, 128] IFM[1, 5, 5, 128]","IFM[1, 4, 4, 128] OFM[1, 1, 1, 128]","IFM[1, 4, 4, 128] OFM[1, 1, 1, 128]",0,0,1,1,0,0,0,,,,,,,,,,
vww4_128_128_INT8,B-held,73,Conv2D|1x1x2|1x1|72,Conv2D,1,1,,1030,0,NOT_SEPARATED,1,1,438,478,"[1, 4, 8]","[2, 2, 16]","OFM[1, 1, 4, 16] IFM[1, 1, 4, 64]","OFM[1, 2, 2, 16] IFM[1, 2, 2, 64]","IFM[1, 1, 1, 128] OFM[1, 1, 1, 2]","IFM[1, 1, 1, 128] OFM[1, 1, 1, 2]",0,0,1,1,0,0,0,,,,,,,,,,
yolo-fastest_192_face_v4,B-frozen,2,Conv2D|96x96x8|1x1|1,Conv2D,1,1,44061,45061,1,REGRESS,0,0,43598,37130,"[1, 4, 8]","[2, 2, 16]","OFM[1, 5, 20, 16] IFM[1, 11, 44, 16]","OFM[1, 10, 10, 16] IFM[1, 22, 22, 16]","IFM[1, 192, 192, 1] OFM[1, 96, 96, 8]","IFM[1, 192, 192, 1] OFM[1, 96, 96, 8]",0,0,1,1,0,0,0,45007,2577,9299,4350,0,44007,2867,9515,3495,0
yolo-fastest_192_face_v4,B-frozen,3,Conv2D|96x96x8|1x1|2,Conv2D,1,1,18015,14015,1,IMPROVE,0,0,25659,14818,"[1, 4, 8]","[2, 2, 16]","OFM[1, 4, 32, 16] IFM[1, 4, 32, 16]","OFM[1, 8, 32, 16] IFM[1, 8, 32, 16]","IFM[1, 96, 96, 8] OFM[1, 96, 96, 8]","IFM[1, 96, 96, 8] OFM[1, 96, 96, 8]",0,0,1,1,0,0,0,14014,11389,9587,4,0,18014,10944,9010,4,0
yolo-fastest_192_face_v4,B-frozen,4,DepthwiseConv2D|96x96x8|1x1|3,DepthwiseConv2D,1,1,,,0,NOT_SEPARATED,0,0,56150,28490,"[1, 2, 16]","[2, 2, 16]","OFM[16, 16, 16] IFM[1, 18, 18, 16]","OFM[24, 20, 16] IFM[1, 26, 22, 16]","IFM[1, 96, 96, 8] OFM[1, 96, 96, 8]","IFM[1, 96, 96, 8] OFM[1, 96, 96, 8]",0,0,1,1,0,0,0,,,,,,,,,,
yolo-fastest_192_face_v4,B-frozen,5,Conv2D|96x96x4|1x1|4,Conv2D,1,1,,,0,NOT_SEPARATED,0,0,30806,18370,"[1, 4, 8]","[2, 2, 16]","OFM[1, 4, 32, 16] IFM[1, 4, 32, 16]","OFM[1, 8, 32, 16] IFM[1, 8, 32, 16]","IFM[1, 96, 96, 8] OFM[1, 96, 96, 4]","IFM[1, 96, 96, 8] OFM[1, 96, 96, 4]",0,0,1,1,0,0,0,,,,,,,,,,
yolo-fastest_192_face_v4,B-frozen,6,Conv2D|96x96x8|1x1|5,Conv2D,1,1,18015,,0,NOT_SEPARATED,0,0,33142,19554,"[1, 4, 8]","[2, 2, 16]","OFM[1, 4, 32, 16] IFM[1, 4, 32, 16]","OFM[1, 8, 32, 16] IFM[1, 8, 32, 16]","IFM[1, 96, 96, 4] OFM[1, 96, 96, 8]","IFM[1, 96, 96, 4] OFM[1, 96, 96, 8]",0,0,1,1,0,0,0,,,,,,18014,4606,8991,27,0
yolo-fastest_192_face_v4,B-frozen,7,DepthwiseConv2D|96x96x8|1x1|6,DepthwiseConv2D,1,1,41015,21015,1,IMPROVE,0,0,56150,28490,"[1, 2, 16]","[2, 2, 16]","OFM[16, 16, 16] IFM[1, 18, 18, 16]","OFM[24, 20, 16] IFM[1, 26, 22, 16]","IFM[1, 96, 96, 8] OFM[1, 96, 96, 8]","IFM[1, 96, 96, 8] OFM[1, 96, 96, 8]",0,0,1,1,0,0,0,21014,11291,9206,24,0,41014,11503,9125,4,0
yolo-fastest_192_face_v4,B-frozen,8,Conv2D|96x96x4|1x1|7,Conv2D,1,1,9015,13015,1,REGRESS,0,0,30806,18370,"[1, 4, 8]","[2, 2, 16]","OFM[1, 4, 32, 16] IFM[1, 4, 32, 16]","OFM[1, 8, 32, 16] IFM[1, 8, 32, 16]","IFM[1, 96, 96, 8] OFM[1, 96, 96, 4]","IFM[1, 96, 96, 8] OFM[1, 96, 96, 4]",0,0,1,1,0,0,0,13014,8742,2324,39,0,9014,9788,2216,12,0
yolo-fastest_192_face_v4,B-frozen,9,Add|96x96x4|1x1|8,Add,1,1,,5015,0,NOT_SEPARATED,0,0,9216,4608,"[1, 2, 16]","[2, 2, 16]","OFM[48, 128, 16] IFM[48, 128, 16]","OFM[48, 256, 16] IFM[48, 256, 16]","IFM[1, 48, 48, 16] OFM[1, 48, 48, 16]","IFM[1, 48, 48, 16] OFM[1, 48, 48, 16]",0,0,1,1,0,0,0,5014,4555,2368,57,0,,,,,
yolo-fastest_192_face_v4,B-frozen,10,Conv2D|96x96x24|1x1|9,Conv2D,1,1,,32015,0,NOT_SEPARATED,0,0,68430,37809,"[1, 4, 8]","[2, 2, 16]","OFM[1, 2, 32, 24] IFM[1, 2, 32, 16]","OFM[1, 4, 32, 32] IFM[1, 4, 32, 16]","IFM[1, 96, 96, 4] OFM[1, 96, 96, 24]","IFM[1, 96, 96, 4] OFM[1, 96, 96, 24]",0,0,1,1,0,0,0,32014,6291,18496,38,0,,,,,
yolo-fastest_192_face_v4,B-frozen,12,DepthwiseConv2D|48x48x24|1x1|11,DepthwiseConv2D,1,1,21015,20015,1,IMPROVE,0,0,31025,20283,"[1, 2, 16]","[2, 2, 16]","OFM[16, 12, 16] IFM[1, 34, 26, 16]","OFM[14, 12, 16] IFM[1, 30, 26, 16]","IFM[1, 96, 96, 24] OFM[1, 48, 48, 24]","IFM[1, 96, 96, 24] OFM[1, 48, 48, 24]",0,0,1,1,0,0,0,20014,18966,4436,12,0,21014,19688,5023,63,0
yolo-fastest_192_face_v4,B-frozen,13,Conv2D|48x48x8|1x1|12,Conv2D,1,1,,,0,NOT_SEPARATED,0,0,9697,9851,"[1, 4, 8]","[2, 2, 16]","OFM[1, 8, 16, 16] IFM[1, 8, 16, 16]","OFM[1, 16, 16, 16] IFM[1, 16, 16, 16]","IFM[1, 48, 48, 24] OFM[1, 48, 48, 8]","IFM[1, 48, 48, 24] OFM[1, 48, 48, 8]",0,0,1,1,0,0,0,,,,,,,,,,
yolo-fastest_192_face_v4,B-frozen,14,Conv2D|48x48x32|1x1|13,Conv2D,1,1,19015,9015,1,IMPROVE,0,0,22993,11764,"[1, 4, 8]","[2, 2, 16]","OFM[1, 4, 16, 32] IFM[1, 4, 16, 16]","OFM[1, 8, 16, 32] IFM[1, 8, 16, 16]","IFM[1, 48, 48, 8] OFM[1, 48, 48, 32]","IFM[1, 48, 48, 8] OFM[1, 48, 48, 32]",0,0,1,1,0,0,0,9014,4182,4554,58,0,19014,4985,4521,39,0
yolo-fastest_192_face_v4,B-frozen,15,DepthwiseConv2D|48x48x32|1x1|14,DepthwiseConv2D,1,1,20015,9015,1,IMPROVE,0,0,28784,14963,"[1, 2, 16]","[2, 2, 16]","OFM[16, 16, 16] IFM[1, 18, 18, 16]","OFM[30, 16, 16] IFM[1, 32, 18, 16]","IFM[1, 48, 48, 32] OFM[1, 48, 48, 32]","IFM[1, 48, 48, 32] OFM[1, 48, 48, 32]",0,0,1,1,0,0,0,9014,3832,4267,64,0,20014,5018,4623,71,0
yolo-fastest_192_face_v4,B-frozen,16,Conv2D|48x48x8|1x1|15,Conv2D,1,1,,,0,NOT_SEPARATED,0,0,10369,9915,"[1, 4, 8]","[2, 2, 16]","OFM[1, 8, 16, 16] IFM[1, 8, 16, 16]","OFM[1, 16, 16, 16] IFM[1, 16, 16, 16]","IFM[1, 48, 48, 32] OFM[1, 48, 48, 8]","IFM[1, 48, 48, 32] OFM[1, 48, 48, 8]",0,0,1,1,0,0,0,,,,,,,,,,
yolo-fastest_192_face_v4,B-frozen,17,Add|48x48x8|1x1|16,Add,1,1,,,0,NOT_SEPARATED,0,0,,,,,,,,,,,,,,,0,,,,,,,,,,
yolo-fastest_192_face_v4,B-frozen,18,Conv2D|48x48x32|1x1|17,Conv2D,1,1,,,0,NOT_SEPARATED,0,0,22993,11764,"[1, 4, 8]","[2, 2, 16]","OFM[1, 4, 16, 32] IFM[1, 4, 16, 16]","OFM[1, 8, 16, 32] IFM[1, 8, 16, 16]","IFM[1, 48, 48, 8] OFM[1, 48, 48, 32]","IFM[1, 48, 48, 8] OFM[1, 48, 48, 32]",0,0,1,1,0,0,0,,,,,,,,,,
yolo-fastest_192_face_v4,B-frozen,19,DepthwiseConv2D|48x48x32|1x1|18,DepthwiseConv2D,1,1,20015,10015,1,IMPROVE,0,0,28784,14963,"[1, 2, 16]","[2, 2, 16]","OFM[16, 16, 16] IFM[1, 18, 18, 16]","OFM[30, 16, 16] IFM[1, 32, 18, 16]","IFM[1, 48, 48, 32] OFM[1, 48, 48, 32]","IFM[1, 48, 48, 32] OFM[1, 48, 48, 32]",0,0,1,1,0,0,0,10014,4541,4596,84,0,20014,5045,4576,24,0
yolo-fastest_192_face_v4,B-frozen,20,Conv2D|48x48x8|1x1|19,Conv2D,1,1,,,0,NOT_SEPARATED,0,0,10369,9915,"[1, 4, 8]","[2, 2, 16]","OFM[1, 8, 16, 16] IFM[1, 8, 16, 16]","OFM[1, 16, 16, 16] IFM[1, 16, 16, 16]","IFM[1, 48, 48, 32] OFM[1, 48, 48, 8]","IFM[1, 48, 48, 32] OFM[1, 48, 48, 8]",0,0,1,1,0,0,0,,,,,,,,,,
yolo-fastest_192_face_v4,B-frozen,21,Add|48x48x8|1x1|20,Add,1,1,,,0,NOT_SEPARATED,0,0,,,,,,,,,,,,,,,0,,,,,,,,,,
yolo-fastest_192_face_v4,B-frozen,22,Conv2D|48x48x32|1x1|21,Conv2D,1,1,,,0,NOT_SEPARATED,0,0,22993,11764,"[1, 4, 8]","[2, 2, 16]","OFM[1, 4, 16, 32] IFM[1, 4, 16, 16]","OFM[1, 8, 16, 32] IFM[1, 8, 16, 16]","IFM[1, 48, 48, 8] OFM[1, 48, 48, 32]","IFM[1, 48, 48, 8] OFM[1, 48, 48, 32]",0,0,1,1,0,0,0,,,,,,,,,,
yolo-fastest_192_face_v4,B-frozen,24,DepthwiseConv2D|24x24x32|1x1|23,DepthwiseConv2D,1,1,5015,3015,1,IMPROVE,0,0,8687,5606,"[1, 2, 16]","[2, 2, 16]","OFM[16, 12, 16] IFM[1, 34, 26, 16]","OFM[14, 12, 16] IFM[1, 30, 26, 16]","IFM[1, 48, 48, 32] OFM[1, 24, 24, 32]","IFM[1, 48, 48, 32] OFM[1, 24, 24, 32]",0,0,1,1,0,0,0,3014,2853,871,76,0,5014,3872,1373,82,0
yolo-fastest_192_face_v4,B-frozen,25,Conv2D|24x24x8|1x1|24,Conv2D,1,1,1015,2015,1,REGRESS,0,0,2767,2827,"[1, 4, 8]","[2, 2, 16]","OFM[1, 5, 24, 16] IFM[1, 5, 24, 16]","OFM[1, 8, 24, 16] IFM[1, 8, 24, 16]","IFM[1, 24, 24, 32] OFM[1, 24, 24, 8]","IFM[1, 24, 24, 32] OFM[1, 24, 24, 8]",0,0,1,1,0,0,0,2014,1322,1002,82,0,1014,472,432,77,0
yolo-fastest_192_face_v4,B-frozen,26,Conv2D|24x24x48|1x1|25,Conv2D,1,1,,,0,NOT_SEPARATED,0,0,14056,4275,"[1, 4, 8]","[2, 2, 16]","OFM[1, 5, 8, 48] IFM[1, 5, 8, 16]","OFM[1, 8, 24, 16] IFM[1, 8, 24, 16]","IFM[1, 24, 24, 8] OFM[1, 24, 24, 48]","IFM[1, 24, 24, 8] OFM[1, 24, 24, 48]",0,0,1,1,0,0,0,,,,,,,,,,
yolo-fastest_192_face_v4,B-frozen,27,DepthwiseConv2D|24x24x48|1x1|26,DepthwiseConv2D,1,1,8015,4015,1,IMPROVE,0,0,11498,5939,"[1, 2, 16]","[2, 2, 16]","OFM[21, 12, 16] IFM[1, 24, 14, 16]","OFM[40, 12, 16] IFM[1, 42, 14, 16]","IFM[1, 24, 24, 48] OFM[1, 24, 24, 48]","IFM[1, 24, 24, 48] OFM[1, 24, 24, 48]",0,0,1,1,0,0,0,4014,1925,1717,106,0,8014,2411,1796,107,0
yolo-fastest_192_face_v4,B-frozen,28,Conv2D|24x24x8|1x1|27,Conv2D,1,1,,,0,NOT_SEPARATED,0,0,3343,2684,"[1, 4, 8]","[2, 2, 16]","OFM[1, 5, 24, 16] IFM[1, 5, 24, 64]","OFM[1, 4, 24, 16] IFM[1, 4, 24, 64]","IFM[1, 24, 24, 48] OFM[1, 24, 24, 8]","IFM[1, 24, 24, 48] OFM[1, 24, 24, 8]",0,0,1,1,0,0,0,,,,,,,,,,
yolo-fastest_192_face_v4,B-frozen,29,Add|24x24x8|1x1|28,Add,1,1,,,0,NOT_SEPARATED,0,0,,,,,,,,,,,,,,,0,,,,,,,,,,
yolo-fastest_192_face_v4,B-frozen,30,Conv2D|24x24x48|1x1|29,Conv2D,1,1,,,0,NOT_SEPARATED,0,0,14056,4275,"[1, 4, 8]","[2, 2, 16]","OFM[1, 5, 8, 48] IFM[1, 5, 8, 16]","OFM[1, 8, 24, 16] IFM[1, 8, 24, 16]","IFM[1, 24, 24, 8] OFM[1, 24, 24, 48]","IFM[1, 24, 24, 8] OFM[1, 24, 24, 48]",0,0,1,1,0,0,0,,,,,,,,,,
yolo-fastest_192_face_v4,B-frozen,31,DepthwiseConv2D|24x24x48|1x1|30,DepthwiseConv2D,1,1,8015,3015,1,IMPROVE,0,0,11498,5939,"[1, 2, 16]","[2, 2, 16]","OFM[21, 12, 16] IFM[1, 24, 14, 16]","OFM[40, 12, 16] IFM[1, 42, 14, 16]","IFM[1, 24, 24, 48] OFM[1, 24, 24, 48]","IFM[1, 24, 24, 48] OFM[1, 24, 24, 48]",0,0,1,1,0,0,0,3014,924,1553,94,0,8014,2475,1789,90,0
yolo-fastest_192_face_v4,B-frozen,32,Conv2D|24x24x8|1x1|31,Conv2D,1,1,,,0,NOT_SEPARATED,0,0,3343,2684,"[1, 4, 8]","[2, 2, 16]","OFM[1, 5, 24, 16] IFM[1, 5, 24, 64]","OFM[1, 4, 24, 16] IFM[1, 4, 24, 64]","IFM[1, 24, 24, 48] OFM[1, 24, 24, 8]","IFM[1, 24, 24, 48] OFM[1, 24, 24, 8]",0,0,1,1,0,0,0,,,,,,,,,,
yolo-fastest_192_face_v4,B-frozen,33,Add|24x24x8|1x1|32,Add,1,1,,,0,NOT_SEPARATED,0,0,,,,,,,,,,,,,,,0,,,,,,,,,,
yolo-fastest_192_face_v4,B-frozen,34,Conv2D|24x24x48|1x1|33,Conv2D,1,1,,,0,NOT_SEPARATED,0,0,14056,4275,"[1, 4, 8]","[2, 2, 16]","OFM[1, 5, 8, 48] IFM[1, 5, 8, 16]","OFM[1, 8, 24, 16] IFM[1, 8, 24, 16]","IFM[1, 24, 24, 8] OFM[1, 24, 24, 48]","IFM[1, 24, 24, 8] OFM[1, 24, 24, 48]",0,0,1,1,0,0,0,,,,,,,,,,
yolo-fastest_192_face_v4,B-frozen,35,DepthwiseConv2D|24x24x48|1x1|34,DepthwiseConv2D,1,1,7015,3015,1,IMPROVE,0,0,11498,5939,"[1, 2, 16]","[2, 2, 16]","OFM[21, 12, 16] IFM[1, 24, 14, 16]","OFM[40, 12, 16] IFM[1, 42, 14, 16]","IFM[1, 24, 24, 48] OFM[1, 24, 24, 48]","IFM[1, 24, 24, 48] OFM[1, 24, 24, 48]",0,0,1,1,0,0,0,3014,986,1579,209,0,7014,2045,1552,0,0
yolo-fastest_192_face_v4,B-frozen,36,Conv2D|24x24x16|1x1|35,Conv2D,1,1,,3015,0,NOT_SEPARATED,0,0,3790,3007,"[1, 4, 8]","[2, 2, 16]","OFM[1, 5, 24, 16] IFM[1, 5, 24, 64]","OFM[1, 4, 24, 16] IFM[1, 4, 24, 64]","IFM[1, 24, 24, 48] OFM[1, 24, 24, 16]","IFM[1, 24, 24, 48] OFM[1, 24, 24, 16]",0,0,1,1,0,0,0,3014,2587,1046,132,0,,,,,
yolo-fastest_192_face_v4,B-frozen,37,Conv2D|24x24x96|1x1|36,Conv2D,1,1,14015,7015,1,IMPROVE,0,0,17449,15625,"[1, 4, 8]","[2, 2, 16]","OFM[1, 8, 8, 32] IFM[1, 8, 8, 16]","OFM[1, 6, 12, 48] IFM[1, 6, 12, 16]","IFM[1, 24, 24, 16] OFM[1, 24, 24, 96]","IFM[1, 24, 24, 16] OFM[1, 24, 24, 96]",0,0,1,1,0,0,0,7014,2631,3635,143,0,14014,3286,3471,119,0
yolo-fastest_192_face_v4,B-frozen,38,DepthwiseConv2D|24x24x96|1x1|37,DepthwiseConv2D,1,1,15015,7015,1,IMPROVE,0,0,21866,11123,"[1, 2, 16]","[2, 2, 16]","OFM[21, 12, 16] IFM[1, 24, 14, 16]","OFM[40, 12, 16] IFM[1, 42, 14, 16]","IFM[1, 24, 24, 96] OFM[1, 24, 24, 96]","IFM[1, 24, 24, 96] OFM[1, 24, 24, 96]",0,0,1,1,0,0,0,7014,3070,3246,216,0,15014,3844,3519,160,0
yolo-fastest_192_face_v4,B-frozen,39,Conv2D|24x24x16|1x1|38,Conv2D,1,1,,,0,NOT_SEPARATED,0,0,5727,3776,"[1, 4, 8]","[2, 2, 16]","OFM[1, 5, 24, 16] IFM[1, 5, 24, 64]","OFM[1, 4, 24, 16] IFM[1, 4, 24, 64]","IFM[1, 24, 24, 96] OFM[1, 24, 24, 16]","IFM[1, 24, 24, 96] OFM[1, 24, 24, 16]",0,0,1,1,0,0,0,,,,,,,,,,
yolo-fastest_192_face_v4,B-frozen,40,Add|24x24x16|1x1|39,Add,1,1,,,0,NOT_SEPARATED,0,0,,,,,,,,,,,,,,,0,,,,,,,,,,
yolo-fastest_192_face_v4,B-frozen,41,Conv2D|24x24x96|1x1|40,Conv2D,1,1,,,0,NOT_SEPARATED,0,0,17449,15625,"[1, 4, 8]","[2, 2, 16]","OFM[1, 8, 8, 32] IFM[1, 8, 8, 16]","OFM[1, 6, 12, 48] IFM[1, 6, 12, 16]","IFM[1, 24, 24, 16] OFM[1, 24, 24, 96]","IFM[1, 24, 24, 16] OFM[1, 24, 24, 96]",0,0,1,1,0,0,0,,,,,,,,,,
yolo-fastest_192_face_v4,B-frozen,42,DepthwiseConv2D|24x24x96|1x1|41,DepthwiseConv2D,1,1,14015,7015,1,IMPROVE,0,0,21866,11123,"[1, 2, 16]","[2, 2, 16]","OFM[21, 12, 16] IFM[1, 24, 14, 16]","OFM[40, 12, 16] IFM[1, 42, 14, 16]","IFM[1, 24, 24, 96] OFM[1, 24, 24, 96]","IFM[1, 24, 24, 96] OFM[1, 24, 24, 96]",0,0,1,1,0,0,0,7014,3056,3084,8,0,14014,3567,3420,224,0
yolo-fastest_192_face_v4,B-frozen,43,Conv2D|24x24x16|1x1|42,Conv2D,1,1,,,0,NOT_SEPARATED,0,0,5727,3776,"[1, 4, 8]","[2, 2, 16]","OFM[1, 5, 24, 16] IFM[1, 5, 24, 64]","OFM[1, 4, 24, 16] IFM[1, 4, 24, 64]","IFM[1, 24, 24, 96] OFM[1, 24, 24, 16]","IFM[1, 24, 24, 96] OFM[1, 24, 24, 16]",0,0,1,1,0,0,0,,,,,,,,,,
yolo-fastest_192_face_v4,B-frozen,44,Add|24x24x16|1x1|43,Add,1,1,,,0,NOT_SEPARATED,0,0,,,,,,,,,,,,,,,0,,,,,,,,,,
yolo-fastest_192_face_v4,B-frozen,45,Conv2D|24x24x96|1x1|44,Conv2D,1,1,,,0,NOT_SEPARATED,0,0,17449,15625,"[1, 4, 8]","[2, 2, 16]","OFM[1, 8, 8, 32] IFM[1, 8, 8, 16]","OFM[1, 6, 12, 48] IFM[1, 6, 12, 16]","IFM[1, 24, 24, 16] OFM[1, 24, 24, 96]","IFM[1, 24, 24, 16] OFM[1, 24, 24, 96]",0,0,1,1,0,0,0,,,,,,,,,,
yolo-fastest_192_face_v4,B-frozen,46,DepthwiseConv2D|24x24x96|1x1|45,DepthwiseConv2D,1,1,14015,7015,1,IMPROVE,0,0,21866,11123,"[1, 2, 16]","[2, 2, 16]","OFM[21, 12, 16] IFM[1, 24, 14, 16]","OFM[40, 12, 16] IFM[1, 42, 14, 16]","IFM[1, 24, 24, 96] OFM[1, 24, 24, 96]","IFM[1, 24, 24, 96] OFM[1, 24, 24, 96]",0,0,1,1,0,0,0,7014,3067,3249,217,0,14014,3429,3286,92,0
yolo-fastest_192_face_v4,B-frozen,47,Conv2D|24x24x16|1x1|46,Conv2D,1,1,,,0,NOT_SEPARATED,0,0,5727,3776,"[1, 4, 8]","[2, 2, 16]","OFM[1, 5, 24, 16] IFM[1, 5, 24, 64]","OFM[1, 4, 24, 16] IFM[1, 4, 24, 64]","IFM[1, 24, 24, 96] OFM[1, 24, 24, 16]","IFM[1, 24, 24, 96] OFM[1, 24, 24, 16]",0,0,1,1,0,0,0,,,,,,,,,,
yolo-fastest_192_face_v4,B-frozen,48,Add|24x24x16|1x1|47,Add,1,1,,,0,NOT_SEPARATED,0,0,,,,,,,,,,,,,,,0,,,,,,,,,,
yolo-fastest_192_face_v4,B-frozen,49,Conv2D|24x24x96|1x1|48,Conv2D,1,1,,,0,NOT_SEPARATED,0,0,17449,15625,"[1, 4, 8]","[2, 2, 16]","OFM[1, 8, 8, 32] IFM[1, 8, 8, 16]","OFM[1, 6, 12, 48] IFM[1, 6, 12, 16]","IFM[1, 24, 24, 16] OFM[1, 24, 24, 96]","IFM[1, 24, 24, 16] OFM[1, 24, 24, 96]",0,0,1,1,0,0,0,,,,,,,,,,
yolo-fastest_192_face_v4,B-frozen,50,DepthwiseConv2D|24x24x96|1x1|49,DepthwiseConv2D,1,1,14015,7015,1,IMPROVE,0,0,21866,11123,"[1, 2, 16]","[2, 2, 16]","OFM[21, 12, 16] IFM[1, 24, 14, 16]","OFM[40, 12, 16] IFM[1, 42, 14, 16]","IFM[1, 24, 24, 96] OFM[1, 24, 24, 96]","IFM[1, 24, 24, 96] OFM[1, 24, 24, 96]",0,0,1,1,0,0,0,7014,3040,3302,216,0,14014,3321,3276,8,0
yolo-fastest_192_face_v4,B-frozen,51,Conv2D|24x24x16|1x1|50,Conv2D,1,1,,,0,NOT_SEPARATED,0,0,5727,3776,"[1, 4, 8]","[2, 2, 16]","OFM[1, 5, 24, 16] IFM[1, 5, 24, 64]","OFM[1, 4, 24, 16] IFM[1, 4, 24, 64]","IFM[1, 24, 24, 96] OFM[1, 24, 24, 16]","IFM[1, 24, 24, 96] OFM[1, 24, 24, 16]",0,0,1,1,0,0,0,,,,,,,,,,
yolo-fastest_192_face_v4,B-frozen,52,Add|24x24x16|1x1|51,Add,1,1,,,0,NOT_SEPARATED,0,0,,,,,,,,,,,,,,,0,,,,,,,,,,
yolo-fastest_192_face_v4,B-frozen,53,Conv2D|24x24x96|1x1|52,Conv2D,1,1,15015,7015,1,IMPROVE,0,0,17449,15625,"[1, 4, 8]","[2, 2, 16]","OFM[1, 8, 8, 32] IFM[1, 8, 8, 16]","OFM[1, 6, 12, 48] IFM[1, 6, 12, 16]","IFM[1, 24, 24, 16] OFM[1, 24, 24, 96]","IFM[1, 24, 24, 16] OFM[1, 24, 24, 96]",0,0,1,1,0,0,0,7014,2465,3549,291,0,15014,3879,3676,220,0
yolo-fastest_192_face_v4,B-frozen,55,DepthwiseConv2D|12x12x96|1x1|54,DepthwiseConv2D,1,1,,3015,0,NOT_SEPARATED,0,0,6518,4295,"[1, 2, 16]","[2, 2, 16]","OFM[12, 12, 16] IFM[1, 26, 26, 16]","OFM[12, 12, 16] IFM[1, 26, 26, 16]","IFM[1, 24, 24, 96] OFM[1, 12, 12, 96]","IFM[1, 24, 24, 96] OFM[1, 12, 12, 96]",0,0,1,0,0,0,0,3014,2996,720,47,0,,,,,
yolo-fastest_192_face_v4,B-frozen,56,Conv2D|12x12x24|1x1|55,Conv2D,1,1,,2015,0,NOT_SEPARATED,0,0,2595,1916,"[1, 4, 8]","[2, 2, 16]","OFM[1, 10, 12, 16] IFM[1, 10, 12, 64]","OFM[1, 10, 12, 32] IFM[1, 10, 12, 64]","IFM[1, 12, 12, 96] OFM[1, 12, 12, 24]","IFM[1, 12, 12, 96] OFM[1, 12, 12, 24]",0,0,1,1,0,0,0,2014,972,312,257,0,,,,,
yolo-fastest_192_face_v4,B-frozen,57,Conv2D|12x12x136|1x1|56,Conv2D,2,1,6030,7015,1,REGRESS,0,0,10467,5887,"[1, 4, 8]","[2, 2, 16]","OFM[1, 10, 12, 16] IFM[1, 10, 12, 16]","OFM[1, 10, 12, 32] IFM[1, 10, 12, 16]","IFM[1, 12, 12, 24] OFM[1, 12, 12, 136]","IFM[1, 12, 12, 24] OFM[1, 12, 12, 136]",0,0,1,1,1,0,1,7014,1344,1495,707,0,6028,1597,1364,268,0
yolo-fastest_192_face_v4,B-frozen,58,DepthwiseConv2D|12x12x136|1x1|57,DepthwiseConv2D,1,1,6015,4015,1,IMPROVE,0,0,8477,4969,"[1, 2, 16]","[2, 2, 16]","OFM[12, 12, 16] IFM[1, 14, 14, 16]","OFM[12, 12, 48] IFM[1, 14, 14, 64]","IFM[1, 12, 12, 136] OFM[1, 12, 12, 136]","IFM[1, 12, 12, 136] OFM[1, 12, 12, 136]",0,0,1,1,0,0,0,4014,819,1055,347,0,6014,1193,1480,305,0
yolo-fastest_192_face_v4,B-frozen,59,Conv2D|12x12x24|1x1|58,Conv2D,1,1,,,0,NOT_SEPARATED,0,0,3280,2380,"[1, 4, 8]","[2, 2, 16]","OFM[1, 4, 12, 24] IFM[1, 4, 12, 64]","OFM[1, 6, 12, 32] IFM[1, 6, 12, 64]","IFM[1, 12, 12, 136] OFM[1, 12, 12, 24]","IFM[1, 12, 12, 136] OFM[1, 12, 12, 24]",0,0,1,1,0,0,0,,,,,,,,,,
yolo-fastest_192_face_v4,B-frozen,60,Add|12x12x24|1x1|59,Add,1,1,,,0,NOT_SEPARATED,0,0,,,,,,,,,,,,,,,0,,,,,,,,,,
yolo-fastest_192_face_v4,B-frozen,61,Conv2D|12x12x136|1x1|60,Conv2D,1,1,6015,7015,1,REGRESS,0,0,10467,5887,"[1, 4, 8]","[2, 2, 16]","OFM[1, 10, 12, 16] IFM[1, 10, 12, 16]","OFM[1, 10, 12, 32] IFM[1, 10, 12, 16]","IFM[1, 12, 12, 24] OFM[1, 12, 12, 136]","IFM[1, 12, 12, 24] OFM[1, 12, 12, 136]",0,0,1,1,0,0,0,7014,1066,1312,938,0,6014,1423,1460,259,0
yolo-fastest_192_face_v4,B-frozen,62,DepthwiseConv2D|12x12x136|1x1|61,DepthwiseConv2D,1,1,6015,4015,1,IMPROVE,0,0,8477,4969,"[1, 2, 16]","[2, 2, 16]","OFM[12, 12, 16] IFM[1, 14, 14, 16]","OFM[12, 12, 48] IFM[1, 14, 14, 64]","IFM[1, 12, 12, 136] OFM[1, 12, 12, 136]","IFM[1, 12, 12, 136] OFM[1, 12, 12, 136]",0,0,1,1,0,0,0,4014,635,1272,86,0,6014,1159,1791,611,0
yolo-fastest_192_face_v4,B-frozen,63,Conv2D|12x12x24|1x1|62,Conv2D,1,1,,,0,NOT_SEPARATED,0,0,3280,2380,"[1, 4, 8]","[2, 2, 16]","OFM[1, 4, 12, 24] IFM[1, 4, 12, 64]","OFM[1, 6, 12, 32] IFM[1, 6, 12, 64]","IFM[1, 12, 12, 136] OFM[1, 12, 12, 24]","IFM[1, 12, 12, 136] OFM[1, 12, 12, 24]",0,0,1,1,0,0,0,,,,,,,,,,
yolo-fastest_192_face_v4,B-frozen,64,Add|12x12x24|1x1|63,Add,1,1,,,0,NOT_SEPARATED,0,0,,,,,,,,,,,,,,,0,,,,,,,,,,
yolo-fastest_192_face_v4,B-frozen,65,Conv2D|12x12x136|1x1|64,Conv2D,1,1,6015,7015,1,REGRESS,0,0,10467,5887,"[1, 4, 8]","[2, 2, 16]","OFM[1, 10, 12, 16] IFM[1, 10, 12, 16]","OFM[1, 10, 12, 32] IFM[1, 10, 12, 16]","IFM[1, 12, 12, 24] OFM[1, 12, 12, 136]","IFM[1, 12, 12, 24] OFM[1, 12, 12, 136]",0,0,1,1,0,0,0,7014,1236,1397,948,0,6014,1444,1408,226,0
yolo-fastest_192_face_v4,B-frozen,66,DepthwiseConv2D|12x12x136|1x1|65,DepthwiseConv2D,1,1,6015,4015,1,IMPROVE,0,0,8477,4969,"[1, 2, 16]","[2, 2, 16]","OFM[12, 12, 16] IFM[1, 14, 14, 16]","OFM[12, 12, 48] IFM[1, 14, 14, 64]","IFM[1, 12, 12, 136] OFM[1, 12, 12, 136]","IFM[1, 12, 12, 136] OFM[1, 12, 12, 136]",0,0,1,1,0,0,0,4014,624,1184,161,0,6014,1139,1838,655,0
yolo-fastest_192_face_v4,B-frozen,67,Conv2D|12x12x24|1x1|66,Conv2D,1,1,,,0,NOT_SEPARATED,0,0,3280,2380,"[1, 4, 8]","[2, 2, 16]","OFM[1, 4, 12, 24] IFM[1, 4, 12, 64]","OFM[1, 6, 12, 32] IFM[1, 6, 12, 64]","IFM[1, 12, 12, 136] OFM[1, 12, 12, 24]","IFM[1, 12, 12, 136] OFM[1, 12, 12, 24]",0,0,1,1,0,0,0,,,,,,,,,,
yolo-fastest_192_face_v4,B-frozen,68,Add|12x12x24|1x1|67,Add,1,1,,,0,NOT_SEPARATED,0,0,,,,,,,,,,,,,,,0,,,,,,,,,,
yolo-fastest_192_face_v4,B-frozen,69,Conv2D|12x12x136|1x1|68,Conv2D,1,1,6015,8015,1,REGRESS,0,0,10467,5887,"[1, 4, 8]","[2, 2, 16]","OFM[1, 10, 12, 16] IFM[1, 10, 12, 16]","OFM[1, 10, 12, 32] IFM[1, 10, 12, 16]","IFM[1, 12, 12, 24] OFM[1, 12, 12, 136]","IFM[1, 12, 12, 24] OFM[1, 12, 12, 136]",0,0,1,1,0,0,0,8014,1312,1450,955,0,6014,1442,1376,220,0
yolo-fastest_192_face_v4,B-frozen,70,DepthwiseConv2D|12x12x136|1x1|69,DepthwiseConv2D,1,1,6015,4015,1,IMPROVE,0,0,8477,4969,"[1, 2, 16]","[2, 2, 16]","OFM[12, 12, 16] IFM[1, 14, 14, 16]","OFM[12, 12, 48] IFM[1, 14, 14, 64]","IFM[1, 12, 12, 136] OFM[1, 12, 12, 136]","IFM[1, 12, 12, 136] OFM[1, 12, 12, 136]",0,0,1,1,0,0,0,4014,653,1137,254,0,6014,1135,1468,254,0
yolo-fastest_192_face_v4,B-frozen,71,Conv2D|12x12x24|1x1|70,Conv2D,1,1,,,0,NOT_SEPARATED,0,0,3280,2380,"[1, 4, 8]","[2, 2, 16]","OFM[1, 4, 12, 24] IFM[1, 4, 12, 64]","OFM[1, 6, 12, 32] IFM[1, 6, 12, 64]","IFM[1, 12, 12, 136] OFM[1, 12, 12, 24]","IFM[1, 12, 12, 136] OFM[1, 12, 12, 24]",0,0,1,1,0,0,0,,,,,,,,,,
yolo-fastest_192_face_v4,B-frozen,72,Add|12x12x24|1x1|71,Add,1,1,,,0,NOT_SEPARATED,0,0,,,,,,,,,,,,,,,0,,,,,,,,,,
yolo-fastest_192_face_v4,B-frozen,73,Conv2D|12x12x136|1x1|72,Conv2D,2,1,7015,8015,1,REGRESS,0,0,10467,5887,"[1, 4, 8]","[2, 2, 16]","OFM[1, 10, 12, 16] IFM[1, 10, 12, 16]","OFM[1, 10, 12, 32] IFM[1, 10, 12, 16]","IFM[1, 12, 12, 24] OFM[1, 12, 12, 136]","IFM[1, 12, 12, 24] OFM[1, 12, 12, 136]",0,0,1,1,1,0,1,8014,1344,1368,975,0,7014,2201,1516,311,0
yolo-fastest_192_face_v4,B-frozen,75,DepthwiseConv2D|6x6x136|1x1|74,DepthwiseConv2D,1,1,2015,3015,1,REGRESS,0,0,3937,3744,"[1, 2, 16]","[2, 2, 16]","OFM[6, 6, 64] IFM[1, 13, 13, 64]","OFM[6, 6, 64] IFM[1, 13, 13, 64]","IFM[1, 12, 12, 136] OFM[1, 6, 6, 136]","IFM[1, 12, 12, 136] OFM[1, 6, 6, 136]",0,0,1,0,0,0,0,3014,324,252,516,0,2014,796,262,197,0
yolo-fastest_192_face_v4,B-frozen,76,Conv2D|6x6x48|1x1|75,Conv2D,1,1,2015,1015,1,IMPROVE,0,0,2233,1621,"[2, 2, 8]","[2, 2, 16]","OFM[1, 6, 6, 48] IFM[1, 6, 6, 64]","OFM[1, 6, 6, 48] IFM[1, 6, 6, 64]","IFM[1, 6, 6, 136] OFM[1, 6, 6, 48]","IFM[1, 6, 6, 136] OFM[1, 6, 6, 48]",0,0,1,0,0,0,0,1014,108,108,35,0,2014,108,138,532,0
yolo-fastest_192_face_v4,B-frozen,77,Conv2D|6x6x224|1x1|76,Conv2D,1,1,3015,6015,1,REGRESS,0,0,5031,5353,"[2, 2, 8]","[2, 2, 16]","OFM[1, 6, 6, 48] IFM[1, 6, 6, 64]","OFM[1, 6, 6, 112] IFM[1, 6, 6, 64]","IFM[1, 6, 6, 48] OFM[1, 6, 6, 224]","IFM[1, 6, 6, 48] OFM[1, 6, 6, 224]",0,0,1,1,0,0,0,6014,504,540,1105,0,3014,504,506,788,0
yolo-fastest_192_face_v4,B-frozen,78,DepthwiseConv2D|6x6x224|1x1|77,DepthwiseConv2D,1,1,3015,5015,1,REGRESS,0,0,5887,5911,"[1, 2, 16]","[2, 2, 16]","OFM[6, 6, 112] IFM[1, 8, 8, 128]","OFM[6, 6, 128] IFM[1, 8, 8, 128]","IFM[1, 6, 6, 224] OFM[1, 6, 6, 224]","IFM[1, 6, 6, 224] OFM[1, 6, 6, 224]",0,0,1,1,0,0,0,5014,325,468,128,0,3014,612,468,491,0
yolo-fastest_192_face_v4,B-frozen,79,Conv2D|6x6x48|1x1|78,Conv2D,1,1,,,0,NOT_SEPARATED,0,0,2760,1801,"[2, 2, 8]","[2, 2, 16]","OFM[1, 6, 6, 48] IFM[1, 6, 6, 64]","OFM[1, 6, 6, 48] IFM[1, 6, 6, 64]","IFM[1, 6, 6, 224] OFM[1, 6, 6, 48]","IFM[1, 6, 6, 224] OFM[1, 6, 6, 48]",0,0,1,0,0,0,0,,,,,,,,,,
yolo-fastest_192_face_v4,B-frozen,80,Add|6x6x48|1x1|79,Add,1,1,,,0,NOT_SEPARATED,0,0,,,,,,,,,,,,,,,0,,,,,,,,,,
yolo-fastest_192_face_v4,B-frozen,81,Conv2D|6x6x224|1x1|80,Conv2D,1,1,3015,6015,1,REGRESS,0,0,5031,5353,"[2, 2, 8]","[2, 2, 16]","OFM[1, 6, 6, 48] IFM[1, 6, 6, 64]","OFM[1, 6, 6, 112] IFM[1, 6, 6, 64]","IFM[1, 6, 6, 48] OFM[1, 6, 6, 224]","IFM[1, 6, 6, 48] OFM[1, 6, 6, 224]",0,0,1,1,0,0,0,6014,496,504,928,0,3014,504,606,1137,0
yolo-fastest_192_face_v4,B-frozen,82,DepthwiseConv2D|6x6x224|1x1|81,DepthwiseConv2D,1,1,3015,6015,1,REGRESS,0,0,5887,5911,"[1, 2, 16]","[2, 2, 16]","OFM[6, 6, 112] IFM[1, 8, 8, 128]","OFM[6, 6, 128] IFM[1, 8, 8, 128]","IFM[1, 6, 6, 224] OFM[1, 6, 6, 224]","IFM[1, 6, 6, 224] OFM[1, 6, 6, 224]",0,0,1,1,0,0,0,6014,713,504,582,0,3014,383,396,206,0
yolo-fastest_192_face_v4,B-frozen,83,Conv2D|6x6x48|1x1|82,Conv2D,1,1,,,0,NOT_SEPARATED,0,0,2760,1801,"[2, 2, 8]","[2, 2, 16]","OFM[1, 6, 6, 48] IFM[1, 6, 6, 64]","OFM[1, 6, 6, 48] IFM[1, 6, 6, 64]","IFM[1, 6, 6, 224] OFM[1, 6, 6, 48]","IFM[1, 6, 6, 224] OFM[1, 6, 6, 48]",0,0,1,0,0,0,0,,,,,,,,,,
yolo-fastest_192_face_v4,B-frozen,84,Add|6x6x48|1x1|83,Add,1,1,,,0,NOT_SEPARATED,0,0,,,,,,,,,,,,,,,0,,,,,,,,,,
yolo-fastest_192_face_v4,B-frozen,85,Conv2D|6x6x224|1x1|84,Conv2D,1,1,3015,6015,1,REGRESS,0,0,5031,5353,"[2, 2, 8]","[2, 2, 16]","OFM[1, 6, 6, 48] IFM[1, 6, 6, 64]","OFM[1, 6, 6, 112] IFM[1, 6, 6, 64]","IFM[1, 6, 6, 48] OFM[1, 6, 6, 224]","IFM[1, 6, 6, 48] OFM[1, 6, 6, 224]",0,0,1,1,0,0,0,6014,497,504,971,0,3014,504,600,1071,0
yolo-fastest_192_face_v4,B-frozen,86,DepthwiseConv2D|6x6x224|1x1|85,DepthwiseConv2D,1,1,3015,5015,1,REGRESS,0,0,5887,5911,"[1, 2, 16]","[2, 2, 16]","OFM[6, 6, 112] IFM[1, 8, 8, 128]","OFM[6, 6, 128] IFM[1, 8, 8, 128]","IFM[1, 6, 6, 224] OFM[1, 6, 6, 224]","IFM[1, 6, 6, 224] OFM[1, 6, 6, 224]",0,0,1,1,0,0,0,5014,21,504,278,0,3014,365,404,196,0
yolo-fastest_192_face_v4,B-frozen,87,Conv2D|6x6x48|1x1|86,Conv2D,1,1,,,0,NOT_SEPARATED,0,0,2760,1801,"[2, 2, 8]","[2, 2, 16]","OFM[1, 6, 6, 48] IFM[1, 6, 6, 64]","OFM[1, 6, 6, 48] IFM[1, 6, 6, 64]","IFM[1, 6, 6, 224] OFM[1, 6, 6, 48]","IFM[1, 6, 6, 224] OFM[1, 6, 6, 48]",0,0,1,0,0,0,0,,,,,,,,,,
yolo-fastest_192_face_v4,B-frozen,88,Add|6x6x48|1x1|87,Add,1,1,,,0,NOT_SEPARATED,0,0,,,,,,,,,,,,,,,0,,,,,,,,,,
yolo-fastest_192_face_v4,B-frozen,89,Conv2D|6x6x224|1x1|88,Conv2D,1,1,4015,5015,1,REGRESS,0,0,5031,5353,"[2, 2, 8]","[2, 2, 16]","OFM[1, 6, 6, 48] IFM[1, 6, 6, 64]","OFM[1, 6, 6, 112] IFM[1, 6, 6, 64]","IFM[1, 6, 6, 48] OFM[1, 6, 6, 224]","IFM[1, 6, 6, 48] OFM[1, 6, 6, 224]",0,0,1,1,0,0,0,5014,3,492,713,0,4014,504,671,1017,0
yolo-fastest_192_face_v4,B-frozen,90,DepthwiseConv2D|6x6x224|1x1|89,DepthwiseConv2D,1,1,3015,7015,1,REGRESS,0,0,5887,5911,"[1, 2, 16]","[2, 2, 16]","OFM[6, 6, 112] IFM[1, 8, 8, 128]","OFM[6, 6, 128] IFM[1, 8, 8, 128]","IFM[1, 6, 6, 224] OFM[1, 6, 6, 224]","IFM[1, 6, 6, 224] OFM[1, 6, 6, 224]",0,0,1,1,0,0,0,7014,1098,504,488,0,3014,612,312,337,0
yolo-fastest_192_face_v4,B-frozen,91,Conv2D|6x6x48|1x1|90,Conv2D,1,1,,,0,NOT_SEPARATED,0,0,2760,1801,"[2, 2, 8]","[2, 2, 16]","OFM[1, 6, 6, 48] IFM[1, 6, 6, 64]","OFM[1, 6, 6, 48] IFM[1, 6, 6, 64]","IFM[1, 6, 6, 224] OFM[1, 6, 6, 48]","IFM[1, 6, 6, 224] OFM[1, 6, 6, 48]",0,0,1,0,0,0,0,,,,,,,,,,
yolo-fastest_192_face_v4,B-frozen,92,Add|6x6x48|1x1|91,Add,1,1,,,0,NOT_SEPARATED,0,0,,,,,,,,,,,,,,,0,,,,,,,,,,
yolo-fastest_192_face_v4,B-frozen,93,Conv2D|6x6x224|1x1|92,Conv2D,1,1,3015,6015,1,REGRESS,0,0,5031,5353,"[2, 2, 8]","[2, 2, 16]","OFM[1, 6, 6, 48] IFM[1, 6, 6, 64]","OFM[1, 6, 6, 112] IFM[1, 6, 6, 64]","IFM[1, 6, 6, 48] OFM[1, 6, 6, 224]","IFM[1, 6, 6, 48] OFM[1, 6, 6, 224]",0,0,1,1,0,0,0,6014,504,521,1097,0,3014,504,450,853,0
yolo-fastest_192_face_v4,B-frozen,94,DepthwiseConv2D|6x6x224|1x1|93,DepthwiseConv2D,1,1,3015,5015,1,REGRESS,0,0,5887,5911,"[1, 2, 16]","[2, 2, 16]","OFM[6, 6, 112] IFM[1, 8, 8, 128]","OFM[6, 6, 128] IFM[1, 8, 8, 128]","IFM[1, 6, 6, 224] OFM[1, 6, 6, 224]","IFM[1, 6, 6, 224] OFM[1, 6, 6, 224]",0,0,1,1,0,0,0,5014,184,480,130,0,3014,95,450,118,0
yolo-fastest_192_face_v4,B-frozen,95,Conv2D|6x6x48|1x1|94,Conv2D,1,1,,,0,NOT_SEPARATED,0,0,2760,1801,"[2, 2, 8]","[2, 2, 16]","OFM[1, 6, 6, 48] IFM[1, 6, 6, 64]","OFM[1, 6, 6, 48] IFM[1, 6, 6, 64]","IFM[1, 6, 6, 224] OFM[1, 6, 6, 48]","IFM[1, 6, 6, 224] OFM[1, 6, 6, 48]",0,0,1,0,0,0,0,,,,,,,,,,
yolo-fastest_192_face_v4,B-frozen,96,Add|6x6x48|1x1|95,Add,1,1,,,0,NOT_SEPARATED,0,0,,,,,,,,,,,,,,,0,,,,,,,,,,
yolo-fastest_192_face_v4,B-frozen,97,MaxPool|6x6x48|1x1|96,MaxPool,1,1,,,0,NOT_SEPARATED,0,0,2859,1528,"[1, 2, 16]","[2, 2, 16]","OFM[6, 6, 48] IFM[1, 8, 8, 64]","OFM[6, 6, 48] IFM[1, 8, 8, 64]","IFM[1, 6, 6, 48] OFM[1, 6, 6, 48]","IFM[1, 6, 6, 48] OFM[1, 6, 6, 48]",0,0,1,0,0,0,0,,,,,,,,,,
yolo-fastest_192_face_v4,B-frozen,98,MaxPool|6x6x48|1x1|97,MaxPool,1,1,,,0,NOT_SEPARATED,0,0,7179,3688,"[1, 2, 16]","[2, 2, 16]","OFM[6, 6, 48] IFM[1, 10, 10, 64]","OFM[6, 6, 48] IFM[1, 10, 10, 64]","IFM[1, 6, 6, 48] OFM[1, 6, 6, 48]","IFM[1, 6, 6, 48] OFM[1, 6, 6, 48]",0,0,1,0,0,0,0,,,,,,,,,,
yolo-fastest_192_face_v4,B-frozen,99,MaxPool|6x6x48|1x1|98,MaxPool,1,1,,,0,NOT_SEPARATED,0,0,23109,11653,"[1, 2, 16]","[2, 2, 16]","OFM[6, 6, 48] IFM[1, 13, 13, 64]","OFM[6, 6, 48] IFM[1, 13, 13, 64]","IFM[1, 6, 6, 48] OFM[1, 6, 6, 48]","IFM[1, 6, 6, 48] OFM[1, 6, 6, 48]",0,0,1,0,0,0,0,,,,,,,,,,
yolo-fastest_192_face_v4,B-frozen,100,Concat|6x6x192|1x1|99,Concat,4,4,,,0,NOT_SEPARATED,0,0,,,,,,,,,,,,,,,0,,,,,,,,,,
yolo-fastest_192_face_v4,B-frozen,101,Conv2D|6x6x96|1x1|100,Conv2D,1,1,4015,4015,1,SAME,0,0,3529,3171,"[2, 2, 8]","[2, 2, 16]","OFM[1, 6, 6, 48] IFM[1, 6, 6, 64]","OFM[1, 6, 6, 96] IFM[1, 6, 6, 64]","IFM[1, 6, 6, 192] OFM[1, 6, 6, 96]","IFM[1, 6, 6, 192] OFM[1, 6, 6, 96]",0,0,1,1,0,0,0,4014,444,535,1143,0,4014,436,228,1134,0
yolo-fastest_192_face_v4,B-frozen,102,DepthwiseConv2D|6x6x96|1x1|101,DepthwiseConv2D,1,1,1015,,0,NOT_SEPARATED,0,0,4274,3938,"[1, 2, 16]","[2, 2, 16]","OFM[6, 6, 64] IFM[1, 10, 10, 64]","OFM[6, 6, 64] IFM[1, 10, 10, 64]","IFM[1, 6, 6, 96] OFM[1, 6, 6, 96]","IFM[1, 6, 6, 96] OFM[1, 6, 6, 96]",0,0,1,0,0,0,0,,,,,,1014,72,36,133,0
yolo-fastest_192_face_v4,B-frozen,103,Conv2D|6x6x96|1x1|102,Conv2D,1,1,2015,3015,1,REGRESS,0,0,2739,2883,"[2, 2, 8]","[2, 2, 16]","OFM[1, 6, 6, 48] IFM[1, 6, 6, 64]","OFM[1, 6, 6, 96] IFM[1, 6, 6, 64]","IFM[1, 6, 6, 96] OFM[1, 6, 6, 96]","IFM[1, 6, 6, 96] OFM[1, 6, 6, 96]",0,0,1,1,0,0,0,3014,79,216,690,0,2014,163,216,543,0
yolo-fastest_192_face_v4,B-frozen,104,DepthwiseConv2D|6x6x96|1x1|103,DepthwiseConv2D,1,1,3015,3015,1,SAME,0,0,4274,3938,"[1, 2, 16]","[2, 2, 16]","OFM[6, 6, 64] IFM[1, 10, 10, 64]","OFM[6, 6, 64] IFM[1, 10, 10, 64]","IFM[1, 6, 6, 96] OFM[1, 6, 6, 96]","IFM[1, 6, 6, 96] OFM[1, 6, 6, 96]",0,0,1,0,0,0,0,3014,336,216,494,0,3014,226,216,232,0
yolo-fastest_192_face_v4,B-frozen,105,Conv2D|6x6x96|1x1|104,Conv2D,1,1,3015,2015,1,IMPROVE,0,0,2739,2883,"[2, 2, 8]","[2, 2, 16]","OFM[1, 6, 6, 48] IFM[1, 6, 6, 64]","OFM[1, 6, 6, 96] IFM[1, 6, 6, 64]","IFM[1, 6, 6, 96] OFM[1, 6, 6, 96]","IFM[1, 6, 6, 96] OFM[1, 6, 6, 96]",0,0,1,1,0,0,0,2014,29,216,470,0,3014,229,216,877,43
yolo-fastest_192_face_v4,B-frozen,106,Conv2D|6x6x18|1x1|105,Conv2D,1,1,1030,2030,1,REGRESS,1,1,1316,930,"[2, 2, 8]","[2, 2, 16]","OFM[1, 6, 6, 24] IFM[1, 6, 6, 64]","OFM[1, 6, 6, 32] IFM[1, 6, 6, 64]","IFM[1, 6, 6, 96] OFM[1, 6, 6, 18]","IFM[1, 6, 6, 96] OFM[1, 6, 6, 18]",0,0,1,1,0,0,0,,,,,,,,,,
yolo-fastest_192_face_v4,B-frozen,107,ResizeNearestNeighbor|12x12x96|1x1|106,ResizeNearestNeighbor,1,1,4015,2015,1,IMPROVE,0,0,,,,,,,,,,,,,,,0,2014,1340,972,8,0,4014,1411,972,4,0
yolo-fastest_192_face_v4,B-frozen,108,Concat|12x12x120|1x1|107,Concat,2,2,,,0,NOT_SEPARATED,0,0,,,,,,,,,,,,,,,0,,,,,,,,,,
yolo-fastest_192_face_v4,B-frozen,109,DepthwiseConv2D|12x12x120|1x1|108,DepthwiseConv2D,1,1,14015,9015,1,IMPROVE,0,0,17117,9095,"[1, 2, 16]","[2, 2, 16]","OFM[12, 12, 16] IFM[1, 16, 16, 16]","OFM[6, 12, 48] IFM[1, 10, 16, 64]","IFM[1, 12, 12, 120] OFM[1, 12, 12, 120]","IFM[1, 12, 12, 120] OFM[1, 12, 12, 120]",0,0,1,1,0,0,0,9014,2965,2258,1524,0,14014,969,1513,426,0
yolo-fastest_192_face_v4,B-frozen,110,Conv2D|12x12x120|1x1|109,Conv2D,1,1,9015,4015,1,IMPROVE,0,0,10239,8320,"[1, 4, 8]","[2, 2, 16]","OFM[1, 3, 12, 48] IFM[1, 3, 12, 64]","OFM[1, 4, 12, 64] IFM[1, 4, 12, 64]","IFM[1, 12, 12, 120] OFM[1, 12, 12, 120]","IFM[1, 12, 12, 120] OFM[1, 12, 12, 120]",0,0,1,1,0,0,0,4014,2948,960,12,0,9014,5185,1159,209,0
yolo-fastest_192_face_v4,B-frozen,111,DepthwiseConv2D|12x12x120|1x1|110,DepthwiseConv2D,1,1,,,0,NOT_SEPARATED,0,0,17117,9095,"[1, 2, 16]","[2, 2, 16]","OFM[12, 12, 16] IFM[1, 16, 16, 16]","OFM[6, 12, 48] IFM[1, 10, 16, 64]","IFM[1, 12, 12, 120] OFM[1, 12, 12, 120]","IFM[1, 12, 12, 120] OFM[1, 12, 12, 120]",0,0,1,1,0,0,0,,,,,,,,,,
yolo-fastest_192_face_v4,B-frozen,112,Conv2D|12x12x120|1x1|111,Conv2D,1,1,8015,5015,1,IMPROVE,0,0,10239,8320,"[1, 4, 8]","[2, 2, 16]","OFM[1, 3, 12, 48] IFM[1, 3, 12, 64]","OFM[1, 4, 12, 64] IFM[1, 4, 12, 64]","IFM[1, 12, 12, 120] OFM[1, 12, 12, 120]","IFM[1, 12, 12, 120] OFM[1, 12, 12, 120]",0,0,1,1,0,0,0,5014,3982,1147,28,56,8014,5061,1092,4,0
yolo-fastest_192_face_v4,B-frozen,113,Conv2D|12x12x18|1x1|112,Conv2D,1,1,4015,,0,NOT_SEPARATED,0,0,3007,1870,"[1, 4, 8]","[2, 2, 16]","OFM[1, 4, 12, 24] IFM[1, 4, 12, 64]","OFM[1, 6, 12, 32] IFM[1, 6, 12, 64]","IFM[1, 12, 12, 120] OFM[1, 12, 12, 18]","IFM[1, 12, 12, 120] OFM[1, 12, 12, 18]",0,0,1,1,0,0,0,,,,,,4014,1373,180,261,414
yolo-fastest_192_face_v4,B-held,2,Conv2D|96x96x8|1x1|1,Conv2D,1,1,44061,45061,1,REGRESS,0,0,43598,42579,"[1, 4, 8]","[2, 2, 16]","OFM[1, 5, 20, 16] IFM[1, 11, 44, 16]","OFM[1, 10, 10, 16] IFM[1, 22, 22, 16]","IFM[1, 192, 192, 1] OFM[1, 96, 96, 8]","IFM[1, 192, 192, 1] OFM[1, 96, 96, 8]",0,0,1,1,0,0,0,45007,2577,9299,4349,0,44007,2867,9515,3495,0
yolo-fastest_192_face_v4,B-held,3,Conv2D|96x96x8|1x1|2,Conv2D,1,1,18015,14015,1,IMPROVE,0,0,25659,16724,"[1, 4, 8]","[2, 2, 16]","OFM[1, 4, 32, 16] IFM[1, 4, 32, 16]","OFM[1, 8, 32, 16] IFM[1, 8, 32, 16]","IFM[1, 96, 96, 8] OFM[1, 96, 96, 8]","IFM[1, 96, 96, 8] OFM[1, 96, 96, 8]",0,0,1,1,0,0,0,14014,11389,9587,8,0,18014,10944,9010,4,0
yolo-fastest_192_face_v4,B-held,4,DepthwiseConv2D|96x96x8|1x1|3,DepthwiseConv2D,1,1,,,0,NOT_SEPARATED,0,0,56150,28596,"[1, 2, 16]","[2, 2, 16]","OFM[16, 16, 16] IFM[1, 18, 18, 16]","OFM[24, 20, 16] IFM[1, 26, 22, 16]","IFM[1, 96, 96, 8] OFM[1, 96, 96, 8]","IFM[1, 96, 96, 8] OFM[1, 96, 96, 8]",0,0,1,1,0,0,0,,,,,,,,,,
yolo-fastest_192_face_v4,B-held,5,Conv2D|96x96x4|1x1|4,Conv2D,1,1,,,0,NOT_SEPARATED,0,0,30806,23115,"[1, 4, 8]","[2, 2, 16]","OFM[1, 4, 32, 16] IFM[1, 4, 32, 16]","OFM[1, 8, 32, 16] IFM[1, 8, 32, 16]","IFM[1, 96, 96, 8] OFM[1, 96, 96, 4]","IFM[1, 96, 96, 8] OFM[1, 96, 96, 4]",0,0,1,1,0,0,0,,,,,,,,,,
yolo-fastest_192_face_v4,B-held,6,Conv2D|96x96x8|1x1|5,Conv2D,1,1,18015,,0,NOT_SEPARATED,0,0,33142,24299,"[1, 4, 8]","[2, 2, 16]","OFM[1, 4, 32, 16] IFM[1, 4, 32, 16]","OFM[1, 8, 32, 16] IFM[1, 8, 32, 16]","IFM[1, 96, 96, 4] OFM[1, 96, 96, 8]","IFM[1, 96, 96, 4] OFM[1, 96, 96, 8]",0,0,1,1,0,0,0,,,,,,18014,4606,8991,27,0
yolo-fastest_192_face_v4,B-held,7,DepthwiseConv2D|96x96x8|1x1|6,DepthwiseConv2D,1,1,41015,21015,1,IMPROVE,0,0,56150,28596,"[1, 2, 16]","[2, 2, 16]","OFM[16, 16, 16] IFM[1, 18, 18, 16]","OFM[24, 20, 16] IFM[1, 26, 22, 16]","IFM[1, 96, 96, 8] OFM[1, 96, 96, 8]","IFM[1, 96, 96, 8] OFM[1, 96, 96, 8]",0,0,1,1,0,0,0,21014,11291,9206,20,0,41014,11503,9125,4,0
yolo-fastest_192_face_v4,B-held,8,Conv2D|96x96x4|1x1|7,Conv2D,1,1,9015,13015,1,REGRESS,0,0,30806,23115,"[1, 4, 8]","[2, 2, 16]","OFM[1, 4, 32, 16] IFM[1, 4, 32, 16]","OFM[1, 8, 32, 16] IFM[1, 8, 32, 16]","IFM[1, 96, 96, 8] OFM[1, 96, 96, 4]","IFM[1, 96, 96, 8] OFM[1, 96, 96, 4]",0,0,1,1,0,0,0,13014,8742,2324,39,0,9014,9788,2216,12,0
yolo-fastest_192_face_v4,B-held,9,Add|96x96x4|1x1|8,Add,1,1,,5015,0,NOT_SEPARATED,0,0,9216,4608,"[1, 2, 16]","[2, 2, 16]","OFM[48, 128, 16] IFM[48, 128, 16]","OFM[48, 256, 16] IFM[48, 256, 16]","IFM[1, 48, 48, 16] OFM[1, 48, 48, 16]","IFM[1, 48, 48, 16] OFM[1, 48, 48, 16]",0,0,1,1,0,0,0,5014,4555,2368,61,0,,,,,
yolo-fastest_192_face_v4,B-held,10,Conv2D|96x96x24|1x1|9,Conv2D,1,1,,32015,0,NOT_SEPARATED,0,0,68430,44342,"[1, 4, 8]","[2, 2, 16]","OFM[1, 2, 32, 24] IFM[1, 2, 32, 16]","OFM[1, 4, 32, 32] IFM[1, 4, 32, 16]","IFM[1, 96, 96, 4] OFM[1, 96, 96, 24]","IFM[1, 96, 96, 4] OFM[1, 96, 96, 24]",0,0,1,1,0,0,0,32014,6291,18496,38,0,,,,,
yolo-fastest_192_face_v4,B-held,12,DepthwiseConv2D|48x48x24|1x1|11,DepthwiseConv2D,1,1,21015,20015,1,IMPROVE,0,0,31025,25671,"[1, 2, 16]","[2, 2, 16]","OFM[16, 12, 16] IFM[1, 34, 26, 16]","OFM[14, 12, 16] IFM[1, 30, 26, 16]","IFM[1, 96, 96, 24] OFM[1, 48, 48, 24]","IFM[1, 96, 96, 24] OFM[1, 48, 48, 24]",0,0,1,1,0,0,0,20014,18966,4436,12,0,21014,19688,5023,63,0
yolo-fastest_192_face_v4,B-held,13,Conv2D|48x48x8|1x1|12,Conv2D,1,1,,,0,NOT_SEPARATED,0,0,9697,9928,"[1, 4, 8]","[2, 2, 16]","OFM[1, 8, 16, 16] IFM[1, 8, 16, 16]","OFM[1, 16, 16, 16] IFM[1, 16, 16, 16]","IFM[1, 48, 48, 24] OFM[1, 48, 48, 8]","IFM[1, 48, 48, 24] OFM[1, 48, 48, 8]",0,0,1,1,0,0,0,,,,,,,,,,
yolo-fastest_192_face_v4,B-held,14,Conv2D|48x48x32|1x1|13,Conv2D,1,1,19015,9015,1,IMPROVE,0,0,22993,11828,"[1, 4, 8]","[2, 2, 16]","OFM[1, 4, 16, 32] IFM[1, 4, 16, 16]","OFM[1, 8, 16, 32] IFM[1, 8, 16, 16]","IFM[1, 48, 48, 8] OFM[1, 48, 48, 32]","IFM[1, 48, 48, 8] OFM[1, 48, 48, 32]",0,0,1,1,0,0,0,9014,4182,4554,54,0,19014,4985,4521,39,0
yolo-fastest_192_face_v4,B-held,15,DepthwiseConv2D|48x48x32|1x1|14,DepthwiseConv2D,1,1,20015,9015,1,IMPROVE,0,0,28784,15174,"[1, 2, 16]","[2, 2, 16]","OFM[16, 16, 16] IFM[1, 18, 18, 16]","OFM[30, 16, 16] IFM[1, 32, 18, 16]","IFM[1, 48, 48, 32] OFM[1, 48, 48, 32]","IFM[1, 48, 48, 32] OFM[1, 48, 48, 32]",0,0,1,1,0,0,0,9014,3832,4267,64,0,20014,5018,4623,71,0
yolo-fastest_192_face_v4,B-held,16,Conv2D|48x48x8|1x1|15,Conv2D,1,1,,,0,NOT_SEPARATED,0,0,10369,9992,"[1, 4, 8]","[2, 2, 16]","OFM[1, 8, 16, 16] IFM[1, 8, 16, 16]","OFM[1, 16, 16, 16] IFM[1, 16, 16, 16]","IFM[1, 48, 48, 32] OFM[1, 48, 48, 8]","IFM[1, 48, 48, 32] OFM[1, 48, 48, 8]",0,0,1,1,0,0,0,,,,,,,,,,
yolo-fastest_192_face_v4,B-held,17,Add|48x48x8|1x1|16,Add,1,1,,,0,NOT_SEPARATED,0,0,,,,,,,,,,,,,,,0,,,,,,,,,,
yolo-fastest_192_face_v4,B-held,18,Conv2D|48x48x32|1x1|17,Conv2D,1,1,,,0,NOT_SEPARATED,0,0,22993,11828,"[1, 4, 8]","[2, 2, 16]","OFM[1, 4, 16, 32] IFM[1, 4, 16, 16]","OFM[1, 8, 16, 32] IFM[1, 8, 16, 16]","IFM[1, 48, 48, 8] OFM[1, 48, 48, 32]","IFM[1, 48, 48, 8] OFM[1, 48, 48, 32]",0,0,1,1,0,0,0,,,,,,,,,,
yolo-fastest_192_face_v4,B-held,19,DepthwiseConv2D|48x48x32|1x1|18,DepthwiseConv2D,1,1,20015,10015,1,IMPROVE,0,0,28784,15174,"[1, 2, 16]","[2, 2, 16]","OFM[16, 16, 16] IFM[1, 18, 18, 16]","OFM[30, 16, 16] IFM[1, 32, 18, 16]","IFM[1, 48, 48, 32] OFM[1, 48, 48, 32]","IFM[1, 48, 48, 32] OFM[1, 48, 48, 32]",0,0,1,1,0,0,0,10014,4541,4596,84,0,20014,5045,4576,24,0
yolo-fastest_192_face_v4,B-held,20,Conv2D|48x48x8|1x1|19,Conv2D,1,1,,,0,NOT_SEPARATED,0,0,10369,9992,"[1, 4, 8]","[2, 2, 16]","OFM[1, 8, 16, 16] IFM[1, 8, 16, 16]","OFM[1, 16, 16, 16] IFM[1, 16, 16, 16]","IFM[1, 48, 48, 32] OFM[1, 48, 48, 8]","IFM[1, 48, 48, 32] OFM[1, 48, 48, 8]",0,0,1,1,0,0,0,,,,,,,,,,
yolo-fastest_192_face_v4,B-held,21,Add|48x48x8|1x1|20,Add,1,1,,,0,NOT_SEPARATED,0,0,,,,,,,,,,,,,,,0,,,,,,,,,,
yolo-fastest_192_face_v4,B-held,22,Conv2D|48x48x32|1x1|21,Conv2D,1,1,,,0,NOT_SEPARATED,0,0,22993,11828,"[1, 4, 8]","[2, 2, 16]","OFM[1, 4, 16, 32] IFM[1, 4, 16, 16]","OFM[1, 8, 16, 32] IFM[1, 8, 16, 16]","IFM[1, 48, 48, 8] OFM[1, 48, 48, 32]","IFM[1, 48, 48, 8] OFM[1, 48, 48, 32]",0,0,1,1,0,0,0,,,,,,,,,,
yolo-fastest_192_face_v4,B-held,24,DepthwiseConv2D|24x24x32|1x1|23,DepthwiseConv2D,1,1,5015,3015,1,IMPROVE,0,0,8687,7095,"[1, 2, 16]","[2, 2, 16]","OFM[16, 12, 16] IFM[1, 34, 26, 16]","OFM[14, 12, 16] IFM[1, 30, 26, 16]","IFM[1, 48, 48, 32] OFM[1, 24, 24, 32]","IFM[1, 48, 48, 32] OFM[1, 24, 24, 32]",0,0,1,1,0,0,0,3014,2853,871,76,0,5014,3872,1373,82,0
yolo-fastest_192_face_v4,B-held,25,Conv2D|24x24x8|1x1|24,Conv2D,1,1,1015,2015,1,REGRESS,0,0,2767,2884,"[1, 4, 8]","[2, 2, 16]","OFM[1, 5, 24, 16] IFM[1, 5, 24, 16]","OFM[1, 8, 24, 16] IFM[1, 8, 24, 16]","IFM[1, 24, 24, 32] OFM[1, 24, 24, 8]","IFM[1, 24, 24, 32] OFM[1, 24, 24, 8]",0,0,1,1,0,0,0,2014,1322,1002,82,0,1014,472,432,77,0
yolo-fastest_192_face_v4,B-held,26,Conv2D|24x24x48|1x1|25,Conv2D,1,1,,,0,NOT_SEPARATED,0,0,14056,4847,"[1, 4, 8]","[2, 2, 16]","OFM[1, 5, 8, 48] IFM[1, 5, 8, 16]","OFM[1, 8, 24, 16] IFM[1, 8, 24, 16]","IFM[1, 24, 24, 8] OFM[1, 24, 24, 48]","IFM[1, 24, 24, 8] OFM[1, 24, 24, 48]",0,0,1,1,0,0,0,,,,,,,,,,
yolo-fastest_192_face_v4,B-held,27,DepthwiseConv2D|24x24x48|1x1|26,DepthwiseConv2D,1,1,8015,4015,1,IMPROVE,0,0,11498,6160,"[1, 2, 16]","[2, 2, 16]","OFM[21, 12, 16] IFM[1, 24, 14, 16]","OFM[40, 12, 16] IFM[1, 42, 14, 16]","IFM[1, 24, 24, 48] OFM[1, 24, 24, 48]","IFM[1, 24, 24, 48] OFM[1, 24, 24, 48]",0,0,1,1,0,0,0,4014,1925,1717,106,0,8014,2411,1796,107,0
yolo-fastest_192_face_v4,B-held,28,Conv2D|24x24x8|1x1|27,Conv2D,1,1,,,0,NOT_SEPARATED,0,0,3343,3153,"[1, 4, 8]","[2, 2, 16]","OFM[1, 5, 24, 16] IFM[1, 5, 24, 64]","OFM[1, 4, 24, 16] IFM[1, 4, 24, 64]","IFM[1, 24, 24, 48] OFM[1, 24, 24, 8]","IFM[1, 24, 24, 48] OFM[1, 24, 24, 8]",0,0,1,1,0,0,0,,,,,,,,,,
yolo-fastest_192_face_v4,B-held,29,Add|24x24x8|1x1|28,Add,1,1,,,0,NOT_SEPARATED,0,0,,,,,,,,,,,,,,,0,,,,,,,,,,
yolo-fastest_192_face_v4,B-held,30,Conv2D|24x24x48|1x1|29,Conv2D,1,1,,,0,NOT_SEPARATED,0,0,14056,4847,"[1, 4, 8]","[2, 2, 16]","OFM[1, 5, 8, 48] IFM[1, 5, 8, 16]","OFM[1, 8, 24, 16] IFM[1, 8, 24, 16]","IFM[1, 24, 24, 8] OFM[1, 24, 24, 48]","IFM[1, 24, 24, 8] OFM[1, 24, 24, 48]",0,0,1,1,0,0,0,,,,,,,,,,
yolo-fastest_192_face_v4,B-held,31,DepthwiseConv2D|24x24x48|1x1|30,DepthwiseConv2D,1,1,8015,3015,1,IMPROVE,0,0,11498,6160,"[1, 2, 16]","[2, 2, 16]","OFM[21, 12, 16] IFM[1, 24, 14, 16]","OFM[40, 12, 16] IFM[1, 42, 14, 16]","IFM[1, 24, 24, 48] OFM[1, 24, 24, 48]","IFM[1, 24, 24, 48] OFM[1, 24, 24, 48]",0,0,1,1,0,0,0,3014,924,1553,94,0,8014,2475,1789,90,0
yolo-fastest_192_face_v4,B-held,32,Conv2D|24x24x8|1x1|31,Conv2D,1,1,,,0,NOT_SEPARATED,0,0,3343,3153,"[1, 4, 8]","[2, 2, 16]","OFM[1, 5, 24, 16] IFM[1, 5, 24, 64]","OFM[1, 4, 24, 16] IFM[1, 4, 24, 64]","IFM[1, 24, 24, 48] OFM[1, 24, 24, 8]","IFM[1, 24, 24, 48] OFM[1, 24, 24, 8]",0,0,1,1,0,0,0,,,,,,,,,,
yolo-fastest_192_face_v4,B-held,33,Add|24x24x8|1x1|32,Add,1,1,,,0,NOT_SEPARATED,0,0,,,,,,,,,,,,,,,0,,,,,,,,,,
yolo-fastest_192_face_v4,B-held,34,Conv2D|24x24x48|1x1|33,Conv2D,1,1,,,0,NOT_SEPARATED,0,0,14056,4847,"[1, 4, 8]","[2, 2, 16]","OFM[1, 5, 8, 48] IFM[1, 5, 8, 16]","OFM[1, 8, 24, 16] IFM[1, 8, 24, 16]","IFM[1, 24, 24, 8] OFM[1, 24, 24, 48]","IFM[1, 24, 24, 8] OFM[1, 24, 24, 48]",0,0,1,1,0,0,0,,,,,,,,,,
yolo-fastest_192_face_v4,B-held,35,DepthwiseConv2D|24x24x48|1x1|34,DepthwiseConv2D,1,1,7015,3015,1,IMPROVE,0,0,11498,6160,"[1, 2, 16]","[2, 2, 16]","OFM[21, 12, 16] IFM[1, 24, 14, 16]","OFM[40, 12, 16] IFM[1, 42, 14, 16]","IFM[1, 24, 24, 48] OFM[1, 24, 24, 48]","IFM[1, 24, 24, 48] OFM[1, 24, 24, 48]",0,0,1,1,0,0,0,3014,986,1579,209,0,7014,2045,1552,0,0
yolo-fastest_192_face_v4,B-held,36,Conv2D|24x24x16|1x1|35,Conv2D,1,1,,3015,0,NOT_SEPARATED,0,0,3790,3542,"[1, 4, 8]","[2, 2, 16]","OFM[1, 5, 24, 16] IFM[1, 5, 24, 64]","OFM[1, 4, 24, 16] IFM[1, 4, 24, 64]","IFM[1, 24, 24, 48] OFM[1, 24, 24, 16]","IFM[1, 24, 24, 48] OFM[1, 24, 24, 16]",0,0,1,1,0,0,0,3014,2587,1046,136,0,,,,,
yolo-fastest_192_face_v4,B-held,37,Conv2D|24x24x96|1x1|36,Conv2D,1,1,14015,7015,1,IMPROVE,0,0,17449,15683,"[1, 4, 8]","[2, 2, 16]","OFM[1, 8, 8, 32] IFM[1, 8, 8, 16]","OFM[1, 6, 12, 48] IFM[1, 6, 12, 16]","IFM[1, 24, 24, 16] OFM[1, 24, 24, 96]","IFM[1, 24, 24, 16] OFM[1, 24, 24, 96]",0,0,1,1,0,0,0,7014,2631,3635,139,0,14014,3286,3471,119,0
yolo-fastest_192_face_v4,B-held,38,DepthwiseConv2D|24x24x96|1x1|37,DepthwiseConv2D,1,1,15015,7015,1,IMPROVE,0,0,21866,11440,"[1, 2, 16]","[2, 2, 16]","OFM[21, 12, 16] IFM[1, 24, 14, 16]","OFM[40, 12, 16] IFM[1, 42, 14, 16]","IFM[1, 24, 24, 96] OFM[1, 24, 24, 96]","IFM[1, 24, 24, 96] OFM[1, 24, 24, 96]",0,0,1,1,0,0,0,7014,3070,3246,216,0,15014,3844,3519,160,0
yolo-fastest_192_face_v4,B-held,39,Conv2D|24x24x16|1x1|38,Conv2D,1,1,,,0,NOT_SEPARATED,0,0,5727,4446,"[1, 4, 8]","[2, 2, 16]","OFM[1, 5, 24, 16] IFM[1, 5, 24, 64]","OFM[1, 4, 24, 16] IFM[1, 4, 24, 64]","IFM[1, 24, 24, 96] OFM[1, 24, 24, 16]","IFM[1, 24, 24, 96] OFM[1, 24, 24, 16]",0,0,1,1,0,0,0,,,,,,,,,,
yolo-fastest_192_face_v4,B-held,40,Add|24x24x16|1x1|39,Add,1,1,,,0,NOT_SEPARATED,0,0,,,,,,,,,,,,,,,0,,,,,,,,,,
yolo-fastest_192_face_v4,B-held,41,Conv2D|24x24x96|1x1|40,Conv2D,1,1,,,0,NOT_SEPARATED,0,0,17449,15683,"[1, 4, 8]","[2, 2, 16]","OFM[1, 8, 8, 32] IFM[1, 8, 8, 16]","OFM[1, 6, 12, 48] IFM[1, 6, 12, 16]","IFM[1, 24, 24, 16] OFM[1, 24, 24, 96]","IFM[1, 24, 24, 16] OFM[1, 24, 24, 96]",0,0,1,1,0,0,0,,,,,,,,,,
yolo-fastest_192_face_v4,B-held,42,DepthwiseConv2D|24x24x96|1x1|41,DepthwiseConv2D,1,1,14015,7015,1,IMPROVE,0,0,21866,11440,"[1, 2, 16]","[2, 2, 16]","OFM[21, 12, 16] IFM[1, 24, 14, 16]","OFM[40, 12, 16] IFM[1, 42, 14, 16]","IFM[1, 24, 24, 96] OFM[1, 24, 24, 96]","IFM[1, 24, 24, 96] OFM[1, 24, 24, 96]",0,0,1,1,0,0,0,7014,3056,3084,12,0,14014,3567,3420,224,0
yolo-fastest_192_face_v4,B-held,43,Conv2D|24x24x16|1x1|42,Conv2D,1,1,,,0,NOT_SEPARATED,0,0,5727,4446,"[1, 4, 8]","[2, 2, 16]","OFM[1, 5, 24, 16] IFM[1, 5, 24, 64]","OFM[1, 4, 24, 16] IFM[1, 4, 24, 64]","IFM[1, 24, 24, 96] OFM[1, 24, 24, 16]","IFM[1, 24, 24, 96] OFM[1, 24, 24, 16]",0,0,1,1,0,0,0,,,,,,,,,,
yolo-fastest_192_face_v4,B-held,44,Add|24x24x16|1x1|43,Add,1,1,,,0,NOT_SEPARATED,0,0,,,,,,,,,,,,,,,0,,,,,,,,,,
yolo-fastest_192_face_v4,B-held,45,Conv2D|24x24x96|1x1|44,Conv2D,1,1,,,0,NOT_SEPARATED,0,0,17449,15683,"[1, 4, 8]","[2, 2, 16]","OFM[1, 8, 8, 32] IFM[1, 8, 8, 16]","OFM[1, 6, 12, 48] IFM[1, 6, 12, 16]","IFM[1, 24, 24, 16] OFM[1, 24, 24, 96]","IFM[1, 24, 24, 16] OFM[1, 24, 24, 96]",0,0,1,1,0,0,0,,,,,,,,,,
yolo-fastest_192_face_v4,B-held,46,DepthwiseConv2D|24x24x96|1x1|45,DepthwiseConv2D,1,1,14015,7015,1,IMPROVE,0,0,21866,11440,"[1, 2, 16]","[2, 2, 16]","OFM[21, 12, 16] IFM[1, 24, 14, 16]","OFM[40, 12, 16] IFM[1, 42, 14, 16]","IFM[1, 24, 24, 96] OFM[1, 24, 24, 96]","IFM[1, 24, 24, 96] OFM[1, 24, 24, 96]",0,0,1,1,0,0,0,7014,3067,3249,217,0,14014,3429,3286,92,0
yolo-fastest_192_face_v4,B-held,47,Conv2D|24x24x16|1x1|46,Conv2D,1,1,,,0,NOT_SEPARATED,0,0,5727,4446,"[1, 4, 8]","[2, 2, 16]","OFM[1, 5, 24, 16] IFM[1, 5, 24, 64]","OFM[1, 4, 24, 16] IFM[1, 4, 24, 64]","IFM[1, 24, 24, 96] OFM[1, 24, 24, 16]","IFM[1, 24, 24, 96] OFM[1, 24, 24, 16]",0,0,1,1,0,0,0,,,,,,,,,,
yolo-fastest_192_face_v4,B-held,48,Add|24x24x16|1x1|47,Add,1,1,,,0,NOT_SEPARATED,0,0,,,,,,,,,,,,,,,0,,,,,,,,,,
yolo-fastest_192_face_v4,B-held,49,Conv2D|24x24x96|1x1|48,Conv2D,1,1,,,0,NOT_SEPARATED,0,0,17449,15683,"[1, 4, 8]","[2, 2, 16]","OFM[1, 8, 8, 32] IFM[1, 8, 8, 16]","OFM[1, 6, 12, 48] IFM[1, 6, 12, 16]","IFM[1, 24, 24, 16] OFM[1, 24, 24, 96]","IFM[1, 24, 24, 16] OFM[1, 24, 24, 96]",0,0,1,1,0,0,0,,,,,,,,,,
yolo-fastest_192_face_v4,B-held,50,DepthwiseConv2D|24x24x96|1x1|49,DepthwiseConv2D,1,1,14015,7015,1,IMPROVE,0,0,21866,11440,"[1, 2, 16]","[2, 2, 16]","OFM[21, 12, 16] IFM[1, 24, 14, 16]","OFM[40, 12, 16] IFM[1, 42, 14, 16]","IFM[1, 24, 24, 96] OFM[1, 24, 24, 96]","IFM[1, 24, 24, 96] OFM[1, 24, 24, 96]",0,0,1,1,0,0,0,7014,3040,3302,216,0,14014,3321,3276,8,0
yolo-fastest_192_face_v4,B-held,51,Conv2D|24x24x16|1x1|50,Conv2D,1,1,,,0,NOT_SEPARATED,0,0,5727,4446,"[1, 4, 8]","[2, 2, 16]","OFM[1, 5, 24, 16] IFM[1, 5, 24, 64]","OFM[1, 4, 24, 16] IFM[1, 4, 24, 64]","IFM[1, 24, 24, 96] OFM[1, 24, 24, 16]","IFM[1, 24, 24, 96] OFM[1, 24, 24, 16]",0,0,1,1,0,0,0,,,,,,,,,,
yolo-fastest_192_face_v4,B-held,52,Add|24x24x16|1x1|51,Add,1,1,,,0,NOT_SEPARATED,0,0,,,,,,,,,,,,,,,0,,,,,,,,,,
yolo-fastest_192_face_v4,B-held,53,Conv2D|24x24x96|1x1|52,Conv2D,1,1,15015,7015,1,IMPROVE,0,0,17449,15683,"[1, 4, 8]","[2, 2, 16]","OFM[1, 8, 8, 32] IFM[1, 8, 8, 16]","OFM[1, 6, 12, 48] IFM[1, 6, 12, 16]","IFM[1, 24, 24, 16] OFM[1, 24, 24, 96]","IFM[1, 24, 24, 16] OFM[1, 24, 24, 96]",0,0,1,1,0,0,0,7014,2465,3549,291,0,15014,3879,3676,220,0
yolo-fastest_192_face_v4,B-held,55,DepthwiseConv2D|12x12x96|1x1|54,DepthwiseConv2D,1,1,,3015,0,NOT_SEPARATED,0,0,6518,5301,"[1, 2, 16]","[2, 2, 16]","OFM[12, 12, 16] IFM[1, 26, 26, 16]","OFM[12, 12, 16] IFM[1, 26, 26, 16]","IFM[1, 24, 24, 96] OFM[1, 12, 12, 96]","IFM[1, 24, 24, 96] OFM[1, 12, 12, 96]",0,0,1,0,0,0,0,3014,2996,720,51,0,,,,,
yolo-fastest_192_face_v4,B-held,56,Conv2D|12x12x24|1x1|55,Conv2D,1,1,,,0,NOT_SEPARATED,0,0,2595,2048,"[1, 4, 8]","[2, 2, 16]","OFM[1, 10, 12, 16] IFM[1, 10, 12, 64]","OFM[1, 10, 12, 32] IFM[1, 10, 12, 64]","IFM[1, 12, 12, 96] OFM[1, 12, 12, 24]","IFM[1, 12, 12, 96] OFM[1, 12, 12, 24]",0,0,1,1,0,0,0,,,,,,,,,,
yolo-fastest_192_face_v4,B-held,57,Conv2D|12x12x136|1x1|56,Conv2D,2,2,6030,3015,1,IMPROVE,0,0,10467,5959,"[1, 4, 8]","[2, 2, 16]","OFM[1, 10, 12, 16] IFM[1, 10, 12, 16]","OFM[1, 10, 12, 32] IFM[1, 10, 12, 16]","IFM[1, 12, 12, 24] OFM[1, 12, 12, 136]","IFM[1, 12, 12, 24] OFM[1, 12, 12, 136]",0,0,1,1,0,0,0,3014,1039,1422,142,0,6028,1597,1364,268,0
yolo-fastest_192_face_v4,B-held,58,DepthwiseConv2D|12x12x136|1x1|57,DepthwiseConv2D,1,1,6015,4015,1,IMPROVE,0,0,8477,5171,"[1, 2, 16]","[2, 2, 16]","OFM[12, 12, 16] IFM[1, 14, 14, 16]","OFM[12, 12, 48] IFM[1, 14, 14, 64]","IFM[1, 12, 12, 136] OFM[1, 12, 12, 136]","IFM[1, 12, 12, 136] OFM[1, 12, 12, 136]",0,0,1,1,0,0,0,4014,1772,1563,473,0,6014,1193,1480,305,0
yolo-fastest_192_face_v4,B-held,59,Conv2D|12x12x24|1x1|58,Conv2D,1,1,,,0,NOT_SEPARATED,0,0,3280,2459,"[1, 4, 8]","[2, 2, 16]","OFM[1, 4, 12, 24] IFM[1, 4, 12, 64]","OFM[1, 6, 12, 32] IFM[1, 6, 12, 64]","IFM[1, 12, 12, 136] OFM[1, 12, 12, 24]","IFM[1, 12, 12, 136] OFM[1, 12, 12, 24]",0,0,1,1,0,0,0,,,,,,,,,,
yolo-fastest_192_face_v4,B-held,60,Add|12x12x24|1x1|59,Add,1,1,,,0,NOT_SEPARATED,0,0,,,,,,,,,,,,,,,0,,,,,,,,,,
yolo-fastest_192_face_v4,B-held,61,Conv2D|12x12x136|1x1|60,Conv2D,1,2,6015,3015,1,IMPROVE,0,0,10467,5959,"[1, 4, 8]","[2, 2, 16]","OFM[1, 10, 12, 16] IFM[1, 10, 12, 16]","OFM[1, 10, 12, 32] IFM[1, 10, 12, 16]","IFM[1, 12, 12, 24] OFM[1, 12, 12, 136]","IFM[1, 12, 12, 24] OFM[1, 12, 12, 136]",0,0,1,1,1,0,1,3014,1420,1290,154,0,6014,1423,1460,259,0
yolo-fastest_192_face_v4,B-held,62,DepthwiseConv2D|12x12x136|1x1|61,DepthwiseConv2D,1,1,6015,3015,1,IMPROVE,0,0,8477,5171,"[1, 2, 16]","[2, 2, 16]","OFM[12, 12, 16] IFM[1, 14, 14, 16]","OFM[12, 12, 48] IFM[1, 14, 14, 64]","IFM[1, 12, 12, 136] OFM[1, 12, 12, 136]","IFM[1, 12, 12, 136] OFM[1, 12, 12, 136]",0,0,1,1,0,0,0,3014,676,1872,660,0,6014,1159,1791,611,0
yolo-fastest_192_face_v4,B-held,63,Conv2D|12x12x24|1x1|62,Conv2D,1,1,,,0,NOT_SEPARATED,0,0,3280,2459,"[1, 4, 8]","[2, 2, 16]","OFM[1, 4, 12, 24] IFM[1, 4, 12, 64]","OFM[1, 6, 12, 32] IFM[1, 6, 12, 64]","IFM[1, 12, 12, 136] OFM[1, 12, 12, 24]","IFM[1, 12, 12, 136] OFM[1, 12, 12, 24]",0,0,1,1,0,0,0,,,,,,,,,,
yolo-fastest_192_face_v4,B-held,64,Add|12x12x24|1x1|63,Add,1,1,,,0,NOT_SEPARATED,0,0,,,,,,,,,,,,,,,0,,,,,,,,,,
yolo-fastest_192_face_v4,B-held,65,Conv2D|12x12x136|1x1|64,Conv2D,1,2,6015,4030,1,IMPROVE,0,0,10467,5959,"[1, 4, 8]","[2, 2, 16]","OFM[1, 10, 12, 16] IFM[1, 10, 12, 16]","OFM[1, 10, 12, 32] IFM[1, 10, 12, 16]","IFM[1, 12, 12, 24] OFM[1, 12, 12, 136]","IFM[1, 12, 12, 24] OFM[1, 12, 12, 136]",0,0,1,1,1,0,1,4028,2202,1474,242,0,6014,1444,1408,226,0
yolo-fastest_192_face_v4,B-held,66,DepthwiseConv2D|12x12x136|1x1|65,DepthwiseConv2D,1,1,6015,3015,1,IMPROVE,0,0,8477,5171,"[1, 2, 16]","[2, 2, 16]","OFM[12, 12, 16] IFM[1, 14, 14, 16]","OFM[12, 12, 48] IFM[1, 14, 14, 64]","IFM[1, 12, 12, 136] OFM[1, 12, 12, 136]","IFM[1, 12, 12, 136] OFM[1, 12, 12, 136]",0,0,1,1,0,0,0,3014,672,1757,624,0,6014,1139,1838,655,0
yolo-fastest_192_face_v4,B-held,67,Conv2D|12x12x24|1x1|66,Conv2D,1,1,,,0,NOT_SEPARATED,0,0,3280,2459,"[1, 4, 8]","[2, 2, 16]","OFM[1, 4, 12, 24] IFM[1, 4, 12, 64]","OFM[1, 6, 12, 32] IFM[1, 6, 12, 64]","IFM[1, 12, 12, 136] OFM[1, 12, 12, 24]","IFM[1, 12, 12, 136] OFM[1, 12, 12, 24]",0,0,1,1,0,0,0,,,,,,,,,,
yolo-fastest_192_face_v4,B-held,68,Add|12x12x24|1x1|67,Add,1,1,,,0,NOT_SEPARATED,0,0,,,,,,,,,,,,,,,0,,,,,,,,,,
yolo-fastest_192_face_v4,B-held,69,Conv2D|12x12x136|1x1|68,Conv2D,1,2,6015,3015,1,IMPROVE,0,0,10467,5959,"[1, 4, 8]","[2, 2, 16]","OFM[1, 10, 12, 16] IFM[1, 10, 12, 16]","OFM[1, 10, 12, 32] IFM[1, 10, 12, 16]","IFM[1, 12, 12, 24] OFM[1, 12, 12, 136]","IFM[1, 12, 12, 24] OFM[1, 12, 12, 136]",0,0,1,1,1,0,1,3014,1455,1296,4,0,6014,1442,1376,220,0
yolo-fastest_192_face_v4,B-held,70,DepthwiseConv2D|12x12x136|1x1|69,DepthwiseConv2D,1,1,6015,4015,1,IMPROVE,0,0,8477,5171,"[1, 2, 16]","[2, 2, 16]","OFM[12, 12, 16] IFM[1, 14, 14, 16]","OFM[12, 12, 48] IFM[1, 14, 14, 64]","IFM[1, 12, 12, 136] OFM[1, 12, 12, 136]","IFM[1, 12, 12, 136] OFM[1, 12, 12, 136]",0,0,1,1,0,0,0,4014,1270,1561,483,0,6014,1135,1468,254,0
yolo-fastest_192_face_v4,B-held,71,Conv2D|12x12x24|1x1|70,Conv2D,1,1,,,0,NOT_SEPARATED,0,0,3280,2459,"[1, 4, 8]","[2, 2, 16]","OFM[1, 4, 12, 24] IFM[1, 4, 12, 64]","OFM[1, 6, 12, 32] IFM[1, 6, 12, 64]","IFM[1, 12, 12, 136] OFM[1, 12, 12, 24]","IFM[1, 12, 12, 136] OFM[1, 12, 12, 24]",0,0,1,1,0,0,0,,,,,,,,,,
yolo-fastest_192_face_v4,B-held,72,Add|12x12x24|1x1|71,Add,1,1,,,0,NOT_SEPARATED,0,0,,,,,,,,,,,,,,,0,,,,,,,,,,
yolo-fastest_192_face_v4,B-held,73,Conv2D|12x12x136|1x1|72,Conv2D,2,2,7015,3030,1,IMPROVE,0,0,10467,5959,"[1, 4, 8]","[2, 2, 16]","OFM[1, 10, 12, 16] IFM[1, 10, 12, 16]","OFM[1, 10, 12, 32] IFM[1, 10, 12, 16]","IFM[1, 12, 12, 24] OFM[1, 12, 12, 136]","IFM[1, 12, 12, 24] OFM[1, 12, 12, 136]",0,0,1,1,0,0,0,3028,1270,1458,190,0,7014,2201,1516,311,0
yolo-fastest_192_face_v4,B-held,75,DepthwiseConv2D|6x6x136|1x1|74,DepthwiseConv2D,1,1,2015,4015,1,REGRESS,0,0,3937,3888,"[1, 2, 16]","[2, 2, 16]","OFM[6, 6, 64] IFM[1, 13, 13, 64]","OFM[6, 6, 64] IFM[1, 13, 13, 64]","IFM[1, 12, 12, 136] OFM[1, 6, 6, 136]","IFM[1, 12, 12, 136] OFM[1, 6, 6, 136]",0,0,1,0,0,0,0,4014,1542,324,657,0,2014,796,262,197,0
yolo-fastest_192_face_v4,B-held,76,Conv2D|6x6x48|1x1|75,Conv2D,1,1,2015,2015,1,SAME,0,0,2233,1681,"[2, 2, 8]","[2, 2, 16]","OFM[1, 6, 6, 48] IFM[1, 6, 6, 64]","OFM[1, 6, 6, 48] IFM[1, 6, 6, 64]","IFM[1, 6, 6, 136] OFM[1, 6, 6, 48]","IFM[1, 6, 6, 136] OFM[1, 6, 6, 48]",0,0,1,0,0,0,0,2014,108,144,290,0,2014,108,138,532,0
yolo-fastest_192_face_v4,B-held,77,Conv2D|6x6x224|1x1|76,Conv2D,1,1,3015,5015,1,REGRESS,0,0,5031,5432,"[2, 2, 8]","[2, 2, 16]","OFM[1, 6, 6, 48] IFM[1, 6, 6, 64]","OFM[1, 6, 6, 112] IFM[1, 6, 6, 64]","IFM[1, 6, 6, 48] OFM[1, 6, 6, 224]","IFM[1, 6, 6, 48] OFM[1, 6, 6, 224]",0,0,1,1,0,0,0,5014,390,468,671,0,3014,504,506,788,0
yolo-fastest_192_face_v4,B-held,78,DepthwiseConv2D|6x6x224|1x1|77,DepthwiseConv2D,1,1,3015,6015,1,REGRESS,0,0,5887,5911,"[1, 2, 16]","[2, 2, 16]","OFM[6, 6, 112] IFM[1, 8, 8, 128]","OFM[6, 6, 128] IFM[1, 8, 8, 128]","IFM[1, 6, 6, 224] OFM[1, 6, 6, 224]","IFM[1, 6, 6, 224] OFM[1, 6, 6, 224]",0,0,1,1,0,0,0,6014,711,504,577,0,3014,612,468,491,0
yolo-fastest_192_face_v4,B-held,79,Conv2D|6x6x48|1x1|78,Conv2D,1,1,,,0,NOT_SEPARATED,0,0,2760,1801,"[2, 2, 8]","[2, 2, 16]","OFM[1, 6, 6, 48] IFM[1, 6, 6, 64]","OFM[1, 6, 6, 48] IFM[1, 6, 6, 64]","IFM[1, 6, 6, 224] OFM[1, 6, 6, 48]","IFM[1, 6, 6, 224] OFM[1, 6, 6, 48]",0,0,1,0,0,0,0,,,,,,,,,,
yolo-fastest_192_face_v4,B-held,80,Add|6x6x48|1x1|79,Add,1,1,,,0,NOT_SEPARATED,0,0,,,,,,,,,,,,,,,0,,,,,,,,,,
yolo-fastest_192_face_v4,B-held,81,Conv2D|6x6x224|1x1|80,Conv2D,1,1,3015,6015,1,REGRESS,0,0,5031,5432,"[2, 2, 8]","[2, 2, 16]","OFM[1, 6, 6, 48] IFM[1, 6, 6, 64]","OFM[1, 6, 6, 112] IFM[1, 6, 6, 64]","IFM[1, 6, 6, 48] OFM[1, 6, 6, 224]","IFM[1, 6, 6, 48] OFM[1, 6, 6, 224]",0,0,1,1,0,0,0,6014,499,504,969,0,3014,504,606,1137,0
yolo-fastest_192_face_v4,B-held,82,DepthwiseConv2D|6x6x224|1x1|81,DepthwiseConv2D,1,1,3015,5015,1,REGRESS,0,0,5887,5911,"[1, 2, 16]","[2, 2, 16]","OFM[6, 6, 112] IFM[1, 8, 8, 128]","OFM[6, 6, 128] IFM[1, 8, 8, 128]","IFM[1, 6, 6, 224] OFM[1, 6, 6, 224]","IFM[1, 6, 6, 224] OFM[1, 6, 6, 224]",0,0,1,1,0,0,0,5014,17,504,252,0,3014,383,396,206,0
yolo-fastest_192_face_v4,B-held,83,Conv2D|6x6x48|1x1|82,Conv2D,1,1,,,0,NOT_SEPARATED,0,0,2760,1801,"[2, 2, 8]","[2, 2, 16]","OFM[1, 6, 6, 48] IFM[1, 6, 6, 64]","OFM[1, 6, 6, 48] IFM[1, 6, 6, 64]","IFM[1, 6, 6, 224] OFM[1, 6, 6, 48]","IFM[1, 6, 6, 224] OFM[1, 6, 6, 48]",0,0,1,0,0,0,0,,,,,,,,,,
yolo-fastest_192_face_v4,B-held,84,Add|6x6x48|1x1|83,Add,1,1,,,0,NOT_SEPARATED,0,0,,,,,,,,,,,,,,,0,,,,,,,,,,
yolo-fastest_192_face_v4,B-held,85,Conv2D|6x6x224|1x1|84,Conv2D,1,1,3015,5015,1,REGRESS,0,0,5031,5432,"[2, 2, 8]","[2, 2, 16]","OFM[1, 6, 6, 48] IFM[1, 6, 6, 64]","OFM[1, 6, 6, 112] IFM[1, 6, 6, 64]","IFM[1, 6, 6, 48] OFM[1, 6, 6, 224]","IFM[1, 6, 6, 48] OFM[1, 6, 6, 224]",0,0,1,1,0,0,0,5014,22,498,728,0,3014,504,600,1071,0
yolo-fastest_192_face_v4,B-held,86,DepthwiseConv2D|6x6x224|1x1|85,DepthwiseConv2D,1,1,3015,7015,1,REGRESS,0,0,5887,5911,"[1, 2, 16]","[2, 2, 16]","OFM[6, 6, 112] IFM[1, 8, 8, 128]","OFM[6, 6, 128] IFM[1, 8, 8, 128]","IFM[1, 6, 6, 224] OFM[1, 6, 6, 224]","IFM[1, 6, 6, 224] OFM[1, 6, 6, 224]",0,0,1,1,0,0,0,7014,1079,504,499,0,3014,365,404,196,0
yolo-fastest_192_face_v4,B-held,87,Conv2D|6x6x48|1x1|86,Conv2D,1,1,,,0,NOT_SEPARATED,0,0,2760,1801,"[2, 2, 8]","[2, 2, 16]","OFM[1, 6, 6, 48] IFM[1, 6, 6, 64]","OFM[1, 6, 6, 48] IFM[1, 6, 6, 64]","IFM[1, 6, 6, 224] OFM[1, 6, 6, 48]","IFM[1, 6, 6, 224] OFM[1, 6, 6, 48]",0,0,1,0,0,0,0,,,,,,,,,,
yolo-fastest_192_face_v4,B-held,88,Add|6x6x48|1x1|87,Add,1,1,,,0,NOT_SEPARATED,0,0,,,,,,,,,,,,,,,0,,,,,,,,,,
yolo-fastest_192_face_v4,B-held,89,Conv2D|6x6x224|1x1|88,Conv2D,1,1,4015,6015,1,REGRESS,0,0,5031,5432,"[2, 2, 8]","[2, 2, 16]","OFM[1, 6, 6, 48] IFM[1, 6, 6, 64]","OFM[1, 6, 6, 112] IFM[1, 6, 6, 64]","IFM[1, 6, 6, 48] OFM[1, 6, 6, 224]","IFM[1, 6, 6, 48] OFM[1, 6, 6, 224]",0,0,1,1,0,0,0,6014,504,516,1096,0,4014,504,671,1017,0
yolo-fastest_192_face_v4,B-held,90,DepthwiseConv2D|6x6x224|1x1|89,DepthwiseConv2D,1,1,3015,5015,1,REGRESS,0,0,5887,5911,"[1, 2, 16]","[2, 2, 16]","OFM[6, 6, 112] IFM[1, 8, 8, 128]","OFM[6, 6, 128] IFM[1, 8, 8, 128]","IFM[1, 6, 6, 224] OFM[1, 6, 6, 224]","IFM[1, 6, 6, 224] OFM[1, 6, 6, 224]",0,0,1,1,0,0,0,5014,184,483,147,0,3014,612,312,337,0
yolo-fastest_192_face_v4,B-held,91,Conv2D|6x6x48|1x1|90,Conv2D,1,1,,,0,NOT_SEPARATED,0,0,2760,1801,"[2, 2, 8]","[2, 2, 16]","OFM[1, 6, 6, 48] IFM[1, 6, 6, 64]","OFM[1, 6, 6, 48] IFM[1, 6, 6, 64]","IFM[1, 6, 6, 224] OFM[1, 6, 6, 48]","IFM[1, 6, 6, 224] OFM[1, 6, 6, 48]",0,0,1,0,0,0,0,,,,,,,,,,
yolo-fastest_192_face_v4,B-held,92,Add|6x6x48|1x1|91,Add,1,1,,,0,NOT_SEPARATED,0,0,,,,,,,,,,,,,,,0,,,,,,,,,,
yolo-fastest_192_face_v4,B-held,93,Conv2D|6x6x224|1x1|92,Conv2D,1,1,3015,6015,1,REGRESS,0,0,5031,5432,"[2, 2, 8]","[2, 2, 16]","OFM[1, 6, 6, 48] IFM[1, 6, 6, 64]","OFM[1, 6, 6, 112] IFM[1, 6, 6, 64]","IFM[1, 6, 6, 48] OFM[1, 6, 6, 224]","IFM[1, 6, 6, 48] OFM[1, 6, 6, 224]",0,0,1,1,0,0,0,6014,306,504,930,0,3014,504,450,853,0
yolo-fastest_192_face_v4,B-held,94,DepthwiseConv2D|6x6x224|1x1|93,DepthwiseConv2D,1,1,3015,6015,1,REGRESS,0,0,5887,5911,"[1, 2, 16]","[2, 2, 16]","OFM[6, 6, 112] IFM[1, 8, 8, 128]","OFM[6, 6, 128] IFM[1, 8, 8, 128]","IFM[1, 6, 6, 224] OFM[1, 6, 6, 224]","IFM[1, 6, 6, 224] OFM[1, 6, 6, 224]",0,0,1,1,0,0,0,6014,824,504,579,0,3014,95,450,118,0
yolo-fastest_192_face_v4,B-held,95,Conv2D|6x6x48|1x1|94,Conv2D,1,1,,,0,NOT_SEPARATED,0,0,2760,1801,"[2, 2, 8]","[2, 2, 16]","OFM[1, 6, 6, 48] IFM[1, 6, 6, 64]","OFM[1, 6, 6, 48] IFM[1, 6, 6, 64]","IFM[1, 6, 6, 224] OFM[1, 6, 6, 48]","IFM[1, 6, 6, 224] OFM[1, 6, 6, 48]",0,0,1,0,0,0,0,,,,,,,,,,
yolo-fastest_192_face_v4,B-held,96,Add|6x6x48|1x1|95,Add,1,1,,,0,NOT_SEPARATED,0,0,,,,,,,,,,,,,,,0,,,,,,,,,,
yolo-fastest_192_face_v4,B-held,97,MaxPool|6x6x48|1x1|96,MaxPool,1,1,,,0,NOT_SEPARATED,0,0,2859,1571,"[1, 2, 16]","[2, 2, 16]","OFM[6, 6, 48] IFM[1, 8, 8, 64]","OFM[6, 6, 48] IFM[1, 8, 8, 64]","IFM[1, 6, 6, 48] OFM[1, 6, 6, 48]","IFM[1, 6, 6, 48] OFM[1, 6, 6, 48]",0,0,1,0,0,0,0,,,,,,,,,,
yolo-fastest_192_face_v4,B-held,98,MaxPool|6x6x48|1x1|97,MaxPool,1,1,,,0,NOT_SEPARATED,0,0,7179,3731,"[1, 2, 16]","[2, 2, 16]","OFM[6, 6, 48] IFM[1, 10, 10, 64]","OFM[6, 6, 48] IFM[1, 10, 10, 64]","IFM[1, 6, 6, 48] OFM[1, 6, 6, 48]","IFM[1, 6, 6, 48] OFM[1, 6, 6, 48]",0,0,1,0,0,0,0,,,,,,,,,,
yolo-fastest_192_face_v4,B-held,99,MaxPool|6x6x48|1x1|98,MaxPool,1,1,,,0,NOT_SEPARATED,0,0,23109,11696,"[1, 2, 16]","[2, 2, 16]","OFM[6, 6, 48] IFM[1, 13, 13, 64]","OFM[6, 6, 48] IFM[1, 13, 13, 64]","IFM[1, 6, 6, 48] OFM[1, 6, 6, 48]","IFM[1, 6, 6, 48] OFM[1, 6, 6, 48]",0,0,1,0,0,0,0,,,,,,,,,,
yolo-fastest_192_face_v4,B-held,100,Concat|6x6x192|1x1|99,Concat,4,4,,,0,NOT_SEPARATED,0,0,,,,,,,,,,,,,,,0,,,,,,,,,,
yolo-fastest_192_face_v4,B-held,101,Conv2D|6x6x96|1x1|100,Conv2D,1,1,4015,4015,1,SAME,0,0,3529,3171,"[2, 2, 8]","[2, 2, 16]","OFM[1, 6, 6, 48] IFM[1, 6, 6, 64]","OFM[1, 6, 6, 96] IFM[1, 6, 6, 64]","IFM[1, 6, 6, 192] OFM[1, 6, 6, 96]","IFM[1, 6, 6, 192] OFM[1, 6, 6, 96]",0,0,1,1,0,0,0,4014,421,216,1143,0,4014,436,228,1134,0
yolo-fastest_192_face_v4,B-held,102,DepthwiseConv2D|6x6x96|1x1|101,DepthwiseConv2D,1,1,1015,,0,NOT_SEPARATED,0,0,4274,3938,"[1, 2, 16]","[2, 2, 16]","OFM[6, 6, 64] IFM[1, 10, 10, 64]","OFM[6, 6, 64] IFM[1, 10, 10, 64]","IFM[1, 6, 6, 96] OFM[1, 6, 6, 96]","IFM[1, 6, 6, 96] OFM[1, 6, 6, 96]",0,0,1,0,0,0,0,,,,,,1014,72,36,133,0
yolo-fastest_192_face_v4,B-held,103,Conv2D|6x6x96|1x1|102,Conv2D,1,1,2015,3015,1,REGRESS,0,0,2739,2964,"[2, 2, 8]","[2, 2, 16]","OFM[1, 6, 6, 48] IFM[1, 6, 6, 64]","OFM[1, 6, 6, 96] IFM[1, 6, 6, 64]","IFM[1, 6, 6, 96] OFM[1, 6, 6, 96]","IFM[1, 6, 6, 96] OFM[1, 6, 6, 96]",0,0,1,1,0,0,0,3014,274,216,690,0,2014,163,216,543,0
yolo-fastest_192_face_v4,B-held,104,DepthwiseConv2D|6x6x96|1x1|103,DepthwiseConv2D,1,1,3015,2015,1,IMPROVE,0,0,4274,3938,"[1, 2, 16]","[2, 2, 16]","OFM[6, 6, 64] IFM[1, 10, 10, 64]","OFM[6, 6, 64] IFM[1, 10, 10, 64]","IFM[1, 6, 6, 96] OFM[1, 6, 6, 96]","IFM[1, 6, 6, 96] OFM[1, 6, 6, 96]",0,0,1,0,0,0,0,2014,144,216,309,0,3014,226,216,232,0
yolo-fastest_192_face_v4,B-held,105,Conv2D|6x6x96|1x1|104,Conv2D,1,1,3015,3015,1,SAME,0,0,2739,2964,"[2, 2, 8]","[2, 2, 16]","OFM[1, 6, 6, 48] IFM[1, 6, 6, 64]","OFM[1, 6, 6, 96] IFM[1, 6, 6, 64]","IFM[1, 6, 6, 96] OFM[1, 6, 6, 96]","IFM[1, 6, 6, 96] OFM[1, 6, 6, 96]",0,0,1,1,0,0,0,3014,288,216,644,0,3014,229,216,877,43
yolo-fastest_192_face_v4,B-held,106,Conv2D|6x6x18|1x1|105,Conv2D,1,1,1030,2030,1,REGRESS,1,1,1316,1071,"[2, 2, 8]","[2, 2, 16]","OFM[1, 6, 6, 24] IFM[1, 6, 6, 64]","OFM[1, 6, 6, 32] IFM[1, 6, 6, 64]","IFM[1, 6, 6, 96] OFM[1, 6, 6, 18]","IFM[1, 6, 6, 96] OFM[1, 6, 6, 18]",0,0,1,1,0,0,0,,,,,,,,,,
yolo-fastest_192_face_v4,B-held,107,ResizeNearestNeighbor|12x12x96|1x1|106,ResizeNearestNeighbor,1,1,4015,2015,1,IMPROVE,0,0,,,,,,,,,,,,,,,0,2014,1162,968,8,0,4014,1411,972,4,0
yolo-fastest_192_face_v4,B-held,108,Concat|12x12x120|1x1|107,Concat,2,2,,,0,NOT_SEPARATED,0,0,,,,,,,,,,,,,,,0,,,,,,,,,,
yolo-fastest_192_face_v4,B-held,109,DepthwiseConv2D|12x12x120|1x1|108,DepthwiseConv2D,1,1,14015,8015,1,IMPROVE,0,0,17117,9234,"[1, 2, 16]","[2, 2, 16]","OFM[12, 12, 16] IFM[1, 16, 16, 16]","OFM[6, 12, 48] IFM[1, 10, 16, 64]","IFM[1, 12, 12, 120] OFM[1, 12, 12, 120]","IFM[1, 12, 12, 120] OFM[1, 12, 12, 120]",0,0,1,1,0,0,0,8014,3190,2466,1149,0,14014,969,1513,426,0
yolo-fastest_192_face_v4,B-held,110,Conv2D|12x12x120|1x1|109,Conv2D,1,1,9015,,0,NOT_SEPARATED,0,0,10239,8396,"[1, 4, 8]","[2, 2, 16]","OFM[1, 3, 12, 48] IFM[1, 3, 12, 64]","OFM[1, 4, 12, 64] IFM[1, 4, 12, 64]","IFM[1, 12, 12, 120] OFM[1, 12, 12, 120]","IFM[1, 12, 12, 120] OFM[1, 12, 12, 120]",0,0,1,1,0,0,0,,,,,,9014,5185,1159,209,0
yolo-fastest_192_face_v4,B-held,111,DepthwiseConv2D|12x12x120|1x1|110,DepthwiseConv2D,1,1,,,0,NOT_SEPARATED,0,0,17117,9234,"[1, 2, 16]","[2, 2, 16]","OFM[12, 12, 16] IFM[1, 16, 16, 16]","OFM[6, 12, 48] IFM[1, 10, 16, 64]","IFM[1, 12, 12, 120] OFM[1, 12, 12, 120]","IFM[1, 12, 12, 120] OFM[1, 12, 12, 120]",0,0,1,1,0,0,0,,,,,,,,,,
yolo-fastest_192_face_v4,B-held,112,Conv2D|12x12x120|1x1|111,Conv2D,1,1,8015,,0,NOT_SEPARATED,0,0,10239,8396,"[1, 4, 8]","[2, 2, 16]","OFM[1, 3, 12, 48] IFM[1, 3, 12, 64]","OFM[1, 4, 12, 64] IFM[1, 4, 12, 64]","IFM[1, 12, 12, 120] OFM[1, 12, 12, 120]","IFM[1, 12, 12, 120] OFM[1, 12, 12, 120]",0,0,1,1,0,0,0,,,,,,8014,5061,1092,4,0
yolo-fastest_192_face_v4,B-held,113,Conv2D|12x12x18|1x1|112,Conv2D,1,1,4015,,0,NOT_SEPARATED,0,0,3007,2236,"[1, 4, 8]","[2, 2, 16]","OFM[1, 4, 12, 24] IFM[1, 4, 12, 64]","OFM[1, 6, 12, 32] IFM[1, 6, 12, 64]","IFM[1, 12, 12, 120] OFM[1, 12, 12, 18]","IFM[1, 12, 12, 120] OFM[1, 12, 12, 18]",0,0,1,1,0,0,0,,,,,,4014,1373,180,261,414
kws_micronet_m,B-frozen,1,Conv2D|10x49x140|1x1|0,Conv2D,2,2,97070,50070,1,IMPROVE,0,0,91024,46040,"[2, 2, 8]","[2, 2, 16]","OFM[1, 12, 10, 16] IFM[1, 20, 14, 16]","OFM[1, 24, 10, 16] IFM[1, 32, 14, 16]","IFM[1, 49, 10, 1] OFM[1, 49, 10, 140]","IFM[1, 49, 10, 1] OFM[1, 49, 10, 140]",0,0,1,1,0,0,0,50021,2519,5086,1600,0,97021,4945,5749,2496,0
kws_micronet_m,B-frozen,2,DepthwiseConv2D|5x25x140|1x1|1,DepthwiseConv2D,1,1,6015,5015,1,IMPROVE,0,0,8987,5873,"[1, 2, 16]","[2, 2, 16]","OFM[25, 6, 16] IFM[1, 52, 14, 16]","OFM[26, 6, 16] IFM[1, 54, 14, 16]","IFM[1, 49, 10, 140] OFM[1, 25, 5, 140]","IFM[1, 49, 10, 140] OFM[1, 25, 5, 140]",0,0,1,1,0,0,0,5014,4534,1125,742,0,6014,3695,1869,919,0
kws_micronet_m,B-frozen,3,Conv2D|5x25x140|1x1|2,Conv2D,1,1,14015,8015,1,IMPROVE,0,0,17764,9418,"[2, 2, 8]","[2, 2, 16]","OFM[1, 10, 6, 32] IFM[1, 10, 6, 64]","OFM[1, 14, 6, 48] IFM[1, 14, 6, 64]","IFM[1, 25, 5, 140] OFM[1, 25, 5, 140]","IFM[1, 25, 5, 140] OFM[1, 25, 5, 140]",0,0,1,1,0,0,0,8014,1395,1125,2264,0,14014,5104,1449,436,0
kws_micronet_m,B-frozen,4,DepthwiseConv2D|5x25x140|1x1|3,DepthwiseConv2D,1,1,6015,4015,1,IMPROVE,0,0,8792,5276,"[1, 2, 16]","[2, 2, 16]","OFM[25, 6, 16] IFM[1, 28, 8, 16]","OFM[26, 6, 48] IFM[1, 28, 8, 64]","IFM[1, 25, 5, 140] OFM[1, 25, 5, 140]","IFM[1, 25, 5, 140] OFM[1, 25, 5, 140]",0,0,1,1,0,0,0,4014,855,1125,668,0,6014,1226,2252,1213,0
kws_micronet_m,B-frozen,5,Conv2D|5x25x140|1x1|4,Conv2D,2,1,15030,9015,1,IMPROVE,0,0,17764,9418,"[2, 2, 8]","[2, 2, 16]","OFM[1, 10, 6, 32] IFM[1, 10, 6, 64]","OFM[1, 14, 6, 48] IFM[1, 14, 6, 64]","IFM[1, 25, 5, 140] OFM[1, 25, 5, 140]","IFM[1, 25, 5, 140] OFM[1, 25, 5, 140]",0,0,1,1,1,0,1,9014,1395,1290,2586,0,15028,6488,1176,199,0
kws_micronet_m,B-frozen,6,DepthwiseConv2D|5x25x140|1x1|5,DepthwiseConv2D,1,1,6015,3015,1,IMPROVE,0,0,8792,5276,"[1, 2, 16]","[2, 2, 16]","OFM[25, 6, 16] IFM[1, 28, 8, 16]","OFM[26, 6, 48] IFM[1, 28, 8, 64]","IFM[1, 25, 5, 140] OFM[1, 25, 5, 140]","IFM[1, 25, 5, 140] OFM[1, 25, 5, 140]",0,0,1,1,0,0,0,3014,557,952,419,0,6014,1124,2513,1452,0
kws_micronet_m,B-frozen,7,Conv2D|5x25x140|1x1|6,Conv2D,2,1,15030,8015,1,IMPROVE,0,0,17764,9418,"[2, 2, 8]","[2, 2, 16]","OFM[1, 10, 6, 32] IFM[1, 10, 6, 64]","OFM[1, 14, 6, 48] IFM[1, 14, 6, 64]","IFM[1, 25, 5, 140] OFM[1, 25, 5, 140]","IFM[1, 25, 5, 140] OFM[1, 25, 5, 140]",0,0,1,1,1,0,1,8014,1393,1519,3064,0,15028,6580,1554,532,0
kws_micronet_m,B-frozen,8,DepthwiseConv2D|5x25x140|1x1|7,DepthwiseConv2D,1,1,6015,4015,1,IMPROVE,0,0,8792,5276,"[1, 2, 16]","[2, 2, 16]","OFM[25, 6, 16] IFM[1, 28, 8, 16]","OFM[26, 6, 48] IFM[1, 28, 8, 64]","IFM[1, 25, 5, 140] OFM[1, 25, 5, 140]","IFM[1, 25, 5, 140] OFM[1, 25, 5, 140]",0,0,1,1,0,0,0,4014,1105,1814,816,0,6014,1311,1832,825,0
kws_micronet_m,B-frozen,9,Conv2D|5x25x112|1x1|8,Conv2D,1,2,11015,7030,1,IMPROVE,0,0,14020,7802,"[2, 2, 8]","[2, 2, 16]","OFM[1, 10, 6, 32] IFM[1, 10, 6, 64]","OFM[1, 10, 6, 64] IFM[1, 10, 6, 64]","IFM[1, 25, 5, 140] OFM[1, 25, 5, 112]","IFM[1, 25, 5, 140] OFM[1, 25, 5, 112]",0,0,1,1,1,0,1,7028,5756,927,115,0,11014,4280,880,116,0
kws_micronet_m,B-frozen,10,DepthwiseConv2D|5x25x112|1x1|9,DepthwiseConv2D,1,1,,3015,0,NOT_SEPARATED,0,0,6992,4340,"[1, 2, 16]","[2, 2, 16]","OFM[25, 6, 16] IFM[1, 28, 8, 16]","OFM[26, 6, 48] IFM[1, 28, 8, 64]","IFM[1, 25, 5, 112] OFM[1, 25, 5, 112]","IFM[1, 25, 5, 112] OFM[1, 25, 5, 112]",0,0,1,1,0,0,0,3014,894,875,337,0,,,,,
kws_micronet_m,B-frozen,11,Conv2D|5x25x196|1x1|10,Conv2D,2,1,14030,11015,1,IMPROVE,0,0,16482,8940,"[2, 2, 8]","[2, 2, 16]","OFM[1, 20, 6, 16] IFM[1, 20, 6, 64]","OFM[1, 20, 6, 32] IFM[1, 20, 6, 64]","IFM[1, 25, 5, 112] OFM[1, 25, 5, 196]","IFM[1, 25, 5, 112] OFM[1, 25, 5, 196]",0,0,1,1,1,0,1,11014,1211,1625,2983,0,14028,4368,1910,285,0
kws_micronet_m,B-frozen,12,AvgPool|1x1x196|1x1|11,AvgPool,1,1,2015,,0,NOT_SEPARATED,0,1,7940,7856,"[1, 2, 16]","[2, 2, 16]","OFM[1, 2, 128] IFM[1, 8, 6, 128]","OFM[2, 2, 128] IFM[1, 9, 6, 128]","IFM[1, 25, 5, 196] OFM[1, 1, 1, 196]","IFM[1, 25, 5, 196] OFM[1, 1, 1, 196]",0,0,1,1,0,0,0,,,,,,2014,1213,13,163,0
kws_micronet_m,B-frozen,13,Conv2D|1x1x12|1x1|12,Conv2D,1,1,1030,,0,NOT_SEPARATED,1,1,634,638,"[1, 4, 8]","[2, 2, 16]","OFM[1, 1, 4, 16] IFM[1, 1, 4, 64]","OFM[1, 2, 2, 16] IFM[1, 2, 2, 64]","IFM[1, 1, 1, 196] OFM[1, 1, 1, 12]","IFM[1, 1, 1, 196] OFM[1, 1, 1, 12]",0,0,1,1,0,0,0,,,,,,,,,,
kws_micronet_m,B-held,1,Conv2D|10x49x140|1x1|0,Conv2D,2,2,97070,50070,1,IMPROVE,0,0,91024,46120,"[2, 2, 8]","[2, 2, 16]","OFM[1, 12, 10, 16] IFM[1, 20, 14, 16]","OFM[1, 24, 10, 16] IFM[1, 32, 14, 16]","IFM[1, 49, 10, 1] OFM[1, 49, 10, 140]","IFM[1, 49, 10, 1] OFM[1, 49, 10, 140]",0,0,1,1,0,0,0,50021,2519,5199,1722,0,97021,4945,5749,2496,0
kws_micronet_m,B-held,2,DepthwiseConv2D|5x25x140|1x1|1,DepthwiseConv2D,1,1,6015,5015,1,IMPROVE,0,0,8987,7103,"[1, 2, 16]","[2, 2, 16]","OFM[25, 6, 16] IFM[1, 52, 14, 16]","OFM[26, 6, 16] IFM[1, 54, 14, 16]","IFM[1, 49, 10, 140] OFM[1, 25, 5, 140]","IFM[1, 49, 10, 140] OFM[1, 25, 5, 140]",0,0,1,1,0,0,0,5014,3904,2021,1073,0,6014,3695,1869,919,0
kws_micronet_m,B-held,3,Conv2D|5x25x140|1x1|2,Conv2D,1,2,14015,10030,1,IMPROVE,0,0,17764,9534,"[2, 2, 8]","[2, 2, 16]","OFM[1, 10, 6, 32] IFM[1, 10, 6, 64]","OFM[1, 14, 6, 48] IFM[1, 14, 6, 64]","IFM[1, 25, 5, 140] OFM[1, 25, 5, 140]","IFM[1, 25, 5, 140] OFM[1, 25, 5, 140]",0,0,1,1,1,0,1,10028,5948,1991,811,0,14014,5104,1449,436,0
kws_micronet_m,B-held,4,DepthwiseConv2D|5x25x140|1x1|3,DepthwiseConv2D,1,1,6015,3015,1,IMPROVE,0,0,8792,5451,"[1, 2, 16]","[2, 2, 16]","OFM[25, 6, 16] IFM[1, 28, 8, 16]","OFM[26, 6, 48] IFM[1, 28, 8, 64]","IFM[1, 25, 5, 140] OFM[1, 25, 5, 140]","IFM[1, 25, 5, 140] OFM[1, 25, 5, 140]",0,0,1,1,0,0,0,3014,225,1417,573,0,6014,1226,2252,1213,0
kws_micronet_m,B-held,5,Conv2D|5x25x140|1x1|4,Conv2D,2,2,15030,10030,1,IMPROVE,0,0,17764,9534,"[2, 2, 8]","[2, 2, 16]","OFM[1, 10, 6, 32] IFM[1, 10, 6, 64]","OFM[1, 14, 6, 48] IFM[1, 14, 6, 64]","IFM[1, 25, 5, 140] OFM[1, 25, 5, 140]","IFM[1, 25, 5, 140] OFM[1, 25, 5, 140]",0,0,1,1,0,0,0,10028,6066,2167,1080,0,15028,6488,1176,199,0
kws_micronet_m,B-held,6,DepthwiseConv2D|5x25x140|1x1|5,DepthwiseConv2D,1,1,6015,4015,1,IMPROVE,0,0,8792,5451,"[1, 2, 16]","[2, 2, 16]","OFM[25, 6, 16] IFM[1, 28, 8, 16]","OFM[26, 6, 48] IFM[1, 28, 8, 64]","IFM[1, 25, 5, 140] OFM[1, 25, 5, 140]","IFM[1, 25, 5, 140] OFM[1, 25, 5, 140]",0,0,1,1,0,0,0,4014,1246,1906,1000,0,6014,1124,2513,1452,0
kws_micronet_m,B-held,7,Conv2D|5x25x140|1x1|6,Conv2D,2,2,15030,8030,1,IMPROVE,0,0,17764,9534,"[2, 2, 8]","[2, 2, 16]","OFM[1, 10, 6, 32] IFM[1, 10, 6, 64]","OFM[1, 14, 6, 48] IFM[1, 14, 6, 64]","IFM[1, 25, 5, 140] OFM[1, 25, 5, 140]","IFM[1, 25, 5, 140] OFM[1, 25, 5, 140]",0,0,1,1,0,0,0,8028,5042,2081,917,0,15028,6580,1554,532,0
kws_micronet_m,B-held,8,DepthwiseConv2D|5x25x140|1x1|7,DepthwiseConv2D,1,1,6015,3015,1,IMPROVE,0,0,8792,5451,"[1, 2, 16]","[2, 2, 16]","OFM[25, 6, 16] IFM[1, 28, 8, 16]","OFM[26, 6, 48] IFM[1, 28, 8, 64]","IFM[1, 25, 5, 140] OFM[1, 25, 5, 140]","IFM[1, 25, 5, 140] OFM[1, 25, 5, 140]",0,0,1,1,0,0,0,3014,225,1457,574,0,6014,1311,1832,825,0
kws_micronet_m,B-held,9,Conv2D|5x25x112|1x1|8,Conv2D,1,2,11015,8030,1,IMPROVE,0,0,14020,7802,"[2, 2, 8]","[2, 2, 16]","OFM[1, 10, 6, 32] IFM[1, 10, 6, 64]","OFM[1, 10, 6, 64] IFM[1, 10, 6, 64]","IFM[1, 25, 5, 140] OFM[1, 25, 5, 112]","IFM[1, 25, 5, 140] OFM[1, 25, 5, 112]",0,0,1,1,1,0,1,8028,6593,1285,418,0,11014,4280,880,116,0
kws_micronet_m,B-held,10,DepthwiseConv2D|5x25x112|1x1|9,DepthwiseConv2D,1,1,,,0,NOT_SEPARATED,0,0,6992,4515,"[1, 2, 16]","[2, 2, 16]","OFM[25, 6, 16] IFM[1, 28, 8, 16]","OFM[26, 6, 48] IFM[1, 28, 8, 64]","IFM[1, 25, 5, 112] OFM[1, 25, 5, 112]","IFM[1, 25, 5, 112] OFM[1, 25, 5, 112]",0,0,1,1,0,0,0,,,,,,,,,,
kws_micronet_m,B-held,11,Conv2D|5x25x196|1x1|10,Conv2D,2,2,14030,11030,1,IMPROVE,0,0,16482,9209,"[2, 2, 8]","[2, 2, 16]","OFM[1, 20, 6, 16] IFM[1, 20, 6, 64]","OFM[1, 20, 6, 32] IFM[1, 20, 6, 64]","IFM[1, 25, 5, 112] OFM[1, 25, 5, 196]","IFM[1, 25, 5, 112] OFM[1, 25, 5, 196]",0,0,1,1,0,0,0,11028,5961,2577,950,0,14028,4368,1910,285,0
kws_micronet_m,B-held,12,AvgPool|1x1x196|1x1|11,AvgPool,1,1,2015,2015,1,SAME,0,0,7940,7956,"[1, 2, 16]","[2, 2, 16]","OFM[1, 2, 128] IFM[1, 8, 6, 128]","OFM[2, 2, 128] IFM[1, 9, 6, 128]","IFM[1, 25, 5, 196] OFM[1, 1, 1, 196]","IFM[1, 25, 5, 196] OFM[1, 1, 1, 196]",0,0,1,1,0,0,0,2014,650,13,178,0,2014,1213,13,163,0
kws_micronet_m,B-held,13,Conv2D|1x1x12|1x1|12,Conv2D,1,1,1030,1030,1,SAME,1,1,634,647,"[1, 4, 8]","[2, 2, 16]","OFM[1, 1, 4, 16] IFM[1, 1, 4, 64]","OFM[1, 2, 2, 16] IFM[1, 2, 2, 64]","IFM[1, 1, 1, 196] OFM[1, 1, 1, 12]","IFM[1, 1, 1, 196] OFM[1, 1, 1, 12]",0,0,1,1,0,0,0,,,,,,,,,,
ad_medium_int8,B-frozen,1,Conv2D|32x32x192|1x1|0,Conv2D,2,2,57070,30070,1,IMPROVE,0,0,74357,37510,"[1, 4, 8]","[2, 2, 16]","OFM[1, 8, 16, 16] IFM[1, 10, 20, 16]","OFM[1, 16, 16, 16] IFM[1, 18, 18, 16]","IFM[1, 32, 32, 1] OFM[1, 32, 32, 192]","IFM[1, 32, 32, 1] OFM[1, 32, 32, 192]",0,0,1,1,0,0,0,30021,2883,13271,1280,0,57021,4379,13695,1689,0
ad_medium_int8,B-frozen,2,DepthwiseConv2D|16x16x192|1x1|1,DepthwiseConv2D,1,1,14015,16015,1,REGRESS,0,0,22068,14903,"[1, 2, 16]","[2, 2, 16]","OFM[25, 8, 16] IFM[1, 52, 18, 16]","OFM[24, 8, 16] IFM[1, 50, 18, 16]","IFM[1, 32, 32, 192] OFM[1, 16, 16, 192]","IFM[1, 32, 32, 192] OFM[1, 16, 16, 192]",0,0,1,1,0,0,0,16014,12145,5517,3046,0,14014,12380,5732,2774,0
ad_medium_int8,B-frozen,3,Conv2D|16x16x276|1x1|2,Conv2D,1,2,54015,28030,1,IMPROVE,0,0,54692,28898,"[1, 4, 8]","[2, 2, 16]","OFM[1, 4, 16, 32] IFM[1, 4, 16, 64]","OFM[1, 4, 16, 64] IFM[1, 4, 16, 64]","IFM[1, 16, 16, 192] OFM[1, 16, 16, 276]","IFM[1, 16, 16, 192] OFM[1, 16, 16, 276]",0,0,1,1,1,0,1,28028,20673,5598,1038,0,54014,17166,4928,410,0
ad_medium_int8,B-frozen,4,DepthwiseConv2D|16x16x276|1x1|3,DepthwiseConv2D,1,1,,10015,0,NOT_SEPARATED,0,0,28748,14992,"[1, 2, 16]","[2, 2, 16]","OFM[16, 16, 16] IFM[1, 18, 18, 16]","OFM[16, 16, 32] IFM[1, 18, 18, 32]","IFM[1, 16, 16, 276] OFM[1, 16, 16, 276]","IFM[1, 16, 16, 276] OFM[1, 16, 16, 276]",0,0,1,1,0,0,0,10014,3456,6210,1942,0,,,,,
ad_medium_int8,B-frozen,5,Conv2D|16x16x276|1x1|4,Conv2D,2,2,80030,50030,1,IMPROVE,0,0,90788,47390,"[1, 4, 8]","[2, 2, 16]","OFM[1, 4, 16, 32] IFM[1, 4, 16, 64]","OFM[1, 4, 16, 64] IFM[1, 4, 16, 64]","IFM[1, 16, 16, 276] OFM[1, 16, 16, 276]","IFM[1, 16, 16, 276] OFM[1, 16, 16, 276]",0,0,1,1,0,0,0,50028,35478,8232,3664,0,80028,36331,5522,1051,0
ad_medium_int8,B-frozen,6,DepthwiseConv2D|16x16x276|1x1|5,DepthwiseConv2D,1,1,21015,11015,1,IMPROVE,0,0,28748,14992,"[1, 2, 16]","[2, 2, 16]","OFM[16, 16, 16] IFM[1, 18, 18, 16]","OFM[16, 16, 32] IFM[1, 18, 18, 32]","IFM[1, 16, 16, 276] OFM[1, 16, 16, 276]","IFM[1, 16, 16, 276] OFM[1, 16, 16, 276]",0,0,1,1,0,0,0,11014,3933,6800,2525,0,21014,5405,9584,5208,0
ad_medium_int8,B-frozen,7,Conv2D|16x16x276|1x1|6,Conv2D,2,2,81030,49030,1,IMPROVE,0,0,90788,47390,"[1, 4, 8]","[2, 2, 16]","OFM[1, 4, 16, 32] IFM[1, 4, 16, 64]","OFM[1, 4, 16, 64] IFM[1, 4, 16, 64]","IFM[1, 16, 16, 276] OFM[1, 16, 16, 276]","IFM[1, 16, 16, 276] OFM[1, 16, 16, 276]",0,0,1,1,0,0,0,49028,35988,8074,3571,0,81028,36929,4769,319,0
ad_medium_int8,B-frozen,8,DepthwiseConv2D|8x8x276|1x1|7,DepthwiseConv2D,1,1,6015,6015,1,SAME,0,0,8770,6527,"[1, 2, 16]","[2, 2, 16]","OFM[8, 8, 32] IFM[1, 17, 18, 32]","OFM[8, 8, 32] IFM[1, 17, 18, 32]","IFM[1, 16, 16, 276] OFM[1, 8, 8, 276]","IFM[1, 16, 16, 276] OFM[1, 8, 8, 276]",0,0,1,0,0,0,0,6014,4582,1016,1168,0,6014,4608,1120,649,0
ad_medium_int8,B-frozen,9,Conv2D|8x8x276|1x1|8,Conv2D,1,1,23015,12015,1,IMPROVE,0,0,23588,12830,"[1, 4, 8]","[2, 2, 16]","OFM[1, 8, 8, 32] IFM[1, 8, 8, 64]","OFM[1, 8, 8, 64] IFM[1, 8, 8, 64]","IFM[1, 8, 8, 276] OFM[1, 8, 8, 276]","IFM[1, 8, 8, 276] OFM[1, 8, 8, 276]",0,0,1,1,0,0,0,12014,1600,1152,4637,0,23014,2688,1216,5392,0
ad_medium_int8,B-frozen,10,DepthwiseConv2D|4x4x276|1x1|9,DepthwiseConv2D,1,1,3015,8015,1,REGRESS,0,0,7231,7161,"[1, 2, 16]","[2, 2, 16]","OFM[4, 4, 128] IFM[1, 9, 9, 128]","OFM[4, 4, 128] IFM[1, 9, 9, 128]","IFM[1, 8, 8, 276] OFM[1, 4, 4, 276]","IFM[1, 8, 8, 276] OFM[1, 4, 4, 276]",0,0,1,0,0,0,0,8014,608,288,2169,0,3014,283,224,805,0
ad_medium_int8,B-frozen,11,Conv2D|4x4x276|1x1|10,Conv2D,1,1,,13015,0,NOT_SEPARATED,0,0,8100,10760,"[1, 4, 8]","[2, 2, 16]","OFM[1, 4, 4, 128] IFM[1, 4, 4, 64]","OFM[1, 4, 4, 256] IFM[1, 4, 4, 64]","IFM[1, 4, 4, 276] OFM[1, 4, 4, 276]","IFM[1, 4, 4, 276] OFM[1, 4, 4, 276]",0,0,1,1,0,0,0,13014,352,304,3822,0,,,,,
ad_medium_int8,B-frozen,12,AvgPool|1x1x276|1x1|11,AvgPool,1,1,,1015,0,NOT_SEPARATED,0,0,1863,1750,"[1, 2, 16]","[2, 2, 16]","OFM[1, 2, 256] IFM[1, 4, 5, 256]","OFM[2, 2, 256] IFM[1, 5, 5, 256]","IFM[1, 4, 4, 276] OFM[1, 1, 1, 276]","IFM[1, 4, 4, 276] OFM[1, 1, 1, 276]",0,0,1,1,0,0,0,1014,18,2,188,1,,,,,
ad_medium_int8,B-frozen,13,Conv2D|1x1x8|1x1|12,Conv2D,1,1,1030,1030,1,SAME,1,1,550,645,"[1, 4, 8]","[2, 2, 16]","OFM[1, 1, 4, 16] IFM[1, 1, 4, 64]","OFM[1, 2, 2, 16] IFM[1, 2, 2, 64]","IFM[1, 1, 1, 276] OFM[1, 1, 1, 8]","IFM[1, 1, 1, 276] OFM[1, 1, 1, 8]",0,0,1,1,0,0,0,,,,,,,,,,
ad_medium_int8,B-held,1,Conv2D|32x32x192|1x1|0,Conv2D,2,2,57070,30070,1,IMPROVE,0,0,74357,37594,"[1, 4, 8]","[2, 2, 16]","OFM[1, 8, 16, 16] IFM[1, 10, 20, 16]","OFM[1, 16, 16, 16] IFM[1, 18, 18, 16]","IFM[1, 32, 32, 1] OFM[1, 32, 32, 192]","IFM[1, 32, 32, 1] OFM[1, 32, 32, 192]",0,0,1,1,0,0,0,30021,3022,13589,1403,0,57021,4379,13695,1689,0
ad_medium_int8,B-held,2,DepthwiseConv2D|16x16x192|1x1|1,DepthwiseConv2D,1,1,14015,16015,1,REGRESS,0,0,22068,18421,"[1, 2, 16]","[2, 2, 16]","OFM[25, 8, 16] IFM[1, 52, 18, 16]","OFM[24, 8, 16] IFM[1, 50, 18, 16]","IFM[1, 32, 32, 192] OFM[1, 16, 16, 192]","IFM[1, 32, 32, 192] OFM[1, 16, 16, 192]",0,0,1,1,0,0,0,16014,11398,5937,3132,0,14014,12380,5732,2774,0
ad_medium_int8,B-held,3,Conv2D|16x16x276|1x1|2,Conv2D,1,1,54015,29015,1,IMPROVE,0,0,54692,28898,"[1, 4, 8]","[2, 2, 16]","OFM[1, 4, 16, 32] IFM[1, 4, 16, 64]","OFM[1, 4, 16, 64] IFM[1, 4, 16, 64]","IFM[1, 16, 16, 192] OFM[1, 16, 16, 276]","IFM[1, 16, 16, 192] OFM[1, 16, 16, 276]",0,0,1,1,0,0,0,29014,18713,5168,624,0,54014,17166,4928,410,0
ad_medium_int8,B-held,4,DepthwiseConv2D|16x16x276|1x1|3,DepthwiseConv2D,1,1,,10015,0,NOT_SEPARATED,0,0,28748,15197,"[1, 2, 16]","[2, 2, 16]","OFM[16, 16, 16] IFM[1, 18, 18, 16]","OFM[16, 16, 32] IFM[1, 18, 18, 32]","IFM[1, 16, 16, 276] OFM[1, 16, 16, 276]","IFM[1, 16, 16, 276] OFM[1, 16, 16, 276]",0,0,1,1,0,0,0,10014,3456,6217,1944,0,,,,,
ad_medium_int8,B-held,5,Conv2D|16x16x276|1x1|4,Conv2D,2,2,80030,50030,1,IMPROVE,0,0,90788,47493,"[1, 4, 8]","[2, 2, 16]","OFM[1, 4, 16, 32] IFM[1, 4, 16, 64]","OFM[1, 4, 16, 64] IFM[1, 4, 16, 64]","IFM[1, 16, 16, 276] OFM[1, 16, 16, 276]","IFM[1, 16, 16, 276] OFM[1, 16, 16, 276]",0,0,1,1,0,0,0,50028,35869,8285,3836,0,80028,36331,5522,1051,0
ad_medium_int8,B-held,6,DepthwiseConv2D|16x16x276|1x1|5,DepthwiseConv2D,1,1,21015,11015,1,IMPROVE,0,0,28748,15197,"[1, 2, 16]","[2, 2, 16]","OFM[16, 16, 16] IFM[1, 18, 18, 16]","OFM[16, 16, 32] IFM[1, 18, 18, 32]","IFM[1, 16, 16, 276] OFM[1, 16, 16, 276]","IFM[1, 16, 16, 276] OFM[1, 16, 16, 276]",0,0,1,1,0,0,0,11014,3565,6799,2417,0,21014,5405,9584,5208,0
ad_medium_int8,B-held,7,Conv2D|16x16x276|1x1|6,Conv2D,2,2,81030,48030,1,IMPROVE,0,0,90788,47493,"[1, 4, 8]","[2, 2, 16]","OFM[1, 4, 16, 32] IFM[1, 4, 16, 64]","OFM[1, 4, 16, 64] IFM[1, 4, 16, 64]","IFM[1, 16, 16, 276] OFM[1, 16, 16, 276]","IFM[1, 16, 16, 276] OFM[1, 16, 16, 276]",0,0,1,1,0,0,0,48028,35424,7831,3248,0,81028,36929,4769,319,0
ad_medium_int8,B-held,8,DepthwiseConv2D|8x8x276|1x1|7,DepthwiseConv2D,1,1,6015,7015,1,REGRESS,0,0,8770,7810,"[1, 2, 16]","[2, 2, 16]","OFM[8, 8, 32] IFM[1, 17, 18, 32]","OFM[8, 8, 32] IFM[1, 17, 18, 32]","IFM[1, 16, 16, 276] OFM[1, 8, 8, 276]","IFM[1, 16, 16, 276] OFM[1, 8, 8, 276]",0,0,1,0,0,0,0,7014,5227,1280,1792,0,6014,4608,1120,649,0
ad_medium_int8,B-held,9,Conv2D|8x8x276|1x1|8,Conv2D,1,1,23015,12015,1,IMPROVE,0,0,23588,12933,"[1, 4, 8]","[2, 2, 16]","OFM[1, 8, 8, 32] IFM[1, 8, 8, 64]","OFM[1, 8, 8, 64] IFM[1, 8, 8, 64]","IFM[1, 8, 8, 276] OFM[1, 8, 8, 276]","IFM[1, 8, 8, 276] OFM[1, 8, 8, 276]",0,0,1,1,0,0,0,12014,1842,1024,4305,0,23014,2688,1216,5392,0
ad_medium_int8,B-held,10,DepthwiseConv2D|4x4x276|1x1|9,DepthwiseConv2D,1,1,3015,7015,1,REGRESS,0,0,7231,7162,"[1, 2, 16]","[2, 2, 16]","OFM[4, 4, 128] IFM[1, 9, 9, 128]","OFM[4, 4, 128] IFM[1, 9, 9, 128]","IFM[1, 8, 8, 276] OFM[1, 4, 4, 276]","IFM[1, 8, 8, 276] OFM[1, 4, 4, 276]",0,0,1,0,0,0,0,7014,288,288,2066,0,3014,283,224,805,0
ad_medium_int8,B-held,11,Conv2D|4x4x276|1x1|10,Conv2D,1,1,,13015,0,NOT_SEPARATED,0,0,8100,10760,"[1, 4, 8]","[2, 2, 16]","OFM[1, 4, 4, 128] IFM[1, 4, 4, 64]","OFM[1, 4, 4, 256] IFM[1, 4, 4, 64]","IFM[1, 4, 4, 276] OFM[1, 4, 4, 276]","IFM[1, 4, 4, 276] OFM[1, 4, 4, 276]",0,0,1,1,0,0,0,13014,322,304,3824,0,,,,,
ad_medium_int8,B-held,12,AvgPool|1x1x276|1x1|11,AvgPool,1,1,,1015,0,NOT_SEPARATED,0,0,1863,1838,"[1, 2, 16]","[2, 2, 16]","OFM[1, 2, 256] IFM[1, 4, 5, 256]","OFM[2, 2, 256] IFM[1, 5, 5, 256]","IFM[1, 4, 4, 276] OFM[1, 1, 1, 276]","IFM[1, 4, 4, 276] OFM[1, 1, 1, 276]",0,0,1,1,0,0,0,1014,33,2,188,1,,,,,
ad_medium_int8,B-held,13,Conv2D|1x1x8|1x1|12,Conv2D,1,1,1030,1030,1,SAME,1,1,550,649,"[1, 4, 8]","[2, 2, 16]","OFM[1, 1, 4, 16] IFM[1, 1, 4, 64]","OFM[1, 2, 2, 16] IFM[1, 2, 2, 64]","IFM[1, 1, 1, 276] OFM[1, 1, 1, 8]","IFM[1, 1, 1, 276] OFM[1, 1, 1, 8]",0,0,1,1,0,0,0,,,,,,,,,,
