model,op,H,W,C,area,arm,mac,gate,kernel,stride,padding_tlbr,dilation,model_sha256,weights_sha256,bias_sha256,ifm_q,ofm_q,vela_version,accelerator_config,system_config,memory_mode,vela_sha256,cc_body_sha256,axf_sha256,ofm_block_HWC,ifm_block_HWC,ublock_HWC,traversal,encoded_weight_bytes,vela_total_dram_KiB,vela_est_cycles,TOTAL,ACTIVE,IDLE,SRAM_RD,SRAM_WR,EXT_RD,EXT_WR,r_TOTAL_512_over_256,r_ACTIVE_512_over_256,scaling_eff_TOTAL,scaling_eff_ACTIVE,verify_dump_sha256,verify_status,uart_file,SRAM_MAXR_requested,SRAM_MAXW_requested,SRAM_MAXRW_requested,SRAM_RLATENCY_requested,SRAM_WLATENCY_requested,SRAM_PULSE_ON_requested,SRAM_PULSE_OFF_requested,SRAM_BWCAP_requested,EXT_MAXR_requested,EXT_MAXW_requested,EXT_MAXRW_requested,EXT_RLATENCY_requested,EXT_WLATENCY_requested,EXT_PULSE_ON_requested,EXT_PULSE_OFF_requested,EXT_BWCAP_requested,SRAM_MAXR_header,SRAM_MAXW_header,SRAM_MAXRW_header,SRAM_RLATENCY_header,SRAM_WLATENCY_header,SRAM_PULSE_ON_header,SRAM_PULSE_OFF_header,SRAM_BWCAP_header,EXT_MAXR_header,EXT_MAXW_header,EXT_MAXRW_header,EXT_RLATENCY_header,EXT_WLATENCY_header,EXT_PULSE_ON_header,EXT_PULSE_OFF_header,EXT_BWCAP_header,SRAM_MAXR_applied,SRAM_MAXW_applied,SRAM_MAXRW_applied,SRAM_RLATENCY_applied,SRAM_WLATENCY_applied,SRAM_PULSE_ON_applied,SRAM_PULSE_OFF_applied,SRAM_BWCAP_applied,EXT_MAXR_applied,EXT_MAXW_applied,EXT_MAXRW_applied,EXT_RLATENCY_applied,EXT_WLATENCY_applied,EXT_PULSE_ON_applied,EXT_PULSE_OFF_applied,EXT_BWCAP_applied
h3r_conv1x1_1x36_c128,conv1x1,1,36,128,36,base,256,PASS,"1,1","1,1","t:0,l:0,b:0,r:0,n:0,f:0","1,1",624ee66a4010a45044e268ea6bf8930cb2bce5a6969483a3e9342cbd36f995b0,ffe8eccb18ec2164c35e343b0bb30f9f8f5352dca08c6b9f9ce11fda7859fab7,9dafe9dbe77983a67f3e64a3b1288e0303d698e7cdc7a959db3a703e11fc8173,"{""scale"": [0.007842836901545525], ""zero_point"": [-1], ""quantized_dimension"": 0}","{""scale"": [0.060004957020282745], ""zero_point"": [7], ""quantized_dimension"": 0}",5.0.0,ethos-u85-256,Ethos_U85_SYS_DRAM_Low,Dedicated_Sram,981bedde9b442fee18599efeb1ce5a97a5d26bfc5c5facd91ded5da4fc6bb265,5a6cbb9f8ffad50214e73ae9bb79962500d00482878436433b694d0c2f9cc937,631db6ecd11f7ed5c265308a8251dfcc2228da202001a069f508f9475def2698,1x36x48,1x36x64,1x4x8,DepthFirst,17680,26.27,4591,6068,5909,159,0,0,1412,288,1.1648,1.0364,0.4293,0.4824,9946a8995a004673c57e5e5530103e921e85a819fe6a5a958ea7b1d00708dd93,SUCCESS,h3r_conv1x1_1x36_c128__SSE-320__ethos-u85-256__base__R1.txt,8,8,0,16,16,3999,1,4000,24,12,0,250,125,4000,1000,2344,8,8,0,16,16,3999,1,4000,24,12,0,250,125,4000,1000,2344,8,8,0,16,16,3999,1,4000,24,12,0,250,125,4000,1000,2344
h3r_conv1x1_1x36_c128,conv1x1,1,36,128,36,base,512,PASS,"1,1","1,1","t:0,l:0,b:0,r:0,n:0,f:0","1,1",624ee66a4010a45044e268ea6bf8930cb2bce5a6969483a3e9342cbd36f995b0,ffe8eccb18ec2164c35e343b0bb30f9f8f5352dca08c6b9f9ce11fda7859fab7,9dafe9dbe77983a67f3e64a3b1288e0303d698e7cdc7a959db3a703e11fc8173,"{""scale"": [0.007842836901545525], ""zero_point"": [-1], ""quantized_dimension"": 0}","{""scale"": [0.060004957020282745], ""zero_point"": [7], ""quantized_dimension"": 0}",5.0.0,ethos-u85-512,Ethos_U85_SYS_DRAM_Mid_512,Dedicated_Sram,7a995a8c14f3f2cc16af4197f38e070f55139d40104a53e10683e6ed5b333dc8,a1f181a833444b67858db33c6123f5f4b45ad130ffc92a594037f905780544c9,21268603fe46992ad859fa4ef5c9d8a2b60179c924dd0c2299db39096207c711,1x36x64,1x36x64,1x4x16,DepthFirst,17696,26.28,3432,7068,6124,944,0,0,1414,288,,,,,9946a8995a004673c57e5e5530103e921e85a819fe6a5a958ea7b1d00708dd93,SUCCESS,h3r_conv1x1_1x36_c128__SSE-320__ethos-u85-512__base__R1.txt,8,8,0,32,32,3999,1,4000,64,32,0,500,250,4000,1000,3750,8,8,0,32,32,3999,1,4000,64,32,0,500,250,4000,1000,3750,8,8,0,32,32,3999,1,4000,0,32,0,500,250,4000,1000,3750
h3r_conv1x1_1x36_c128,conv1x1,1,36,128,36,equalized,256,PASS,"1,1","1,1","t:0,l:0,b:0,r:0,n:0,f:0","1,1",624ee66a4010a45044e268ea6bf8930cb2bce5a6969483a3e9342cbd36f995b0,ffe8eccb18ec2164c35e343b0bb30f9f8f5352dca08c6b9f9ce11fda7859fab7,9dafe9dbe77983a67f3e64a3b1288e0303d698e7cdc7a959db3a703e11fc8173,"{""scale"": [0.007842836901545525], ""zero_point"": [-1], ""quantized_dimension"": 0}","{""scale"": [0.060004957020282745], ""zero_point"": [7], ""quantized_dimension"": 0}",5.0.0,ethos-u85-256,Ethos_U85_SYS_DRAM_Low,Dedicated_Sram,981bedde9b442fee18599efeb1ce5a97a5d26bfc5c5facd91ded5da4fc6bb265,5a6cbb9f8ffad50214e73ae9bb79962500d00482878436433b694d0c2f9cc937,6346ce9fa8e73d31a2d5fed94a3d6bf84b9f3f9b8812c160779a12ef467914eb,1x36x48,1x36x64,1x4x8,DepthFirst,17680,26.27,4591,4068,3741,327,0,0,1412,288,0.7542,0.7837,0.663,0.638,9946a8995a004673c57e5e5530103e921e85a819fe6a5a958ea7b1d00708dd93,SUCCESS,h3r_conv1x1_1x36_c128__SSE-320__ethos-u85-256__equalized__R1.txt,8,8,0,0,0,3999,1,4000,0,0,0,0,0,4000,1000,0,8,8,0,0,0,3999,1,4000,0,0,0,0,0,4000,1000,0,8,8,0,0,0,3999,1,4000,0,0,0,0,0,4000,1000,0
h3r_conv1x1_1x36_c128,conv1x1,1,36,128,36,equalized,512,PASS,"1,1","1,1","t:0,l:0,b:0,r:0,n:0,f:0","1,1",624ee66a4010a45044e268ea6bf8930cb2bce5a6969483a3e9342cbd36f995b0,ffe8eccb18ec2164c35e343b0bb30f9f8f5352dca08c6b9f9ce11fda7859fab7,9dafe9dbe77983a67f3e64a3b1288e0303d698e7cdc7a959db3a703e11fc8173,"{""scale"": [0.007842836901545525], ""zero_point"": [-1], ""quantized_dimension"": 0}","{""scale"": [0.060004957020282745], ""zero_point"": [7], ""quantized_dimension"": 0}",5.0.0,ethos-u85-512,Ethos_U85_SYS_DRAM_Mid_512,Dedicated_Sram,7a995a8c14f3f2cc16af4197f38e070f55139d40104a53e10683e6ed5b333dc8,a1f181a833444b67858db33c6123f5f4b45ad130ffc92a594037f905780544c9,eeb03aba2d9ab6b0490979676be0ac38d7802802fa4e9cefbecd3cea567869b4,1x36x64,1x36x64,1x4x16,DepthFirst,17696,26.28,3432,3068,2932,136,0,0,1414,288,,,,,9946a8995a004673c57e5e5530103e921e85a819fe6a5a958ea7b1d00708dd93,SUCCESS,h3r_conv1x1_1x36_c128__SSE-320__ethos-u85-512__equalized__R1.txt,8,8,0,0,0,3999,1,4000,0,0,0,0,0,4000,1000,0,8,8,0,0,0,3999,1,4000,0,0,0,0,0,4000,1000,0,8,8,0,0,0,3999,1,4000,0,0,0,0,0,4000,1000,0
h3r_conv1x1_2x18_c128,conv1x1,2,18,128,36,base,256,PASS,"1,1","1,1","t:0,l:0,b:0,r:0,n:0,f:0","1,1",daf912c36c5ba8687ba9b5141b9d8c7c0d4f80d26c6c31f986c2d2c38ff80a8e,ffe8eccb18ec2164c35e343b0bb30f9f8f5352dca08c6b9f9ce11fda7859fab7,9dafe9dbe77983a67f3e64a3b1288e0303d698e7cdc7a959db3a703e11fc8173,"{""scale"": [0.007842836901545525], ""zero_point"": [-1], ""quantized_dimension"": 0}","{""scale"": [0.060004957020282745], ""zero_point"": [7], ""quantized_dimension"": 0}",5.0.0,ethos-u85-256,Ethos_U85_SYS_DRAM_Low,Dedicated_Sram,e7c4a444b830302e083b927d914ee2908a4e76f0e8d9b7abc1d40d61dbd41e28,9e0a98ec159bbe4365c3981650145b8177608a9716a8dce0c0f3cecac02a180f,726e28015461581e2aed0c2ea22c1fda3a35d205504e9ac86f6348d6edcf87a0,2x18x48,2x18x64,2x2x8,DepthFirst,17680,26.27,4591,6068,5909,159,0,0,1412,288,1.1648,1.0366,0.4293,0.4823,9946a8995a004673c57e5e5530103e921e85a819fe6a5a958ea7b1d00708dd93,SUCCESS,h3r_conv1x1_2x18_c128__SSE-320__ethos-u85-256__base__R1.txt,8,8,0,16,16,3999,1,4000,24,12,0,250,125,4000,1000,2344,8,8,0,16,16,3999,1,4000,24,12,0,250,125,4000,1000,2344,8,8,0,16,16,3999,1,4000,24,12,0,250,125,4000,1000,2344
h3r_conv1x1_2x18_c128,conv1x1,2,18,128,36,base,512,PASS,"1,1","1,1","t:0,l:0,b:0,r:0,n:0,f:0","1,1",daf912c36c5ba8687ba9b5141b9d8c7c0d4f80d26c6c31f986c2d2c38ff80a8e,ffe8eccb18ec2164c35e343b0bb30f9f8f5352dca08c6b9f9ce11fda7859fab7,9dafe9dbe77983a67f3e64a3b1288e0303d698e7cdc7a959db3a703e11fc8173,"{""scale"": [0.007842836901545525], ""zero_point"": [-1], ""quantized_dimension"": 0}","{""scale"": [0.060004957020282745], ""zero_point"": [7], ""quantized_dimension"": 0}",5.0.0,ethos-u85-512,Ethos_U85_SYS_DRAM_Mid_512,Dedicated_Sram,38131af6befdbfee943c87cf97c6a21696230d3a1de19878d7e450f427d6450a,bbf514efdd7b80df308fbbd86d276b85d6055221cf021a1594e31ee0487196af,a6eb94d3e7c553e1b4bcbfd956c7d89de4c2258e7e4b02230464033b526fa5ef,2x18x64,2x18x64,2x2x16,DepthFirst,17696,26.28,3432,7068,6125,943,0,0,1414,288,,,,,9946a8995a004673c57e5e5530103e921e85a819fe6a5a958ea7b1d00708dd93,SUCCESS,h3r_conv1x1_2x18_c128__SSE-320__ethos-u85-512__base__R1.txt,8,8,0,32,32,3999,1,4000,64,32,0,500,250,4000,1000,3750,8,8,0,32,32,3999,1,4000,64,32,0,500,250,4000,1000,3750,8,8,0,32,32,3999,1,4000,0,32,0,500,250,4000,1000,3750
h3r_conv1x1_2x18_c128,conv1x1,2,18,128,36,equalized,256,PASS,"1,1","1,1","t:0,l:0,b:0,r:0,n:0,f:0","1,1",daf912c36c5ba8687ba9b5141b9d8c7c0d4f80d26c6c31f986c2d2c38ff80a8e,ffe8eccb18ec2164c35e343b0bb30f9f8f5352dca08c6b9f9ce11fda7859fab7,9dafe9dbe77983a67f3e64a3b1288e0303d698e7cdc7a959db3a703e11fc8173,"{""scale"": [0.007842836901545525], ""zero_point"": [-1], ""quantized_dimension"": 0}","{""scale"": [0.060004957020282745], ""zero_point"": [7], ""quantized_dimension"": 0}",5.0.0,ethos-u85-256,Ethos_U85_SYS_DRAM_Low,Dedicated_Sram,e7c4a444b830302e083b927d914ee2908a4e76f0e8d9b7abc1d40d61dbd41e28,9e0a98ec159bbe4365c3981650145b8177608a9716a8dce0c0f3cecac02a180f,9a3d98a4b707b4c80a94d554a6dc179bab56788484bd824cadcba82c5da7418d,2x18x48,2x18x64,2x2x8,DepthFirst,17680,26.27,4591,4068,3727,341,0,0,1412,288,0.7542,0.7867,0.663,0.6356,9946a8995a004673c57e5e5530103e921e85a819fe6a5a958ea7b1d00708dd93,SUCCESS,h3r_conv1x1_2x18_c128__SSE-320__ethos-u85-256__equalized__R1.txt,8,8,0,0,0,3999,1,4000,0,0,0,0,0,4000,1000,0,8,8,0,0,0,3999,1,4000,0,0,0,0,0,4000,1000,0,8,8,0,0,0,3999,1,4000,0,0,0,0,0,4000,1000,0
h3r_conv1x1_2x18_c128,conv1x1,2,18,128,36,equalized,512,PASS,"1,1","1,1","t:0,l:0,b:0,r:0,n:0,f:0","1,1",daf912c36c5ba8687ba9b5141b9d8c7c0d4f80d26c6c31f986c2d2c38ff80a8e,ffe8eccb18ec2164c35e343b0bb30f9f8f5352dca08c6b9f9ce11fda7859fab7,9dafe9dbe77983a67f3e64a3b1288e0303d698e7cdc7a959db3a703e11fc8173,"{""scale"": [0.007842836901545525], ""zero_point"": [-1], ""quantized_dimension"": 0}","{""scale"": [0.060004957020282745], ""zero_point"": [7], ""quantized_dimension"": 0}",5.0.0,ethos-u85-512,Ethos_U85_SYS_DRAM_Mid_512,Dedicated_Sram,38131af6befdbfee943c87cf97c6a21696230d3a1de19878d7e450f427d6450a,bbf514efdd7b80df308fbbd86d276b85d6055221cf021a1594e31ee0487196af,6706a6772b397ff996f7e9e26c351e5489dea3afd69078de0a93af2210990a66,2x18x64,2x18x64,2x2x16,DepthFirst,17696,26.28,3432,3068,2932,136,0,0,1414,288,,,,,9946a8995a004673c57e5e5530103e921e85a819fe6a5a958ea7b1d00708dd93,SUCCESS,h3r_conv1x1_2x18_c128__SSE-320__ethos-u85-512__equalized__R1.txt,8,8,0,0,0,3999,1,4000,0,0,0,0,0,4000,1000,0,8,8,0,0,0,3999,1,4000,0,0,0,0,0,4000,1000,0,8,8,0,0,0,3999,1,4000,0,0,0,0,0,4000,1000,0
h3r_conv1x1_3x12_c128,conv1x1,3,12,128,36,base,256,PASS,"1,1","1,1","t:0,l:0,b:0,r:0,n:0,f:0","1,1",fe1b2fd5df639235f15455469f0a94fb78933323ebccf8e884b14c600aa4965b,ffe8eccb18ec2164c35e343b0bb30f9f8f5352dca08c6b9f9ce11fda7859fab7,9dafe9dbe77983a67f3e64a3b1288e0303d698e7cdc7a959db3a703e11fc8173,"{""scale"": [0.007842836901545525], ""zero_point"": [-1], ""quantized_dimension"": 0}","{""scale"": [0.060004957020282745], ""zero_point"": [7], ""quantized_dimension"": 0}",5.0.0,ethos-u85-256,Ethos_U85_SYS_DRAM_Low,Dedicated_Sram,ee5903fd34b1f32029cd38ccb470062dfa813a43d2b62ffc646ced37bde4f837,5e3882003ad6d08d51c5500fe9e6f1431f6c70b072360742376407d78f945e39,8a54a781f22bbb2afb02df0cd57f61894fb26a44fe8ba71ff9a7478c6bcdc601,3x12x48,3x12x64,1x4x8,DepthFirst,17680,26.27,4591,6068,5909,159,0,0,1412,288,1.1648,1.0201,0.4293,0.4901,9946a8995a004673c57e5e5530103e921e85a819fe6a5a958ea7b1d00708dd93,SUCCESS,h3r_conv1x1_3x12_c128__SSE-320__ethos-u85-256__base__R1.txt,8,8,0,16,16,3999,1,4000,24,12,0,250,125,4000,1000,2344,8,8,0,16,16,3999,1,4000,24,12,0,250,125,4000,1000,2344,8,8,0,16,16,3999,1,4000,24,12,0,250,125,4000,1000,2344
h3r_conv1x1_3x12_c128,conv1x1,3,12,128,36,base,512,PASS,"1,1","1,1","t:0,l:0,b:0,r:0,n:0,f:0","1,1",fe1b2fd5df639235f15455469f0a94fb78933323ebccf8e884b14c600aa4965b,ffe8eccb18ec2164c35e343b0bb30f9f8f5352dca08c6b9f9ce11fda7859fab7,9dafe9dbe77983a67f3e64a3b1288e0303d698e7cdc7a959db3a703e11fc8173,"{""scale"": [0.007842836901545525], ""zero_point"": [-1], ""quantized_dimension"": 0}","{""scale"": [0.060004957020282745], ""zero_point"": [7], ""quantized_dimension"": 0}",5.0.0,ethos-u85-512,Ethos_U85_SYS_DRAM_Mid_512,Dedicated_Sram,6a26fa03be7428eb8509a2aa141340c184d1d59c28a058a439b219a1bfd637ee,94f1022754a06497f829b38b8022f06e676cdbe63792af7dd085fb91944765f7,46764f73ff3baff579555bec669db5ec5ece0bc2147b2544e3d6ae6d8d3ddf67,3x12x64,3x12x64,1x4x16,DepthFirst,17696,26.28,3432,7068,6028,1040,0,0,1414,288,,,,,9946a8995a004673c57e5e5530103e921e85a819fe6a5a958ea7b1d00708dd93,SUCCESS,h3r_conv1x1_3x12_c128__SSE-320__ethos-u85-512__base__R1.txt,8,8,0,32,32,3999,1,4000,64,32,0,500,250,4000,1000,3750,8,8,0,32,32,3999,1,4000,64,32,0,500,250,4000,1000,3750,8,8,0,32,32,3999,1,4000,0,32,0,500,250,4000,1000,3750
h3r_conv1x1_3x12_c128,conv1x1,3,12,128,36,equalized,256,PASS,"1,1","1,1","t:0,l:0,b:0,r:0,n:0,f:0","1,1",fe1b2fd5df639235f15455469f0a94fb78933323ebccf8e884b14c600aa4965b,ffe8eccb18ec2164c35e343b0bb30f9f8f5352dca08c6b9f9ce11fda7859fab7,9dafe9dbe77983a67f3e64a3b1288e0303d698e7cdc7a959db3a703e11fc8173,"{""scale"": [0.007842836901545525], ""zero_point"": [-1], ""quantized_dimension"": 0}","{""scale"": [0.060004957020282745], ""zero_point"": [7], ""quantized_dimension"": 0}",5.0.0,ethos-u85-256,Ethos_U85_SYS_DRAM_Low,Dedicated_Sram,ee5903fd34b1f32029cd38ccb470062dfa813a43d2b62ffc646ced37bde4f837,5e3882003ad6d08d51c5500fe9e6f1431f6c70b072360742376407d78f945e39,171497b713bb4b01005599b5a7004c54a98186ad50f053038724f8d44c8923d8,3x12x48,3x12x64,1x4x8,DepthFirst,17680,26.27,4591,4068,3659,409,0,0,1412,288,0.7542,0.7751,0.663,0.6451,9946a8995a004673c57e5e5530103e921e85a819fe6a5a958ea7b1d00708dd93,SUCCESS,h3r_conv1x1_3x12_c128__SSE-320__ethos-u85-256__equalized__R1.txt,8,8,0,0,0,3999,1,4000,0,0,0,0,0,4000,1000,0,8,8,0,0,0,3999,1,4000,0,0,0,0,0,4000,1000,0,8,8,0,0,0,3999,1,4000,0,0,0,0,0,4000,1000,0
h3r_conv1x1_3x12_c128,conv1x1,3,12,128,36,equalized,512,PASS,"1,1","1,1","t:0,l:0,b:0,r:0,n:0,f:0","1,1",fe1b2fd5df639235f15455469f0a94fb78933323ebccf8e884b14c600aa4965b,ffe8eccb18ec2164c35e343b0bb30f9f8f5352dca08c6b9f9ce11fda7859fab7,9dafe9dbe77983a67f3e64a3b1288e0303d698e7cdc7a959db3a703e11fc8173,"{""scale"": [0.007842836901545525], ""zero_point"": [-1], ""quantized_dimension"": 0}","{""scale"": [0.060004957020282745], ""zero_point"": [7], ""quantized_dimension"": 0}",5.0.0,ethos-u85-512,Ethos_U85_SYS_DRAM_Mid_512,Dedicated_Sram,6a26fa03be7428eb8509a2aa141340c184d1d59c28a058a439b219a1bfd637ee,94f1022754a06497f829b38b8022f06e676cdbe63792af7dd085fb91944765f7,93d0779b6f6541922bd1c8cb7f3026b352c2f9697a8a48c0693ce72977fb20b5,3x12x64,3x12x64,1x4x16,DepthFirst,17696,26.28,3432,3068,2836,232,0,0,1414,288,,,,,9946a8995a004673c57e5e5530103e921e85a819fe6a5a958ea7b1d00708dd93,SUCCESS,h3r_conv1x1_3x12_c128__SSE-320__ethos-u85-512__equalized__R1.txt,8,8,0,0,0,3999,1,4000,0,0,0,0,0,4000,1000,0,8,8,0,0,0,3999,1,4000,0,0,0,0,0,4000,1000,0,8,8,0,0,0,3999,1,4000,0,0,0,0,0,4000,1000,0
h3r_conv1x1_4x9_c128,conv1x1,4,9,128,36,base,256,PASS,"1,1","1,1","t:0,l:0,b:0,r:0,n:0,f:0","1,1",97f5ed7b8cf29b3aab47e5d1401becab1cdf3aa2972152c52c9f756fcd808a41,ffe8eccb18ec2164c35e343b0bb30f9f8f5352dca08c6b9f9ce11fda7859fab7,9dafe9dbe77983a67f3e64a3b1288e0303d698e7cdc7a959db3a703e11fc8173,"{""scale"": [0.007842836901545525], ""zero_point"": [-1], ""quantized_dimension"": 0}","{""scale"": [0.060004957020282745], ""zero_point"": [7], ""quantized_dimension"": 0}",5.0.0,ethos-u85-256,Ethos_U85_SYS_DRAM_Low,Dedicated_Sram,8affab949edbfd57f9b5218556ac97dc167c7902934f77c6c1ff6a5a2c2a6f3e,e3d21bc4e9cc6dd020fc91281898c0c33552ab204d81715cea70830be83e7e9e,22e79ddb4e3cfba374a23213ab9bae89fd2a60a04e08197b4e2ac73b12d4a3a8,4x10x48,4x10x64,2x2x8,DepthFirst,17680,26.27,4679,6068,5909,159,0,0,1412,288,1.1648,1.025,0.4293,0.4878,9946a8995a004673c57e5e5530103e921e85a819fe6a5a958ea7b1d00708dd93,SUCCESS,h3r_conv1x1_4x9_c128__SSE-320__ethos-u85-256__base__R1.txt,8,8,0,16,16,3999,1,4000,24,12,0,250,125,4000,1000,2344,8,8,0,16,16,3999,1,4000,24,12,0,250,125,4000,1000,2344,8,8,0,16,16,3999,1,4000,24,12,0,250,125,4000,1000,2344
h3r_conv1x1_4x9_c128,conv1x1,4,9,128,36,base,512,PASS,"1,1","1,1","t:0,l:0,b:0,r:0,n:0,f:0","1,1",97f5ed7b8cf29b3aab47e5d1401becab1cdf3aa2972152c52c9f756fcd808a41,ffe8eccb18ec2164c35e343b0bb30f9f8f5352dca08c6b9f9ce11fda7859fab7,9dafe9dbe77983a67f3e64a3b1288e0303d698e7cdc7a959db3a703e11fc8173,"{""scale"": [0.007842836901545525], ""zero_point"": [-1], ""quantized_dimension"": 0}","{""scale"": [0.060004957020282745], ""zero_point"": [7], ""quantized_dimension"": 0}",5.0.0,ethos-u85-512,Ethos_U85_SYS_DRAM_Mid_512,Dedicated_Sram,d3a0a68fc5a5d0dd4bbd6f48ae986c0e626f1c1543d1c9337156cdee90ea92a8,9a1f95d420714c9e3dfa830d446716344650e4778da572461b49fd8bbc87094a,3db1d8fe075bcb3b2eeba855056a462d1ceaead679cf32bce277bb9e05be64bd,4x10x64,4x10x64,2x2x16,DepthFirst,17696,26.28,3448,7068,6057,1011,0,0,1414,288,,,,,9946a8995a004673c57e5e5530103e921e85a819fe6a5a958ea7b1d00708dd93,SUCCESS,h3r_conv1x1_4x9_c128__SSE-320__ethos-u85-512__base__R1.txt,8,8,0,32,32,3999,1,4000,64,32,0,500,250,4000,1000,3750,8,8,0,32,32,3999,1,4000,64,32,0,500,250,4000,1000,3750,8,8,0,32,32,3999,1,4000,0,32,0,500,250,4000,1000,3750
h3r_conv1x1_4x9_c128,conv1x1,4,9,128,36,equalized,256,PASS,"1,1","1,1","t:0,l:0,b:0,r:0,n:0,f:0","1,1",97f5ed7b8cf29b3aab47e5d1401becab1cdf3aa2972152c52c9f756fcd808a41,ffe8eccb18ec2164c35e343b0bb30f9f8f5352dca08c6b9f9ce11fda7859fab7,9dafe9dbe77983a67f3e64a3b1288e0303d698e7cdc7a959db3a703e11fc8173,"{""scale"": [0.007842836901545525], ""zero_point"": [-1], ""quantized_dimension"": 0}","{""scale"": [0.060004957020282745], ""zero_point"": [7], ""quantized_dimension"": 0}",5.0.0,ethos-u85-256,Ethos_U85_SYS_DRAM_Low,Dedicated_Sram,8affab949edbfd57f9b5218556ac97dc167c7902934f77c6c1ff6a5a2c2a6f3e,e3d21bc4e9cc6dd020fc91281898c0c33552ab204d81715cea70830be83e7e9e,5cd7a9acbc21c2cc97a38c4e44d9be0897626cc48446c307abe3cc9771b987d8,4x10x48,4x10x64,2x2x8,DepthFirst,17680,26.27,4679,4068,3847,221,0,0,1412,288,0.7542,0.77,0.663,0.6494,9946a8995a004673c57e5e5530103e921e85a819fe6a5a958ea7b1d00708dd93,SUCCESS,h3r_conv1x1_4x9_c128__SSE-320__ethos-u85-256__equalized__R1.txt,8,8,0,0,0,3999,1,4000,0,0,0,0,0,4000,1000,0,8,8,0,0,0,3999,1,4000,0,0,0,0,0,4000,1000,0,8,8,0,0,0,3999,1,4000,0,0,0,0,0,4000,1000,0
h3r_conv1x1_4x9_c128,conv1x1,4,9,128,36,equalized,512,PASS,"1,1","1,1","t:0,l:0,b:0,r:0,n:0,f:0","1,1",97f5ed7b8cf29b3aab47e5d1401becab1cdf3aa2972152c52c9f756fcd808a41,ffe8eccb18ec2164c35e343b0bb30f9f8f5352dca08c6b9f9ce11fda7859fab7,9dafe9dbe77983a67f3e64a3b1288e0303d698e7cdc7a959db3a703e11fc8173,"{""scale"": [0.007842836901545525], ""zero_point"": [-1], ""quantized_dimension"": 0}","{""scale"": [0.060004957020282745], ""zero_point"": [7], ""quantized_dimension"": 0}",5.0.0,ethos-u85-512,Ethos_U85_SYS_DRAM_Mid_512,Dedicated_Sram,d3a0a68fc5a5d0dd4bbd6f48ae986c0e626f1c1543d1c9337156cdee90ea92a8,9a1f95d420714c9e3dfa830d446716344650e4778da572461b49fd8bbc87094a,bb90615581665e7613dcf5adf21eabbd5daa098f7be34ba6932b48a8108e3d04,4x10x64,4x10x64,2x2x16,DepthFirst,17696,26.28,3448,3068,2962,106,0,0,1414,288,,,,,9946a8995a004673c57e5e5530103e921e85a819fe6a5a958ea7b1d00708dd93,SUCCESS,h3r_conv1x1_4x9_c128__SSE-320__ethos-u85-512__equalized__R1.txt,8,8,0,0,0,3999,1,4000,0,0,0,0,0,4000,1000,0,8,8,0,0,0,3999,1,4000,0,0,0,0,0,4000,1000,0,8,8,0,0,0,3999,1,4000,0,0,0,0,0,4000,1000,0
h3r_conv1x1_6x6_c128,conv1x1,6,6,128,36,base,256,PASS,"1,1","1,1","t:0,l:0,b:0,r:0,n:0,f:0","1,1",e0a1edbf038477127f84a686323655db71171e17e734ac30cdb296e48efda71b,ffe8eccb18ec2164c35e343b0bb30f9f8f5352dca08c6b9f9ce11fda7859fab7,9dafe9dbe77983a67f3e64a3b1288e0303d698e7cdc7a959db3a703e11fc8173,"{""scale"": [0.007842836901545525], ""zero_point"": [-1], ""quantized_dimension"": 0}","{""scale"": [0.060004957020282745], ""zero_point"": [7], ""quantized_dimension"": 0}",5.0.0,ethos-u85-256,Ethos_U85_SYS_DRAM_Low,Dedicated_Sram,29c52c81edf1cf952b2552127067959dba638f3415f10819eb8b2a9bbfa95bbc,ff757e54357224aada8cb7b3f1dddac350ef39f3b000de04429f7ee5c8107814,2f14457b7a8867348784b34c9b4acc7e49300ff150218d63c25db244146d71c7,6x6x48,6x6x64,2x2x8,DepthFirst,17680,26.27,4591,6068,5909,159,0,0,1412,288,1.1648,1.0203,0.4293,0.4901,9946a8995a004673c57e5e5530103e921e85a819fe6a5a958ea7b1d00708dd93,SUCCESS,h3r_conv1x1_6x6_c128__SSE-320__ethos-u85-256__base__R1.txt,8,8,0,16,16,3999,1,4000,24,12,0,250,125,4000,1000,2344,8,8,0,16,16,3999,1,4000,24,12,0,250,125,4000,1000,2344,8,8,0,16,16,3999,1,4000,24,12,0,250,125,4000,1000,2344
h3r_conv1x1_6x6_c128,conv1x1,6,6,128,36,base,512,PASS,"1,1","1,1","t:0,l:0,b:0,r:0,n:0,f:0","1,1",e0a1edbf038477127f84a686323655db71171e17e734ac30cdb296e48efda71b,ffe8eccb18ec2164c35e343b0bb30f9f8f5352dca08c6b9f9ce11fda7859fab7,9dafe9dbe77983a67f3e64a3b1288e0303d698e7cdc7a959db3a703e11fc8173,"{""scale"": [0.007842836901545525], ""zero_point"": [-1], ""quantized_dimension"": 0}","{""scale"": [0.060004957020282745], ""zero_point"": [7], ""quantized_dimension"": 0}",5.0.0,ethos-u85-512,Ethos_U85_SYS_DRAM_Mid_512,Dedicated_Sram,65cad3dff35d4b3f1ad0c7d164ffff3ac94812c40333c1ed73e7bdfd3f30f667,b585194cb0f87cd78f2cfedc4777b1d806eeb7c21a2aec567f25f6c43740519a,6ee5ac9a8843ac5fa45dbba4dea28c0d31d08637bdf5e346b554b641716de24e,6x6x64,6x6x64,2x2x16,DepthFirst,17696,26.28,3432,7068,6029,1039,0,0,1414,288,,,,,9946a8995a004673c57e5e5530103e921e85a819fe6a5a958ea7b1d00708dd93,SUCCESS,h3r_conv1x1_6x6_c128__SSE-320__ethos-u85-512__base__R1.txt,8,8,0,32,32,3999,1,4000,64,32,0,500,250,4000,1000,3750,8,8,0,32,32,3999,1,4000,64,32,0,500,250,4000,1000,3750,8,8,0,32,32,3999,1,4000,0,32,0,500,250,4000,1000,3750
h3r_conv1x1_6x6_c128,conv1x1,6,6,128,36,equalized,256,PASS,"1,1","1,1","t:0,l:0,b:0,r:0,n:0,f:0","1,1",e0a1edbf038477127f84a686323655db71171e17e734ac30cdb296e48efda71b,ffe8eccb18ec2164c35e343b0bb30f9f8f5352dca08c6b9f9ce11fda7859fab7,9dafe9dbe77983a67f3e64a3b1288e0303d698e7cdc7a959db3a703e11fc8173,"{""scale"": [0.007842836901545525], ""zero_point"": [-1], ""quantized_dimension"": 0}","{""scale"": [0.060004957020282745], ""zero_point"": [7], ""quantized_dimension"": 0}",5.0.0,ethos-u85-256,Ethos_U85_SYS_DRAM_Low,Dedicated_Sram,29c52c81edf1cf952b2552127067959dba638f3415f10819eb8b2a9bbfa95bbc,ff757e54357224aada8cb7b3f1dddac350ef39f3b000de04429f7ee5c8107814,2a7c039e3b4392427f16e333a854f12bea342e00e6f7cc6199cd6cc52c117960,6x6x48,6x6x64,2x2x8,DepthFirst,17680,26.27,4591,4068,3645,423,0,0,1412,288,0.7542,0.7819,0.663,0.6395,9946a8995a004673c57e5e5530103e921e85a819fe6a5a958ea7b1d00708dd93,SUCCESS,h3r_conv1x1_6x6_c128__SSE-320__ethos-u85-256__equalized__R1.txt,8,8,0,0,0,3999,1,4000,0,0,0,0,0,4000,1000,0,8,8,0,0,0,3999,1,4000,0,0,0,0,0,4000,1000,0,8,8,0,0,0,3999,1,4000,0,0,0,0,0,4000,1000,0
h3r_conv1x1_6x6_c128,conv1x1,6,6,128,36,equalized,512,PASS,"1,1","1,1","t:0,l:0,b:0,r:0,n:0,f:0","1,1",e0a1edbf038477127f84a686323655db71171e17e734ac30cdb296e48efda71b,ffe8eccb18ec2164c35e343b0bb30f9f8f5352dca08c6b9f9ce11fda7859fab7,9dafe9dbe77983a67f3e64a3b1288e0303d698e7cdc7a959db3a703e11fc8173,"{""scale"": [0.007842836901545525], ""zero_point"": [-1], ""quantized_dimension"": 0}","{""scale"": [0.060004957020282745], ""zero_point"": [7], ""quantized_dimension"": 0}",5.0.0,ethos-u85-512,Ethos_U85_SYS_DRAM_Mid_512,Dedicated_Sram,65cad3dff35d4b3f1ad0c7d164ffff3ac94812c40333c1ed73e7bdfd3f30f667,b585194cb0f87cd78f2cfedc4777b1d806eeb7c21a2aec567f25f6c43740519a,b43c6d10b7979d0d8f1f063c249359f43f58b1634213eeb4575680578c8eb5be,6x6x64,6x6x64,2x2x16,DepthFirst,17696,26.28,3432,3068,2850,218,0,0,1414,288,,,,,9946a8995a004673c57e5e5530103e921e85a819fe6a5a958ea7b1d00708dd93,SUCCESS,h3r_conv1x1_6x6_c128__SSE-320__ethos-u85-512__equalized__R1.txt,8,8,0,0,0,3999,1,4000,0,0,0,0,0,4000,1000,0,8,8,0,0,0,3999,1,4000,0,0,0,0,0,4000,1000,0,8,8,0,0,0,3999,1,4000,0,0,0,0,0,4000,1000,0
h3r_conv1x1_9x4_c128,conv1x1,9,4,128,36,base,256,PASS,"1,1","1,1","t:0,l:0,b:0,r:0,n:0,f:0","1,1",00198edf296c535b92d4bbf019d66d36bbd70025a3d446ac44c50fe713c9be14,ffe8eccb18ec2164c35e343b0bb30f9f8f5352dca08c6b9f9ce11fda7859fab7,9dafe9dbe77983a67f3e64a3b1288e0303d698e7cdc7a959db3a703e11fc8173,"{""scale"": [0.007842836901545525], ""zero_point"": [-1], ""quantized_dimension"": 0}","{""scale"": [0.060004957020282745], ""zero_point"": [7], ""quantized_dimension"": 0}",5.0.0,ethos-u85-256,Ethos_U85_SYS_DRAM_Low,Dedicated_Sram,4b4d6c922a9e6bdd8717fbda01b34aa9e70a018d0403e93179587b6b41c4411f,ad991277f60f7559bc121530b6abb8f3876c44c1a5b69ca0b69092e3f9a6b280,2e381e034ee822314f884cd0b6274fb4921e4e660a458094a78d44ef2161b447,9x4x48,9x4x64,1x4x8,DepthFirst,17680,26.27,4591,6068,5909,159,0,0,1412,288,1.0,1.008,0.5,0.496,9946a8995a004673c57e5e5530103e921e85a819fe6a5a958ea7b1d00708dd93,SUCCESS,h3r_conv1x1_9x4_c128__SSE-320__ethos-u85-256__base__R1.txt,8,8,0,16,16,3999,1,4000,24,12,0,250,125,4000,1000,2344,8,8,0,16,16,3999,1,4000,24,12,0,250,125,4000,1000,2344,8,8,0,16,16,3999,1,4000,24,12,0,250,125,4000,1000,2344
h3r_conv1x1_9x4_c128,conv1x1,9,4,128,36,base,512,PASS,"1,1","1,1","t:0,l:0,b:0,r:0,n:0,f:0","1,1",00198edf296c535b92d4bbf019d66d36bbd70025a3d446ac44c50fe713c9be14,ffe8eccb18ec2164c35e343b0bb30f9f8f5352dca08c6b9f9ce11fda7859fab7,9dafe9dbe77983a67f3e64a3b1288e0303d698e7cdc7a959db3a703e11fc8173,"{""scale"": [0.007842836901545525], ""zero_point"": [-1], ""quantized_dimension"": 0}","{""scale"": [0.060004957020282745], ""zero_point"": [7], ""quantized_dimension"": 0}",5.0.0,ethos-u85-512,Ethos_U85_SYS_DRAM_Mid_512,Dedicated_Sram,9e90692ecb5fae4742b84d1362880cc433cf38edc964b6fe870764e67ec5fa21,ec815cb6c2bc64dce4fd5c5da868339c0582a6fad1f6c11fe9f494c7d9580936,ce6a67d74c4fdf5294f07370db1073a4da714a2b0648feb0e2a302757af50096,9x4x64,9x4x64,1x4x16,DepthFirst,17696,26.28,3432,6068,5956,112,0,0,1414,288,,,,,9946a8995a004673c57e5e5530103e921e85a819fe6a5a958ea7b1d00708dd93,SUCCESS,h3r_conv1x1_9x4_c128__SSE-320__ethos-u85-512__base__R1.txt,8,8,0,32,32,3999,1,4000,64,32,0,500,250,4000,1000,3750,8,8,0,32,32,3999,1,4000,64,32,0,500,250,4000,1000,3750,8,8,0,32,32,3999,1,4000,0,32,0,500,250,4000,1000,3750
h3r_conv1x1_9x4_c128,conv1x1,9,4,128,36,equalized,256,PASS,"1,1","1,1","t:0,l:0,b:0,r:0,n:0,f:0","1,1",00198edf296c535b92d4bbf019d66d36bbd70025a3d446ac44c50fe713c9be14,ffe8eccb18ec2164c35e343b0bb30f9f8f5352dca08c6b9f9ce11fda7859fab7,9dafe9dbe77983a67f3e64a3b1288e0303d698e7cdc7a959db3a703e11fc8173,"{""scale"": [0.007842836901545525], ""zero_point"": [-1], ""quantized_dimension"": 0}","{""scale"": [0.060004957020282745], ""zero_point"": [7], ""quantized_dimension"": 0}",5.0.0,ethos-u85-256,Ethos_U85_SYS_DRAM_Low,Dedicated_Sram,4b4d6c922a9e6bdd8717fbda01b34aa9e70a018d0403e93179587b6b41c4411f,ad991277f60f7559bc121530b6abb8f3876c44c1a5b69ca0b69092e3f9a6b280,0abae7abad0e8551f0571e0ca944b54efebabde8602dc8216b67ffd822b15347,9x4x48,9x4x64,1x4x8,DepthFirst,17680,26.27,4591,4068,3685,383,0,0,1412,288,0.7542,0.7609,0.663,0.6571,9946a8995a004673c57e5e5530103e921e85a819fe6a5a958ea7b1d00708dd93,SUCCESS,h3r_conv1x1_9x4_c128__SSE-320__ethos-u85-256__equalized__R1.txt,8,8,0,0,0,3999,1,4000,0,0,0,0,0,4000,1000,0,8,8,0,0,0,3999,1,4000,0,0,0,0,0,4000,1000,0,8,8,0,0,0,3999,1,4000,0,0,0,0,0,4000,1000,0
h3r_conv1x1_9x4_c128,conv1x1,9,4,128,36,equalized,512,PASS,"1,1","1,1","t:0,l:0,b:0,r:0,n:0,f:0","1,1",00198edf296c535b92d4bbf019d66d36bbd70025a3d446ac44c50fe713c9be14,ffe8eccb18ec2164c35e343b0bb30f9f8f5352dca08c6b9f9ce11fda7859fab7,9dafe9dbe77983a67f3e64a3b1288e0303d698e7cdc7a959db3a703e11fc8173,"{""scale"": [0.007842836901545525], ""zero_point"": [-1], ""quantized_dimension"": 0}","{""scale"": [0.060004957020282745], ""zero_point"": [7], ""quantized_dimension"": 0}",5.0.0,ethos-u85-512,Ethos_U85_SYS_DRAM_Mid_512,Dedicated_Sram,9e90692ecb5fae4742b84d1362880cc433cf38edc964b6fe870764e67ec5fa21,ec815cb6c2bc64dce4fd5c5da868339c0582a6fad1f6c11fe9f494c7d9580936,f4e818c4e35fea77970fad7e591453fd9f55202cf3322690cc46d28c3f650265,9x4x64,9x4x64,1x4x16,DepthFirst,17696,26.28,3432,3068,2804,264,0,0,1414,288,,,,,9946a8995a004673c57e5e5530103e921e85a819fe6a5a958ea7b1d00708dd93,SUCCESS,h3r_conv1x1_9x4_c128__SSE-320__ethos-u85-512__equalized__R1.txt,8,8,0,0,0,3999,1,4000,0,0,0,0,0,4000,1000,0,8,8,0,0,0,3999,1,4000,0,0,0,0,0,4000,1000,0,8,8,0,0,0,3999,1,4000,0,0,0,0,0,4000,1000,0
h3r_conv1x1_12x3_c128,conv1x1,12,3,128,36,base,256,PASS,"1,1","1,1","t:0,l:0,b:0,r:0,n:0,f:0","1,1",7f365b811b4613f71dc20e788df979e3d50addd5b445347d6cea3af3c01b33ea,ffe8eccb18ec2164c35e343b0bb30f9f8f5352dca08c6b9f9ce11fda7859fab7,9dafe9dbe77983a67f3e64a3b1288e0303d698e7cdc7a959db3a703e11fc8173,"{""scale"": [0.007842836901545525], ""zero_point"": [-1], ""quantized_dimension"": 0}","{""scale"": [0.060004957020282745], ""zero_point"": [7], ""quantized_dimension"": 0}",5.0.0,ethos-u85-256,Ethos_U85_SYS_DRAM_Low,Dedicated_Sram,737c2f8445d99cde3095866f0072edb75600f185f990e8574dbed8e0f0b083d1,1bd0661f351bf4915723543c992dbfc2137f07c5ab04aa51db68382618e1a77a,53ab3ab12cb57129fb3e1749417f10176f495dd11436945ccee826591e0b0284,12x4x32,12x4x64,1x4x8,DepthFirst,17680,26.27,4981,6068,5909,159,0,0,1412,288,1.1648,1.0168,0.4293,0.4917,9946a8995a004673c57e5e5530103e921e85a819fe6a5a958ea7b1d00708dd93,SUCCESS,h3r_conv1x1_12x3_c128__SSE-320__ethos-u85-256__base__R1.txt,8,8,0,16,16,3999,1,4000,24,12,0,250,125,4000,1000,2344,8,8,0,16,16,3999,1,4000,24,12,0,250,125,4000,1000,2344,8,8,0,16,16,3999,1,4000,24,12,0,250,125,4000,1000,2344
h3r_conv1x1_12x3_c128,conv1x1,12,3,128,36,base,512,PASS,"1,1","1,1","t:0,l:0,b:0,r:0,n:0,f:0","1,1",7f365b811b4613f71dc20e788df979e3d50addd5b445347d6cea3af3c01b33ea,ffe8eccb18ec2164c35e343b0bb30f9f8f5352dca08c6b9f9ce11fda7859fab7,9dafe9dbe77983a67f3e64a3b1288e0303d698e7cdc7a959db3a703e11fc8173,"{""scale"": [0.007842836901545525], ""zero_point"": [-1], ""quantized_dimension"": 0}","{""scale"": [0.060004957020282745], ""zero_point"": [7], ""quantized_dimension"": 0}",5.0.0,ethos-u85-512,Ethos_U85_SYS_DRAM_Mid_512,Dedicated_Sram,335c6f2e3284c2c604065f64e30e5f29c648654fd2ada3495d2dc4905f3e57df,4ff742a6b56f0014bac848782a63741c5465b8f88576654c1df9df5e5770053a,83c3525a9d361115ef8a4e74447fc0fe6ce76d71144aa11ebc8af38cc02a46dc,12x4x64,12x4x64,2x2x16,DepthFirst,17696,26.28,3480,7068,6008,1060,0,0,1414,288,,,,,9946a8995a004673c57e5e5530103e921e85a819fe6a5a958ea7b1d00708dd93,SUCCESS,h3r_conv1x1_12x3_c128__SSE-320__ethos-u85-512__base__R1.txt,8,8,0,32,32,3999,1,4000,64,32,0,500,250,4000,1000,3750,8,8,0,32,32,3999,1,4000,64,32,0,500,250,4000,1000,3750,8,8,0,32,32,3999,1,4000,0,32,0,500,250,4000,1000,3750
h3r_conv1x1_12x3_c128,conv1x1,12,3,128,36,equalized,256,PASS,"1,1","1,1","t:0,l:0,b:0,r:0,n:0,f:0","1,1",7f365b811b4613f71dc20e788df979e3d50addd5b445347d6cea3af3c01b33ea,ffe8eccb18ec2164c35e343b0bb30f9f8f5352dca08c6b9f9ce11fda7859fab7,9dafe9dbe77983a67f3e64a3b1288e0303d698e7cdc7a959db3a703e11fc8173,"{""scale"": [0.007842836901545525], ""zero_point"": [-1], ""quantized_dimension"": 0}","{""scale"": [0.060004957020282745], ""zero_point"": [7], ""quantized_dimension"": 0}",5.0.0,ethos-u85-256,Ethos_U85_SYS_DRAM_Low,Dedicated_Sram,737c2f8445d99cde3095866f0072edb75600f185f990e8574dbed8e0f0b083d1,1bd0661f351bf4915723543c992dbfc2137f07c5ab04aa51db68382618e1a77a,9ac8702ebb9e86d1851104a886b388e91144fe3a58edff684ad8abf2ebee0f12,12x4x32,12x4x64,1x4x8,DepthFirst,17680,26.27,4981,5068,4271,797,0,0,1412,288,0.8027,0.7165,0.6229,0.6978,9946a8995a004673c57e5e5530103e921e85a819fe6a5a958ea7b1d00708dd93,SUCCESS,h3r_conv1x1_12x3_c128__SSE-320__ethos-u85-256__equalized__R1.txt,8,8,0,0,0,3999,1,4000,0,0,0,0,0,4000,1000,0,8,8,0,0,0,3999,1,4000,0,0,0,0,0,4000,1000,0,8,8,0,0,0,3999,1,4000,0,0,0,0,0,4000,1000,0
h3r_conv1x1_12x3_c128,conv1x1,12,3,128,36,equalized,512,PASS,"1,1","1,1","t:0,l:0,b:0,r:0,n:0,f:0","1,1",7f365b811b4613f71dc20e788df979e3d50addd5b445347d6cea3af3c01b33ea,ffe8eccb18ec2164c35e343b0bb30f9f8f5352dca08c6b9f9ce11fda7859fab7,9dafe9dbe77983a67f3e64a3b1288e0303d698e7cdc7a959db3a703e11fc8173,"{""scale"": [0.007842836901545525], ""zero_point"": [-1], ""quantized_dimension"": 0}","{""scale"": [0.060004957020282745], ""zero_point"": [7], ""quantized_dimension"": 0}",5.0.0,ethos-u85-512,Ethos_U85_SYS_DRAM_Mid_512,Dedicated_Sram,335c6f2e3284c2c604065f64e30e5f29c648654fd2ada3495d2dc4905f3e57df,4ff742a6b56f0014bac848782a63741c5465b8f88576654c1df9df5e5770053a,495e3b922b90471c49563b69f8e97e9cdb5492d28e7e01cc7904140be420f71c,12x4x64,12x4x64,2x2x16,DepthFirst,17696,26.28,3480,4068,3060,1008,0,0,1414,288,,,,,9946a8995a004673c57e5e5530103e921e85a819fe6a5a958ea7b1d00708dd93,SUCCESS,h3r_conv1x1_12x3_c128__SSE-320__ethos-u85-512__equalized__R1.txt,8,8,0,0,0,3999,1,4000,0,0,0,0,0,4000,1000,0,8,8,0,0,0,3999,1,4000,0,0,0,0,0,4000,1000,0,8,8,0,0,0,3999,1,4000,0,0,0,0,0,4000,1000,0
h3r_conv1x1_18x2_c128,conv1x1,18,2,128,36,base,256,PASS,"1,1","1,1","t:0,l:0,b:0,r:0,n:0,f:0","1,1",9f221e788b23ef824c49632ff12f9aa1e321d3c0d7f0c17f5a844b0cf6edbc75,ffe8eccb18ec2164c35e343b0bb30f9f8f5352dca08c6b9f9ce11fda7859fab7,9dafe9dbe77983a67f3e64a3b1288e0303d698e7cdc7a959db3a703e11fc8173,"{""scale"": [0.007842836901545525], ""zero_point"": [-1], ""quantized_dimension"": 0}","{""scale"": [0.060004957020282745], ""zero_point"": [7], ""quantized_dimension"": 0}",5.0.0,ethos-u85-256,Ethos_U85_SYS_DRAM_Low,Dedicated_Sram,bbf66fd8c4cdd1a8aeda59395b9cbbb80bce445e08a83f78a2f2724378da8423,a43bdbbbf2b96fd74a3182403da00d4626ebbc634f92124b78f2f8394edfe6bf,065f613c804a97bd326c24245f76ef2df9a3cf8a918c92ac20a009f486ad7676,18x2x48,18x2x64,2x2x8,DepthFirst,17680,26.27,4591,6068,5909,159,0,0,1412,288,1.0,1.008,0.5,0.496,9946a8995a004673c57e5e5530103e921e85a819fe6a5a958ea7b1d00708dd93,SUCCESS,h3r_conv1x1_18x2_c128__SSE-320__ethos-u85-256__base__R1.txt,8,8,0,16,16,3999,1,4000,24,12,0,250,125,4000,1000,2344,8,8,0,16,16,3999,1,4000,24,12,0,250,125,4000,1000,2344,8,8,0,16,16,3999,1,4000,24,12,0,250,125,4000,1000,2344
h3r_conv1x1_18x2_c128,conv1x1,18,2,128,36,base,512,PASS,"1,1","1,1","t:0,l:0,b:0,r:0,n:0,f:0","1,1",9f221e788b23ef824c49632ff12f9aa1e321d3c0d7f0c17f5a844b0cf6edbc75,ffe8eccb18ec2164c35e343b0bb30f9f8f5352dca08c6b9f9ce11fda7859fab7,9dafe9dbe77983a67f3e64a3b1288e0303d698e7cdc7a959db3a703e11fc8173,"{""scale"": [0.007842836901545525], ""zero_point"": [-1], ""quantized_dimension"": 0}","{""scale"": [0.060004957020282745], ""zero_point"": [7], ""quantized_dimension"": 0}",5.0.0,ethos-u85-512,Ethos_U85_SYS_DRAM_Mid_512,Dedicated_Sram,8989a2d902101c871088e4b2e02c0d68ef406106ebca267e8f865351aa111d62,a86f9a10fd5255b7530d0a71ef02ef4505aa45adec8afeed453f1b7281d0a872,32c98fc6f91083bef71c04f7c5a62751d81c7c8d9eb85ecda6d54964c721bf30,18x2x64,18x2x64,2x2x16,DepthFirst,17696,26.28,3432,6068,5956,112,0,0,1414,288,,,,,9946a8995a004673c57e5e5530103e921e85a819fe6a5a958ea7b1d00708dd93,SUCCESS,h3r_conv1x1_18x2_c128__SSE-320__ethos-u85-512__base__R1.txt,8,8,0,32,32,3999,1,4000,64,32,0,500,250,4000,1000,3750,8,8,0,32,32,3999,1,4000,64,32,0,500,250,4000,1000,3750,8,8,0,32,32,3999,1,4000,0,32,0,500,250,4000,1000,3750
h3r_conv1x1_18x2_c128,conv1x1,18,2,128,36,equalized,256,PASS,"1,1","1,1","t:0,l:0,b:0,r:0,n:0,f:0","1,1",9f221e788b23ef824c49632ff12f9aa1e321d3c0d7f0c17f5a844b0cf6edbc75,ffe8eccb18ec2164c35e343b0bb30f9f8f5352dca08c6b9f9ce11fda7859fab7,9dafe9dbe77983a67f3e64a3b1288e0303d698e7cdc7a959db3a703e11fc8173,"{""scale"": [0.007842836901545525], ""zero_point"": [-1], ""quantized_dimension"": 0}","{""scale"": [0.060004957020282745], ""zero_point"": [7], ""quantized_dimension"": 0}",5.0.0,ethos-u85-256,Ethos_U85_SYS_DRAM_Low,Dedicated_Sram,bbf66fd8c4cdd1a8aeda59395b9cbbb80bce445e08a83f78a2f2724378da8423,a43bdbbbf2b96fd74a3182403da00d4626ebbc634f92124b78f2f8394edfe6bf,992a84bcf3fcd6afe1c138b26ae8e8e2b053841635a9c72b8b08f1f9cfc2bdb1,18x2x48,18x2x64,2x2x8,DepthFirst,17680,26.27,4591,4068,3685,383,0,0,1412,288,0.7542,0.7609,0.663,0.6571,9946a8995a004673c57e5e5530103e921e85a819fe6a5a958ea7b1d00708dd93,SUCCESS,h3r_conv1x1_18x2_c128__SSE-320__ethos-u85-256__equalized__R1.txt,8,8,0,0,0,3999,1,4000,0,0,0,0,0,4000,1000,0,8,8,0,0,0,3999,1,4000,0,0,0,0,0,4000,1000,0,8,8,0,0,0,3999,1,4000,0,0,0,0,0,4000,1000,0
h3r_conv1x1_18x2_c128,conv1x1,18,2,128,36,equalized,512,PASS,"1,1","1,1","t:0,l:0,b:0,r:0,n:0,f:0","1,1",9f221e788b23ef824c49632ff12f9aa1e321d3c0d7f0c17f5a844b0cf6edbc75,ffe8eccb18ec2164c35e343b0bb30f9f8f5352dca08c6b9f9ce11fda7859fab7,9dafe9dbe77983a67f3e64a3b1288e0303d698e7cdc7a959db3a703e11fc8173,"{""scale"": [0.007842836901545525], ""zero_point"": [-1], ""quantized_dimension"": 0}","{""scale"": [0.060004957020282745], ""zero_point"": [7], ""quantized_dimension"": 0}",5.0.0,ethos-u85-512,Ethos_U85_SYS_DRAM_Mid_512,Dedicated_Sram,8989a2d902101c871088e4b2e02c0d68ef406106ebca267e8f865351aa111d62,a86f9a10fd5255b7530d0a71ef02ef4505aa45adec8afeed453f1b7281d0a872,936c2c4a98dc13b0d0f00d62f43f0dd1adea2a28f09dbfb541259ee69e92f216,18x2x64,18x2x64,2x2x16,DepthFirst,17696,26.28,3432,3068,2804,264,0,0,1414,288,,,,,9946a8995a004673c57e5e5530103e921e85a819fe6a5a958ea7b1d00708dd93,SUCCESS,h3r_conv1x1_18x2_c128__SSE-320__ethos-u85-512__equalized__R1.txt,8,8,0,0,0,3999,1,4000,0,0,0,0,0,4000,1000,0,8,8,0,0,0,3999,1,4000,0,0,0,0,0,4000,1000,0,8,8,0,0,0,3999,1,4000,0,0,0,0,0,4000,1000,0
h3r_conv1x1_36x1_c128,conv1x1,36,1,128,36,base,256,PASS,"1,1","1,1","t:0,l:0,b:0,r:0,n:0,f:0","1,1",a5df29eddb2e0f0e0ce5d7a6a461a25ec19021569203ab4db3baedd9ed73bdcb,ffe8eccb18ec2164c35e343b0bb30f9f8f5352dca08c6b9f9ce11fda7859fab7,9dafe9dbe77983a67f3e64a3b1288e0303d698e7cdc7a959db3a703e11fc8173,"{""scale"": [0.007842836901545525], ""zero_point"": [-1], ""quantized_dimension"": 0}","{""scale"": [0.060004957020282745], ""zero_point"": [7], ""quantized_dimension"": 0}",5.0.0,ethos-u85-256,Ethos_U85_SYS_DRAM_Low,Dedicated_Sram,d9e9d81a7ba6629695ad027c1acb9f1142f0967082b92b72f643d426a7322d05,79142b9ea8b5287e902da100b8a76dc816b70662563f0a40e9b79eb31603bca0,d05b21c2e6d04df5d3e35acf83795b91c38f75d36f27a0503db6697dab6d4268,20x2x48,20x2x64,2x2x8,DepthFirst,17728,26.31,5818,10068,9505,563,2216,1108,2296,288,0.702,0.6349,0.7123,0.7875,9946a8995a004673c57e5e5530103e921e85a819fe6a5a958ea7b1d00708dd93,SUCCESS,h3r_conv1x1_36x1_c128__SSE-320__ethos-u85-256__base__R1.txt,8,8,0,16,16,3999,1,4000,24,12,0,250,125,4000,1000,2344,8,8,0,16,16,3999,1,4000,24,12,0,250,125,4000,1000,2344,8,8,0,16,16,3999,1,4000,24,12,0,250,125,4000,1000,2344
h3r_conv1x1_36x1_c128,conv1x1,36,1,128,36,base,512,PASS,"1,1","1,1","t:0,l:0,b:0,r:0,n:0,f:0","1,1",a5df29eddb2e0f0e0ce5d7a6a461a25ec19021569203ab4db3baedd9ed73bdcb,ffe8eccb18ec2164c35e343b0bb30f9f8f5352dca08c6b9f9ce11fda7859fab7,9dafe9dbe77983a67f3e64a3b1288e0303d698e7cdc7a959db3a703e11fc8173,"{""scale"": [0.007842836901545525], ""zero_point"": [-1], ""quantized_dimension"": 0}","{""scale"": [0.060004957020282745], ""zero_point"": [7], ""quantized_dimension"": 0}",5.0.0,ethos-u85-512,Ethos_U85_SYS_DRAM_Mid_512,Dedicated_Sram,36cd621873e457a4ce058141c24a6094f249971e98c3b9129f8e14a37a871d50,eb5409846e7d0cb5dc34c2417a8a82a03137071b849a2b1ed10265cfb7754aff,6cc1970a85b7a08d3c5b22b932504b2d7d9893ec565423b01b7de62ec88b68c8,36x2x48,36x2x64,2x2x16,DepthFirst,17696,26.28,3377,7068,6035,1033,0,0,1414,288,,,,,9946a8995a004673c57e5e5530103e921e85a819fe6a5a958ea7b1d00708dd93,SUCCESS,h3r_conv1x1_36x1_c128__SSE-320__ethos-u85-512__base__R1.txt,8,8,0,32,32,3999,1,4000,64,32,0,500,250,4000,1000,3750,8,8,0,32,32,3999,1,4000,64,32,0,500,250,4000,1000,3750,8,8,0,32,32,3999,1,4000,0,32,0,500,250,4000,1000,3750
h3r_conv1x1_36x1_c128,conv1x1,36,1,128,36,equalized,256,PASS,"1,1","1,1","t:0,l:0,b:0,r:0,n:0,f:0","1,1",a5df29eddb2e0f0e0ce5d7a6a461a25ec19021569203ab4db3baedd9ed73bdcb,ffe8eccb18ec2164c35e343b0bb30f9f8f5352dca08c6b9f9ce11fda7859fab7,9dafe9dbe77983a67f3e64a3b1288e0303d698e7cdc7a959db3a703e11fc8173,"{""scale"": [0.007842836901545525], ""zero_point"": [-1], ""quantized_dimension"": 0}","{""scale"": [0.060004957020282745], ""zero_point"": [7], ""quantized_dimension"": 0}",5.0.0,ethos-u85-256,Ethos_U85_SYS_DRAM_Low,Dedicated_Sram,d9e9d81a7ba6629695ad027c1acb9f1142f0967082b92b72f643d426a7322d05,79142b9ea8b5287e902da100b8a76dc816b70662563f0a40e9b79eb31603bca0,e899394f2a6b9d6e454de90d6fda4d349eaac5576d4190d88b2fd087f9df6de2,20x2x48,20x2x64,2x2x8,DepthFirst,17728,26.31,5818,6068,5659,409,2216,1108,2296,288,0.6704,0.5607,0.7458,0.8917,9946a8995a004673c57e5e5530103e921e85a819fe6a5a958ea7b1d00708dd93,SUCCESS,h3r_conv1x1_36x1_c128__SSE-320__ethos-u85-256__equalized__R1.txt,8,8,0,0,0,3999,1,4000,0,0,0,0,0,4000,1000,0,8,8,0,0,0,3999,1,4000,0,0,0,0,0,4000,1000,0,8,8,0,0,0,3999,1,4000,0,0,0,0,0,4000,1000,0
h3r_conv1x1_36x1_c128,conv1x1,36,1,128,36,equalized,512,PASS,"1,1","1,1","t:0,l:0,b:0,r:0,n:0,f:0","1,1",a5df29eddb2e0f0e0ce5d7a6a461a25ec19021569203ab4db3baedd9ed73bdcb,ffe8eccb18ec2164c35e343b0bb30f9f8f5352dca08c6b9f9ce11fda7859fab7,9dafe9dbe77983a67f3e64a3b1288e0303d698e7cdc7a959db3a703e11fc8173,"{""scale"": [0.007842836901545525], ""zero_point"": [-1], ""quantized_dimension"": 0}","{""scale"": [0.060004957020282745], ""zero_point"": [7], ""quantized_dimension"": 0}",5.0.0,ethos-u85-512,Ethos_U85_SYS_DRAM_Mid_512,Dedicated_Sram,36cd621873e457a4ce058141c24a6094f249971e98c3b9129f8e14a37a871d50,eb5409846e7d0cb5dc34c2417a8a82a03137071b849a2b1ed10265cfb7754aff,a0dc32e63371464a21dbfe3b516500f101035bafad917c3e2097720fca1cdc5e,36x2x48,36x2x64,2x2x16,DepthFirst,17696,26.28,3377,4068,3173,895,0,0,1414,288,,,,,9946a8995a004673c57e5e5530103e921e85a819fe6a5a958ea7b1d00708dd93,SUCCESS,h3r_conv1x1_36x1_c128__SSE-320__ethos-u85-512__equalized__R1.txt,8,8,0,0,0,3999,1,4000,0,0,0,0,0,4000,1000,0,8,8,0,0,0,3999,1,4000,0,0,0,0,0,4000,1000,0,8,8,0,0,0,3999,1,4000,0,0,0,0,0,4000,1000,0
h3r_conv3x3_1x36_c128,conv3x3,1,36,128,36,base,256,PASS,"3,3","1,1","t:1,l:1,b:1,r:1,n:0,f:0","1,1",cf6b3ed84977855ae6a681f7e6ddca46ea6da8aa926e3a12be024cbdc7430cdb,756c05ce5a1b90fe181391f76172f2a93f0f7379b18162a41be4f1a18832fefd,e4bcdede69ff6f62679178ac4bf83dd60e2b7cc7a693546fd9e888e6ca3c4ecd,"{""scale"": [0.007842836901545525], ""zero_point"": [-1], ""quantized_dimension"": 0}","{""scale"": [0.18118707835674286], ""zero_point"": [1], ""quantized_dimension"": 0}",5.0.0,ethos-u85-256,Ethos_U85_SYS_DRAM_Low,Dedicated_Sram,81e353edbd1fe8a2841d34ceef0e315c0c4af6ac269ac80fb8434b5371ae8067,8d0c85a49548d1489dc54fe85f5f15f8a1f0a24cc71bddd22a3b567c1fd20afb,468285228483b02b80ca725600c44eafff8c87c9ce8f5fed341b045577dae856,1x36x48,3x40x16,1x4x8,PartKernel,165152,170.28,31276,31068,30996,72,0,0,10917,288,0.9356,0.9132,0.5344,0.5475,4e7cd7a46e331f895051c85ee2c29b3e0a386de08c62c6bc0e523c476a2b1ad1,SUCCESS,h3r_conv3x3_1x36_c128__SSE-320__ethos-u85-256__base__R1.txt,8,8,0,16,16,3999,1,4000,24,12,0,250,125,4000,1000,2344,8,8,0,16,16,3999,1,4000,24,12,0,250,125,4000,1000,2344,8,8,0,16,16,3999,1,4000,24,12,0,250,125,4000,1000,2344
h3r_conv3x3_1x36_c128,conv3x3,1,36,128,36,base,512,PASS,"3,3","1,1","t:1,l:1,b:1,r:1,n:0,f:0","1,1",cf6b3ed84977855ae6a681f7e6ddca46ea6da8aa926e3a12be024cbdc7430cdb,756c05ce5a1b90fe181391f76172f2a93f0f7379b18162a41be4f1a18832fefd,e4bcdede69ff6f62679178ac4bf83dd60e2b7cc7a693546fd9e888e6ca3c4ecd,"{""scale"": [0.007842836901545525], ""zero_point"": [-1], ""quantized_dimension"": 0}","{""scale"": [0.18118707835674286], ""zero_point"": [1], ""quantized_dimension"": 0}",5.0.0,ethos-u85-512,Ethos_U85_SYS_DRAM_Mid_512,Dedicated_Sram,4d50c2807ed70d5d0f87e440b7a3fa544384698746322bf891b1deac72977c54,b2f430c2113467237b7c32de8f496d96123b4e75ec954aa964579b67fb38d0a1,d8ef31bc275fe9aa0b26de19a8f797dc0a99c5a4eb1d14c8ab0178cca9606013,1x36x64,3x40x16,1x4x16,PartKernel,165152,170.28,28436,29068,28307,761,0,0,10774,288,,,,,4e7cd7a46e331f895051c85ee2c29b3e0a386de08c62c6bc0e523c476a2b1ad1,SUCCESS,h3r_conv3x3_1x36_c128__SSE-320__ethos-u85-512__base__R1.txt,8,8,0,32,32,3999,1,4000,64,32,0,500,250,4000,1000,3750,8,8,0,32,32,3999,1,4000,64,32,0,500,250,4000,1000,3750,8,8,0,32,32,3999,1,4000,0,32,0,500,250,4000,1000,3750
h3r_conv3x3_1x36_c128,conv3x3,1,36,128,36,equalized,256,PASS,"3,3","1,1","t:1,l:1,b:1,r:1,n:0,f:0","1,1",cf6b3ed84977855ae6a681f7e6ddca46ea6da8aa926e3a12be024cbdc7430cdb,756c05ce5a1b90fe181391f76172f2a93f0f7379b18162a41be4f1a18832fefd,e4bcdede69ff6f62679178ac4bf83dd60e2b7cc7a693546fd9e888e6ca3c4ecd,"{""scale"": [0.007842836901545525], ""zero_point"": [-1], ""quantized_dimension"": 0}","{""scale"": [0.18118707835674286], ""zero_point"": [1], ""quantized_dimension"": 0}",5.0.0,ethos-u85-256,Ethos_U85_SYS_DRAM_Low,Dedicated_Sram,81e353edbd1fe8a2841d34ceef0e315c0c4af6ac269ac80fb8434b5371ae8067,8d0c85a49548d1489dc54fe85f5f15f8a1f0a24cc71bddd22a3b567c1fd20afb,62cd7f1bdd65923947a08492629da0ef3a2582fa70cb6e6d773d4e3d059443fb,1x36x48,3x40x16,1x4x8,PartKernel,165152,170.28,31276,25068,24839,229,0,0,10917,288,0.5612,0.5394,0.8909,0.927,4e7cd7a46e331f895051c85ee2c29b3e0a386de08c62c6bc0e523c476a2b1ad1,SUCCESS,h3r_conv3x3_1x36_c128__SSE-320__ethos-u85-256__equalized__R1.txt,8,8,0,0,0,3999,1,4000,0,0,0,0,0,4000,1000,0,8,8,0,0,0,3999,1,4000,0,0,0,0,0,4000,1000,0,8,8,0,0,0,3999,1,4000,0,0,0,0,0,4000,1000,0
h3r_conv3x3_1x36_c128,conv3x3,1,36,128,36,equalized,512,PASS,"3,3","1,1","t:1,l:1,b:1,r:1,n:0,f:0","1,1",cf6b3ed84977855ae6a681f7e6ddca46ea6da8aa926e3a12be024cbdc7430cdb,756c05ce5a1b90fe181391f76172f2a93f0f7379b18162a41be4f1a18832fefd,e4bcdede69ff6f62679178ac4bf83dd60e2b7cc7a693546fd9e888e6ca3c4ecd,"{""scale"": [0.007842836901545525], ""zero_point"": [-1], ""quantized_dimension"": 0}","{""scale"": [0.18118707835674286], ""zero_point"": [1], ""quantized_dimension"": 0}",5.0.0,ethos-u85-512,Ethos_U85_SYS_DRAM_Mid_512,Dedicated_Sram,4d50c2807ed70d5d0f87e440b7a3fa544384698746322bf891b1deac72977c54,b2f430c2113467237b7c32de8f496d96123b4e75ec954aa964579b67fb38d0a1,1fa2e7b4509b133bf663713c716e2bfcaaebbffa2b721eeef517bd712f113e46,1x36x64,3x40x16,1x4x16,PartKernel,165152,170.28,28436,14068,13399,669,0,0,10774,288,,,,,4e7cd7a46e331f895051c85ee2c29b3e0a386de08c62c6bc0e523c476a2b1ad1,SUCCESS,h3r_conv3x3_1x36_c128__SSE-320__ethos-u85-512__equalized__R1.txt,8,8,0,0,0,3999,1,4000,0,0,0,0,0,4000,1000,0,8,8,0,0,0,3999,1,4000,0,0,0,0,0,4000,1000,0,8,8,0,0,0,3999,1,4000,0,0,0,0,0,4000,1000,0
h3r_conv3x3_2x18_c128,conv3x3,2,18,128,36,base,256,PASS,"3,3","1,1","t:1,l:1,b:1,r:1,n:0,f:0","1,1",af9748be4cad284c3b764c5091e9eab1356f6020c2403e3cad918b8ac1620bb9,756c05ce5a1b90fe181391f76172f2a93f0f7379b18162a41be4f1a18832fefd,e4bcdede69ff6f62679178ac4bf83dd60e2b7cc7a693546fd9e888e6ca3c4ecd,"{""scale"": [0.007842836901545525], ""zero_point"": [-1], ""quantized_dimension"": 0}","{""scale"": [0.18118707835674286], ""zero_point"": [1], ""quantized_dimension"": 0}",5.0.0,ethos-u85-256,Ethos_U85_SYS_DRAM_Low,Dedicated_Sram,9c514738114c28deedfca906a0148ba90dcb9224b62a9151a6d6b478caa20e5c,6fa36e2695a56169ad8ee927d7754b7c717f2be6fd1f5bfac9fee369972ae168,b6fa5181d967b28944f700d98d8279949e3d2fc46a0df8d8f1c280ea5b3ba167,2x18x48,4x20x16,2x2x8,PartKernel,165152,170.28,31276,31068,30993,75,0,0,10917,288,0.9356,0.9133,0.5344,0.5475,89319aef49163adc3c63fee1418518a0387cfde4e6f7dfa20de3e275e3809d73,SUCCESS,h3r_conv3x3_2x18_c128__SSE-320__ethos-u85-256__base__R1.txt,8,8,0,16,16,3999,1,4000,24,12,0,250,125,4000,1000,2344,8,8,0,16,16,3999,1,4000,24,12,0,250,125,4000,1000,2344,8,8,0,16,16,3999,1,4000,24,12,0,250,125,4000,1000,2344
h3r_conv3x3_2x18_c128,conv3x3,2,18,128,36,base,512,PASS,"3,3","1,1","t:1,l:1,b:1,r:1,n:0,f:0","1,1",af9748be4cad284c3b764c5091e9eab1356f6020c2403e3cad918b8ac1620bb9,756c05ce5a1b90fe181391f76172f2a93f0f7379b18162a41be4f1a18832fefd,e4bcdede69ff6f62679178ac4bf83dd60e2b7cc7a693546fd9e888e6ca3c4ecd,"{""scale"": [0.007842836901545525], ""zero_point"": [-1], ""quantized_dimension"": 0}","{""scale"": [0.18118707835674286], ""zero_point"": [1], ""quantized_dimension"": 0}",5.0.0,ethos-u85-512,Ethos_U85_SYS_DRAM_Mid_512,Dedicated_Sram,ccf6fa121f639197ed2127be41aa3ae6ca9a1d5abc438639cea0005f55957273,2b53006a4041ca873ccd18798e1f5af69d3b3ffce20f220d23665128a5d2d588,b2500ef2570a3353b7a6f11f8ed4da4631130815aff63bf80bbc0a3719757ff7,2x18x64,4x20x16,2x2x16,PartKernel,165152,170.28,28436,29068,28307,761,0,0,10774,288,,,,,89319aef49163adc3c63fee1418518a0387cfde4e6f7dfa20de3e275e3809d73,SUCCESS,h3r_conv3x3_2x18_c128__SSE-320__ethos-u85-512__base__R1.txt,8,8,0,32,32,3999,1,4000,64,32,0,500,250,4000,1000,3750,8,8,0,32,32,3999,1,4000,64,32,0,500,250,4000,1000,3750,8,8,0,32,32,3999,1,4000,0,32,0,500,250,4000,1000,3750
h3r_conv3x3_2x18_c128,conv3x3,2,18,128,36,equalized,256,PASS,"3,3","1,1","t:1,l:1,b:1,r:1,n:0,f:0","1,1",af9748be4cad284c3b764c5091e9eab1356f6020c2403e3cad918b8ac1620bb9,756c05ce5a1b90fe181391f76172f2a93f0f7379b18162a41be4f1a18832fefd,e4bcdede69ff6f62679178ac4bf83dd60e2b7cc7a693546fd9e888e6ca3c4ecd,"{""scale"": [0.007842836901545525], ""zero_point"": [-1], ""quantized_dimension"": 0}","{""scale"": [0.18118707835674286], ""zero_point"": [1], ""quantized_dimension"": 0}",5.0.0,ethos-u85-256,Ethos_U85_SYS_DRAM_Low,Dedicated_Sram,9c514738114c28deedfca906a0148ba90dcb9224b62a9151a6d6b478caa20e5c,6fa36e2695a56169ad8ee927d7754b7c717f2be6fd1f5bfac9fee369972ae168,c19b16d4c03bfae3e1e5ab04ac92f39f939822e1a2cc7b734560b596ce931d22,2x18x48,4x20x16,2x2x8,PartKernel,165152,170.28,31276,25068,24839,229,0,0,10917,288,0.5612,0.5394,0.8909,0.927,89319aef49163adc3c63fee1418518a0387cfde4e6f7dfa20de3e275e3809d73,SUCCESS,h3r_conv3x3_2x18_c128__SSE-320__ethos-u85-256__equalized__R1.txt,8,8,0,0,0,3999,1,4000,0,0,0,0,0,4000,1000,0,8,8,0,0,0,3999,1,4000,0,0,0,0,0,4000,1000,0,8,8,0,0,0,3999,1,4000,0,0,0,0,0,4000,1000,0
h3r_conv3x3_2x18_c128,conv3x3,2,18,128,36,equalized,512,PASS,"3,3","1,1","t:1,l:1,b:1,r:1,n:0,f:0","1,1",af9748be4cad284c3b764c5091e9eab1356f6020c2403e3cad918b8ac1620bb9,756c05ce5a1b90fe181391f76172f2a93f0f7379b18162a41be4f1a18832fefd,e4bcdede69ff6f62679178ac4bf83dd60e2b7cc7a693546fd9e888e6ca3c4ecd,"{""scale"": [0.007842836901545525], ""zero_point"": [-1], ""quantized_dimension"": 0}","{""scale"": [0.18118707835674286], ""zero_point"": [1], ""quantized_dimension"": 0}",5.0.0,ethos-u85-512,Ethos_U85_SYS_DRAM_Mid_512,Dedicated_Sram,ccf6fa121f639197ed2127be41aa3ae6ca9a1d5abc438639cea0005f55957273,2b53006a4041ca873ccd18798e1f5af69d3b3ffce20f220d23665128a5d2d588,78ce5757d69585c3f748888b4b0a1f92bf5ba1d8e30db412cd182253d33d24f3,2x18x64,4x20x16,2x2x16,PartKernel,165152,170.28,28436,14068,13399,669,0,0,10774,288,,,,,89319aef49163adc3c63fee1418518a0387cfde4e6f7dfa20de3e275e3809d73,SUCCESS,h3r_conv3x3_2x18_c128__SSE-320__ethos-u85-512__equalized__R1.txt,8,8,0,0,0,3999,1,4000,0,0,0,0,0,4000,1000,0,8,8,0,0,0,3999,1,4000,0,0,0,0,0,4000,1000,0,8,8,0,0,0,3999,1,4000,0,0,0,0,0,4000,1000,0
h3r_conv3x3_3x12_c128,conv3x3,3,12,128,36,base,256,PASS,"3,3","1,1","t:1,l:1,b:1,r:1,n:0,f:0","1,1",3aaa89fe7fdcb064312bd7cd030b7ec4c912da96f0b0763f3bc29290b6ef4344,756c05ce5a1b90fe181391f76172f2a93f0f7379b18162a41be4f1a18832fefd,e4bcdede69ff6f62679178ac4bf83dd60e2b7cc7a693546fd9e888e6ca3c4ecd,"{""scale"": [0.007842836901545525], ""zero_point"": [-1], ""quantized_dimension"": 0}","{""scale"": [0.18118707835674286], ""zero_point"": [1], ""quantized_dimension"": 0}",5.0.0,ethos-u85-256,Ethos_U85_SYS_DRAM_Low,Dedicated_Sram,5fa24723423a89a19b3bc0140a03c35941d2ea91595b866f2e8c23592fcfdc3e,7de4f3fb06899d909c8a1f0e3b3f040e0009baadb67378c31b6f1cf4136af2e5,b8b9d7d95f5ac6664ad27da40b27829049dc4e0fb00bee9f2e1dc4070e0cf626,3x12x48,5x16x16,1x4x8,PartKernel,165152,170.28,31276,31068,30950,118,0,0,10917,288,0.9356,0.9145,0.5344,0.5467,34bd5564366f34916d75bac6beab321c7fa91c85365610bf96588931c589e7ef,SUCCESS,h3r_conv3x3_3x12_c128__SSE-320__ethos-u85-256__base__R1.txt,8,8,0,16,16,3999,1,4000,24,12,0,250,125,4000,1000,2344,8,8,0,16,16,3999,1,4000,24,12,0,250,125,4000,1000,2344,8,8,0,16,16,3999,1,4000,24,12,0,250,125,4000,1000,2344
h3r_conv3x3_3x12_c128,conv3x3,3,12,128,36,base,512,PASS,"3,3","1,1","t:1,l:1,b:1,r:1,n:0,f:0","1,1",3aaa89fe7fdcb064312bd7cd030b7ec4c912da96f0b0763f3bc29290b6ef4344,756c05ce5a1b90fe181391f76172f2a93f0f7379b18162a41be4f1a18832fefd,e4bcdede69ff6f62679178ac4bf83dd60e2b7cc7a693546fd9e888e6ca3c4ecd,"{""scale"": [0.007842836901545525], ""zero_point"": [-1], ""quantized_dimension"": 0}","{""scale"": [0.18118707835674286], ""zero_point"": [1], ""quantized_dimension"": 0}",5.0.0,ethos-u85-512,Ethos_U85_SYS_DRAM_Mid_512,Dedicated_Sram,2e0075ceb20b19628f6834af7b8c79dd65131e2805a525132037820188f78dfb,bc41ee316d96b41e183ec404683da9446fabe2c61fc87461e4f1fb04fbcb7a3b,2ea57eecaa3e23385086b1823efc61bfa417026d995572cdc408706f3aa19e98,3x12x64,5x16x16,1x4x16,PartKernel,165152,170.28,28436,29068,28303,765,0,0,10774,288,,,,,34bd5564366f34916d75bac6beab321c7fa91c85365610bf96588931c589e7ef,SUCCESS,h3r_conv3x3_3x12_c128__SSE-320__ethos-u85-512__base__R1.txt,8,8,0,32,32,3999,1,4000,64,32,0,500,250,4000,1000,3750,8,8,0,32,32,3999,1,4000,64,32,0,500,250,4000,1000,3750,8,8,0,32,32,3999,1,4000,0,32,0,500,250,4000,1000,3750
h3r_conv3x3_3x12_c128,conv3x3,3,12,128,36,equalized,256,PASS,"3,3","1,1","t:1,l:1,b:1,r:1,n:0,f:0","1,1",3aaa89fe7fdcb064312bd7cd030b7ec4c912da96f0b0763f3bc29290b6ef4344,756c05ce5a1b90fe181391f76172f2a93f0f7379b18162a41be4f1a18832fefd,e4bcdede69ff6f62679178ac4bf83dd60e2b7cc7a693546fd9e888e6ca3c4ecd,"{""scale"": [0.007842836901545525], ""zero_point"": [-1], ""quantized_dimension"": 0}","{""scale"": [0.18118707835674286], ""zero_point"": [1], ""quantized_dimension"": 0}",5.0.0,ethos-u85-256,Ethos_U85_SYS_DRAM_Low,Dedicated_Sram,5fa24723423a89a19b3bc0140a03c35941d2ea91595b866f2e8c23592fcfdc3e,7de4f3fb06899d909c8a1f0e3b3f040e0009baadb67378c31b6f1cf4136af2e5,d19a46473542cf43f88ffce758488c74c36d9b2809f053e109d9885881baecba,3x12x48,5x16x16,1x4x8,PartKernel,165152,170.28,31276,25068,24735,333,0,0,10917,288,0.5612,0.5398,0.8909,0.9263,34bd5564366f34916d75bac6beab321c7fa91c85365610bf96588931c589e7ef,SUCCESS,h3r_conv3x3_3x12_c128__SSE-320__ethos-u85-256__equalized__R1.txt,8,8,0,0,0,3999,1,4000,0,0,0,0,0,4000,1000,0,8,8,0,0,0,3999,1,4000,0,0,0,0,0,4000,1000,0,8,8,0,0,0,3999,1,4000,0,0,0,0,0,4000,1000,0
h3r_conv3x3_3x12_c128,conv3x3,3,12,128,36,equalized,512,PASS,"3,3","1,1","t:1,l:1,b:1,r:1,n:0,f:0","1,1",3aaa89fe7fdcb064312bd7cd030b7ec4c912da96f0b0763f3bc29290b6ef4344,756c05ce5a1b90fe181391f76172f2a93f0f7379b18162a41be4f1a18832fefd,e4bcdede69ff6f62679178ac4bf83dd60e2b7cc7a693546fd9e888e6ca3c4ecd,"{""scale"": [0.007842836901545525], ""zero_point"": [-1], ""quantized_dimension"": 0}","{""scale"": [0.18118707835674286], ""zero_point"": [1], ""quantized_dimension"": 0}",5.0.0,ethos-u85-512,Ethos_U85_SYS_DRAM_Mid_512,Dedicated_Sram,2e0075ceb20b19628f6834af7b8c79dd65131e2805a525132037820188f78dfb,bc41ee316d96b41e183ec404683da9446fabe2c61fc87461e4f1fb04fbcb7a3b,8b8ca915e3667b08253adaf4541440a5f9bcd85d855b88dfa0d06d8797749a96,3x12x64,5x16x16,1x4x16,PartKernel,165152,170.28,28436,14068,13351,717,0,0,10774,288,,,,,34bd5564366f34916d75bac6beab321c7fa91c85365610bf96588931c589e7ef,SUCCESS,h3r_conv3x3_3x12_c128__SSE-320__ethos-u85-512__equalized__R1.txt,8,8,0,0,0,3999,1,4000,0,0,0,0,0,4000,1000,0,8,8,0,0,0,3999,1,4000,0,0,0,0,0,4000,1000,0,8,8,0,0,0,3999,1,4000,0,0,0,0,0,4000,1000,0
h3r_conv3x3_4x9_c128,conv3x3,4,9,128,36,base,256,PASS,"3,3","1,1","t:1,l:1,b:1,r:1,n:0,f:0","1,1",bab536ed5ac54c063d60579ae713655e2210c5a7a9cdc0689f886d91f469cd49,756c05ce5a1b90fe181391f76172f2a93f0f7379b18162a41be4f1a18832fefd,e4bcdede69ff6f62679178ac4bf83dd60e2b7cc7a693546fd9e888e6ca3c4ecd,"{""scale"": [0.007842836901545525], ""zero_point"": [-1], ""quantized_dimension"": 0}","{""scale"": [0.18118707835674286], ""zero_point"": [1], ""quantized_dimension"": 0}",5.0.0,ethos-u85-256,Ethos_U85_SYS_DRAM_Low,Dedicated_Sram,6baeca5d762ecc73f8a02a53313480e19cfaf1227962eecb21f2e405db829d6f,7c0692d640f604d5988d0a56b3a19b03424384ad52a0c5524ec4cc2738dbdbe7,d9c7393e932d107d9539bb2368fa36086fa351e2f43b4e701c57fdb25de5adfb,4x10x48,6x12x16,2x2x8,PartKernel,165152,170.28,34636,32068,31482,586,0,0,10917,288,0.9064,0.8991,0.5516,0.5561,3b90d0c8b66d1edd3a9bc66cf6bdfcf94b802e0ac4c5dfd5fda3d7b5187bf99d,SUCCESS,h3r_conv3x3_4x9_c128__SSE-320__ethos-u85-256__base__R1.txt,8,8,0,16,16,3999,1,4000,24,12,0,250,125,4000,1000,2344,8,8,0,16,16,3999,1,4000,24,12,0,250,125,4000,1000,2344,8,8,0,16,16,3999,1,4000,24,12,0,250,125,4000,1000,2344
h3r_conv3x3_4x9_c128,conv3x3,4,9,128,36,base,512,PASS,"3,3","1,1","t:1,l:1,b:1,r:1,n:0,f:0","1,1",bab536ed5ac54c063d60579ae713655e2210c5a7a9cdc0689f886d91f469cd49,756c05ce5a1b90fe181391f76172f2a93f0f7379b18162a41be4f1a18832fefd,e4bcdede69ff6f62679178ac4bf83dd60e2b7cc7a693546fd9e888e6ca3c4ecd,"{""scale"": [0.007842836901545525], ""zero_point"": [-1], ""quantized_dimension"": 0}","{""scale"": [0.18118707835674286], ""zero_point"": [1], ""quantized_dimension"": 0}",5.0.0,ethos-u85-512,Ethos_U85_SYS_DRAM_Mid_512,Dedicated_Sram,6abd5120eed84573dd54f797d578555883ab198292fd96b23bafcc77c57eeed6,ff890b584c768c32a0f92bb084c102adc6271fd20deee7ef53d8b4a107d1b5d0,8f577ee9132d7608c8dae130b40e3f4d421f3edb3130424b76140ad9213dfba6,4x10x64,6x12x16,2x2x16,PartKernel,165152,170.28,28436,29068,28307,761,0,0,10774,288,,,,,3b90d0c8b66d1edd3a9bc66cf6bdfcf94b802e0ac4c5dfd5fda3d7b5187bf99d,SUCCESS,h3r_conv3x3_4x9_c128__SSE-320__ethos-u85-512__base__R1.txt,8,8,0,32,32,3999,1,4000,64,32,0,500,250,4000,1000,3750,8,8,0,32,32,3999,1,4000,64,32,0,500,250,4000,1000,3750,8,8,0,32,32,3999,1,4000,0,32,0,500,250,4000,1000,3750
h3r_conv3x3_4x9_c128,conv3x3,4,9,128,36,equalized,256,PASS,"3,3","1,1","t:1,l:1,b:1,r:1,n:0,f:0","1,1",bab536ed5ac54c063d60579ae713655e2210c5a7a9cdc0689f886d91f469cd49,756c05ce5a1b90fe181391f76172f2a93f0f7379b18162a41be4f1a18832fefd,e4bcdede69ff6f62679178ac4bf83dd60e2b7cc7a693546fd9e888e6ca3c4ecd,"{""scale"": [0.007842836901545525], ""zero_point"": [-1], ""quantized_dimension"": 0}","{""scale"": [0.18118707835674286], ""zero_point"": [1], ""quantized_dimension"": 0}",5.0.0,ethos-u85-256,Ethos_U85_SYS_DRAM_Low,Dedicated_Sram,6baeca5d762ecc73f8a02a53313480e19cfaf1227962eecb21f2e405db829d6f,7c0692d640f604d5988d0a56b3a19b03424384ad52a0c5524ec4cc2738dbdbe7,55107ca027d9a0a66fa9a23f2fd6a869c3d873184d5ddd7af981a12efa6f2377,4x10x48,6x12x16,2x2x8,PartKernel,165152,170.28,34636,28068,27844,224,0,0,10917,288,0.5368,0.5064,0.9314,0.9874,3b90d0c8b66d1edd3a9bc66cf6bdfcf94b802e0ac4c5dfd5fda3d7b5187bf99d,SUCCESS,h3r_conv3x3_4x9_c128__SSE-320__ethos-u85-256__equalized__R1.txt,8,8,0,0,0,3999,1,4000,0,0,0,0,0,4000,1000,0,8,8,0,0,0,3999,1,4000,0,0,0,0,0,4000,1000,0,8,8,0,0,0,3999,1,4000,0,0,0,0,0,4000,1000,0
h3r_conv3x3_4x9_c128,conv3x3,4,9,128,36,equalized,512,PASS,"3,3","1,1","t:1,l:1,b:1,r:1,n:0,f:0","1,1",bab536ed5ac54c063d60579ae713655e2210c5a7a9cdc0689f886d91f469cd49,756c05ce5a1b90fe181391f76172f2a93f0f7379b18162a41be4f1a18832fefd,e4bcdede69ff6f62679178ac4bf83dd60e2b7cc7a693546fd9e888e6ca3c4ecd,"{""scale"": [0.007842836901545525], ""zero_point"": [-1], ""quantized_dimension"": 0}","{""scale"": [0.18118707835674286], ""zero_point"": [1], ""quantized_dimension"": 0}",5.0.0,ethos-u85-512,Ethos_U85_SYS_DRAM_Mid_512,Dedicated_Sram,6abd5120eed84573dd54f797d578555883ab198292fd96b23bafcc77c57eeed6,ff890b584c768c32a0f92bb084c102adc6271fd20deee7ef53d8b4a107d1b5d0,a0fd4e0c142389396f62cf23486b440701a348c108645680b2433b722c8e5283,4x10x64,6x12x16,2x2x16,PartKernel,165152,170.28,28436,15068,14101,967,0,0,10774,288,,,,,3b90d0c8b66d1edd3a9bc66cf6bdfcf94b802e0ac4c5dfd5fda3d7b5187bf99d,SUCCESS,h3r_conv3x3_4x9_c128__SSE-320__ethos-u85-512__equalized__R1.txt,8,8,0,0,0,3999,1,4000,0,0,0,0,0,4000,1000,0,8,8,0,0,0,3999,1,4000,0,0,0,0,0,4000,1000,0,8,8,0,0,0,3999,1,4000,0,0,0,0,0,4000,1000,0
h3r_conv3x3_6x6_c128,conv3x3,6,6,128,36,base,256,PASS,"3,3","1,1","t:1,l:1,b:1,r:1,n:0,f:0","1,1",d9fb69c898e7b7d19d992d568ef23fea4deb63a82d581b67c62296551fca4345,756c05ce5a1b90fe181391f76172f2a93f0f7379b18162a41be4f1a18832fefd,e4bcdede69ff6f62679178ac4bf83dd60e2b7cc7a693546fd9e888e6ca3c4ecd,"{""scale"": [0.007842836901545525], ""zero_point"": [-1], ""quantized_dimension"": 0}","{""scale"": [0.18118707835674286], ""zero_point"": [1], ""quantized_dimension"": 0}",5.0.0,ethos-u85-256,Ethos_U85_SYS_DRAM_Low,Dedicated_Sram,e4badab05bb522e13da4fd2d402149984f035dfc14b14623ae2ea224f9f72930,ab71bb4b42e00182ee17dd4d65df6d388287d846767e17ef07bfe756a9ac3a77,a7d75afedc3e17f5c5e1de461ed9415d3daac94ab741544b5d924511b7dc4b6c,6x6x48,8x8x16,2x2x8,PartKernel,165152,170.28,31276,31068,30946,122,0,0,10917,288,0.9356,0.9146,0.5344,0.5467,277e86c6e17a99e2058bf98f69de9698e7d84a04fa7930a90c200ce7bcdfb587,SUCCESS,h3r_conv3x3_6x6_c128__SSE-320__ethos-u85-256__base__R1.txt,8,8,0,16,16,3999,1,4000,24,12,0,250,125,4000,1000,2344,8,8,0,16,16,3999,1,4000,24,12,0,250,125,4000,1000,2344,8,8,0,16,16,3999,1,4000,24,12,0,250,125,4000,1000,2344
h3r_conv3x3_6x6_c128,conv3x3,6,6,128,36,base,512,PASS,"3,3","1,1","t:1,l:1,b:1,r:1,n:0,f:0","1,1",d9fb69c898e7b7d19d992d568ef23fea4deb63a82d581b67c62296551fca4345,756c05ce5a1b90fe181391f76172f2a93f0f7379b18162a41be4f1a18832fefd,e4bcdede69ff6f62679178ac4bf83dd60e2b7cc7a693546fd9e888e6ca3c4ecd,"{""scale"": [0.007842836901545525], ""zero_point"": [-1], ""quantized_dimension"": 0}","{""scale"": [0.18118707835674286], ""zero_point"": [1], ""quantized_dimension"": 0}",5.0.0,ethos-u85-512,Ethos_U85_SYS_DRAM_Mid_512,Dedicated_Sram,b2f4f348725d214d1483c8011921d77545cf2f34a47dc73962d75a522f94cc4d,577a85ca47f80adfcef20ca6f179294eb685873cb37f383c8ba77f11ff397101,9a1d4d7b6f7b95bc8f4965d342ce17e907dcf177aadea54486177f6dc361e0b0,6x6x64,8x8x16,2x2x16,PartKernel,165152,170.28,28436,29068,28303,765,0,0,10774,288,,,,,277e86c6e17a99e2058bf98f69de9698e7d84a04fa7930a90c200ce7bcdfb587,SUCCESS,h3r_conv3x3_6x6_c128__SSE-320__ethos-u85-512__base__R1.txt,8,8,0,32,32,3999,1,4000,64,32,0,500,250,4000,1000,3750,8,8,0,32,32,3999,1,4000,64,32,0,500,250,4000,1000,3750,8,8,0,32,32,3999,1,4000,0,32,0,500,250,4000,1000,3750
h3r_conv3x3_6x6_c128,conv3x3,6,6,128,36,equalized,256,PASS,"3,3","1,1","t:1,l:1,b:1,r:1,n:0,f:0","1,1",d9fb69c898e7b7d19d992d568ef23fea4deb63a82d581b67c62296551fca4345,756c05ce5a1b90fe181391f76172f2a93f0f7379b18162a41be4f1a18832fefd,e4bcdede69ff6f62679178ac4bf83dd60e2b7cc7a693546fd9e888e6ca3c4ecd,"{""scale"": [0.007842836901545525], ""zero_point"": [-1], ""quantized_dimension"": 0}","{""scale"": [0.18118707835674286], ""zero_point"": [1], ""quantized_dimension"": 0}",5.0.0,ethos-u85-256,Ethos_U85_SYS_DRAM_Low,Dedicated_Sram,e4badab05bb522e13da4fd2d402149984f035dfc14b14623ae2ea224f9f72930,ab71bb4b42e00182ee17dd4d65df6d388287d846767e17ef07bfe756a9ac3a77,784f64d296656e1ddd193065bdacfe0ae6c272955284026a5e52e77ddaba1037,6x6x48,8x8x16,2x2x8,PartKernel,165152,170.28,31276,25068,24731,337,0,0,10917,288,0.5612,0.5399,0.8909,0.9261,277e86c6e17a99e2058bf98f69de9698e7d84a04fa7930a90c200ce7bcdfb587,SUCCESS,h3r_conv3x3_6x6_c128__SSE-320__ethos-u85-256__equalized__R1.txt,8,8,0,0,0,3999,1,4000,0,0,0,0,0,4000,1000,0,8,8,0,0,0,3999,1,4000,0,0,0,0,0,4000,1000,0,8,8,0,0,0,3999,1,4000,0,0,0,0,0,4000,1000,0
h3r_conv3x3_6x6_c128,conv3x3,6,6,128,36,equalized,512,PASS,"3,3","1,1","t:1,l:1,b:1,r:1,n:0,f:0","1,1",d9fb69c898e7b7d19d992d568ef23fea4deb63a82d581b67c62296551fca4345,756c05ce5a1b90fe181391f76172f2a93f0f7379b18162a41be4f1a18832fefd,e4bcdede69ff6f62679178ac4bf83dd60e2b7cc7a693546fd9e888e6ca3c4ecd,"{""scale"": [0.007842836901545525], ""zero_point"": [-1], ""quantized_dimension"": 0}","{""scale"": [0.18118707835674286], ""zero_point"": [1], ""quantized_dimension"": 0}",5.0.0,ethos-u85-512,Ethos_U85_SYS_DRAM_Mid_512,Dedicated_Sram,b2f4f348725d214d1483c8011921d77545cf2f34a47dc73962d75a522f94cc4d,577a85ca47f80adfcef20ca6f179294eb685873cb37f383c8ba77f11ff397101,dd1a877bf2818794fe04c8f3e1057bc464eb3ee7ffbf8009bf0a3fe846813260,6x6x64,8x8x16,2x2x16,PartKernel,165152,170.28,28436,14068,13353,715,0,0,10774,288,,,,,277e86c6e17a99e2058bf98f69de9698e7d84a04fa7930a90c200ce7bcdfb587,SUCCESS,h3r_conv3x3_6x6_c128__SSE-320__ethos-u85-512__equalized__R1.txt,8,8,0,0,0,3999,1,4000,0,0,0,0,0,4000,1000,0,8,8,0,0,0,3999,1,4000,0,0,0,0,0,4000,1000,0,8,8,0,0,0,3999,1,4000,0,0,0,0,0,4000,1000,0
h3r_conv3x3_9x4_c128,conv3x3,9,4,128,36,base,256,PASS,"3,3","1,1","t:1,l:1,b:1,r:1,n:0,f:0","1,1",086ed1e8835ae39f955c79b1f748d2596465dac7cd78d6d60e364557ac59d186,756c05ce5a1b90fe181391f76172f2a93f0f7379b18162a41be4f1a18832fefd,e4bcdede69ff6f62679178ac4bf83dd60e2b7cc7a693546fd9e888e6ca3c4ecd,"{""scale"": [0.007842836901545525], ""zero_point"": [-1], ""quantized_dimension"": 0}","{""scale"": [0.18118707835674286], ""zero_point"": [1], ""quantized_dimension"": 0}",5.0.0,ethos-u85-256,Ethos_U85_SYS_DRAM_Low,Dedicated_Sram,29fe1e313d1f2607d5242f15a2f70f4024e5898e454e5e5691b2d4b16b5d3930,ed15dadffc0ee12f68e3377828b8f8268a0f221332e50c88b93865ccd771a047,de488eb008dfc26234dde734231144d1d86947bd13c4bb6fdfab92f64d2f3373,9x4x48,11x8x16,1x4x8,PartKernel,165152,170.28,31276,31068,30934,134,0,0,10917,288,0.9356,0.9146,0.5344,0.5467,e85434dddc403f35b7ef845553f5787e6be16f9a961b464fcba505c25cec2c8f,SUCCESS,h3r_conv3x3_9x4_c128__SSE-320__ethos-u85-256__base__R1.txt,8,8,0,16,16,3999,1,4000,24,12,0,250,125,4000,1000,2344,8,8,0,16,16,3999,1,4000,24,12,0,250,125,4000,1000,2344,8,8,0,16,16,3999,1,4000,24,12,0,250,125,4000,1000,2344
h3r_conv3x3_9x4_c128,conv3x3,9,4,128,36,base,512,PASS,"3,3","1,1","t:1,l:1,b:1,r:1,n:0,f:0","1,1",086ed1e8835ae39f955c79b1f748d2596465dac7cd78d6d60e364557ac59d186,756c05ce5a1b90fe181391f76172f2a93f0f7379b18162a41be4f1a18832fefd,e4bcdede69ff6f62679178ac4bf83dd60e2b7cc7a693546fd9e888e6ca3c4ecd,"{""scale"": [0.007842836901545525], ""zero_point"": [-1], ""quantized_dimension"": 0}","{""scale"": [0.18118707835674286], ""zero_point"": [1], ""quantized_dimension"": 0}",5.0.0,ethos-u85-512,Ethos_U85_SYS_DRAM_Mid_512,Dedicated_Sram,c713d3c64a924da4543d157abacda98b28eb5f0bf4a9b232c89ed36938ba06ea,f7247ab952d76927b654e7b8e1a08af93828e8721bfadec68b2aea3cf407133a,ff58278b44617ea9ff6d65336767f8425e7037b4f6ea11437b56e3f8d595c90a,9x4x64,11x8x16,1x4x16,PartKernel,165152,170.28,28436,29068,28291,777,0,0,10774,288,,,,,e85434dddc403f35b7ef845553f5787e6be16f9a961b464fcba505c25cec2c8f,SUCCESS,h3r_conv3x3_9x4_c128__SSE-320__ethos-u85-512__base__R1.txt,8,8,0,32,32,3999,1,4000,64,32,0,500,250,4000,1000,3750,8,8,0,32,32,3999,1,4000,64,32,0,500,250,4000,1000,3750,8,8,0,32,32,3999,1,4000,0,32,0,500,250,4000,1000,3750
h3r_conv3x3_9x4_c128,conv3x3,9,4,128,36,equalized,256,PASS,"3,3","1,1","t:1,l:1,b:1,r:1,n:0,f:0","1,1",086ed1e8835ae39f955c79b1f748d2596465dac7cd78d6d60e364557ac59d186,756c05ce5a1b90fe181391f76172f2a93f0f7379b18162a41be4f1a18832fefd,e4bcdede69ff6f62679178ac4bf83dd60e2b7cc7a693546fd9e888e6ca3c4ecd,"{""scale"": [0.007842836901545525], ""zero_point"": [-1], ""quantized_dimension"": 0}","{""scale"": [0.18118707835674286], ""zero_point"": [1], ""quantized_dimension"": 0}",5.0.0,ethos-u85-256,Ethos_U85_SYS_DRAM_Low,Dedicated_Sram,29fe1e313d1f2607d5242f15a2f70f4024e5898e454e5e5691b2d4b16b5d3930,ed15dadffc0ee12f68e3377828b8f8268a0f221332e50c88b93865ccd771a047,1525ebec165333fdd2d0637513773aa61d8dfac01e89d41c487f850280a4acb1,9x4x48,11x8x16,1x4x8,PartKernel,165152,170.28,31276,25068,24721,347,0,0,10917,288,0.5612,0.5394,0.8909,0.927,e85434dddc403f35b7ef845553f5787e6be16f9a961b464fcba505c25cec2c8f,SUCCESS,h3r_conv3x3_9x4_c128__SSE-320__ethos-u85-256__equalized__R1.txt,8,8,0,0,0,3999,1,4000,0,0,0,0,0,4000,1000,0,8,8,0,0,0,3999,1,4000,0,0,0,0,0,4000,1000,0,8,8,0,0,0,3999,1,4000,0,0,0,0,0,4000,1000,0
h3r_conv3x3_9x4_c128,conv3x3,9,4,128,36,equalized,512,PASS,"3,3","1,1","t:1,l:1,b:1,r:1,n:0,f:0","1,1",086ed1e8835ae39f955c79b1f748d2596465dac7cd78d6d60e364557ac59d186,756c05ce5a1b90fe181391f76172f2a93f0f7379b18162a41be4f1a18832fefd,e4bcdede69ff6f62679178ac4bf83dd60e2b7cc7a693546fd9e888e6ca3c4ecd,"{""scale"": [0.007842836901545525], ""zero_point"": [-1], ""quantized_dimension"": 0}","{""scale"": [0.18118707835674286], ""zero_point"": [1], ""quantized_dimension"": 0}",5.0.0,ethos-u85-512,Ethos_U85_SYS_DRAM_Mid_512,Dedicated_Sram,c713d3c64a924da4543d157abacda98b28eb5f0bf4a9b232c89ed36938ba06ea,f7247ab952d76927b654e7b8e1a08af93828e8721bfadec68b2aea3cf407133a,f9ed2dee823709c942bc2650d9c558e2a034038540f7571d00927135110b29bd,9x4x64,11x8x16,1x4x16,PartKernel,165152,170.28,28436,14068,13335,733,0,0,10774,288,,,,,e85434dddc403f35b7ef845553f5787e6be16f9a961b464fcba505c25cec2c8f,SUCCESS,h3r_conv3x3_9x4_c128__SSE-320__ethos-u85-512__equalized__R1.txt,8,8,0,0,0,3999,1,4000,0,0,0,0,0,4000,1000,0,8,8,0,0,0,3999,1,4000,0,0,0,0,0,4000,1000,0,8,8,0,0,0,3999,1,4000,0,0,0,0,0,4000,1000,0
h3r_conv3x3_12x3_c128,conv3x3,12,3,128,36,base,256,PASS,"3,3","1,1","t:1,l:1,b:1,r:1,n:0,f:0","1,1",e0d7fcc7aedd78a2f15601d1faefa2591d2b8d98e2980d43f3af3c715d01c22b,756c05ce5a1b90fe181391f76172f2a93f0f7379b18162a41be4f1a18832fefd,e4bcdede69ff6f62679178ac4bf83dd60e2b7cc7a693546fd9e888e6ca3c4ecd,"{""scale"": [0.007842836901545525], ""zero_point"": [-1], ""quantized_dimension"": 0}","{""scale"": [0.18118707835674286], ""zero_point"": [1], ""quantized_dimension"": 0}",5.0.0,ethos-u85-256,Ethos_U85_SYS_DRAM_Low,Dedicated_Sram,403b969a3fdaccd50b2e548873b19b5d05585a44fce384a46de0555cd021314e,d678c0c04bc7b88a48bc5417c03406e0f25bede554fb9714c575c9e9563f6d23,2c2947bdba57a5e40b215b55862d6d27ad14131334c563c5ad554440388a267c,12x4x32,14x8x16,1x4x8,PartKernel,165152,170.28,39972,36068,35394,674,0,0,11061,288,0.8059,0.7998,0.6204,0.6252,2965dc1f455c407e2164b0c2ffd9cdafc8e9fa26b56ee31c32181947fa26799a,SUCCESS,h3r_conv3x3_12x3_c128__SSE-320__ethos-u85-256__base__R1.txt,8,8,0,16,16,3999,1,4000,24,12,0,250,125,4000,1000,2344,8,8,0,16,16,3999,1,4000,24,12,0,250,125,4000,1000,2344,8,8,0,16,16,3999,1,4000,24,12,0,250,125,4000,1000,2344
h3r_conv3x3_12x3_c128,conv3x3,12,3,128,36,base,512,PASS,"3,3","1,1","t:1,l:1,b:1,r:1,n:0,f:0","1,1",e0d7fcc7aedd78a2f15601d1faefa2591d2b8d98e2980d43f3af3c715d01c22b,756c05ce5a1b90fe181391f76172f2a93f0f7379b18162a41be4f1a18832fefd,e4bcdede69ff6f62679178ac4bf83dd60e2b7cc7a693546fd9e888e6ca3c4ecd,"{""scale"": [0.007842836901545525], ""zero_point"": [-1], ""quantized_dimension"": 0}","{""scale"": [0.18118707835674286], ""zero_point"": [1], ""quantized_dimension"": 0}",5.0.0,ethos-u85-512,Ethos_U85_SYS_DRAM_Mid_512,Dedicated_Sram,238bfdfcd64e45fbcefa68fa37124ad16a0f69298b105afd6271cd1e0aa9ee51,73150d4da45aeb9700f6148ee119fd0a5e3058a8c70c1a7c500841f8a0fab428,7d6e4798284892a79874e38d23816660db9b34895281825b19bdef4e2ffa7fb0,12x4x64,14x6x16,2x2x16,PartKernel,165152,170.28,28436,29068,28307,761,0,0,10774,288,,,,,2965dc1f455c407e2164b0c2ffd9cdafc8e9fa26b56ee31c32181947fa26799a,SUCCESS,h3r_conv3x3_12x3_c128__SSE-320__ethos-u85-512__base__R1.txt,8,8,0,32,32,3999,1,4000,64,32,0,500,250,4000,1000,3750,8,8,0,32,32,3999,1,4000,64,32,0,500,250,4000,1000,3750,8,8,0,32,32,3999,1,4000,0,32,0,500,250,4000,1000,3750
h3r_conv3x3_12x3_c128,conv3x3,12,3,128,36,equalized,256,PASS,"3,3","1,1","t:1,l:1,b:1,r:1,n:0,f:0","1,1",e0d7fcc7aedd78a2f15601d1faefa2591d2b8d98e2980d43f3af3c715d01c22b,756c05ce5a1b90fe181391f76172f2a93f0f7379b18162a41be4f1a18832fefd,e4bcdede69ff6f62679178ac4bf83dd60e2b7cc7a693546fd9e888e6ca3c4ecd,"{""scale"": [0.007842836901545525], ""zero_point"": [-1], ""quantized_dimension"": 0}","{""scale"": [0.18118707835674286], ""zero_point"": [1], ""quantized_dimension"": 0}",5.0.0,ethos-u85-256,Ethos_U85_SYS_DRAM_Low,Dedicated_Sram,403b969a3fdaccd50b2e548873b19b5d05585a44fce384a46de0555cd021314e,d678c0c04bc7b88a48bc5417c03406e0f25bede554fb9714c575c9e9563f6d23,25c781a68ab569c088b71eaaad801add865ab4b123288730558ccc316313f889,12x4x32,14x8x16,1x4x8,PartKernel,165152,170.28,39972,32068,31458,610,0,0,11061,288,0.5322,0.5098,0.9395,0.9808,2965dc1f455c407e2164b0c2ffd9cdafc8e9fa26b56ee31c32181947fa26799a,SUCCESS,h3r_conv3x3_12x3_c128__SSE-320__ethos-u85-256__equalized__R1.txt,8,8,0,0,0,3999,1,4000,0,0,0,0,0,4000,1000,0,8,8,0,0,0,3999,1,4000,0,0,0,0,0,4000,1000,0,8,8,0,0,0,3999,1,4000,0,0,0,0,0,4000,1000,0
h3r_conv3x3_12x3_c128,conv3x3,12,3,128,36,equalized,512,PASS,"3,3","1,1","t:1,l:1,b:1,r:1,n:0,f:0","1,1",e0d7fcc7aedd78a2f15601d1faefa2591d2b8d98e2980d43f3af3c715d01c22b,756c05ce5a1b90fe181391f76172f2a93f0f7379b18162a41be4f1a18832fefd,e4bcdede69ff6f62679178ac4bf83dd60e2b7cc7a693546fd9e888e6ca3c4ecd,"{""scale"": [0.007842836901545525], ""zero_point"": [-1], ""quantized_dimension"": 0}","{""scale"": [0.18118707835674286], ""zero_point"": [1], ""quantized_dimension"": 0}",5.0.0,ethos-u85-512,Ethos_U85_SYS_DRAM_Mid_512,Dedicated_Sram,238bfdfcd64e45fbcefa68fa37124ad16a0f69298b105afd6271cd1e0aa9ee51,73150d4da45aeb9700f6148ee119fd0a5e3058a8c70c1a7c500841f8a0fab428,921f67119fcfd6b763e29f0b51bfc292ea15efd46748e0b4d5031cc871c76e30,12x4x64,14x6x16,2x2x16,PartKernel,165152,170.28,28436,17068,16037,1031,0,0,10774,288,,,,,2965dc1f455c407e2164b0c2ffd9cdafc8e9fa26b56ee31c32181947fa26799a,SUCCESS,h3r_conv3x3_12x3_c128__SSE-320__ethos-u85-512__equalized__R1.txt,8,8,0,0,0,3999,1,4000,0,0,0,0,0,4000,1000,0,8,8,0,0,0,3999,1,4000,0,0,0,0,0,4000,1000,0,8,8,0,0,0,3999,1,4000,0,0,0,0,0,4000,1000,0
h3r_conv3x3_18x2_c128,conv3x3,18,2,128,36,base,256,PASS,"3,3","1,1","t:1,l:1,b:1,r:1,n:0,f:0","1,1",ed0b31915cef8f149a5d07b05e4c2d580cdbf24aeaa90cd20c67d69da3c9be4d,756c05ce5a1b90fe181391f76172f2a93f0f7379b18162a41be4f1a18832fefd,e4bcdede69ff6f62679178ac4bf83dd60e2b7cc7a693546fd9e888e6ca3c4ecd,"{""scale"": [0.007842836901545525], ""zero_point"": [-1], ""quantized_dimension"": 0}","{""scale"": [0.18118707835674286], ""zero_point"": [1], ""quantized_dimension"": 0}",5.0.0,ethos-u85-256,Ethos_U85_SYS_DRAM_Low,Dedicated_Sram,27bc8e0a0cc0fd3aa3f9ccab702e933b954123277fd7299741b2d536c6ac4403,016101e1e735858a6475d445f23a4ab660d149b1a4265c5dd22fde72dd121116,f6d03e9147796d100b61ec87f579fdc4f8443cfaf6347e876827b518e0006de3,18x2x48,20x4x16,2x2x8,PartKernel,165152,170.28,31276,31068,30934,134,0,0,10917,288,0.9356,0.9146,0.5344,0.5467,d77a00d752deb2a6cefa426d6e3382da560c3de04cd4eebdf153cefd43b971ce,SUCCESS,h3r_conv3x3_18x2_c128__SSE-320__ethos-u85-256__base__R1.txt,8,8,0,16,16,3999,1,4000,24,12,0,250,125,4000,1000,2344,8,8,0,16,16,3999,1,4000,24,12,0,250,125,4000,1000,2344,8,8,0,16,16,3999,1,4000,24,12,0,250,125,4000,1000,2344
h3r_conv3x3_18x2_c128,conv3x3,18,2,128,36,base,512,PASS,"3,3","1,1","t:1,l:1,b:1,r:1,n:0,f:0","1,1",ed0b31915cef8f149a5d07b05e4c2d580cdbf24aeaa90cd20c67d69da3c9be4d,756c05ce5a1b90fe181391f76172f2a93f0f7379b18162a41be4f1a18832fefd,e4bcdede69ff6f62679178ac4bf83dd60e2b7cc7a693546fd9e888e6ca3c4ecd,"{""scale"": [0.007842836901545525], ""zero_point"": [-1], ""quantized_dimension"": 0}","{""scale"": [0.18118707835674286], ""zero_point"": [1], ""quantized_dimension"": 0}",5.0.0,ethos-u85-512,Ethos_U85_SYS_DRAM_Mid_512,Dedicated_Sram,e3ca647bc8c3f67850f34810ecb907a7c9f34bc0eef59f66a4a745c90413be02,38d36e884f54d800a9fc41555b92b6853c63f81c081085920ffe3eba600139a7,6048d9a3d0002270a94c665683a0ba8aaad78cc0c6d468e7155b219a55942620,18x2x64,20x4x16,2x2x16,PartKernel,165152,170.28,28436,29068,28291,777,0,0,10774,288,,,,,d77a00d752deb2a6cefa426d6e3382da560c3de04cd4eebdf153cefd43b971ce,SUCCESS,h3r_conv3x3_18x2_c128__SSE-320__ethos-u85-512__base__R1.txt,8,8,0,32,32,3999,1,4000,64,32,0,500,250,4000,1000,3750,8,8,0,32,32,3999,1,4000,64,32,0,500,250,4000,1000,3750,8,8,0,32,32,3999,1,4000,0,32,0,500,250,4000,1000,3750
h3r_conv3x3_18x2_c128,conv3x3,18,2,128,36,equalized,256,PASS,"3,3","1,1","t:1,l:1,b:1,r:1,n:0,f:0","1,1",ed0b31915cef8f149a5d07b05e4c2d580cdbf24aeaa90cd20c67d69da3c9be4d,756c05ce5a1b90fe181391f76172f2a93f0f7379b18162a41be4f1a18832fefd,e4bcdede69ff6f62679178ac4bf83dd60e2b7cc7a693546fd9e888e6ca3c4ecd,"{""scale"": [0.007842836901545525], ""zero_point"": [-1], ""quantized_dimension"": 0}","{""scale"": [0.18118707835674286], ""zero_point"": [1], ""quantized_dimension"": 0}",5.0.0,ethos-u85-256,Ethos_U85_SYS_DRAM_Low,Dedicated_Sram,27bc8e0a0cc0fd3aa3f9ccab702e933b954123277fd7299741b2d536c6ac4403,016101e1e735858a6475d445f23a4ab660d149b1a4265c5dd22fde72dd121116,26647c7a7896191c53eca268f21753854f8cd20bd0cffbff63a0e020d581dca8,18x2x48,20x4x16,2x2x8,PartKernel,165152,170.28,31276,25068,24720,348,0,0,10917,288,0.5612,0.5394,0.8909,0.927,d77a00d752deb2a6cefa426d6e3382da560c3de04cd4eebdf153cefd43b971ce,SUCCESS,h3r_conv3x3_18x2_c128__SSE-320__ethos-u85-256__equalized__R1.txt,8,8,0,0,0,3999,1,4000,0,0,0,0,0,4000,1000,0,8,8,0,0,0,3999,1,4000,0,0,0,0,0,4000,1000,0,8,8,0,0,0,3999,1,4000,0,0,0,0,0,4000,1000,0
h3r_conv3x3_18x2_c128,conv3x3,18,2,128,36,equalized,512,PASS,"3,3","1,1","t:1,l:1,b:1,r:1,n:0,f:0","1,1",ed0b31915cef8f149a5d07b05e4c2d580cdbf24aeaa90cd20c67d69da3c9be4d,756c05ce5a1b90fe181391f76172f2a93f0f7379b18162a41be4f1a18832fefd,e4bcdede69ff6f62679178ac4bf83dd60e2b7cc7a693546fd9e888e6ca3c4ecd,"{""scale"": [0.007842836901545525], ""zero_point"": [-1], ""quantized_dimension"": 0}","{""scale"": [0.18118707835674286], ""zero_point"": [1], ""quantized_dimension"": 0}",5.0.0,ethos-u85-512,Ethos_U85_SYS_DRAM_Mid_512,Dedicated_Sram,e3ca647bc8c3f67850f34810ecb907a7c9f34bc0eef59f66a4a745c90413be02,38d36e884f54d800a9fc41555b92b6853c63f81c081085920ffe3eba600139a7,8fd1c17edda891b5bf851739ac8cadfe745fa44096c8afa785ac9ddd51da7eed,18x2x64,20x4x16,2x2x16,PartKernel,165152,170.28,28436,14068,13335,733,0,0,10774,288,,,,,d77a00d752deb2a6cefa426d6e3382da560c3de04cd4eebdf153cefd43b971ce,SUCCESS,h3r_conv3x3_18x2_c128__SSE-320__ethos-u85-512__equalized__R1.txt,8,8,0,0,0,3999,1,4000,0,0,0,0,0,4000,1000,0,8,8,0,0,0,3999,1,4000,0,0,0,0,0,4000,1000,0,8,8,0,0,0,3999,1,4000,0,0,0,0,0,4000,1000,0
h3r_conv3x3_36x1_c128,conv3x3,36,1,128,36,base,256,PASS,"3,3","1,1","t:1,l:1,b:1,r:1,n:0,f:0","1,1",b5d34e057deec9cfcffe901a52b5acd2ee3f8e07e3f44449aa15c9103bcd59ea,756c05ce5a1b90fe181391f76172f2a93f0f7379b18162a41be4f1a18832fefd,e4bcdede69ff6f62679178ac4bf83dd60e2b7cc7a693546fd9e888e6ca3c4ecd,"{""scale"": [0.007842836901545525], ""zero_point"": [-1], ""quantized_dimension"": 0}","{""scale"": [0.18118707835674286], ""zero_point"": [1], ""quantized_dimension"": 0}",5.0.0,ethos-u85-256,Ethos_U85_SYS_DRAM_Low,Dedicated_Sram,91cf22a097ddad7b59ee0870cb46e098a4744e7d92297f4c848c3f9f2ebfc5be,3ceb4c49c69be31829fb373771a8e54cd2706e6606a876fa4d6ca2f2940c3285,3be258889e90d372f3b799b1717f4fcfe87d34d963be5e83fb3f88782353f86f,36x2x16,38x4x16,2x2x8,PartKernel,165152,170.28,57596,50068,49370,698,0,0,11637,288,0.5806,0.5858,0.8612,0.8535,03209419eee7cc3f0898235805a681118598ba797a22f4da601cb3a84db724d4,SUCCESS,h3r_conv3x3_36x1_c128__SSE-320__ethos-u85-256__base__R1.txt,8,8,0,16,16,3999,1,4000,24,12,0,250,125,4000,1000,2344,8,8,0,16,16,3999,1,4000,24,12,0,250,125,4000,1000,2344,8,8,0,16,16,3999,1,4000,24,12,0,250,125,4000,1000,2344
h3r_conv3x3_36x1_c128,conv3x3,36,1,128,36,base,512,PASS,"3,3","1,1","t:1,l:1,b:1,r:1,n:0,f:0","1,1",b5d34e057deec9cfcffe901a52b5acd2ee3f8e07e3f44449aa15c9103bcd59ea,756c05ce5a1b90fe181391f76172f2a93f0f7379b18162a41be4f1a18832fefd,e4bcdede69ff6f62679178ac4bf83dd60e2b7cc7a693546fd9e888e6ca3c4ecd,"{""scale"": [0.007842836901545525], ""zero_point"": [-1], ""quantized_dimension"": 0}","{""scale"": [0.18118707835674286], ""zero_point"": [1], ""quantized_dimension"": 0}",5.0.0,ethos-u85-512,Ethos_U85_SYS_DRAM_Mid_512,Dedicated_Sram,b6364116c8de896afb5d97583957926e87f413fb8b8980ae1c44f524d48b4d6f,a7cb3c155735360b8a7ced81f0b0032cc65995cbf6f09d8ffc351a9cac207815,5160ea611027841cb8687ad17c4387da98b631f5676c9f3cef272ec013b4f81e,36x2x48,38x4x16,2x2x16,PartKernel,165152,170.28,30901,29068,28923,145,0,0,10918,288,,,,,03209419eee7cc3f0898235805a681118598ba797a22f4da601cb3a84db724d4,SUCCESS,h3r_conv3x3_36x1_c128__SSE-320__ethos-u85-512__base__R1.txt,8,8,0,32,32,3999,1,4000,64,32,0,500,250,4000,1000,3750,8,8,0,32,32,3999,1,4000,64,32,0,500,250,4000,1000,3750,8,8,0,32,32,3999,1,4000,0,32,0,500,250,4000,1000,3750
h3r_conv3x3_36x1_c128,conv3x3,36,1,128,36,equalized,256,PASS,"3,3","1,1","t:1,l:1,b:1,r:1,n:0,f:0","1,1",b5d34e057deec9cfcffe901a52b5acd2ee3f8e07e3f44449aa15c9103bcd59ea,756c05ce5a1b90fe181391f76172f2a93f0f7379b18162a41be4f1a18832fefd,e4bcdede69ff6f62679178ac4bf83dd60e2b7cc7a693546fd9e888e6ca3c4ecd,"{""scale"": [0.007842836901545525], ""zero_point"": [-1], ""quantized_dimension"": 0}","{""scale"": [0.18118707835674286], ""zero_point"": [1], ""quantized_dimension"": 0}",5.0.0,ethos-u85-256,Ethos_U85_SYS_DRAM_Low,Dedicated_Sram,91cf22a097ddad7b59ee0870cb46e098a4744e7d92297f4c848c3f9f2ebfc5be,3ceb4c49c69be31829fb373771a8e54cd2706e6606a876fa4d6ca2f2940c3285,cb75c52c1d6b246a454f10d67a196bbbc2a808e5549fff19f164dba1066f4ee9,36x2x16,38x4x16,2x2x8,PartKernel,165152,170.28,57596,45068,44483,585,0,0,11637,288,0.5118,0.5152,0.9769,0.9705,03209419eee7cc3f0898235805a681118598ba797a22f4da601cb3a84db724d4,SUCCESS,h3r_conv3x3_36x1_c128__SSE-320__ethos-u85-256__equalized__R1.txt,8,8,0,0,0,3999,1,4000,0,0,0,0,0,4000,1000,0,8,8,0,0,0,3999,1,4000,0,0,0,0,0,4000,1000,0,8,8,0,0,0,3999,1,4000,0,0,0,0,0,4000,1000,0
h3r_conv3x3_36x1_c128,conv3x3,36,1,128,36,equalized,512,PASS,"3,3","1,1","t:1,l:1,b:1,r:1,n:0,f:0","1,1",b5d34e057deec9cfcffe901a52b5acd2ee3f8e07e3f44449aa15c9103bcd59ea,756c05ce5a1b90fe181391f76172f2a93f0f7379b18162a41be4f1a18832fefd,e4bcdede69ff6f62679178ac4bf83dd60e2b7cc7a693546fd9e888e6ca3c4ecd,"{""scale"": [0.007842836901545525], ""zero_point"": [-1], ""quantized_dimension"": 0}","{""scale"": [0.18118707835674286], ""zero_point"": [1], ""quantized_dimension"": 0}",5.0.0,ethos-u85-512,Ethos_U85_SYS_DRAM_Mid_512,Dedicated_Sram,b6364116c8de896afb5d97583957926e87f413fb8b8980ae1c44f524d48b4d6f,a7cb3c155735360b8a7ced81f0b0032cc65995cbf6f09d8ffc351a9cac207815,fb284ef6ffe1e4f942f8118e78310c3173c79e92a092785a0d2b1216fe396986,36x2x48,38x4x16,2x2x16,PartKernel,165152,170.28,30901,23068,22916,152,0,0,10918,288,,,,,03209419eee7cc3f0898235805a681118598ba797a22f4da601cb3a84db724d4,SUCCESS,h3r_conv3x3_36x1_c128__SSE-320__ethos-u85-512__equalized__R1.txt,8,8,0,0,0,3999,1,4000,0,0,0,0,0,4000,1000,0,8,8,0,0,0,3999,1,4000,0,0,0,0,0,4000,1000,0,8,8,0,0,0,3999,1,4000,0,0,0,0,0,4000,1000,0
h3r_dw3x3_1x36_c128,dw3x3,1,36,128,36,base,256,PASS,"3,3","1,1","t:1,l:1,b:1,r:1,n:0,f:0","1,1",6a47cad9de675725512df9ca3a896fb00b64cb90ed1cf716faf0161fdd765ec8,3c2412d3e030c2d60830256c757ce3ca71b00bf2097785861f49d5212664091e,cc772986e61c561db4086be089af285fd3441901fe8d5f714a66d4839cdc3fde,"{""scale"": [0.007842836901545525], ""zero_point"": [-1], ""quantized_dimension"": 0}","{""scale"": [0.01604372449219227], ""zero_point"": [-5], ""quantized_dimension"": 0}",5.0.0,ethos-u85-256,Ethos_U85_SYS_DRAM_Low,Dedicated_Sram,38bc6de3dfdf32a003828392e9716b50995ea7d24e0c63c524f3fdf25ff72c3a,1d31a3c00201f62c398c347758539f994a6ce085c504384a03cabdd38c38a910,32dab08997c2d0fb681fdc66e029aaac9caeba72e07ed03ed36f3fa31429a10b,1x36x48,3x38x64,1x2x16,Depthwise,2576,11.52,4393,6068,5649,419,0,0,468,288,1.0,1.0393,0.5,0.4811,d963d9ee418a779e53360fd38fba5b0297b2b184778ffc5138ddbaeeae791821,SUCCESS,h3r_dw3x3_1x36_c128__SSE-320__ethos-u85-256__base__R1.txt,8,8,0,16,16,3999,1,4000,24,12,0,250,125,4000,1000,2344,8,8,0,16,16,3999,1,4000,24,12,0,250,125,4000,1000,2344,8,8,0,16,16,3999,1,4000,24,12,0,250,125,4000,1000,2344
h3r_dw3x3_1x36_c128,dw3x3,1,36,128,36,base,512,PASS,"3,3","1,1","t:1,l:1,b:1,r:1,n:0,f:0","1,1",6a47cad9de675725512df9ca3a896fb00b64cb90ed1cf716faf0161fdd765ec8,3c2412d3e030c2d60830256c757ce3ca71b00bf2097785861f49d5212664091e,cc772986e61c561db4086be089af285fd3441901fe8d5f714a66d4839cdc3fde,"{""scale"": [0.007842836901545525], ""zero_point"": [-1], ""quantized_dimension"": 0}","{""scale"": [0.01604372449219227], ""zero_point"": [-5], ""quantized_dimension"": 0}",5.0.0,ethos-u85-512,Ethos_U85_SYS_DRAM_Mid_512,Dedicated_Sram,d6c5dbbf8ddf0016a4289b761b207568d1759402d69301b0e496040faa8f59ba,3c38a41072bf881d36ea13733ed481a4a6d3d73daf2290c8ff3899b066d1f12b,0de1d3ed81c4b8ceb4b537b9da33de7ce06f2d2c95b8b1a8cb8f72d1e70a5db1,1x36x128,3x38x128,1x4x16,Depthwise,2656,11.59,4176,6068,5871,197,0,0,474,288,,,,,d963d9ee418a779e53360fd38fba5b0297b2b184778ffc5138ddbaeeae791821,SUCCESS,h3r_dw3x3_1x36_c128__SSE-320__ethos-u85-512__base__R1.txt,8,8,0,32,32,3999,1,4000,64,32,0,500,250,4000,1000,3750,8,8,0,32,32,3999,1,4000,64,32,0,500,250,4000,1000,3750,8,8,0,32,32,3999,1,4000,0,32,0,500,250,4000,1000,3750
h3r_dw3x3_1x36_c128,dw3x3,1,36,128,36,bridge_legacy_relaxed,256,PASS,"3,3","1,1","t:1,l:1,b:1,r:1,n:0,f:0","1,1",6a47cad9de675725512df9ca3a896fb00b64cb90ed1cf716faf0161fdd765ec8,3c2412d3e030c2d60830256c757ce3ca71b00bf2097785861f49d5212664091e,cc772986e61c561db4086be089af285fd3441901fe8d5f714a66d4839cdc3fde,"{""scale"": [0.007842836901545525], ""zero_point"": [-1], ""quantized_dimension"": 0}","{""scale"": [0.01604372449219227], ""zero_point"": [-5], ""quantized_dimension"": 0}",5.0.0,ethos-u85-256,Ethos_U85_SYS_DRAM_Low,Dedicated_Sram,38bc6de3dfdf32a003828392e9716b50995ea7d24e0c63c524f3fdf25ff72c3a,1d31a3c00201f62c398c347758539f994a6ce085c504384a03cabdd38c38a910,124033995a067866d048193e4af685f604b7bc22aec1bb9228f89c2121ed2c4b,1x36x48,3x38x64,1x2x16,Depthwise,2576,11.52,4393,3068,2828,240,0,0,468,288,0.6741,0.4855,0.7417,1.0299,d963d9ee418a779e53360fd38fba5b0297b2b184778ffc5138ddbaeeae791821,SUCCESS,h3r_dw3x3_1x36_c128__SSE-320__ethos-u85-256__bridge_legacy_relaxed__R1.txt,8,8,0,0,0,3999,1,4000,24,12,0,0,0,4000,1000,0,8,8,0,0,0,3999,1,4000,24,12,0,0,0,4000,1000,0,8,8,0,0,0,3999,1,4000,24,12,0,0,0,4000,1000,0
h3r_dw3x3_1x36_c128,dw3x3,1,36,128,36,bridge_legacy_relaxed,512,PASS,"3,3","1,1","t:1,l:1,b:1,r:1,n:0,f:0","1,1",6a47cad9de675725512df9ca3a896fb00b64cb90ed1cf716faf0161fdd765ec8,3c2412d3e030c2d60830256c757ce3ca71b00bf2097785861f49d5212664091e,cc772986e61c561db4086be089af285fd3441901fe8d5f714a66d4839cdc3fde,"{""scale"": [0.007842836901545525], ""zero_point"": [-1], ""quantized_dimension"": 0}","{""scale"": [0.01604372449219227], ""zero_point"": [-5], ""quantized_dimension"": 0}",5.0.0,ethos-u85-512,Ethos_U85_SYS_DRAM_Mid_512,Dedicated_Sram,d6c5dbbf8ddf0016a4289b761b207568d1759402d69301b0e496040faa8f59ba,3c38a41072bf881d36ea13733ed481a4a6d3d73daf2290c8ff3899b066d1f12b,94fa0d3b1642f78ac37ca9917335d6edb03c1bd32a5f07bc7116ca5d1746aff4,1x36x128,3x38x128,1x4x16,Depthwise,2656,11.59,4176,2068,1373,695,0,0,474,288,,,,,d963d9ee418a779e53360fd38fba5b0297b2b184778ffc5138ddbaeeae791821,SUCCESS,h3r_dw3x3_1x36_c128__SSE-320__ethos-u85-512__bridge_legacy_relaxed__R1.txt,8,8,0,0,0,3999,1,4000,64,32,0,0,0,4000,1000,0,8,8,0,0,0,3999,1,4000,64,32,0,0,0,4000,1000,0,8,8,0,0,0,3999,1,4000,0,32,0,0,0,4000,1000,0
h3r_dw3x3_1x36_c128,dw3x3,1,36,128,36,equalized,256,PASS,"3,3","1,1","t:1,l:1,b:1,r:1,n:0,f:0","1,1",6a47cad9de675725512df9ca3a896fb00b64cb90ed1cf716faf0161fdd765ec8,3c2412d3e030c2d60830256c757ce3ca71b00bf2097785861f49d5212664091e,cc772986e61c561db4086be089af285fd3441901fe8d5f714a66d4839cdc3fde,"{""scale"": [0.007842836901545525], ""zero_point"": [-1], ""quantized_dimension"": 0}","{""scale"": [0.01604372449219227], ""zero_point"": [-5], ""quantized_dimension"": 0}",5.0.0,ethos-u85-256,Ethos_U85_SYS_DRAM_Low,Dedicated_Sram,38bc6de3dfdf32a003828392e9716b50995ea7d24e0c63c524f3fdf25ff72c3a,1d31a3c00201f62c398c347758539f994a6ce085c504384a03cabdd38c38a910,be177cce0889da9348b1be8c4f47e4235f96cea4d5a27da5d8c945afa7f59693,1x36x48,3x38x64,1x2x16,Depthwise,2576,11.52,4393,3068,2828,240,0,0,468,288,0.6741,0.4855,0.7417,1.0299,d963d9ee418a779e53360fd38fba5b0297b2b184778ffc5138ddbaeeae791821,SUCCESS,h3r_dw3x3_1x36_c128__SSE-320__ethos-u85-256__equalized__R1.txt,8,8,0,0,0,3999,1,4000,0,0,0,0,0,4000,1000,0,8,8,0,0,0,3999,1,4000,0,0,0,0,0,4000,1000,0,8,8,0,0,0,3999,1,4000,0,0,0,0,0,4000,1000,0
h3r_dw3x3_1x36_c128,dw3x3,1,36,128,36,equalized,512,PASS,"3,3","1,1","t:1,l:1,b:1,r:1,n:0,f:0","1,1",6a47cad9de675725512df9ca3a896fb00b64cb90ed1cf716faf0161fdd765ec8,3c2412d3e030c2d60830256c757ce3ca71b00bf2097785861f49d5212664091e,cc772986e61c561db4086be089af285fd3441901fe8d5f714a66d4839cdc3fde,"{""scale"": [0.007842836901545525], ""zero_point"": [-1], ""quantized_dimension"": 0}","{""scale"": [0.01604372449219227], ""zero_point"": [-5], ""quantized_dimension"": 0}",5.0.0,ethos-u85-512,Ethos_U85_SYS_DRAM_Mid_512,Dedicated_Sram,d6c5dbbf8ddf0016a4289b761b207568d1759402d69301b0e496040faa8f59ba,3c38a41072bf881d36ea13733ed481a4a6d3d73daf2290c8ff3899b066d1f12b,98087eb10ba27463163c68328e0c7e0b91463c13a6da021c20813e3612208695,1x36x128,3x38x128,1x4x16,Depthwise,2656,11.59,4176,2068,1373,695,0,0,474,288,,,,,d963d9ee418a779e53360fd38fba5b0297b2b184778ffc5138ddbaeeae791821,SUCCESS,h3r_dw3x3_1x36_c128__SSE-320__ethos-u85-512__equalized__R1.txt,8,8,0,0,0,3999,1,4000,0,0,0,0,0,4000,1000,0,8,8,0,0,0,3999,1,4000,0,0,0,0,0,4000,1000,0,8,8,0,0,0,3999,1,4000,0,0,0,0,0,4000,1000,0
h3r_dw3x3_2x18_c128,dw3x3,2,18,128,36,base,256,PASS,"3,3","1,1","t:1,l:1,b:1,r:1,n:0,f:0","1,1",bad8d73fc27aa4d4bcf7f32e5b2f3f5536154cdd0f4e60729fbc6569ed9e88d2,3c2412d3e030c2d60830256c757ce3ca71b00bf2097785861f49d5212664091e,cc772986e61c561db4086be089af285fd3441901fe8d5f714a66d4839cdc3fde,"{""scale"": [0.007842836901545525], ""zero_point"": [-1], ""quantized_dimension"": 0}","{""scale"": [0.01604372449219227], ""zero_point"": [-5], ""quantized_dimension"": 0}",5.0.0,ethos-u85-256,Ethos_U85_SYS_DRAM_Low,Dedicated_Sram,d77d7c363a87e3970b9bd0cba83cce1ae70a01779b4cb1089e0bb08f9bce5dd1,7fe1bb1c488d3a35ddcce6e7a1d72acd1bc6c9b9b2e4c01f8f550aa2c3ec714b,d77624f553c7ef8b81b24f29b03ede6fbfff7feff67a66440157c33ed79491c4,2x18x48,4x20x64,1x2x16,Depthwise,2576,11.52,4393,6068,5519,549,0,0,468,288,1.0,1.0638,0.5,0.47,ee47c2b6093f98898bb3cbc7c484180bb8cfd64da180b74238dab1c6c1c8ecb8,SUCCESS,h3r_dw3x3_2x18_c128__SSE-320__ethos-u85-256__base__R1.txt,8,8,0,16,16,3999,1,4000,24,12,0,250,125,4000,1000,2344,8,8,0,16,16,3999,1,4000,24,12,0,250,125,4000,1000,2344,8,8,0,16,16,3999,1,4000,24,12,0,250,125,4000,1000,2344
h3r_dw3x3_2x18_c128,dw3x3,2,18,128,36,base,512,PASS,"3,3","1,1","t:1,l:1,b:1,r:1,n:0,f:0","1,1",bad8d73fc27aa4d4bcf7f32e5b2f3f5536154cdd0f4e60729fbc6569ed9e88d2,3c2412d3e030c2d60830256c757ce3ca71b00bf2097785861f49d5212664091e,cc772986e61c561db4086be089af285fd3441901fe8d5f714a66d4839cdc3fde,"{""scale"": [0.007842836901545525], ""zero_point"": [-1], ""quantized_dimension"": 0}","{""scale"": [0.01604372449219227], ""zero_point"": [-5], ""quantized_dimension"": 0}",5.0.0,ethos-u85-512,Ethos_U85_SYS_DRAM_Mid_512,Dedicated_Sram,13ff21651a910184612d6af3897ac88d47aeae8bf64df57814b55be97e7dd8e4,45e0121e20060b0c18e2877cf0a7f06c20ea3c14ff20887a3ba1f7c07ba1347e,645297178c84db4f8a99d7d6ac6a1fed57d77807a8482d8b6c9af8b54ca783d0,2x18x128,4x20x128,2x2x16,Depthwise,2656,11.59,4176,6068,5871,197,0,0,474,288,,,,,ee47c2b6093f98898bb3cbc7c484180bb8cfd64da180b74238dab1c6c1c8ecb8,SUCCESS,h3r_dw3x3_2x18_c128__SSE-320__ethos-u85-512__base__R1.txt,8,8,0,32,32,3999,1,4000,64,32,0,500,250,4000,1000,3750,8,8,0,32,32,3999,1,4000,64,32,0,500,250,4000,1000,3750,8,8,0,32,32,3999,1,4000,0,32,0,500,250,4000,1000,3750
h3r_dw3x3_2x18_c128,dw3x3,2,18,128,36,bridge_legacy_relaxed,256,PASS,"3,3","1,1","t:1,l:1,b:1,r:1,n:0,f:0","1,1",bad8d73fc27aa4d4bcf7f32e5b2f3f5536154cdd0f4e60729fbc6569ed9e88d2,3c2412d3e030c2d60830256c757ce3ca71b00bf2097785861f49d5212664091e,cc772986e61c561db4086be089af285fd3441901fe8d5f714a66d4839cdc3fde,"{""scale"": [0.007842836901545525], ""zero_point"": [-1], ""quantized_dimension"": 0}","{""scale"": [0.01604372449219227], ""zero_point"": [-5], ""quantized_dimension"": 0}",5.0.0,ethos-u85-256,Ethos_U85_SYS_DRAM_Low,Dedicated_Sram,d77d7c363a87e3970b9bd0cba83cce1ae70a01779b4cb1089e0bb08f9bce5dd1,7fe1bb1c488d3a35ddcce6e7a1d72acd1bc6c9b9b2e4c01f8f550aa2c3ec714b,2257710ee56a2cc1f202b2b8d53eb337bb134911ad47c395f1219f02c675ee94,2x18x48,4x20x64,1x2x16,Depthwise,2576,11.52,4393,3068,2792,276,0,0,468,288,0.6741,0.4918,0.7417,1.0167,ee47c2b6093f98898bb3cbc7c484180bb8cfd64da180b74238dab1c6c1c8ecb8,SUCCESS,h3r_dw3x3_2x18_c128__SSE-320__ethos-u85-256__bridge_legacy_relaxed__R1.txt,8,8,0,0,0,3999,1,4000,24,12,0,0,0,4000,1000,0,8,8,0,0,0,3999,1,4000,24,12,0,0,0,4000,1000,0,8,8,0,0,0,3999,1,4000,24,12,0,0,0,4000,1000,0
h3r_dw3x3_2x18_c128,dw3x3,2,18,128,36,bridge_legacy_relaxed,512,PASS,"3,3","1,1","t:1,l:1,b:1,r:1,n:0,f:0","1,1",bad8d73fc27aa4d4bcf7f32e5b2f3f5536154cdd0f4e60729fbc6569ed9e88d2,3c2412d3e030c2d60830256c757ce3ca71b00bf2097785861f49d5212664091e,cc772986e61c561db4086be089af285fd3441901fe8d5f714a66d4839cdc3fde,"{""scale"": [0.007842836901545525], ""zero_point"": [-1], ""quantized_dimension"": 0}","{""scale"": [0.01604372449219227], ""zero_point"": [-5], ""quantized_dimension"": 0}",5.0.0,ethos-u85-512,Ethos_U85_SYS_DRAM_Mid_512,Dedicated_Sram,13ff21651a910184612d6af3897ac88d47aeae8bf64df57814b55be97e7dd8e4,45e0121e20060b0c18e2877cf0a7f06c20ea3c14ff20887a3ba1f7c07ba1347e,47185d7e07f124f15c2e2e5b2816b60dc0a6a7c94dabc0fa0978142c3ad987b2,2x18x128,4x20x128,2x2x16,Depthwise,2656,11.59,4176,2068,1373,695,0,0,474,288,,,,,ee47c2b6093f98898bb3cbc7c484180bb8cfd64da180b74238dab1c6c1c8ecb8,SUCCESS,h3r_dw3x3_2x18_c128__SSE-320__ethos-u85-512__bridge_legacy_relaxed__R1.txt,8,8,0,0,0,3999,1,4000,64,32,0,0,0,4000,1000,0,8,8,0,0,0,3999,1,4000,64,32,0,0,0,4000,1000,0,8,8,0,0,0,3999,1,4000,0,32,0,0,0,4000,1000,0
h3r_dw3x3_2x18_c128,dw3x3,2,18,128,36,equalized,256,PASS,"3,3","1,1","t:1,l:1,b:1,r:1,n:0,f:0","1,1",bad8d73fc27aa4d4bcf7f32e5b2f3f5536154cdd0f4e60729fbc6569ed9e88d2,3c2412d3e030c2d60830256c757ce3ca71b00bf2097785861f49d5212664091e,cc772986e61c561db4086be089af285fd3441901fe8d5f714a66d4839cdc3fde,"{""scale"": [0.007842836901545525], ""zero_point"": [-1], ""quantized_dimension"": 0}","{""scale"": [0.01604372449219227], ""zero_point"": [-5], ""quantized_dimension"": 0}",5.0.0,ethos-u85-256,Ethos_U85_SYS_DRAM_Low,Dedicated_Sram,d77d7c363a87e3970b9bd0cba83cce1ae70a01779b4cb1089e0bb08f9bce5dd1,7fe1bb1c488d3a35ddcce6e7a1d72acd1bc6c9b9b2e4c01f8f550aa2c3ec714b,e1bd34f2b40f926a048dee3240215c2935f370f07925bf52ef450b4b8f8c48da,2x18x48,4x20x64,1x2x16,Depthwise,2576,11.52,4393,3068,2792,276,0,0,468,288,0.6741,0.4918,0.7417,1.0167,ee47c2b6093f98898bb3cbc7c484180bb8cfd64da180b74238dab1c6c1c8ecb8,SUCCESS,h3r_dw3x3_2x18_c128__SSE-320__ethos-u85-256__equalized__R1.txt,8,8,0,0,0,3999,1,4000,0,0,0,0,0,4000,1000,0,8,8,0,0,0,3999,1,4000,0,0,0,0,0,4000,1000,0,8,8,0,0,0,3999,1,4000,0,0,0,0,0,4000,1000,0
h3r_dw3x3_2x18_c128,dw3x3,2,18,128,36,equalized,512,PASS,"3,3","1,1","t:1,l:1,b:1,r:1,n:0,f:0","1,1",bad8d73fc27aa4d4bcf7f32e5b2f3f5536154cdd0f4e60729fbc6569ed9e88d2,3c2412d3e030c2d60830256c757ce3ca71b00bf2097785861f49d5212664091e,cc772986e61c561db4086be089af285fd3441901fe8d5f714a66d4839cdc3fde,"{""scale"": [0.007842836901545525], ""zero_point"": [-1], ""quantized_dimension"": 0}","{""scale"": [0.01604372449219227], ""zero_point"": [-5], ""quantized_dimension"": 0}",5.0.0,ethos-u85-512,Ethos_U85_SYS_DRAM_Mid_512,Dedicated_Sram,13ff21651a910184612d6af3897ac88d47aeae8bf64df57814b55be97e7dd8e4,45e0121e20060b0c18e2877cf0a7f06c20ea3c14ff20887a3ba1f7c07ba1347e,8bbedb6162806f96f799fa0d2fd82c293523fea2bd55b624ad7eb6618d16d677,2x18x128,4x20x128,2x2x16,Depthwise,2656,11.59,4176,2068,1373,695,0,0,474,288,,,,,ee47c2b6093f98898bb3cbc7c484180bb8cfd64da180b74238dab1c6c1c8ecb8,SUCCESS,h3r_dw3x3_2x18_c128__SSE-320__ethos-u85-512__equalized__R1.txt,8,8,0,0,0,3999,1,4000,0,0,0,0,0,4000,1000,0,8,8,0,0,0,3999,1,4000,0,0,0,0,0,4000,1000,0,8,8,0,0,0,3999,1,4000,0,0,0,0,0,4000,1000,0
h3r_dw3x3_3x12_c128,dw3x3,3,12,128,36,base,256,PASS,"3,3","1,1","t:1,l:1,b:1,r:1,n:0,f:0","1,1",06d919f7b836acca0591f44d198535973747e31677dadc14bb1d8707a81d1505,3c2412d3e030c2d60830256c757ce3ca71b00bf2097785861f49d5212664091e,cc772986e61c561db4086be089af285fd3441901fe8d5f714a66d4839cdc3fde,"{""scale"": [0.007842836901545525], ""zero_point"": [-1], ""quantized_dimension"": 0}","{""scale"": [0.01604372449219227], ""zero_point"": [-5], ""quantized_dimension"": 0}",5.0.0,ethos-u85-256,Ethos_U85_SYS_DRAM_Low,Dedicated_Sram,f45d70bd25f06f2427310567d0c02b38f160c16fc451ba0b7216a98beb7c1822,8ab1545ffc41f450ba494db602de0304c4c797c7766bf41398a0c5d72b083b9a,7dd8bdd83c3353e54b0b86e1f5b41b04c3413585199bdb0efc98650d811c8840,3x12x112,5x14x128,1x2x16,Depthwise,2576,11.52,5016,6068,5627,441,0,0,468,288,1.0,1.0302,0.5,0.4853,c244e1c4db8d31c5a75097c2b6ebe5dab090f2aefc6538b5205718c65a26c886,SUCCESS,h3r_dw3x3_3x12_c128__SSE-320__ethos-u85-256__base__R1.txt,8,8,0,16,16,3999,1,4000,24,12,0,250,125,4000,1000,2344,8,8,0,16,16,3999,1,4000,24,12,0,250,125,4000,1000,2344,8,8,0,16,16,3999,1,4000,24,12,0,250,125,4000,1000,2344
h3r_dw3x3_3x12_c128,dw3x3,3,12,128,36,base,512,PASS,"3,3","1,1","t:1,l:1,b:1,r:1,n:0,f:0","1,1",06d919f7b836acca0591f44d198535973747e31677dadc14bb1d8707a81d1505,3c2412d3e030c2d60830256c757ce3ca71b00bf2097785861f49d5212664091e,cc772986e61c561db4086be089af285fd3441901fe8d5f714a66d4839cdc3fde,"{""scale"": [0.007842836901545525], ""zero_point"": [-1], ""quantized_dimension"": 0}","{""scale"": [0.01604372449219227], ""zero_point"": [-5], ""quantized_dimension"": 0}",5.0.0,ethos-u85-512,Ethos_U85_SYS_DRAM_Mid_512,Dedicated_Sram,dc0f7a410a2b78e3a86989990409ec9dd17d39897b6cf7cf75cc0f8afe7f5c12,5b24478d4ec034995515c4819e33499df6ee1fa4fcaf7f8ac7579cff6895cff2,b4b91171395a47d3f2226e63e5fc608f52f2446faf61ff2faba5f0a30c491937,3x12x128,5x14x128,1x4x16,Depthwise,2656,11.59,4176,6068,5797,271,0,0,474,288,,,,,c244e1c4db8d31c5a75097c2b6ebe5dab090f2aefc6538b5205718c65a26c886,SUCCESS,h3r_dw3x3_3x12_c128__SSE-320__ethos-u85-512__base__R1.txt,8,8,0,32,32,3999,1,4000,64,32,0,500,250,4000,1000,3750,8,8,0,32,32,3999,1,4000,64,32,0,500,250,4000,1000,3750,8,8,0,32,32,3999,1,4000,0,32,0,500,250,4000,1000,3750
h3r_dw3x3_3x12_c128,dw3x3,3,12,128,36,bridge_legacy_relaxed,256,PASS,"3,3","1,1","t:1,l:1,b:1,r:1,n:0,f:0","1,1",06d919f7b836acca0591f44d198535973747e31677dadc14bb1d8707a81d1505,3c2412d3e030c2d60830256c757ce3ca71b00bf2097785861f49d5212664091e,cc772986e61c561db4086be089af285fd3441901fe8d5f714a66d4839cdc3fde,"{""scale"": [0.007842836901545525], ""zero_point"": [-1], ""quantized_dimension"": 0}","{""scale"": [0.01604372449219227], ""zero_point"": [-5], ""quantized_dimension"": 0}",5.0.0,ethos-u85-256,Ethos_U85_SYS_DRAM_Low,Dedicated_Sram,f45d70bd25f06f2427310567d0c02b38f160c16fc451ba0b7216a98beb7c1822,8ab1545ffc41f450ba494db602de0304c4c797c7766bf41398a0c5d72b083b9a,c1a18506a58dfc4be777ed151ef241c110284b3667d4b037747acdebf52ac91c,3x12x112,5x14x128,1x2x16,Depthwise,2576,11.52,5016,3068,2824,244,0,0,468,288,0.6741,0.4596,0.7417,1.0879,c244e1c4db8d31c5a75097c2b6ebe5dab090f2aefc6538b5205718c65a26c886,SUCCESS,h3r_dw3x3_3x12_c128__SSE-320__ethos-u85-256__bridge_legacy_relaxed__R1.txt,8,8,0,0,0,3999,1,4000,24,12,0,0,0,4000,1000,0,8,8,0,0,0,3999,1,4000,24,12,0,0,0,4000,1000,0,8,8,0,0,0,3999,1,4000,24,12,0,0,0,4000,1000,0
h3r_dw3x3_3x12_c128,dw3x3,3,12,128,36,bridge_legacy_relaxed,512,PASS,"3,3","1,1","t:1,l:1,b:1,r:1,n:0,f:0","1,1",06d919f7b836acca0591f44d198535973747e31677dadc14bb1d8707a81d1505,3c2412d3e030c2d60830256c757ce3ca71b00bf2097785861f49d5212664091e,cc772986e61c561db4086be089af285fd3441901fe8d5f714a66d4839cdc3fde,"{""scale"": [0.007842836901545525], ""zero_point"": [-1], ""quantized_dimension"": 0}","{""scale"": [0.01604372449219227], ""zero_point"": [-5], ""quantized_dimension"": 0}",5.0.0,ethos-u85-512,Ethos_U85_SYS_DRAM_Mid_512,Dedicated_Sram,dc0f7a410a2b78e3a86989990409ec9dd17d39897b6cf7cf75cc0f8afe7f5c12,5b24478d4ec034995515c4819e33499df6ee1fa4fcaf7f8ac7579cff6895cff2,ee4d8553bbec18cf01bd7e33897b5d6abab0ec4fbc63c6ca7af4d352b7f0aaf2,3x12x128,5x14x128,1x4x16,Depthwise,2656,11.59,4176,2068,1298,770,0,0,474,288,,,,,c244e1c4db8d31c5a75097c2b6ebe5dab090f2aefc6538b5205718c65a26c886,SUCCESS,h3r_dw3x3_3x12_c128__SSE-320__ethos-u85-512__bridge_legacy_relaxed__R1.txt,8,8,0,0,0,3999,1,4000,64,32,0,0,0,4000,1000,0,8,8,0,0,0,3999,1,4000,64,32,0,0,0,4000,1000,0,8,8,0,0,0,3999,1,4000,0,32,0,0,0,4000,1000,0
h3r_dw3x3_3x12_c128,dw3x3,3,12,128,36,equalized,256,PASS,"3,3","1,1","t:1,l:1,b:1,r:1,n:0,f:0","1,1",06d919f7b836acca0591f44d198535973747e31677dadc14bb1d8707a81d1505,3c2412d3e030c2d60830256c757ce3ca71b00bf2097785861f49d5212664091e,cc772986e61c561db4086be089af285fd3441901fe8d5f714a66d4839cdc3fde,"{""scale"": [0.007842836901545525], ""zero_point"": [-1], ""quantized_dimension"": 0}","{""scale"": [0.01604372449219227], ""zero_point"": [-5], ""quantized_dimension"": 0}",5.0.0,ethos-u85-256,Ethos_U85_SYS_DRAM_Low,Dedicated_Sram,f45d70bd25f06f2427310567d0c02b38f160c16fc451ba0b7216a98beb7c1822,8ab1545ffc41f450ba494db602de0304c4c797c7766bf41398a0c5d72b083b9a,a32e37132da9cc09bf227f5ff9f9240da0eb93913c5afc94ae6a8c55382fc861,3x12x112,5x14x128,1x2x16,Depthwise,2576,11.52,5016,3068,2824,244,0,0,468,288,0.6741,0.4596,0.7417,1.0879,c244e1c4db8d31c5a75097c2b6ebe5dab090f2aefc6538b5205718c65a26c886,SUCCESS,h3r_dw3x3_3x12_c128__SSE-320__ethos-u85-256__equalized__R1.txt,8,8,0,0,0,3999,1,4000,0,0,0,0,0,4000,1000,0,8,8,0,0,0,3999,1,4000,0,0,0,0,0,4000,1000,0,8,8,0,0,0,3999,1,4000,0,0,0,0,0,4000,1000,0
h3r_dw3x3_3x12_c128,dw3x3,3,12,128,36,equalized,512,PASS,"3,3","1,1","t:1,l:1,b:1,r:1,n:0,f:0","1,1",06d919f7b836acca0591f44d198535973747e31677dadc14bb1d8707a81d1505,3c2412d3e030c2d60830256c757ce3ca71b00bf2097785861f49d5212664091e,cc772986e61c561db4086be089af285fd3441901fe8d5f714a66d4839cdc3fde,"{""scale"": [0.007842836901545525], ""zero_point"": [-1], ""quantized_dimension"": 0}","{""scale"": [0.01604372449219227], ""zero_point"": [-5], ""quantized_dimension"": 0}",5.0.0,ethos-u85-512,Ethos_U85_SYS_DRAM_Mid_512,Dedicated_Sram,dc0f7a410a2b78e3a86989990409ec9dd17d39897b6cf7cf75cc0f8afe7f5c12,5b24478d4ec034995515c4819e33499df6ee1fa4fcaf7f8ac7579cff6895cff2,7279369a0fbcb20bd85e3f5a00e8535a3a632443776c7e5cb9a7dd8df9c776c5,3x12x128,5x14x128,1x4x16,Depthwise,2656,11.59,4176,2068,1298,770,0,0,474,288,,,,,c244e1c4db8d31c5a75097c2b6ebe5dab090f2aefc6538b5205718c65a26c886,SUCCESS,h3r_dw3x3_3x12_c128__SSE-320__ethos-u85-512__equalized__R1.txt,8,8,0,0,0,3999,1,4000,0,0,0,0,0,4000,1000,0,8,8,0,0,0,3999,1,4000,0,0,0,0,0,4000,1000,0,8,8,0,0,0,3999,1,4000,0,0,0,0,0,4000,1000,0
h3r_dw3x3_4x9_c128,dw3x3,4,9,128,36,base,256,PASS,"3,3","1,1","t:1,l:1,b:1,r:1,n:0,f:0","1,1",924742eb4aa2d60d0bc03ff2dfe139b25a97ff18b250a10ff0141858cc16919a,3c2412d3e030c2d60830256c757ce3ca71b00bf2097785861f49d5212664091e,cc772986e61c561db4086be089af285fd3441901fe8d5f714a66d4839cdc3fde,"{""scale"": [0.007842836901545525], ""zero_point"": [-1], ""quantized_dimension"": 0}","{""scale"": [0.01604372449219227], ""zero_point"": [-5], ""quantized_dimension"": 0}",5.0.0,ethos-u85-256,Ethos_U85_SYS_DRAM_Low,Dedicated_Sram,fdd0b38a6f43606b17c0c4d237dca8f278e92810bf1fd05f5dd033c2a7f75fa9,bc5f8bfc89a5f6996f1d18003f446cafa1bd7a764a90216e7d352b03a0f847c1,6a3204de5746bc9635f23d77237315ee3b8a57d06a2266bdf4e52bed112e4351,4x10x96,6x12x128,1x2x16,Depthwise,2576,11.52,4879,6068,5507,561,0,0,468,288,1.0,1.053,0.5,0.4748,dd3cea027ae1cfdcec6815c4a38f3db1e2e01bbeb65742662cf353606be51621,SUCCESS,h3r_dw3x3_4x9_c128__SSE-320__ethos-u85-256__base__R1.txt,8,8,0,16,16,3999,1,4000,24,12,0,250,125,4000,1000,2344,8,8,0,16,16,3999,1,4000,24,12,0,250,125,4000,1000,2344,8,8,0,16,16,3999,1,4000,24,12,0,250,125,4000,1000,2344
h3r_dw3x3_4x9_c128,dw3x3,4,9,128,36,base,512,PASS,"3,3","1,1","t:1,l:1,b:1,r:1,n:0,f:0","1,1",924742eb4aa2d60d0bc03ff2dfe139b25a97ff18b250a10ff0141858cc16919a,3c2412d3e030c2d60830256c757ce3ca71b00bf2097785861f49d5212664091e,cc772986e61c561db4086be089af285fd3441901fe8d5f714a66d4839cdc3fde,"{""scale"": [0.007842836901545525], ""zero_point"": [-1], ""quantized_dimension"": 0}","{""scale"": [0.01604372449219227], ""zero_point"": [-5], ""quantized_dimension"": 0}",5.0.0,ethos-u85-512,Ethos_U85_SYS_DRAM_Mid_512,Dedicated_Sram,e5ff038c95a80a89dd25908c792199b6af01b9b6181846fbc4c112ac34e8682a,802f1502af62c66f69d0313701fcdd352fda5e15aeaaf4464250e0493adf24af,d6d23c6e43676b9921a3c38c40aa43ed2c27d40945e9b22f20b7728fd4f4160f,4x10x128,6x12x128,2x2x16,Depthwise,2656,11.59,4176,6068,5799,269,0,0,474,288,,,,,dd3cea027ae1cfdcec6815c4a38f3db1e2e01bbeb65742662cf353606be51621,SUCCESS,h3r_dw3x3_4x9_c128__SSE-320__ethos-u85-512__base__R1.txt,8,8,0,32,32,3999,1,4000,64,32,0,500,250,4000,1000,3750,8,8,0,32,32,3999,1,4000,64,32,0,500,250,4000,1000,3750,8,8,0,32,32,3999,1,4000,0,32,0,500,250,4000,1000,3750
h3r_dw3x3_4x9_c128,dw3x3,4,9,128,36,bridge_legacy_relaxed,256,PASS,"3,3","1,1","t:1,l:1,b:1,r:1,n:0,f:0","1,1",924742eb4aa2d60d0bc03ff2dfe139b25a97ff18b250a10ff0141858cc16919a,3c2412d3e030c2d60830256c757ce3ca71b00bf2097785861f49d5212664091e,cc772986e61c561db4086be089af285fd3441901fe8d5f714a66d4839cdc3fde,"{""scale"": [0.007842836901545525], ""zero_point"": [-1], ""quantized_dimension"": 0}","{""scale"": [0.01604372449219227], ""zero_point"": [-5], ""quantized_dimension"": 0}",5.0.0,ethos-u85-256,Ethos_U85_SYS_DRAM_Low,Dedicated_Sram,fdd0b38a6f43606b17c0c4d237dca8f278e92810bf1fd05f5dd033c2a7f75fa9,bc5f8bfc89a5f6996f1d18003f446cafa1bd7a764a90216e7d352b03a0f847c1,d454bcbddb28073924472abf63817947d73f0e29290e7c9a93d8b38bf82629ac,4x10x96,6x12x128,1x2x16,Depthwise,2576,11.52,4879,3068,2844,224,0,0,468,288,0.6741,0.4796,0.7417,1.0425,dd3cea027ae1cfdcec6815c4a38f3db1e2e01bbeb65742662cf353606be51621,SUCCESS,h3r_dw3x3_4x9_c128__SSE-320__ethos-u85-256__bridge_legacy_relaxed__R1.txt,8,8,0,0,0,3999,1,4000,24,12,0,0,0,4000,1000,0,8,8,0,0,0,3999,1,4000,24,12,0,0,0,4000,1000,0,8,8,0,0,0,3999,1,4000,24,12,0,0,0,4000,1000,0
h3r_dw3x3_4x9_c128,dw3x3,4,9,128,36,bridge_legacy_relaxed,512,PASS,"3,3","1,1","t:1,l:1,b:1,r:1,n:0,f:0","1,1",924742eb4aa2d60d0bc03ff2dfe139b25a97ff18b250a10ff0141858cc16919a,3c2412d3e030c2d60830256c757ce3ca71b00bf2097785861f49d5212664091e,cc772986e61c561db4086be089af285fd3441901fe8d5f714a66d4839cdc3fde,"{""scale"": [0.007842836901545525], ""zero_point"": [-1], ""quantized_dimension"": 0}","{""scale"": [0.01604372449219227], ""zero_point"": [-5], ""quantized_dimension"": 0}",5.0.0,ethos-u85-512,Ethos_U85_SYS_DRAM_Mid_512,Dedicated_Sram,e5ff038c95a80a89dd25908c792199b6af01b9b6181846fbc4c112ac34e8682a,802f1502af62c66f69d0313701fcdd352fda5e15aeaaf4464250e0493adf24af,63528ea7410747bf77733e5a792067deb43244e4c5cd76d242da29938b8eb1a6,4x10x128,6x12x128,2x2x16,Depthwise,2656,11.59,4176,2068,1364,704,0,0,474,288,,,,,dd3cea027ae1cfdcec6815c4a38f3db1e2e01bbeb65742662cf353606be51621,SUCCESS,h3r_dw3x3_4x9_c128__SSE-320__ethos-u85-512__bridge_legacy_relaxed__R1.txt,8,8,0,0,0,3999,1,4000,64,32,0,0,0,4000,1000,0,8,8,0,0,0,3999,1,4000,64,32,0,0,0,4000,1000,0,8,8,0,0,0,3999,1,4000,0,32,0,0,0,4000,1000,0
h3r_dw3x3_4x9_c128,dw3x3,4,9,128,36,equalized,256,PASS,"3,3","1,1","t:1,l:1,b:1,r:1,n:0,f:0","1,1",924742eb4aa2d60d0bc03ff2dfe139b25a97ff18b250a10ff0141858cc16919a,3c2412d3e030c2d60830256c757ce3ca71b00bf2097785861f49d5212664091e,cc772986e61c561db4086be089af285fd3441901fe8d5f714a66d4839cdc3fde,"{""scale"": [0.007842836901545525], ""zero_point"": [-1], ""quantized_dimension"": 0}","{""scale"": [0.01604372449219227], ""zero_point"": [-5], ""quantized_dimension"": 0}",5.0.0,ethos-u85-256,Ethos_U85_SYS_DRAM_Low,Dedicated_Sram,fdd0b38a6f43606b17c0c4d237dca8f278e92810bf1fd05f5dd033c2a7f75fa9,bc5f8bfc89a5f6996f1d18003f446cafa1bd7a764a90216e7d352b03a0f847c1,64b25dca66413343aff7f34986d6f9230c575ecf9fd753a76a7cfa40afd0a07c,4x10x96,6x12x128,1x2x16,Depthwise,2576,11.52,4879,3068,2844,224,0,0,468,288,0.6741,0.4796,0.7417,1.0425,dd3cea027ae1cfdcec6815c4a38f3db1e2e01bbeb65742662cf353606be51621,SUCCESS,h3r_dw3x3_4x9_c128__SSE-320__ethos-u85-256__equalized__R1.txt,8,8,0,0,0,3999,1,4000,0,0,0,0,0,4000,1000,0,8,8,0,0,0,3999,1,4000,0,0,0,0,0,4000,1000,0,8,8,0,0,0,3999,1,4000,0,0,0,0,0,4000,1000,0
h3r_dw3x3_4x9_c128,dw3x3,4,9,128,36,equalized,512,PASS,"3,3","1,1","t:1,l:1,b:1,r:1,n:0,f:0","1,1",924742eb4aa2d60d0bc03ff2dfe139b25a97ff18b250a10ff0141858cc16919a,3c2412d3e030c2d60830256c757ce3ca71b00bf2097785861f49d5212664091e,cc772986e61c561db4086be089af285fd3441901fe8d5f714a66d4839cdc3fde,"{""scale"": [0.007842836901545525], ""zero_point"": [-1], ""quantized_dimension"": 0}","{""scale"": [0.01604372449219227], ""zero_point"": [-5], ""quantized_dimension"": 0}",5.0.0,ethos-u85-512,Ethos_U85_SYS_DRAM_Mid_512,Dedicated_Sram,e5ff038c95a80a89dd25908c792199b6af01b9b6181846fbc4c112ac34e8682a,802f1502af62c66f69d0313701fcdd352fda5e15aeaaf4464250e0493adf24af,80c899e8510f42624bd6f76710bdd3cf4fc0ac85f8e040f335df493cb13954e8,4x10x128,6x12x128,2x2x16,Depthwise,2656,11.59,4176,2068,1364,704,0,0,474,288,,,,,dd3cea027ae1cfdcec6815c4a38f3db1e2e01bbeb65742662cf353606be51621,SUCCESS,h3r_dw3x3_4x9_c128__SSE-320__ethos-u85-512__equalized__R1.txt,8,8,0,0,0,3999,1,4000,0,0,0,0,0,4000,1000,0,8,8,0,0,0,3999,1,4000,0,0,0,0,0,4000,1000,0,8,8,0,0,0,3999,1,4000,0,0,0,0,0,4000,1000,0
h3r_dw3x3_6x6_c128,dw3x3,6,6,128,36,base,256,PASS,"3,3","1,1","t:1,l:1,b:1,r:1,n:0,f:0","1,1",c906b2dee85e28b212c798f0b05612d69d2a19e1b33f2c84c7918522eb5bef7a,3c2412d3e030c2d60830256c757ce3ca71b00bf2097785861f49d5212664091e,cc772986e61c561db4086be089af285fd3441901fe8d5f714a66d4839cdc3fde,"{""scale"": [0.007842836901545525], ""zero_point"": [-1], ""quantized_dimension"": 0}","{""scale"": [0.01604372449219227], ""zero_point"": [-5], ""quantized_dimension"": 0}",5.0.0,ethos-u85-256,Ethos_U85_SYS_DRAM_Low,Dedicated_Sram,78f67fb0241b12ee49fdd05edc7d5ce64b1514e1d607139c92bc1dfe15df226c,94c3d4f429db1cf4eda74ac6c475b829cec615a6fec004636731dde392fec9fc,4b316b4494c64a9ad4f3ff2237ab403b05bdfb8af507922d6642c61aec2712d9,6x6x112,8x8x128,1x2x16,Depthwise,2576,11.52,5016,6068,5507,561,0,0,468,288,1.0,1.0476,0.5,0.4773,3669c6646709c0314783fbe7366e0be50cc46e4e9860e4dbfe0dc21b7b2afd17,SUCCESS,h3r_dw3x3_6x6_c128__SSE-320__ethos-u85-256__base__R1.txt,8,8,0,16,16,3999,1,4000,24,12,0,250,125,4000,1000,2344,8,8,0,16,16,3999,1,4000,24,12,0,250,125,4000,1000,2344,8,8,0,16,16,3999,1,4000,24,12,0,250,125,4000,1000,2344
h3r_dw3x3_6x6_c128,dw3x3,6,6,128,36,base,512,PASS,"3,3","1,1","t:1,l:1,b:1,r:1,n:0,f:0","1,1",c906b2dee85e28b212c798f0b05612d69d2a19e1b33f2c84c7918522eb5bef7a,3c2412d3e030c2d60830256c757ce3ca71b00bf2097785861f49d5212664091e,cc772986e61c561db4086be089af285fd3441901fe8d5f714a66d4839cdc3fde,"{""scale"": [0.007842836901545525], ""zero_point"": [-1], ""quantized_dimension"": 0}","{""scale"": [0.01604372449219227], ""zero_point"": [-5], ""quantized_dimension"": 0}",5.0.0,ethos-u85-512,Ethos_U85_SYS_DRAM_Mid_512,Dedicated_Sram,fa0056f62fbcc10e2728aa9a344eed4b4acf6bdeaacd58c8bb75fb0b176b135f,dbdd257eca05b679d7469e33c74f8deb258d0800725e0a18fb68142b3a71e33c,6ebea6d8bd874ecd3d2aedb0d3675e7ab08b7b3314aec4e2ec5cf9a6d389e32a,6x6x128,8x8x128,2x2x16,Depthwise,2656,11.59,4176,6068,5769,299,0,0,474,288,,,,,3669c6646709c0314783fbe7366e0be50cc46e4e9860e4dbfe0dc21b7b2afd17,SUCCESS,h3r_dw3x3_6x6_c128__SSE-320__ethos-u85-512__base__R1.txt,8,8,0,32,32,3999,1,4000,64,32,0,500,250,4000,1000,3750,8,8,0,32,32,3999,1,4000,64,32,0,500,250,4000,1000,3750,8,8,0,32,32,3999,1,4000,0,32,0,500,250,4000,1000,3750
h3r_dw3x3_6x6_c128,dw3x3,6,6,128,36,bridge_legacy_relaxed,256,PASS,"3,3","1,1","t:1,l:1,b:1,r:1,n:0,f:0","1,1",c906b2dee85e28b212c798f0b05612d69d2a19e1b33f2c84c7918522eb5bef7a,3c2412d3e030c2d60830256c757ce3ca71b00bf2097785861f49d5212664091e,cc772986e61c561db4086be089af285fd3441901fe8d5f714a66d4839cdc3fde,"{""scale"": [0.007842836901545525], ""zero_point"": [-1], ""quantized_dimension"": 0}","{""scale"": [0.01604372449219227], ""zero_point"": [-5], ""quantized_dimension"": 0}",5.0.0,ethos-u85-256,Ethos_U85_SYS_DRAM_Low,Dedicated_Sram,78f67fb0241b12ee49fdd05edc7d5ce64b1514e1d607139c92bc1dfe15df226c,94c3d4f429db1cf4eda74ac6c475b829cec615a6fec004636731dde392fec9fc,7b1d7ca4b8a19078149aa9a46ab8b91131bdd6afae7f31671fd88820cf2b20f9,6x6x112,8x8x128,1x2x16,Depthwise,2576,11.52,5016,3068,2790,278,0,0,468,288,0.6741,0.4556,0.7417,1.0975,3669c6646709c0314783fbe7366e0be50cc46e4e9860e4dbfe0dc21b7b2afd17,SUCCESS,h3r_dw3x3_6x6_c128__SSE-320__ethos-u85-256__bridge_legacy_relaxed__R1.txt,8,8,0,0,0,3999,1,4000,24,12,0,0,0,4000,1000,0,8,8,0,0,0,3999,1,4000,24,12,0,0,0,4000,1000,0,8,8,0,0,0,3999,1,4000,24,12,0,0,0,4000,1000,0
h3r_dw3x3_6x6_c128,dw3x3,6,6,128,36,bridge_legacy_relaxed,512,PASS,"3,3","1,1","t:1,l:1,b:1,r:1,n:0,f:0","1,1",c906b2dee85e28b212c798f0b05612d69d2a19e1b33f2c84c7918522eb5bef7a,3c2412d3e030c2d60830256c757ce3ca71b00bf2097785861f49d5212664091e,cc772986e61c561db4086be089af285fd3441901fe8d5f714a66d4839cdc3fde,"{""scale"": [0.007842836901545525], ""zero_point"": [-1], ""quantized_dimension"": 0}","{""scale"": [0.01604372449219227], ""zero_point"": [-5], ""quantized_dimension"": 0}",5.0.0,ethos-u85-512,Ethos_U85_SYS_DRAM_Mid_512,Dedicated_Sram,fa0056f62fbcc10e2728aa9a344eed4b4acf6bdeaacd58c8bb75fb0b176b135f,dbdd257eca05b679d7469e33c74f8deb258d0800725e0a18fb68142b3a71e33c,17a550c1ab28de77d2be110089e6e68a5899bf2079fcee31245ac7c9a3e6dcc3,6x6x128,8x8x128,2x2x16,Depthwise,2656,11.59,4176,2068,1271,797,0,0,474,288,,,,,3669c6646709c0314783fbe7366e0be50cc46e4e9860e4dbfe0dc21b7b2afd17,SUCCESS,h3r_dw3x3_6x6_c128__SSE-320__ethos-u85-512__bridge_legacy_relaxed__R1.txt,8,8,0,0,0,3999,1,4000,64,32,0,0,0,4000,1000,0,8,8,0,0,0,3999,1,4000,64,32,0,0,0,4000,1000,0,8,8,0,0,0,3999,1,4000,0,32,0,0,0,4000,1000,0
h3r_dw3x3_6x6_c128,dw3x3,6,6,128,36,equalized,256,PASS,"3,3","1,1","t:1,l:1,b:1,r:1,n:0,f:0","1,1",c906b2dee85e28b212c798f0b05612d69d2a19e1b33f2c84c7918522eb5bef7a,3c2412d3e030c2d60830256c757ce3ca71b00bf2097785861f49d5212664091e,cc772986e61c561db4086be089af285fd3441901fe8d5f714a66d4839cdc3fde,"{""scale"": [0.007842836901545525], ""zero_point"": [-1], ""quantized_dimension"": 0}","{""scale"": [0.01604372449219227], ""zero_point"": [-5], ""quantized_dimension"": 0}",5.0.0,ethos-u85-256,Ethos_U85_SYS_DRAM_Low,Dedicated_Sram,78f67fb0241b12ee49fdd05edc7d5ce64b1514e1d607139c92bc1dfe15df226c,94c3d4f429db1cf4eda74ac6c475b829cec615a6fec004636731dde392fec9fc,f457b4ec9bdffbe34b344cb254a1302b5cec3310eaf7140d40d82bcbc718e284,6x6x112,8x8x128,1x2x16,Depthwise,2576,11.52,5016,3068,2790,278,0,0,468,288,0.6741,0.4556,0.7417,1.0975,3669c6646709c0314783fbe7366e0be50cc46e4e9860e4dbfe0dc21b7b2afd17,SUCCESS,h3r_dw3x3_6x6_c128__SSE-320__ethos-u85-256__equalized__R1.txt,8,8,0,0,0,3999,1,4000,0,0,0,0,0,4000,1000,0,8,8,0,0,0,3999,1,4000,0,0,0,0,0,4000,1000,0,8,8,0,0,0,3999,1,4000,0,0,0,0,0,4000,1000,0
h3r_dw3x3_6x6_c128,dw3x3,6,6,128,36,equalized,512,PASS,"3,3","1,1","t:1,l:1,b:1,r:1,n:0,f:0","1,1",c906b2dee85e28b212c798f0b05612d69d2a19e1b33f2c84c7918522eb5bef7a,3c2412d3e030c2d60830256c757ce3ca71b00bf2097785861f49d5212664091e,cc772986e61c561db4086be089af285fd3441901fe8d5f714a66d4839cdc3fde,"{""scale"": [0.007842836901545525], ""zero_point"": [-1], ""quantized_dimension"": 0}","{""scale"": [0.01604372449219227], ""zero_point"": [-5], ""quantized_dimension"": 0}",5.0.0,ethos-u85-512,Ethos_U85_SYS_DRAM_Mid_512,Dedicated_Sram,fa0056f62fbcc10e2728aa9a344eed4b4acf6bdeaacd58c8bb75fb0b176b135f,dbdd257eca05b679d7469e33c74f8deb258d0800725e0a18fb68142b3a71e33c,e8f3b0b98f9da3b391048ebf3a745042df52d0921efa8c5d898a5d4ea6b670f7,6x6x128,8x8x128,2x2x16,Depthwise,2656,11.59,4176,2068,1271,797,0,0,474,288,,,,,3669c6646709c0314783fbe7366e0be50cc46e4e9860e4dbfe0dc21b7b2afd17,SUCCESS,h3r_dw3x3_6x6_c128__SSE-320__ethos-u85-512__equalized__R1.txt,8,8,0,0,0,3999,1,4000,0,0,0,0,0,4000,1000,0,8,8,0,0,0,3999,1,4000,0,0,0,0,0,4000,1000,0,8,8,0,0,0,3999,1,4000,0,0,0,0,0,4000,1000,0
h3r_dw3x3_9x4_c128,dw3x3,9,4,128,36,base,256,PASS,"3,3","1,1","t:1,l:1,b:1,r:1,n:0,f:0","1,1",ecb9f7f792ab69ae296c8d77caf66b4a51b986c72d880284d4522566768dc05d,3c2412d3e030c2d60830256c757ce3ca71b00bf2097785861f49d5212664091e,cc772986e61c561db4086be089af285fd3441901fe8d5f714a66d4839cdc3fde,"{""scale"": [0.007842836901545525], ""zero_point"": [-1], ""quantized_dimension"": 0}","{""scale"": [0.01604372449219227], ""zero_point"": [-5], ""quantized_dimension"": 0}",5.0.0,ethos-u85-256,Ethos_U85_SYS_DRAM_Low,Dedicated_Sram,eeb07cd6f919e3b24899a67e83d5f9f1a746f1e2f8afaf8d796859218f69993d,8611962b6f34732c48c68821b61294504b38ebfdfddd39918ba4b64cfe050f35,d0a3ead6fd704839924114b4fb2d73d3a44f1c3d74727dd6432eb94556bb2b6b,9x4x112,11x6x128,1x2x16,Depthwise,2576,11.52,5016,6068,5389,679,0,0,468,288,1.0,1.0657,0.5,0.4692,20e9ba13db80fb6b52a2fac69abaf3240f78ccc926b8f426f45989c0e25f97a9,SUCCESS,h3r_dw3x3_9x4_c128__SSE-320__ethos-u85-256__base__R1.txt,8,8,0,16,16,3999,1,4000,24,12,0,250,125,4000,1000,2344,8,8,0,16,16,3999,1,4000,24,12,0,250,125,4000,1000,2344,8,8,0,16,16,3999,1,4000,24,12,0,250,125,4000,1000,2344
h3r_dw3x3_9x4_c128,dw3x3,9,4,128,36,base,512,PASS,"3,3","1,1","t:1,l:1,b:1,r:1,n:0,f:0","1,1",ecb9f7f792ab69ae296c8d77caf66b4a51b986c72d880284d4522566768dc05d,3c2412d3e030c2d60830256c757ce3ca71b00bf2097785861f49d5212664091e,cc772986e61c561db4086be089af285fd3441901fe8d5f714a66d4839cdc3fde,"{""scale"": [0.007842836901545525], ""zero_point"": [-1], ""quantized_dimension"": 0}","{""scale"": [0.01604372449219227], ""zero_point"": [-5], ""quantized_dimension"": 0}",5.0.0,ethos-u85-512,Ethos_U85_SYS_DRAM_Mid_512,Dedicated_Sram,7afbcc94e83c65b1ab61d35bd70d7d0361be78b9d52b1931147ea22d1309dc1e,df3847e34b7cd7abfd388decfd096b1cca09a628f93d0733ac149e13d4f34fa6,3f45471a6c31e729b50308309e3285a080e892dcd847468dd2855e5961e45cba,9x4x128,11x6x128,1x4x16,Depthwise,2656,11.59,4176,6068,5743,325,0,0,474,288,,,,,20e9ba13db80fb6b52a2fac69abaf3240f78ccc926b8f426f45989c0e25f97a9,SUCCESS,h3r_dw3x3_9x4_c128__SSE-320__ethos-u85-512__base__R1.txt,8,8,0,32,32,3999,1,4000,64,32,0,500,250,4000,1000,3750,8,8,0,32,32,3999,1,4000,64,32,0,500,250,4000,1000,3750,8,8,0,32,32,3999,1,4000,0,32,0,500,250,4000,1000,3750
h3r_dw3x3_9x4_c128,dw3x3,9,4,128,36,bridge_legacy_relaxed,256,PASS,"3,3","1,1","t:1,l:1,b:1,r:1,n:0,f:0","1,1",ecb9f7f792ab69ae296c8d77caf66b4a51b986c72d880284d4522566768dc05d,3c2412d3e030c2d60830256c757ce3ca71b00bf2097785861f49d5212664091e,cc772986e61c561db4086be089af285fd3441901fe8d5f714a66d4839cdc3fde,"{""scale"": [0.007842836901545525], ""zero_point"": [-1], ""quantized_dimension"": 0}","{""scale"": [0.01604372449219227], ""zero_point"": [-5], ""quantized_dimension"": 0}",5.0.0,ethos-u85-256,Ethos_U85_SYS_DRAM_Low,Dedicated_Sram,eeb07cd6f919e3b24899a67e83d5f9f1a746f1e2f8afaf8d796859218f69993d,8611962b6f34732c48c68821b61294504b38ebfdfddd39918ba4b64cfe050f35,55df05e5169cdcc0f10012fccedcf917b51e5be977dd5b5f0fc1aceefeb73342,9x4x112,11x6x128,1x2x16,Depthwise,2576,11.52,5016,3068,2778,290,0,0,468,288,0.6741,0.4485,0.7417,1.1148,20e9ba13db80fb6b52a2fac69abaf3240f78ccc926b8f426f45989c0e25f97a9,SUCCESS,h3r_dw3x3_9x4_c128__SSE-320__ethos-u85-256__bridge_legacy_relaxed__R1.txt,8,8,0,0,0,3999,1,4000,24,12,0,0,0,4000,1000,0,8,8,0,0,0,3999,1,4000,24,12,0,0,0,4000,1000,0,8,8,0,0,0,3999,1,4000,24,12,0,0,0,4000,1000,0
h3r_dw3x3_9x4_c128,dw3x3,9,4,128,36,bridge_legacy_relaxed,512,PASS,"3,3","1,1","t:1,l:1,b:1,r:1,n:0,f:0","1,1",ecb9f7f792ab69ae296c8d77caf66b4a51b986c72d880284d4522566768dc05d,3c2412d3e030c2d60830256c757ce3ca71b00bf2097785861f49d5212664091e,cc772986e61c561db4086be089af285fd3441901fe8d5f714a66d4839cdc3fde,"{""scale"": [0.007842836901545525], ""zero_point"": [-1], ""quantized_dimension"": 0}","{""scale"": [0.01604372449219227], ""zero_point"": [-5], ""quantized_dimension"": 0}",5.0.0,ethos-u85-512,Ethos_U85_SYS_DRAM_Mid_512,Dedicated_Sram,7afbcc94e83c65b1ab61d35bd70d7d0361be78b9d52b1931147ea22d1309dc1e,df3847e34b7cd7abfd388decfd096b1cca09a628f93d0733ac149e13d4f34fa6,415cc823753ddf16683ea699b4bda357beb60e3f100111e2bff73004422198b1,9x4x128,11x6x128,1x4x16,Depthwise,2656,11.59,4176,2068,1246,822,0,0,474,288,,,,,20e9ba13db80fb6b52a2fac69abaf3240f78ccc926b8f426f45989c0e25f97a9,SUCCESS,h3r_dw3x3_9x4_c128__SSE-320__ethos-u85-512__bridge_legacy_relaxed__R1.txt,8,8,0,0,0,3999,1,4000,64,32,0,0,0,4000,1000,0,8,8,0,0,0,3999,1,4000,64,32,0,0,0,4000,1000,0,8,8,0,0,0,3999,1,4000,0,32,0,0,0,4000,1000,0
h3r_dw3x3_9x4_c128,dw3x3,9,4,128,36,equalized,256,PASS,"3,3","1,1","t:1,l:1,b:1,r:1,n:0,f:0","1,1",ecb9f7f792ab69ae296c8d77caf66b4a51b986c72d880284d4522566768dc05d,3c2412d3e030c2d60830256c757ce3ca71b00bf2097785861f49d5212664091e,cc772986e61c561db4086be089af285fd3441901fe8d5f714a66d4839cdc3fde,"{""scale"": [0.007842836901545525], ""zero_point"": [-1], ""quantized_dimension"": 0}","{""scale"": [0.01604372449219227], ""zero_point"": [-5], ""quantized_dimension"": 0}",5.0.0,ethos-u85-256,Ethos_U85_SYS_DRAM_Low,Dedicated_Sram,eeb07cd6f919e3b24899a67e83d5f9f1a746f1e2f8afaf8d796859218f69993d,8611962b6f34732c48c68821b61294504b38ebfdfddd39918ba4b64cfe050f35,89c8f687f95e38f3cd36470f3f4ac7ae9dd35661f138806809c885e0b4cde676,9x4x112,11x6x128,1x2x16,Depthwise,2576,11.52,5016,3068,2778,290,0,0,468,288,0.6741,0.4485,0.7417,1.1148,20e9ba13db80fb6b52a2fac69abaf3240f78ccc926b8f426f45989c0e25f97a9,SUCCESS,h3r_dw3x3_9x4_c128__SSE-320__ethos-u85-256__equalized__R1.txt,8,8,0,0,0,3999,1,4000,0,0,0,0,0,4000,1000,0,8,8,0,0,0,3999,1,4000,0,0,0,0,0,4000,1000,0,8,8,0,0,0,3999,1,4000,0,0,0,0,0,4000,1000,0
h3r_dw3x3_9x4_c128,dw3x3,9,4,128,36,equalized,512,PASS,"3,3","1,1","t:1,l:1,b:1,r:1,n:0,f:0","1,1",ecb9f7f792ab69ae296c8d77caf66b4a51b986c72d880284d4522566768dc05d,3c2412d3e030c2d60830256c757ce3ca71b00bf2097785861f49d5212664091e,cc772986e61c561db4086be089af285fd3441901fe8d5f714a66d4839cdc3fde,"{""scale"": [0.007842836901545525], ""zero_point"": [-1], ""quantized_dimension"": 0}","{""scale"": [0.01604372449219227], ""zero_point"": [-5], ""quantized_dimension"": 0}",5.0.0,ethos-u85-512,Ethos_U85_SYS_DRAM_Mid_512,Dedicated_Sram,7afbcc94e83c65b1ab61d35bd70d7d0361be78b9d52b1931147ea22d1309dc1e,df3847e34b7cd7abfd388decfd096b1cca09a628f93d0733ac149e13d4f34fa6,edf3689204d371cb1c2ddc99dc8e17c0d31f5fe929665b27a1125d62cbec1f3e,9x4x128,11x6x128,1x4x16,Depthwise,2656,11.59,4176,2068,1246,822,0,0,474,288,,,,,20e9ba13db80fb6b52a2fac69abaf3240f78ccc926b8f426f45989c0e25f97a9,SUCCESS,h3r_dw3x3_9x4_c128__SSE-320__ethos-u85-512__equalized__R1.txt,8,8,0,0,0,3999,1,4000,0,0,0,0,0,4000,1000,0,8,8,0,0,0,3999,1,4000,0,0,0,0,0,4000,1000,0,8,8,0,0,0,3999,1,4000,0,0,0,0,0,4000,1000,0
h3r_dw3x3_12x3_c128,dw3x3,12,3,128,36,base,256,PASS,"3,3","1,1","t:1,l:1,b:1,r:1,n:0,f:0","1,1",d5df80bff8179606e4184a2eef5ce6c8ef25e22ba9d8ddce8024b219a33acc51,3c2412d3e030c2d60830256c757ce3ca71b00bf2097785861f49d5212664091e,cc772986e61c561db4086be089af285fd3441901fe8d5f714a66d4839cdc3fde,"{""scale"": [0.007842836901545525], ""zero_point"": [-1], ""quantized_dimension"": 0}","{""scale"": [0.01604372449219227], ""zero_point"": [-5], ""quantized_dimension"": 0}",5.0.0,ethos-u85-256,Ethos_U85_SYS_DRAM_Low,Dedicated_Sram,5eb71e348382bb32e211e3df1bee5179e1c220d6229675c475dea92c97ecccaa,dc09a6369d91e80e88599e9fc4244fae97ea1696a3f9c1978489f024fe67b1e8,d6b3f844726717d051bb6df8e69c2595e62a20ecc32b4e6fcb359bcf8145da26,12x4x64,14x6x64,1x2x16,Depthwise,2576,11.52,4667,6068,5247,821,0,0,468,288,1.0,1.0955,0.5,0.4564,eb02792a358cd621396ce1f4f78a0f124ea73d10b191a5a8b33e31e878471706,SUCCESS,h3r_dw3x3_12x3_c128__SSE-320__ethos-u85-256__base__R1.txt,8,8,0,16,16,3999,1,4000,24,12,0,250,125,4000,1000,2344,8,8,0,16,16,3999,1,4000,24,12,0,250,125,4000,1000,2344,8,8,0,16,16,3999,1,4000,24,12,0,250,125,4000,1000,2344
h3r_dw3x3_12x3_c128,dw3x3,12,3,128,36,base,512,PASS,"3,3","1,1","t:1,l:1,b:1,r:1,n:0,f:0","1,1",d5df80bff8179606e4184a2eef5ce6c8ef25e22ba9d8ddce8024b219a33acc51,3c2412d3e030c2d60830256c757ce3ca71b00bf2097785861f49d5212664091e,cc772986e61c561db4086be089af285fd3441901fe8d5f714a66d4839cdc3fde,"{""scale"": [0.007842836901545525], ""zero_point"": [-1], ""quantized_dimension"": 0}","{""scale"": [0.01604372449219227], ""zero_point"": [-5], ""quantized_dimension"": 0}",5.0.0,ethos-u85-512,Ethos_U85_SYS_DRAM_Mid_512,Dedicated_Sram,6774926f88a7a2b2458adbaff1c6fd15ed3d75ecd3eb104007bc416b6455e193,fdd7af214e75ae2ba97f38f71520e4d720c1bf9f43d666f6c71fde737cc73804,f948e7a4672780372fd5508906637558f45ab11857eb509ca8c731e165f7325a,12x4x128,14x6x128,2x2x16,Depthwise,2656,11.59,4176,6068,5748,320,0,0,474,288,,,,,eb02792a358cd621396ce1f4f78a0f124ea73d10b191a5a8b33e31e878471706,SUCCESS,h3r_dw3x3_12x3_c128__SSE-320__ethos-u85-512__base__R1.txt,8,8,0,32,32,3999,1,4000,64,32,0,500,250,4000,1000,3750,8,8,0,32,32,3999,1,4000,64,32,0,500,250,4000,1000,3750,8,8,0,32,32,3999,1,4000,0,32,0,500,250,4000,1000,3750
h3r_dw3x3_12x3_c128,dw3x3,12,3,128,36,bridge_legacy_relaxed,256,PASS,"3,3","1,1","t:1,l:1,b:1,r:1,n:0,f:0","1,1",d5df80bff8179606e4184a2eef5ce6c8ef25e22ba9d8ddce8024b219a33acc51,3c2412d3e030c2d60830256c757ce3ca71b00bf2097785861f49d5212664091e,cc772986e61c561db4086be089af285fd3441901fe8d5f714a66d4839cdc3fde,"{""scale"": [0.007842836901545525], ""zero_point"": [-1], ""quantized_dimension"": 0}","{""scale"": [0.01604372449219227], ""zero_point"": [-5], ""quantized_dimension"": 0}",5.0.0,ethos-u85-256,Ethos_U85_SYS_DRAM_Low,Dedicated_Sram,5eb71e348382bb32e211e3df1bee5179e1c220d6229675c475dea92c97ecccaa,dc09a6369d91e80e88599e9fc4244fae97ea1696a3f9c1978489f024fe67b1e8,b2ceb24a46fe0be5dcb08d8ab873fabd3e1279500a4d3e284112a45a154c1011,12x4x64,14x6x64,1x2x16,Depthwise,2576,11.52,4667,3068,2874,194,0,0,468,288,0.6741,0.5007,0.7417,0.9986,eb02792a358cd621396ce1f4f78a0f124ea73d10b191a5a8b33e31e878471706,SUCCESS,h3r_dw3x3_12x3_c128__SSE-320__ethos-u85-256__bridge_legacy_relaxed__R1.txt,8,8,0,0,0,3999,1,4000,24,12,0,0,0,4000,1000,0,8,8,0,0,0,3999,1,4000,24,12,0,0,0,4000,1000,0,8,8,0,0,0,3999,1,4000,24,12,0,0,0,4000,1000,0
h3r_dw3x3_12x3_c128,dw3x3,12,3,128,36,bridge_legacy_relaxed,512,PASS,"3,3","1,1","t:1,l:1,b:1,r:1,n:0,f:0","1,1",d5df80bff8179606e4184a2eef5ce6c8ef25e22ba9d8ddce8024b219a33acc51,3c2412d3e030c2d60830256c757ce3ca71b00bf2097785861f49d5212664091e,cc772986e61c561db4086be089af285fd3441901fe8d5f714a66d4839cdc3fde,"{""scale"": [0.007842836901545525], ""zero_point"": [-1], ""quantized_dimension"": 0}","{""scale"": [0.01604372449219227], ""zero_point"": [-5], ""quantized_dimension"": 0}",5.0.0,ethos-u85-512,Ethos_U85_SYS_DRAM_Mid_512,Dedicated_Sram,6774926f88a7a2b2458adbaff1c6fd15ed3d75ecd3eb104007bc416b6455e193,fdd7af214e75ae2ba97f38f71520e4d720c1bf9f43d666f6c71fde737cc73804,6eeec5c11f141f9a852a178f3eef97aa95a96f10f31194f6f4045821754f822e,12x4x128,14x6x128,2x2x16,Depthwise,2656,11.59,4176,2068,1439,629,0,0,474,288,,,,,eb02792a358cd621396ce1f4f78a0f124ea73d10b191a5a8b33e31e878471706,SUCCESS,h3r_dw3x3_12x3_c128__SSE-320__ethos-u85-512__bridge_legacy_relaxed__R1.txt,8,8,0,0,0,3999,1,4000,64,32,0,0,0,4000,1000,0,8,8,0,0,0,3999,1,4000,64,32,0,0,0,4000,1000,0,8,8,0,0,0,3999,1,4000,0,32,0,0,0,4000,1000,0
h3r_dw3x3_12x3_c128,dw3x3,12,3,128,36,equalized,256,PASS,"3,3","1,1","t:1,l:1,b:1,r:1,n:0,f:0","1,1",d5df80bff8179606e4184a2eef5ce6c8ef25e22ba9d8ddce8024b219a33acc51,3c2412d3e030c2d60830256c757ce3ca71b00bf2097785861f49d5212664091e,cc772986e61c561db4086be089af285fd3441901fe8d5f714a66d4839cdc3fde,"{""scale"": [0.007842836901545525], ""zero_point"": [-1], ""quantized_dimension"": 0}","{""scale"": [0.01604372449219227], ""zero_point"": [-5], ""quantized_dimension"": 0}",5.0.0,ethos-u85-256,Ethos_U85_SYS_DRAM_Low,Dedicated_Sram,5eb71e348382bb32e211e3df1bee5179e1c220d6229675c475dea92c97ecccaa,dc09a6369d91e80e88599e9fc4244fae97ea1696a3f9c1978489f024fe67b1e8,9e9ea970a933b4ab4792ed419fe8daeab0f5acbe612925a1394dfddeda0ba0ce,12x4x64,14x6x64,1x2x16,Depthwise,2576,11.52,4667,3068,2874,194,0,0,468,288,0.6741,0.5007,0.7417,0.9986,eb02792a358cd621396ce1f4f78a0f124ea73d10b191a5a8b33e31e878471706,SUCCESS,h3r_dw3x3_12x3_c128__SSE-320__ethos-u85-256__equalized__R1.txt,8,8,0,0,0,3999,1,4000,0,0,0,0,0,4000,1000,0,8,8,0,0,0,3999,1,4000,0,0,0,0,0,4000,1000,0,8,8,0,0,0,3999,1,4000,0,0,0,0,0,4000,1000,0
h3r_dw3x3_12x3_c128,dw3x3,12,3,128,36,equalized,512,PASS,"3,3","1,1","t:1,l:1,b:1,r:1,n:0,f:0","1,1",d5df80bff8179606e4184a2eef5ce6c8ef25e22ba9d8ddce8024b219a33acc51,3c2412d3e030c2d60830256c757ce3ca71b00bf2097785861f49d5212664091e,cc772986e61c561db4086be089af285fd3441901fe8d5f714a66d4839cdc3fde,"{""scale"": [0.007842836901545525], ""zero_point"": [-1], ""quantized_dimension"": 0}","{""scale"": [0.01604372449219227], ""zero_point"": [-5], ""quantized_dimension"": 0}",5.0.0,ethos-u85-512,Ethos_U85_SYS_DRAM_Mid_512,Dedicated_Sram,6774926f88a7a2b2458adbaff1c6fd15ed3d75ecd3eb104007bc416b6455e193,fdd7af214e75ae2ba97f38f71520e4d720c1bf9f43d666f6c71fde737cc73804,c535ef552f14e09ddd13d5da87306fffd9e1a7ecbe79b9ffbd03b3caaf7c6636,12x4x128,14x6x128,2x2x16,Depthwise,2656,11.59,4176,2068,1439,629,0,0,474,288,,,,,eb02792a358cd621396ce1f4f78a0f124ea73d10b191a5a8b33e31e878471706,SUCCESS,h3r_dw3x3_12x3_c128__SSE-320__ethos-u85-512__equalized__R1.txt,8,8,0,0,0,3999,1,4000,0,0,0,0,0,4000,1000,0,8,8,0,0,0,3999,1,4000,0,0,0,0,0,4000,1000,0,8,8,0,0,0,3999,1,4000,0,0,0,0,0,4000,1000,0
h3r_dw3x3_18x2_c128,dw3x3,18,2,128,36,base,256,PASS,"3,3","1,1","t:1,l:1,b:1,r:1,n:0,f:0","1,1",5aca185451853566d1b94ed1c12033a6684a0dd9ddb9d1449bf95e6c3a3b2d72,3c2412d3e030c2d60830256c757ce3ca71b00bf2097785861f49d5212664091e,cc772986e61c561db4086be089af285fd3441901fe8d5f714a66d4839cdc3fde,"{""scale"": [0.007842836901545525], ""zero_point"": [-1], ""quantized_dimension"": 0}","{""scale"": [0.01604372449219227], ""zero_point"": [-5], ""quantized_dimension"": 0}",5.0.0,ethos-u85-256,Ethos_U85_SYS_DRAM_Low,Dedicated_Sram,d2918231bba05cbcbcbcfb11decc6f5e83185f053327cac2fe8636d931a0aa97,d3afd8d014ed7b5e40aa7816db47540967a178aa888ad18d885dd27a65e00b70,ef93e50c97a3d0cfecbc07066f575e97398d1656e64e2c305a3263d0902c457b,18x2x112,20x4x128,1x2x16,Depthwise,2576,11.52,5016,6068,5381,687,0,0,468,288,1.0,1.0602,0.5,0.4716,4732558c1652061079cb092316c9aaf66a8f2bcc3e98258e5c9eef6481d6606f,SUCCESS,h3r_dw3x3_18x2_c128__SSE-320__ethos-u85-256__base__R1.txt,8,8,0,16,16,3999,1,4000,24,12,0,250,125,4000,1000,2344,8,8,0,16,16,3999,1,4000,24,12,0,250,125,4000,1000,2344,8,8,0,16,16,3999,1,4000,24,12,0,250,125,4000,1000,2344
h3r_dw3x3_18x2_c128,dw3x3,18,2,128,36,base,512,PASS,"3,3","1,1","t:1,l:1,b:1,r:1,n:0,f:0","1,1",5aca185451853566d1b94ed1c12033a6684a0dd9ddb9d1449bf95e6c3a3b2d72,3c2412d3e030c2d60830256c757ce3ca71b00bf2097785861f49d5212664091e,cc772986e61c561db4086be089af285fd3441901fe8d5f714a66d4839cdc3fde,"{""scale"": [0.007842836901545525], ""zero_point"": [-1], ""quantized_dimension"": 0}","{""scale"": [0.01604372449219227], ""zero_point"": [-5], ""quantized_dimension"": 0}",5.0.0,ethos-u85-512,Ethos_U85_SYS_DRAM_Mid_512,Dedicated_Sram,0a52eda6c3748904545b3f4131d5781038e47e471fde7d1227a9c0d6df701b78,0dab55e9bb51601bd4e15ad44297282c0bbd4e9e7c9f1e7b36188024721a2ee3,d589ee5e44e39b447b20dfa921fca8f91b1b62d5d9398f581166661fe0c903bf,18x2x128,20x4x128,2x2x16,Depthwise,2656,11.59,4176,6068,5705,363,0,0,474,288,,,,,4732558c1652061079cb092316c9aaf66a8f2bcc3e98258e5c9eef6481d6606f,SUCCESS,h3r_dw3x3_18x2_c128__SSE-320__ethos-u85-512__base__R1.txt,8,8,0,32,32,3999,1,4000,64,32,0,500,250,4000,1000,3750,8,8,0,32,32,3999,1,4000,64,32,0,500,250,4000,1000,3750,8,8,0,32,32,3999,1,4000,0,32,0,500,250,4000,1000,3750
h3r_dw3x3_18x2_c128,dw3x3,18,2,128,36,bridge_legacy_relaxed,256,PASS,"3,3","1,1","t:1,l:1,b:1,r:1,n:0,f:0","1,1",5aca185451853566d1b94ed1c12033a6684a0dd9ddb9d1449bf95e6c3a3b2d72,3c2412d3e030c2d60830256c757ce3ca71b00bf2097785861f49d5212664091e,cc772986e61c561db4086be089af285fd3441901fe8d5f714a66d4839cdc3fde,"{""scale"": [0.007842836901545525], ""zero_point"": [-1], ""quantized_dimension"": 0}","{""scale"": [0.01604372449219227], ""zero_point"": [-5], ""quantized_dimension"": 0}",5.0.0,ethos-u85-256,Ethos_U85_SYS_DRAM_Low,Dedicated_Sram,d2918231bba05cbcbcbcfb11decc6f5e83185f053327cac2fe8636d931a0aa97,d3afd8d014ed7b5e40aa7816db47540967a178aa888ad18d885dd27a65e00b70,1107e62b306289bcf0d048ea4ae0b144d2c1cb8b7ccaf608efd21995145128fe,18x2x112,20x4x128,1x2x16,Depthwise,2576,11.52,5016,2068,1758,310,0,0,468,288,1.0,0.7002,0.5,0.7141,4732558c1652061079cb092316c9aaf66a8f2bcc3e98258e5c9eef6481d6606f,SUCCESS,h3r_dw3x3_18x2_c128__SSE-320__ethos-u85-256__bridge_legacy_relaxed__R1.txt,8,8,0,0,0,3999,1,4000,24,12,0,0,0,4000,1000,0,8,8,0,0,0,3999,1,4000,24,12,0,0,0,4000,1000,0,8,8,0,0,0,3999,1,4000,24,12,0,0,0,4000,1000,0
h3r_dw3x3_18x2_c128,dw3x3,18,2,128,36,bridge_legacy_relaxed,512,PASS,"3,3","1,1","t:1,l:1,b:1,r:1,n:0,f:0","1,1",5aca185451853566d1b94ed1c12033a6684a0dd9ddb9d1449bf95e6c3a3b2d72,3c2412d3e030c2d60830256c757ce3ca71b00bf2097785861f49d5212664091e,cc772986e61c561db4086be089af285fd3441901fe8d5f714a66d4839cdc3fde,"{""scale"": [0.007842836901545525], ""zero_point"": [-1], ""quantized_dimension"": 0}","{""scale"": [0.01604372449219227], ""zero_point"": [-5], ""quantized_dimension"": 0}",5.0.0,ethos-u85-512,Ethos_U85_SYS_DRAM_Mid_512,Dedicated_Sram,0a52eda6c3748904545b3f4131d5781038e47e471fde7d1227a9c0d6df701b78,0dab55e9bb51601bd4e15ad44297282c0bbd4e9e7c9f1e7b36188024721a2ee3,b4affc83fc32ca49479edd1ed47495ee14ad8b1c920a169cfd4879ae3ee6e8d0,18x2x128,20x4x128,2x2x16,Depthwise,2656,11.59,4176,2068,1231,837,0,0,474,288,,,,,4732558c1652061079cb092316c9aaf66a8f2bcc3e98258e5c9eef6481d6606f,SUCCESS,h3r_dw3x3_18x2_c128__SSE-320__ethos-u85-512__bridge_legacy_relaxed__R1.txt,8,8,0,0,0,3999,1,4000,64,32,0,0,0,4000,1000,0,8,8,0,0,0,3999,1,4000,64,32,0,0,0,4000,1000,0,8,8,0,0,0,3999,1,4000,0,32,0,0,0,4000,1000,0
h3r_dw3x3_18x2_c128,dw3x3,18,2,128,36,equalized,256,PASS,"3,3","1,1","t:1,l:1,b:1,r:1,n:0,f:0","1,1",5aca185451853566d1b94ed1c12033a6684a0dd9ddb9d1449bf95e6c3a3b2d72,3c2412d3e030c2d60830256c757ce3ca71b00bf2097785861f49d5212664091e,cc772986e61c561db4086be089af285fd3441901fe8d5f714a66d4839cdc3fde,"{""scale"": [0.007842836901545525], ""zero_point"": [-1], ""quantized_dimension"": 0}","{""scale"": [0.01604372449219227], ""zero_point"": [-5], ""quantized_dimension"": 0}",5.0.0,ethos-u85-256,Ethos_U85_SYS_DRAM_Low,Dedicated_Sram,d2918231bba05cbcbcbcfb11decc6f5e83185f053327cac2fe8636d931a0aa97,d3afd8d014ed7b5e40aa7816db47540967a178aa888ad18d885dd27a65e00b70,24eb3d8be1ed49fba8852624e797291d70e8e830bb1773040f16e69ac878c6a3,18x2x112,20x4x128,1x2x16,Depthwise,2576,11.52,5016,2068,1758,310,0,0,468,288,1.0,0.7002,0.5,0.7141,4732558c1652061079cb092316c9aaf66a8f2bcc3e98258e5c9eef6481d6606f,SUCCESS,h3r_dw3x3_18x2_c128__SSE-320__ethos-u85-256__equalized__R1.txt,8,8,0,0,0,3999,1,4000,0,0,0,0,0,4000,1000,0,8,8,0,0,0,3999,1,4000,0,0,0,0,0,4000,1000,0,8,8,0,0,0,3999,1,4000,0,0,0,0,0,4000,1000,0
h3r_dw3x3_18x2_c128,dw3x3,18,2,128,36,equalized,512,PASS,"3,3","1,1","t:1,l:1,b:1,r:1,n:0,f:0","1,1",5aca185451853566d1b94ed1c12033a6684a0dd9ddb9d1449bf95e6c3a3b2d72,3c2412d3e030c2d60830256c757ce3ca71b00bf2097785861f49d5212664091e,cc772986e61c561db4086be089af285fd3441901fe8d5f714a66d4839cdc3fde,"{""scale"": [0.007842836901545525], ""zero_point"": [-1], ""quantized_dimension"": 0}","{""scale"": [0.01604372449219227], ""zero_point"": [-5], ""quantized_dimension"": 0}",5.0.0,ethos-u85-512,Ethos_U85_SYS_DRAM_Mid_512,Dedicated_Sram,0a52eda6c3748904545b3f4131d5781038e47e471fde7d1227a9c0d6df701b78,0dab55e9bb51601bd4e15ad44297282c0bbd4e9e7c9f1e7b36188024721a2ee3,47dd38ec87eaf90a76107fb960a23ecdea645a3120bea1f663d85a0c5dee8d05,18x2x128,20x4x128,2x2x16,Depthwise,2656,11.59,4176,2068,1231,837,0,0,474,288,,,,,4732558c1652061079cb092316c9aaf66a8f2bcc3e98258e5c9eef6481d6606f,SUCCESS,h3r_dw3x3_18x2_c128__SSE-320__ethos-u85-512__equalized__R1.txt,8,8,0,0,0,3999,1,4000,0,0,0,0,0,4000,1000,0,8,8,0,0,0,3999,1,4000,0,0,0,0,0,4000,1000,0,8,8,0,0,0,3999,1,4000,0,0,0,0,0,4000,1000,0
h3r_dw3x3_36x1_c128,dw3x3,36,1,128,36,base,256,PASS,"3,3","1,1","t:1,l:1,b:1,r:1,n:0,f:0","1,1",39408b6fd12bc6c19d2277b50d9dc23c798f2fbea9981d637cca7f11e9036931,3c2412d3e030c2d60830256c757ce3ca71b00bf2097785861f49d5212664091e,cc772986e61c561db4086be089af285fd3441901fe8d5f714a66d4839cdc3fde,"{""scale"": [0.007842836901545525], ""zero_point"": [-1], ""quantized_dimension"": 0}","{""scale"": [0.01604372449219227], ""zero_point"": [-5], ""quantized_dimension"": 0}",5.0.0,ethos-u85-256,Ethos_U85_SYS_DRAM_Low,Dedicated_Sram,b50818970e292984eaa70cda1747551dc6130a48c0d1df471e83c34451e81ff7,927d535931bfd6531d03fcac079b59c9de7e8ebd59e9bd2c5b939568d6606809,380778742189f31397876c8b1b44de349cb8adb04e3ce9fbec8df2c26befc2e2,36x2x48,38x4x64,1x2x16,Depthwise,2576,11.52,4987,6068,5241,827,0,0,468,288,1.0,1.0218,0.5,0.4893,967d2ae3927c0153e6790f938e9acf0ea954655d1d5121709ff94dfc1482ea79,SUCCESS,h3r_dw3x3_36x1_c128__SSE-320__ethos-u85-256__base__R1.txt,8,8,0,16,16,3999,1,4000,24,12,0,250,125,4000,1000,2344,8,8,0,16,16,3999,1,4000,24,12,0,250,125,4000,1000,2344,8,8,0,16,16,3999,1,4000,24,12,0,250,125,4000,1000,2344
h3r_dw3x3_36x1_c128,dw3x3,36,1,128,36,base,512,PASS,"3,3","1,1","t:1,l:1,b:1,r:1,n:0,f:0","1,1",39408b6fd12bc6c19d2277b50d9dc23c798f2fbea9981d637cca7f11e9036931,3c2412d3e030c2d60830256c757ce3ca71b00bf2097785861f49d5212664091e,cc772986e61c561db4086be089af285fd3441901fe8d5f714a66d4839cdc3fde,"{""scale"": [0.007842836901545525], ""zero_point"": [-1], ""quantized_dimension"": 0}","{""scale"": [0.01604372449219227], ""zero_point"": [-5], ""quantized_dimension"": 0}",5.0.0,ethos-u85-512,Ethos_U85_SYS_DRAM_Mid_512,Dedicated_Sram,7721e207cce2b59c7276cb3993d2a243ea3bdea64b830611f72dd061f4db9e8b,56ef20d636dceb78d3b40bb4263f67bfe8e2ab920d7e5971e3fe454e2267f6bc,b7b8733efaa35832839a349f85e67e297fd0765d196ce30b51801d471dc1024f,36x2x48,38x4x64,2x2x16,Depthwise,2656,11.59,3323,6068,5355,713,0,0,474,288,,,,,967d2ae3927c0153e6790f938e9acf0ea954655d1d5121709ff94dfc1482ea79,SUCCESS,h3r_dw3x3_36x1_c128__SSE-320__ethos-u85-512__base__R1.txt,8,8,0,32,32,3999,1,4000,64,32,0,500,250,4000,1000,3750,8,8,0,32,32,3999,1,4000,64,32,0,500,250,4000,1000,3750,8,8,0,32,32,3999,1,4000,0,32,0,500,250,4000,1000,3750
h3r_dw3x3_36x1_c128,dw3x3,36,1,128,36,bridge_legacy_relaxed,256,PASS,"3,3","1,1","t:1,l:1,b:1,r:1,n:0,f:0","1,1",39408b6fd12bc6c19d2277b50d9dc23c798f2fbea9981d637cca7f11e9036931,3c2412d3e030c2d60830256c757ce3ca71b00bf2097785861f49d5212664091e,cc772986e61c561db4086be089af285fd3441901fe8d5f714a66d4839cdc3fde,"{""scale"": [0.007842836901545525], ""zero_point"": [-1], ""quantized_dimension"": 0}","{""scale"": [0.01604372449219227], ""zero_point"": [-5], ""quantized_dimension"": 0}",5.0.0,ethos-u85-256,Ethos_U85_SYS_DRAM_Low,Dedicated_Sram,b50818970e292984eaa70cda1747551dc6130a48c0d1df471e83c34451e81ff7,927d535931bfd6531d03fcac079b59c9de7e8ebd59e9bd2c5b939568d6606809,6182bbba334289d62dba1011c199f9c305fe5c069417e2800e02306f78048aa3,36x2x48,38x4x64,1x2x16,Depthwise,2576,11.52,4987,4068,3014,1054,0,0,468,288,0.5084,0.5378,0.9835,0.9297,967d2ae3927c0153e6790f938e9acf0ea954655d1d5121709ff94dfc1482ea79,SUCCESS,h3r_dw3x3_36x1_c128__SSE-320__ethos-u85-256__bridge_legacy_relaxed__R1.txt,8,8,0,0,0,3999,1,4000,24,12,0,0,0,4000,1000,0,8,8,0,0,0,3999,1,4000,24,12,0,0,0,4000,1000,0,8,8,0,0,0,3999,1,4000,24,12,0,0,0,4000,1000,0
h3r_dw3x3_36x1_c128,dw3x3,36,1,128,36,bridge_legacy_relaxed,512,PASS,"3,3","1,1","t:1,l:1,b:1,r:1,n:0,f:0","1,1",39408b6fd12bc6c19d2277b50d9dc23c798f2fbea9981d637cca7f11e9036931,3c2412d3e030c2d60830256c757ce3ca71b00bf2097785861f49d5212664091e,cc772986e61c561db4086be089af285fd3441901fe8d5f714a66d4839cdc3fde,"{""scale"": [0.007842836901545525], ""zero_point"": [-1], ""quantized_dimension"": 0}","{""scale"": [0.01604372449219227], ""zero_point"": [-5], ""quantized_dimension"": 0}",5.0.0,ethos-u85-512,Ethos_U85_SYS_DRAM_Mid_512,Dedicated_Sram,7721e207cce2b59c7276cb3993d2a243ea3bdea64b830611f72dd061f4db9e8b,56ef20d636dceb78d3b40bb4263f67bfe8e2ab920d7e5971e3fe454e2267f6bc,a2a3d739513df216db85baf8efa206862c323774e352a552310232d0cb7a31fb,36x2x48,38x4x64,2x2x16,Depthwise,2656,11.59,3323,2068,1621,447,0,0,474,288,,,,,967d2ae3927c0153e6790f938e9acf0ea954655d1d5121709ff94dfc1482ea79,SUCCESS,h3r_dw3x3_36x1_c128__SSE-320__ethos-u85-512__bridge_legacy_relaxed__R1.txt,8,8,0,0,0,3999,1,4000,64,32,0,0,0,4000,1000,0,8,8,0,0,0,3999,1,4000,64,32,0,0,0,4000,1000,0,8,8,0,0,0,3999,1,4000,0,32,0,0,0,4000,1000,0
h3r_dw3x3_36x1_c128,dw3x3,36,1,128,36,equalized,256,PASS,"3,3","1,1","t:1,l:1,b:1,r:1,n:0,f:0","1,1",39408b6fd12bc6c19d2277b50d9dc23c798f2fbea9981d637cca7f11e9036931,3c2412d3e030c2d60830256c757ce3ca71b00bf2097785861f49d5212664091e,cc772986e61c561db4086be089af285fd3441901fe8d5f714a66d4839cdc3fde,"{""scale"": [0.007842836901545525], ""zero_point"": [-1], ""quantized_dimension"": 0}","{""scale"": [0.01604372449219227], ""zero_point"": [-5], ""quantized_dimension"": 0}",5.0.0,ethos-u85-256,Ethos_U85_SYS_DRAM_Low,Dedicated_Sram,b50818970e292984eaa70cda1747551dc6130a48c0d1df471e83c34451e81ff7,927d535931bfd6531d03fcac079b59c9de7e8ebd59e9bd2c5b939568d6606809,29b8f66e130d7c30c486adea0139bcc3d0445bcd5b1c35f9bdedc735780ffea8,36x2x48,38x4x64,1x2x16,Depthwise,2576,11.52,4987,4068,3014,1054,0,0,468,288,0.5084,0.5378,0.9835,0.9297,967d2ae3927c0153e6790f938e9acf0ea954655d1d5121709ff94dfc1482ea79,SUCCESS,h3r_dw3x3_36x1_c128__SSE-320__ethos-u85-256__equalized__R1.txt,8,8,0,0,0,3999,1,4000,0,0,0,0,0,4000,1000,0,8,8,0,0,0,3999,1,4000,0,0,0,0,0,4000,1000,0,8,8,0,0,0,3999,1,4000,0,0,0,0,0,4000,1000,0
h3r_dw3x3_36x1_c128,dw3x3,36,1,128,36,equalized,512,PASS,"3,3","1,1","t:1,l:1,b:1,r:1,n:0,f:0","1,1",39408b6fd12bc6c19d2277b50d9dc23c798f2fbea9981d637cca7f11e9036931,3c2412d3e030c2d60830256c757ce3ca71b00bf2097785861f49d5212664091e,cc772986e61c561db4086be089af285fd3441901fe8d5f714a66d4839cdc3fde,"{""scale"": [0.007842836901545525], ""zero_point"": [-1], ""quantized_dimension"": 0}","{""scale"": [0.01604372449219227], ""zero_point"": [-5], ""quantized_dimension"": 0}",5.0.0,ethos-u85-512,Ethos_U85_SYS_DRAM_Mid_512,Dedicated_Sram,7721e207cce2b59c7276cb3993d2a243ea3bdea64b830611f72dd061f4db9e8b,56ef20d636dceb78d3b40bb4263f67bfe8e2ab920d7e5971e3fe454e2267f6bc,860400629579b6c335316ee7c25a2aaf5b1b54fc305b1fb470fd75acb20a554b,36x2x48,38x4x64,2x2x16,Depthwise,2656,11.59,3323,2068,1621,447,0,0,474,288,,,,,967d2ae3927c0153e6790f938e9acf0ea954655d1d5121709ff94dfc1482ea79,SUCCESS,h3r_dw3x3_36x1_c128__SSE-320__ethos-u85-512__equalized__R1.txt,8,8,0,0,0,3999,1,4000,0,0,0,0,0,4000,1000,0,8,8,0,0,0,3999,1,4000,0,0,0,0,0,4000,1000,0,8,8,0,0,0,3999,1,4000,0,0,0,0,0,4000,1000,0
