cell_id,model,op,H,W,mac,arm,rep,status,TOTAL,ACTIVE,IDLE,SRAM_RD,SRAM_WR,EXT_RD,EXT_WR,vela_sha256,axf_sha256,header_matches_request,wall_clock_s,elapsed_s,uart_file,verify_status,verify_dump_sha256,verify_axf_sha256,gate,log
h3r_conv1x1_6x6_c128__SSE-320__ethos-u85-256,h3r_conv1x1_6x6_c128,conv1x1,6,6,256,base,1,SUCCESS,6068,5909,159,0,0,1412,288,29c52c81edf1cf952b2552127067959dba638f3415f10819eb8b2a9bbfa95bbc,2f14457b7a8867348784b34c9b4acc7e49300ff150218d63c25db244146d71c7,True,0.501,121.8,h3r_conv1x1_6x6_c128__SSE-320__ethos-u85-256__base__R1.txt,SUCCESS,9946a8995a004673c57e5e5530103e921e85a819fe6a5a958ea7b1d00708dd93,4421c153575af429c67d597de06423d48072bfeda8258bd3bb66a2b6057f5b25,PASS,
h3r_conv1x1_6x6_c128__SSE-320__ethos-u85-256,h3r_conv1x1_6x6_c128,conv1x1,6,6,256,base,2,SUCCESS,6068,5909,159,0,0,1412,288,29c52c81edf1cf952b2552127067959dba638f3415f10819eb8b2a9bbfa95bbc,2f14457b7a8867348784b34c9b4acc7e49300ff150218d63c25db244146d71c7,True,0.502,123.3,h3r_conv1x1_6x6_c128__SSE-320__ethos-u85-256__base__R2.txt,,,,PASS,
h3r_conv1x1_6x6_c128__SSE-320__ethos-u85-256,h3r_conv1x1_6x6_c128,conv1x1,6,6,256,base,3,SUCCESS,6068,5909,159,0,0,1412,288,29c52c81edf1cf952b2552127067959dba638f3415f10819eb8b2a9bbfa95bbc,2f14457b7a8867348784b34c9b4acc7e49300ff150218d63c25db244146d71c7,True,0.602,125.0,h3r_conv1x1_6x6_c128__SSE-320__ethos-u85-256__base__R3.txt,,,,PASS,
h3r_conv1x1_6x6_c128__SSE-320__ethos-u85-256,h3r_conv1x1_6x6_c128,conv1x1,6,6,256,equalized,1,SUCCESS,4068,3645,423,0,0,1412,288,29c52c81edf1cf952b2552127067959dba638f3415f10819eb8b2a9bbfa95bbc,2a7c039e3b4392427f16e333a854f12bea342e00e6f7cc6199cd6cc52c117960,True,0.502,111.6,h3r_conv1x1_6x6_c128__SSE-320__ethos-u85-256__equalized__R1.txt,SUCCESS,9946a8995a004673c57e5e5530103e921e85a819fe6a5a958ea7b1d00708dd93,022f0bfd4c5b9318b21d4fbf05d9ace66398c49a66685201fba2cfdc1a323759,PASS,
h3r_conv1x1_6x6_c128__SSE-320__ethos-u85-256,h3r_conv1x1_6x6_c128,conv1x1,6,6,256,equalized,2,SUCCESS,4068,3645,423,0,0,1412,288,29c52c81edf1cf952b2552127067959dba638f3415f10819eb8b2a9bbfa95bbc,2a7c039e3b4392427f16e333a854f12bea342e00e6f7cc6199cd6cc52c117960,True,0.502,113.1,h3r_conv1x1_6x6_c128__SSE-320__ethos-u85-256__equalized__R2.txt,,,,PASS,
h3r_conv1x1_6x6_c128__SSE-320__ethos-u85-256,h3r_conv1x1_6x6_c128,conv1x1,6,6,256,equalized,3,SUCCESS,4068,3645,423,0,0,1412,288,29c52c81edf1cf952b2552127067959dba638f3415f10819eb8b2a9bbfa95bbc,2a7c039e3b4392427f16e333a854f12bea342e00e6f7cc6199cd6cc52c117960,True,0.502,114.6,h3r_conv1x1_6x6_c128__SSE-320__ethos-u85-256__equalized__R3.txt,,,,PASS,
h3r_conv1x1_6x6_c128__SSE-320__ethos-u85-512,h3r_conv1x1_6x6_c128,conv1x1,6,6,512,base,1,SUCCESS,7068,6029,1039,0,0,1414,288,65cad3dff35d4b3f1ad0c7d164ffff3ac94812c40333c1ed73e7bdfd3f30f667,6ee5ac9a8843ac5fa45dbba4dea28c0d31d08637bdf5e346b554b641716de24e,True,0.502,111.3,h3r_conv1x1_6x6_c128__SSE-320__ethos-u85-512__base__R1.txt,SUCCESS,9946a8995a004673c57e5e5530103e921e85a819fe6a5a958ea7b1d00708dd93,664a848387fac980d864071b7baadc109d2fa19ff34b18390ec52c7df9f138b8,PASS,
h3r_conv1x1_6x6_c128__SSE-320__ethos-u85-512,h3r_conv1x1_6x6_c128,conv1x1,6,6,512,base,2,SUCCESS,7068,6029,1039,0,0,1414,288,65cad3dff35d4b3f1ad0c7d164ffff3ac94812c40333c1ed73e7bdfd3f30f667,6ee5ac9a8843ac5fa45dbba4dea28c0d31d08637bdf5e346b554b641716de24e,True,0.502,112.8,h3r_conv1x1_6x6_c128__SSE-320__ethos-u85-512__base__R2.txt,,,,PASS,
h3r_conv1x1_6x6_c128__SSE-320__ethos-u85-512,h3r_conv1x1_6x6_c128,conv1x1,6,6,512,base,3,SUCCESS,7068,6029,1039,0,0,1414,288,65cad3dff35d4b3f1ad0c7d164ffff3ac94812c40333c1ed73e7bdfd3f30f667,6ee5ac9a8843ac5fa45dbba4dea28c0d31d08637bdf5e346b554b641716de24e,True,0.502,114.4,h3r_conv1x1_6x6_c128__SSE-320__ethos-u85-512__base__R3.txt,,,,PASS,
h3r_conv1x1_6x6_c128__SSE-320__ethos-u85-512,h3r_conv1x1_6x6_c128,conv1x1,6,6,512,equalized,1,SUCCESS,3068,2850,218,0,0,1414,288,65cad3dff35d4b3f1ad0c7d164ffff3ac94812c40333c1ed73e7bdfd3f30f667,b43c6d10b7979d0d8f1f063c249359f43f58b1634213eeb4575680578c8eb5be,True,0.502,111.6,h3r_conv1x1_6x6_c128__SSE-320__ethos-u85-512__equalized__R1.txt,SUCCESS,9946a8995a004673c57e5e5530103e921e85a819fe6a5a958ea7b1d00708dd93,be4b44c1e2591f55d4139c9d133d20c1da2341f9c5e84fc2bd1c7a85d9f87a30,PASS,
h3r_conv1x1_6x6_c128__SSE-320__ethos-u85-512,h3r_conv1x1_6x6_c128,conv1x1,6,6,512,equalized,2,SUCCESS,3068,2850,218,0,0,1414,288,65cad3dff35d4b3f1ad0c7d164ffff3ac94812c40333c1ed73e7bdfd3f30f667,b43c6d10b7979d0d8f1f063c249359f43f58b1634213eeb4575680578c8eb5be,True,0.502,113.2,h3r_conv1x1_6x6_c128__SSE-320__ethos-u85-512__equalized__R2.txt,,,,PASS,
h3r_conv1x1_6x6_c128__SSE-320__ethos-u85-512,h3r_conv1x1_6x6_c128,conv1x1,6,6,512,equalized,3,SUCCESS,3068,2850,218,0,0,1414,288,65cad3dff35d4b3f1ad0c7d164ffff3ac94812c40333c1ed73e7bdfd3f30f667,b43c6d10b7979d0d8f1f063c249359f43f58b1634213eeb4575680578c8eb5be,True,0.502,114.7,h3r_conv1x1_6x6_c128__SSE-320__ethos-u85-512__equalized__R3.txt,,,,PASS,
h3r_conv1x1_1x36_c128__SSE-320__ethos-u85-256,h3r_conv1x1_1x36_c128,conv1x1,1,36,256,base,1,SUCCESS,6068,5909,159,0,0,1412,288,981bedde9b442fee18599efeb1ce5a97a5d26bfc5c5facd91ded5da4fc6bb265,631db6ecd11f7ed5c265308a8251dfcc2228da202001a069f508f9475def2698,True,0.502,111.6,h3r_conv1x1_1x36_c128__SSE-320__ethos-u85-256__base__R1.txt,SUCCESS,9946a8995a004673c57e5e5530103e921e85a819fe6a5a958ea7b1d00708dd93,b08f1f4ee5d1354d7942049100b5aba64d33b27c95f50aa24f513339387387fc,PASS,
h3r_conv1x1_1x36_c128__SSE-320__ethos-u85-256,h3r_conv1x1_1x36_c128,conv1x1,1,36,256,base,2,SUCCESS,6068,5909,159,0,0,1412,288,981bedde9b442fee18599efeb1ce5a97a5d26bfc5c5facd91ded5da4fc6bb265,631db6ecd11f7ed5c265308a8251dfcc2228da202001a069f508f9475def2698,True,0.502,113.1,h3r_conv1x1_1x36_c128__SSE-320__ethos-u85-256__base__R2.txt,,,,PASS,
h3r_conv1x1_1x36_c128__SSE-320__ethos-u85-256,h3r_conv1x1_1x36_c128,conv1x1,1,36,256,base,3,SUCCESS,6068,5909,159,0,0,1412,288,981bedde9b442fee18599efeb1ce5a97a5d26bfc5c5facd91ded5da4fc6bb265,631db6ecd11f7ed5c265308a8251dfcc2228da202001a069f508f9475def2698,True,0.502,114.6,h3r_conv1x1_1x36_c128__SSE-320__ethos-u85-256__base__R3.txt,,,,PASS,
h3r_conv1x1_1x36_c128__SSE-320__ethos-u85-256,h3r_conv1x1_1x36_c128,conv1x1,1,36,256,equalized,1,SUCCESS,4068,3741,327,0,0,1412,288,981bedde9b442fee18599efeb1ce5a97a5d26bfc5c5facd91ded5da4fc6bb265,6346ce9fa8e73d31a2d5fed94a3d6bf84b9f3f9b8812c160779a12ef467914eb,True,0.502,111.8,h3r_conv1x1_1x36_c128__SSE-320__ethos-u85-256__equalized__R1.txt,SUCCESS,9946a8995a004673c57e5e5530103e921e85a819fe6a5a958ea7b1d00708dd93,4065d2e574323ed8169a9d2c86b73842d13a3566fbb557bf53133c8d4ced3aa6,PASS,
h3r_conv1x1_1x36_c128__SSE-320__ethos-u85-256,h3r_conv1x1_1x36_c128,conv1x1,1,36,256,equalized,2,SUCCESS,4068,3741,327,0,0,1412,288,981bedde9b442fee18599efeb1ce5a97a5d26bfc5c5facd91ded5da4fc6bb265,6346ce9fa8e73d31a2d5fed94a3d6bf84b9f3f9b8812c160779a12ef467914eb,True,0.502,113.3,h3r_conv1x1_1x36_c128__SSE-320__ethos-u85-256__equalized__R2.txt,,,,PASS,
h3r_conv1x1_1x36_c128__SSE-320__ethos-u85-256,h3r_conv1x1_1x36_c128,conv1x1,1,36,256,equalized,3,SUCCESS,4068,3741,327,0,0,1412,288,981bedde9b442fee18599efeb1ce5a97a5d26bfc5c5facd91ded5da4fc6bb265,6346ce9fa8e73d31a2d5fed94a3d6bf84b9f3f9b8812c160779a12ef467914eb,True,0.502,114.8,h3r_conv1x1_1x36_c128__SSE-320__ethos-u85-256__equalized__R3.txt,,,,PASS,
h3r_conv1x1_1x36_c128__SSE-320__ethos-u85-512,h3r_conv1x1_1x36_c128,conv1x1,1,36,512,base,1,SUCCESS,7068,6124,944,0,0,1414,288,7a995a8c14f3f2cc16af4197f38e070f55139d40104a53e10683e6ed5b333dc8,21268603fe46992ad859fa4ef5c9d8a2b60179c924dd0c2299db39096207c711,True,0.502,111.4,h3r_conv1x1_1x36_c128__SSE-320__ethos-u85-512__base__R1.txt,SUCCESS,9946a8995a004673c57e5e5530103e921e85a819fe6a5a958ea7b1d00708dd93,b4128b4ff9493e4fa9067c71ef6ac7cbb90818a1c821703b36851c7f76286ad9,PASS,
h3r_conv1x1_1x36_c128__SSE-320__ethos-u85-512,h3r_conv1x1_1x36_c128,conv1x1,1,36,512,base,2,SUCCESS,7068,6124,944,0,0,1414,288,7a995a8c14f3f2cc16af4197f38e070f55139d40104a53e10683e6ed5b333dc8,21268603fe46992ad859fa4ef5c9d8a2b60179c924dd0c2299db39096207c711,True,0.502,112.9,h3r_conv1x1_1x36_c128__SSE-320__ethos-u85-512__base__R2.txt,,,,PASS,
h3r_conv1x1_1x36_c128__SSE-320__ethos-u85-512,h3r_conv1x1_1x36_c128,conv1x1,1,36,512,base,3,SUCCESS,7068,6124,944,0,0,1414,288,7a995a8c14f3f2cc16af4197f38e070f55139d40104a53e10683e6ed5b333dc8,21268603fe46992ad859fa4ef5c9d8a2b60179c924dd0c2299db39096207c711,True,0.501,114.4,h3r_conv1x1_1x36_c128__SSE-320__ethos-u85-512__base__R3.txt,,,,PASS,
h3r_conv1x1_1x36_c128__SSE-320__ethos-u85-512,h3r_conv1x1_1x36_c128,conv1x1,1,36,512,equalized,1,SUCCESS,3068,2932,136,0,0,1414,288,7a995a8c14f3f2cc16af4197f38e070f55139d40104a53e10683e6ed5b333dc8,eeb03aba2d9ab6b0490979676be0ac38d7802802fa4e9cefbecd3cea567869b4,True,0.502,110.8,h3r_conv1x1_1x36_c128__SSE-320__ethos-u85-512__equalized__R1.txt,SUCCESS,9946a8995a004673c57e5e5530103e921e85a819fe6a5a958ea7b1d00708dd93,6134c65e118def4a8cb14cb884f7612c370b1a29cd6afd68f43a0fcb5f2a3923,PASS,
h3r_conv1x1_1x36_c128__SSE-320__ethos-u85-512,h3r_conv1x1_1x36_c128,conv1x1,1,36,512,equalized,2,SUCCESS,3068,2932,136,0,0,1414,288,7a995a8c14f3f2cc16af4197f38e070f55139d40104a53e10683e6ed5b333dc8,eeb03aba2d9ab6b0490979676be0ac38d7802802fa4e9cefbecd3cea567869b4,True,0.502,112.3,h3r_conv1x1_1x36_c128__SSE-320__ethos-u85-512__equalized__R2.txt,,,,PASS,
h3r_conv1x1_1x36_c128__SSE-320__ethos-u85-512,h3r_conv1x1_1x36_c128,conv1x1,1,36,512,equalized,3,SUCCESS,3068,2932,136,0,0,1414,288,7a995a8c14f3f2cc16af4197f38e070f55139d40104a53e10683e6ed5b333dc8,eeb03aba2d9ab6b0490979676be0ac38d7802802fa4e9cefbecd3cea567869b4,True,0.502,113.8,h3r_conv1x1_1x36_c128__SSE-320__ethos-u85-512__equalized__R3.txt,,,,PASS,
h3r_conv1x1_2x18_c128__SSE-320__ethos-u85-256,h3r_conv1x1_2x18_c128,conv1x1,2,18,256,base,1,SUCCESS,6068,5909,159,0,0,1412,288,e7c4a444b830302e083b927d914ee2908a4e76f0e8d9b7abc1d40d61dbd41e28,726e28015461581e2aed0c2ea22c1fda3a35d205504e9ac86f6348d6edcf87a0,True,0.502,111.0,h3r_conv1x1_2x18_c128__SSE-320__ethos-u85-256__base__R1.txt,SUCCESS,9946a8995a004673c57e5e5530103e921e85a819fe6a5a958ea7b1d00708dd93,cbfcc5507799625c42cc741df0668f1bb9a70000a928759e01e1b828503e96cb,PASS,
h3r_conv1x1_2x18_c128__SSE-320__ethos-u85-256,h3r_conv1x1_2x18_c128,conv1x1,2,18,256,base,2,SUCCESS,6068,5909,159,0,0,1412,288,e7c4a444b830302e083b927d914ee2908a4e76f0e8d9b7abc1d40d61dbd41e28,726e28015461581e2aed0c2ea22c1fda3a35d205504e9ac86f6348d6edcf87a0,True,0.502,112.5,h3r_conv1x1_2x18_c128__SSE-320__ethos-u85-256__base__R2.txt,,,,PASS,
h3r_conv1x1_2x18_c128__SSE-320__ethos-u85-256,h3r_conv1x1_2x18_c128,conv1x1,2,18,256,base,3,SUCCESS,6068,5909,159,0,0,1412,288,e7c4a444b830302e083b927d914ee2908a4e76f0e8d9b7abc1d40d61dbd41e28,726e28015461581e2aed0c2ea22c1fda3a35d205504e9ac86f6348d6edcf87a0,True,0.502,114.0,h3r_conv1x1_2x18_c128__SSE-320__ethos-u85-256__base__R3.txt,,,,PASS,
h3r_conv1x1_2x18_c128__SSE-320__ethos-u85-256,h3r_conv1x1_2x18_c128,conv1x1,2,18,256,equalized,1,SUCCESS,4068,3727,341,0,0,1412,288,e7c4a444b830302e083b927d914ee2908a4e76f0e8d9b7abc1d40d61dbd41e28,9a3d98a4b707b4c80a94d554a6dc179bab56788484bd824cadcba82c5da7418d,True,0.502,111.6,h3r_conv1x1_2x18_c128__SSE-320__ethos-u85-256__equalized__R1.txt,SUCCESS,9946a8995a004673c57e5e5530103e921e85a819fe6a5a958ea7b1d00708dd93,f7a65cd55fe3f0f11633f54b017576e8d3bd450a69144b647a8aabaed8081037,PASS,
h3r_conv1x1_2x18_c128__SSE-320__ethos-u85-256,h3r_conv1x1_2x18_c128,conv1x1,2,18,256,equalized,2,SUCCESS,4068,3727,341,0,0,1412,288,e7c4a444b830302e083b927d914ee2908a4e76f0e8d9b7abc1d40d61dbd41e28,9a3d98a4b707b4c80a94d554a6dc179bab56788484bd824cadcba82c5da7418d,True,0.502,113.1,h3r_conv1x1_2x18_c128__SSE-320__ethos-u85-256__equalized__R2.txt,,,,PASS,
h3r_conv1x1_2x18_c128__SSE-320__ethos-u85-256,h3r_conv1x1_2x18_c128,conv1x1,2,18,256,equalized,3,SUCCESS,4068,3727,341,0,0,1412,288,e7c4a444b830302e083b927d914ee2908a4e76f0e8d9b7abc1d40d61dbd41e28,9a3d98a4b707b4c80a94d554a6dc179bab56788484bd824cadcba82c5da7418d,True,0.502,114.6,h3r_conv1x1_2x18_c128__SSE-320__ethos-u85-256__equalized__R3.txt,,,,PASS,
h3r_conv1x1_2x18_c128__SSE-320__ethos-u85-512,h3r_conv1x1_2x18_c128,conv1x1,2,18,512,base,1,SUCCESS,7068,6125,943,0,0,1414,288,38131af6befdbfee943c87cf97c6a21696230d3a1de19878d7e450f427d6450a,a6eb94d3e7c553e1b4bcbfd956c7d89de4c2258e7e4b02230464033b526fa5ef,True,0.502,111.3,h3r_conv1x1_2x18_c128__SSE-320__ethos-u85-512__base__R1.txt,SUCCESS,9946a8995a004673c57e5e5530103e921e85a819fe6a5a958ea7b1d00708dd93,5bd1f3f6ba0a91a0de2435755296cae2d571bce17ebb1b35d514115bff5864f9,PASS,
h3r_conv1x1_2x18_c128__SSE-320__ethos-u85-512,h3r_conv1x1_2x18_c128,conv1x1,2,18,512,base,2,SUCCESS,7068,6125,943,0,0,1414,288,38131af6befdbfee943c87cf97c6a21696230d3a1de19878d7e450f427d6450a,a6eb94d3e7c553e1b4bcbfd956c7d89de4c2258e7e4b02230464033b526fa5ef,True,0.502,112.9,h3r_conv1x1_2x18_c128__SSE-320__ethos-u85-512__base__R2.txt,,,,PASS,
h3r_conv1x1_2x18_c128__SSE-320__ethos-u85-512,h3r_conv1x1_2x18_c128,conv1x1,2,18,512,base,3,SUCCESS,7068,6125,943,0,0,1414,288,38131af6befdbfee943c87cf97c6a21696230d3a1de19878d7e450f427d6450a,a6eb94d3e7c553e1b4bcbfd956c7d89de4c2258e7e4b02230464033b526fa5ef,True,0.502,114.4,h3r_conv1x1_2x18_c128__SSE-320__ethos-u85-512__base__R3.txt,,,,PASS,
h3r_conv1x1_2x18_c128__SSE-320__ethos-u85-512,h3r_conv1x1_2x18_c128,conv1x1,2,18,512,equalized,1,SUCCESS,3068,2932,136,0,0,1414,288,38131af6befdbfee943c87cf97c6a21696230d3a1de19878d7e450f427d6450a,6706a6772b397ff996f7e9e26c351e5489dea3afd69078de0a93af2210990a66,True,0.502,111.3,h3r_conv1x1_2x18_c128__SSE-320__ethos-u85-512__equalized__R1.txt,SUCCESS,9946a8995a004673c57e5e5530103e921e85a819fe6a5a958ea7b1d00708dd93,5d6b312c5590b32077fd06dfe0dab28abaeee77d38bbc25ed823e87b03e0cb5d,PASS,
h3r_conv1x1_2x18_c128__SSE-320__ethos-u85-512,h3r_conv1x1_2x18_c128,conv1x1,2,18,512,equalized,2,SUCCESS,3068,2932,136,0,0,1414,288,38131af6befdbfee943c87cf97c6a21696230d3a1de19878d7e450f427d6450a,6706a6772b397ff996f7e9e26c351e5489dea3afd69078de0a93af2210990a66,True,0.502,112.8,h3r_conv1x1_2x18_c128__SSE-320__ethos-u85-512__equalized__R2.txt,,,,PASS,
h3r_conv1x1_2x18_c128__SSE-320__ethos-u85-512,h3r_conv1x1_2x18_c128,conv1x1,2,18,512,equalized,3,SUCCESS,3068,2932,136,0,0,1414,288,38131af6befdbfee943c87cf97c6a21696230d3a1de19878d7e450f427d6450a,6706a6772b397ff996f7e9e26c351e5489dea3afd69078de0a93af2210990a66,True,0.502,114.3,h3r_conv1x1_2x18_c128__SSE-320__ethos-u85-512__equalized__R3.txt,,,,PASS,
h3r_conv1x1_3x12_c128__SSE-320__ethos-u85-256,h3r_conv1x1_3x12_c128,conv1x1,3,12,256,base,1,SUCCESS,6068,5909,159,0,0,1412,288,ee5903fd34b1f32029cd38ccb470062dfa813a43d2b62ffc646ced37bde4f837,8a54a781f22bbb2afb02df0cd57f61894fb26a44fe8ba71ff9a7478c6bcdc601,True,0.502,111.5,h3r_conv1x1_3x12_c128__SSE-320__ethos-u85-256__base__R1.txt,SUCCESS,9946a8995a004673c57e5e5530103e921e85a819fe6a5a958ea7b1d00708dd93,8c4647d1a3589ffdd0810717a18f14c65925066af4a73ed83e5e35efb8d6c95f,PASS,
h3r_conv1x1_3x12_c128__SSE-320__ethos-u85-256,h3r_conv1x1_3x12_c128,conv1x1,3,12,256,base,2,SUCCESS,6068,5909,159,0,0,1412,288,ee5903fd34b1f32029cd38ccb470062dfa813a43d2b62ffc646ced37bde4f837,8a54a781f22bbb2afb02df0cd57f61894fb26a44fe8ba71ff9a7478c6bcdc601,True,0.502,113.0,h3r_conv1x1_3x12_c128__SSE-320__ethos-u85-256__base__R2.txt,,,,PASS,
h3r_conv1x1_3x12_c128__SSE-320__ethos-u85-256,h3r_conv1x1_3x12_c128,conv1x1,3,12,256,base,3,SUCCESS,6068,5909,159,0,0,1412,288,ee5903fd34b1f32029cd38ccb470062dfa813a43d2b62ffc646ced37bde4f837,8a54a781f22bbb2afb02df0cd57f61894fb26a44fe8ba71ff9a7478c6bcdc601,True,0.502,114.5,h3r_conv1x1_3x12_c128__SSE-320__ethos-u85-256__base__R3.txt,,,,PASS,
h3r_conv1x1_3x12_c128__SSE-320__ethos-u85-256,h3r_conv1x1_3x12_c128,conv1x1,3,12,256,equalized,1,SUCCESS,4068,3659,409,0,0,1412,288,ee5903fd34b1f32029cd38ccb470062dfa813a43d2b62ffc646ced37bde4f837,171497b713bb4b01005599b5a7004c54a98186ad50f053038724f8d44c8923d8,True,0.502,111.4,h3r_conv1x1_3x12_c128__SSE-320__ethos-u85-256__equalized__R1.txt,SUCCESS,9946a8995a004673c57e5e5530103e921e85a819fe6a5a958ea7b1d00708dd93,39b6ac7077c80e54ba252ac174e0ccec7bcdf652ccd40af6192424812e7cb9f1,PASS,
h3r_conv1x1_3x12_c128__SSE-320__ethos-u85-256,h3r_conv1x1_3x12_c128,conv1x1,3,12,256,equalized,2,SUCCESS,4068,3659,409,0,0,1412,288,ee5903fd34b1f32029cd38ccb470062dfa813a43d2b62ffc646ced37bde4f837,171497b713bb4b01005599b5a7004c54a98186ad50f053038724f8d44c8923d8,True,0.502,112.9,h3r_conv1x1_3x12_c128__SSE-320__ethos-u85-256__equalized__R2.txt,,,,PASS,
h3r_conv1x1_3x12_c128__SSE-320__ethos-u85-256,h3r_conv1x1_3x12_c128,conv1x1,3,12,256,equalized,3,SUCCESS,4068,3659,409,0,0,1412,288,ee5903fd34b1f32029cd38ccb470062dfa813a43d2b62ffc646ced37bde4f837,171497b713bb4b01005599b5a7004c54a98186ad50f053038724f8d44c8923d8,True,0.502,114.4,h3r_conv1x1_3x12_c128__SSE-320__ethos-u85-256__equalized__R3.txt,,,,PASS,
h3r_conv1x1_3x12_c128__SSE-320__ethos-u85-512,h3r_conv1x1_3x12_c128,conv1x1,3,12,512,base,1,SUCCESS,7068,6028,1040,0,0,1414,288,6a26fa03be7428eb8509a2aa141340c184d1d59c28a058a439b219a1bfd637ee,46764f73ff3baff579555bec669db5ec5ece0bc2147b2544e3d6ae6d8d3ddf67,True,0.502,112.0,h3r_conv1x1_3x12_c128__SSE-320__ethos-u85-512__base__R1.txt,SUCCESS,9946a8995a004673c57e5e5530103e921e85a819fe6a5a958ea7b1d00708dd93,38063e8578846b9fc14a88a30652fe75d3a5b7d883c0d6db9ad480b147d6ff4d,PASS,
h3r_conv1x1_3x12_c128__SSE-320__ethos-u85-512,h3r_conv1x1_3x12_c128,conv1x1,3,12,512,base,2,SUCCESS,7068,6028,1040,0,0,1414,288,6a26fa03be7428eb8509a2aa141340c184d1d59c28a058a439b219a1bfd637ee,46764f73ff3baff579555bec669db5ec5ece0bc2147b2544e3d6ae6d8d3ddf67,True,0.502,113.5,h3r_conv1x1_3x12_c128__SSE-320__ethos-u85-512__base__R2.txt,,,,PASS,
h3r_conv1x1_3x12_c128__SSE-320__ethos-u85-512,h3r_conv1x1_3x12_c128,conv1x1,3,12,512,base,3,SUCCESS,7068,6028,1040,0,0,1414,288,6a26fa03be7428eb8509a2aa141340c184d1d59c28a058a439b219a1bfd637ee,46764f73ff3baff579555bec669db5ec5ece0bc2147b2544e3d6ae6d8d3ddf67,True,0.552,115.0,h3r_conv1x1_3x12_c128__SSE-320__ethos-u85-512__base__R3.txt,,,,PASS,
h3r_conv1x1_3x12_c128__SSE-320__ethos-u85-512,h3r_conv1x1_3x12_c128,conv1x1,3,12,512,equalized,1,SUCCESS,3068,2836,232,0,0,1414,288,6a26fa03be7428eb8509a2aa141340c184d1d59c28a058a439b219a1bfd637ee,93d0779b6f6541922bd1c8cb7f3026b352c2f9697a8a48c0693ce72977fb20b5,True,0.502,111.5,h3r_conv1x1_3x12_c128__SSE-320__ethos-u85-512__equalized__R1.txt,SUCCESS,9946a8995a004673c57e5e5530103e921e85a819fe6a5a958ea7b1d00708dd93,c4d646e0c55face5feb4c24719d84422f11654c049475623b95fcc2c115a2bea,PASS,
h3r_conv1x1_3x12_c128__SSE-320__ethos-u85-512,h3r_conv1x1_3x12_c128,conv1x1,3,12,512,equalized,2,SUCCESS,3068,2836,232,0,0,1414,288,6a26fa03be7428eb8509a2aa141340c184d1d59c28a058a439b219a1bfd637ee,93d0779b6f6541922bd1c8cb7f3026b352c2f9697a8a48c0693ce72977fb20b5,True,0.502,113.0,h3r_conv1x1_3x12_c128__SSE-320__ethos-u85-512__equalized__R2.txt,,,,PASS,
h3r_conv1x1_3x12_c128__SSE-320__ethos-u85-512,h3r_conv1x1_3x12_c128,conv1x1,3,12,512,equalized,3,SUCCESS,3068,2836,232,0,0,1414,288,6a26fa03be7428eb8509a2aa141340c184d1d59c28a058a439b219a1bfd637ee,93d0779b6f6541922bd1c8cb7f3026b352c2f9697a8a48c0693ce72977fb20b5,True,0.502,114.5,h3r_conv1x1_3x12_c128__SSE-320__ethos-u85-512__equalized__R3.txt,,,,PASS,
h3r_conv1x1_4x9_c128__SSE-320__ethos-u85-256,h3r_conv1x1_4x9_c128,conv1x1,4,9,256,base,1,SUCCESS,6068,5909,159,0,0,1412,288,8affab949edbfd57f9b5218556ac97dc167c7902934f77c6c1ff6a5a2c2a6f3e,22e79ddb4e3cfba374a23213ab9bae89fd2a60a04e08197b4e2ac73b12d4a3a8,True,0.502,116.7,h3r_conv1x1_4x9_c128__SSE-320__ethos-u85-256__base__R1.txt,SUCCESS,9946a8995a004673c57e5e5530103e921e85a819fe6a5a958ea7b1d00708dd93,df2a2153f187cbfa2f500728f571ba93d90388f0c14202954839987370f19184,PASS,
h3r_conv1x1_4x9_c128__SSE-320__ethos-u85-256,h3r_conv1x1_4x9_c128,conv1x1,4,9,256,base,2,SUCCESS,6068,5909,159,0,0,1412,288,8affab949edbfd57f9b5218556ac97dc167c7902934f77c6c1ff6a5a2c2a6f3e,22e79ddb4e3cfba374a23213ab9bae89fd2a60a04e08197b4e2ac73b12d4a3a8,True,0.502,118.2,h3r_conv1x1_4x9_c128__SSE-320__ethos-u85-256__base__R2.txt,,,,PASS,
h3r_conv1x1_4x9_c128__SSE-320__ethos-u85-256,h3r_conv1x1_4x9_c128,conv1x1,4,9,256,base,3,SUCCESS,6068,5909,159,0,0,1412,288,8affab949edbfd57f9b5218556ac97dc167c7902934f77c6c1ff6a5a2c2a6f3e,22e79ddb4e3cfba374a23213ab9bae89fd2a60a04e08197b4e2ac73b12d4a3a8,True,0.502,119.7,h3r_conv1x1_4x9_c128__SSE-320__ethos-u85-256__base__R3.txt,,,,PASS,
h3r_conv1x1_4x9_c128__SSE-320__ethos-u85-256,h3r_conv1x1_4x9_c128,conv1x1,4,9,256,equalized,1,SUCCESS,4068,3847,221,0,0,1412,288,8affab949edbfd57f9b5218556ac97dc167c7902934f77c6c1ff6a5a2c2a6f3e,5cd7a9acbc21c2cc97a38c4e44d9be0897626cc48446c307abe3cc9771b987d8,True,0.502,117.0,h3r_conv1x1_4x9_c128__SSE-320__ethos-u85-256__equalized__R1.txt,SUCCESS,9946a8995a004673c57e5e5530103e921e85a819fe6a5a958ea7b1d00708dd93,f4dfc29306e256fd0f8faf2431522901cbf620ab52da3a50c70472534cf340fc,PASS,
h3r_conv1x1_4x9_c128__SSE-320__ethos-u85-256,h3r_conv1x1_4x9_c128,conv1x1,4,9,256,equalized,2,SUCCESS,4068,3847,221,0,0,1412,288,8affab949edbfd57f9b5218556ac97dc167c7902934f77c6c1ff6a5a2c2a6f3e,5cd7a9acbc21c2cc97a38c4e44d9be0897626cc48446c307abe3cc9771b987d8,True,0.502,118.5,h3r_conv1x1_4x9_c128__SSE-320__ethos-u85-256__equalized__R2.txt,,,,PASS,
h3r_conv1x1_4x9_c128__SSE-320__ethos-u85-256,h3r_conv1x1_4x9_c128,conv1x1,4,9,256,equalized,3,SUCCESS,4068,3847,221,0,0,1412,288,8affab949edbfd57f9b5218556ac97dc167c7902934f77c6c1ff6a5a2c2a6f3e,5cd7a9acbc21c2cc97a38c4e44d9be0897626cc48446c307abe3cc9771b987d8,True,0.502,120.0,h3r_conv1x1_4x9_c128__SSE-320__ethos-u85-256__equalized__R3.txt,,,,PASS,
h3r_conv1x1_4x9_c128__SSE-320__ethos-u85-512,h3r_conv1x1_4x9_c128,conv1x1,4,9,512,base,1,SUCCESS,7068,6057,1011,0,0,1414,288,d3a0a68fc5a5d0dd4bbd6f48ae986c0e626f1c1543d1c9337156cdee90ea92a8,3db1d8fe075bcb3b2eeba855056a462d1ceaead679cf32bce277bb9e05be64bd,True,0.552,121.1,h3r_conv1x1_4x9_c128__SSE-320__ethos-u85-512__base__R1.txt,SUCCESS,9946a8995a004673c57e5e5530103e921e85a819fe6a5a958ea7b1d00708dd93,7b7e36668bc622342b77a03ec294504a59e0475b1ba68baa691e8995cfcb4f5b,PASS,
h3r_conv1x1_4x9_c128__SSE-320__ethos-u85-512,h3r_conv1x1_4x9_c128,conv1x1,4,9,512,base,2,SUCCESS,7068,6057,1011,0,0,1414,288,d3a0a68fc5a5d0dd4bbd6f48ae986c0e626f1c1543d1c9337156cdee90ea92a8,3db1d8fe075bcb3b2eeba855056a462d1ceaead679cf32bce277bb9e05be64bd,True,0.502,122.7,h3r_conv1x1_4x9_c128__SSE-320__ethos-u85-512__base__R2.txt,,,,PASS,
h3r_conv1x1_4x9_c128__SSE-320__ethos-u85-512,h3r_conv1x1_4x9_c128,conv1x1,4,9,512,base,3,SUCCESS,7068,6057,1011,0,0,1414,288,d3a0a68fc5a5d0dd4bbd6f48ae986c0e626f1c1543d1c9337156cdee90ea92a8,3db1d8fe075bcb3b2eeba855056a462d1ceaead679cf32bce277bb9e05be64bd,True,0.502,124.2,h3r_conv1x1_4x9_c128__SSE-320__ethos-u85-512__base__R3.txt,,,,PASS,
h3r_conv1x1_4x9_c128__SSE-320__ethos-u85-512,h3r_conv1x1_4x9_c128,conv1x1,4,9,512,equalized,1,SUCCESS,3068,2962,106,0,0,1414,288,d3a0a68fc5a5d0dd4bbd6f48ae986c0e626f1c1543d1c9337156cdee90ea92a8,bb90615581665e7613dcf5adf21eabbd5daa098f7be34ba6932b48a8108e3d04,True,0.502,111.5,h3r_conv1x1_4x9_c128__SSE-320__ethos-u85-512__equalized__R1.txt,SUCCESS,9946a8995a004673c57e5e5530103e921e85a819fe6a5a958ea7b1d00708dd93,4b650fcc6a3224f4fccc05959348b84c6abacdfc1978ca4bf17e7e981aa18e32,PASS,
h3r_conv1x1_4x9_c128__SSE-320__ethos-u85-512,h3r_conv1x1_4x9_c128,conv1x1,4,9,512,equalized,2,SUCCESS,3068,2962,106,0,0,1414,288,d3a0a68fc5a5d0dd4bbd6f48ae986c0e626f1c1543d1c9337156cdee90ea92a8,bb90615581665e7613dcf5adf21eabbd5daa098f7be34ba6932b48a8108e3d04,True,0.502,113.0,h3r_conv1x1_4x9_c128__SSE-320__ethos-u85-512__equalized__R2.txt,,,,PASS,
h3r_conv1x1_4x9_c128__SSE-320__ethos-u85-512,h3r_conv1x1_4x9_c128,conv1x1,4,9,512,equalized,3,SUCCESS,3068,2962,106,0,0,1414,288,d3a0a68fc5a5d0dd4bbd6f48ae986c0e626f1c1543d1c9337156cdee90ea92a8,bb90615581665e7613dcf5adf21eabbd5daa098f7be34ba6932b48a8108e3d04,True,0.502,114.5,h3r_conv1x1_4x9_c128__SSE-320__ethos-u85-512__equalized__R3.txt,,,,PASS,
h3r_conv1x1_9x4_c128__SSE-320__ethos-u85-256,h3r_conv1x1_9x4_c128,conv1x1,9,4,256,base,1,SUCCESS,6068,5909,159,0,0,1412,288,4b4d6c922a9e6bdd8717fbda01b34aa9e70a018d0403e93179587b6b41c4411f,2e381e034ee822314f884cd0b6274fb4921e4e660a458094a78d44ef2161b447,True,0.502,112.3,h3r_conv1x1_9x4_c128__SSE-320__ethos-u85-256__base__R1.txt,SUCCESS,9946a8995a004673c57e5e5530103e921e85a819fe6a5a958ea7b1d00708dd93,6b621bdcc677c71c9637d89faae6b9e99fe2e3aaa18a40844e40e55cbd576925,PASS,
h3r_conv1x1_9x4_c128__SSE-320__ethos-u85-256,h3r_conv1x1_9x4_c128,conv1x1,9,4,256,base,2,SUCCESS,6068,5909,159,0,0,1412,288,4b4d6c922a9e6bdd8717fbda01b34aa9e70a018d0403e93179587b6b41c4411f,2e381e034ee822314f884cd0b6274fb4921e4e660a458094a78d44ef2161b447,True,0.502,113.8,h3r_conv1x1_9x4_c128__SSE-320__ethos-u85-256__base__R2.txt,,,,PASS,
h3r_conv1x1_9x4_c128__SSE-320__ethos-u85-256,h3r_conv1x1_9x4_c128,conv1x1,9,4,256,base,3,SUCCESS,6068,5909,159,0,0,1412,288,4b4d6c922a9e6bdd8717fbda01b34aa9e70a018d0403e93179587b6b41c4411f,2e381e034ee822314f884cd0b6274fb4921e4e660a458094a78d44ef2161b447,True,0.502,115.4,h3r_conv1x1_9x4_c128__SSE-320__ethos-u85-256__base__R3.txt,,,,PASS,
h3r_conv1x1_9x4_c128__SSE-320__ethos-u85-256,h3r_conv1x1_9x4_c128,conv1x1,9,4,256,equalized,1,SUCCESS,4068,3685,383,0,0,1412,288,4b4d6c922a9e6bdd8717fbda01b34aa9e70a018d0403e93179587b6b41c4411f,0abae7abad0e8551f0571e0ca944b54efebabde8602dc8216b67ffd822b15347,True,0.502,111.6,h3r_conv1x1_9x4_c128__SSE-320__ethos-u85-256__equalized__R1.txt,SUCCESS,9946a8995a004673c57e5e5530103e921e85a819fe6a5a958ea7b1d00708dd93,a05b9a73b6fd9104264b1325fdb64b66229b9871350f8ada97bf3f7e5fd3194c,PASS,
h3r_conv1x1_9x4_c128__SSE-320__ethos-u85-256,h3r_conv1x1_9x4_c128,conv1x1,9,4,256,equalized,2,SUCCESS,4068,3685,383,0,0,1412,288,4b4d6c922a9e6bdd8717fbda01b34aa9e70a018d0403e93179587b6b41c4411f,0abae7abad0e8551f0571e0ca944b54efebabde8602dc8216b67ffd822b15347,True,0.502,113.1,h3r_conv1x1_9x4_c128__SSE-320__ethos-u85-256__equalized__R2.txt,,,,PASS,
h3r_conv1x1_9x4_c128__SSE-320__ethos-u85-256,h3r_conv1x1_9x4_c128,conv1x1,9,4,256,equalized,3,SUCCESS,4068,3685,383,0,0,1412,288,4b4d6c922a9e6bdd8717fbda01b34aa9e70a018d0403e93179587b6b41c4411f,0abae7abad0e8551f0571e0ca944b54efebabde8602dc8216b67ffd822b15347,True,0.502,114.6,h3r_conv1x1_9x4_c128__SSE-320__ethos-u85-256__equalized__R3.txt,,,,PASS,
h3r_conv1x1_9x4_c128__SSE-320__ethos-u85-512,h3r_conv1x1_9x4_c128,conv1x1,9,4,512,base,1,SUCCESS,6068,5956,112,0,0,1414,288,9e90692ecb5fae4742b84d1362880cc433cf38edc964b6fe870764e67ec5fa21,ce6a67d74c4fdf5294f07370db1073a4da714a2b0648feb0e2a302757af50096,True,0.502,111.5,h3r_conv1x1_9x4_c128__SSE-320__ethos-u85-512__base__R1.txt,SUCCESS,9946a8995a004673c57e5e5530103e921e85a819fe6a5a958ea7b1d00708dd93,274a3d49c5d2257431432bd545a799cbfc8cdf38fb7e8d286c1270d07f3692ce,PASS,
h3r_conv1x1_9x4_c128__SSE-320__ethos-u85-512,h3r_conv1x1_9x4_c128,conv1x1,9,4,512,base,2,SUCCESS,6068,5956,112,0,0,1414,288,9e90692ecb5fae4742b84d1362880cc433cf38edc964b6fe870764e67ec5fa21,ce6a67d74c4fdf5294f07370db1073a4da714a2b0648feb0e2a302757af50096,True,0.502,113.0,h3r_conv1x1_9x4_c128__SSE-320__ethos-u85-512__base__R2.txt,,,,PASS,
h3r_conv1x1_9x4_c128__SSE-320__ethos-u85-512,h3r_conv1x1_9x4_c128,conv1x1,9,4,512,base,3,SUCCESS,6068,5956,112,0,0,1414,288,9e90692ecb5fae4742b84d1362880cc433cf38edc964b6fe870764e67ec5fa21,ce6a67d74c4fdf5294f07370db1073a4da714a2b0648feb0e2a302757af50096,True,0.502,114.5,h3r_conv1x1_9x4_c128__SSE-320__ethos-u85-512__base__R3.txt,,,,PASS,
h3r_conv1x1_9x4_c128__SSE-320__ethos-u85-512,h3r_conv1x1_9x4_c128,conv1x1,9,4,512,equalized,1,SUCCESS,3068,2804,264,0,0,1414,288,9e90692ecb5fae4742b84d1362880cc433cf38edc964b6fe870764e67ec5fa21,f4e818c4e35fea77970fad7e591453fd9f55202cf3322690cc46d28c3f650265,True,0.502,116.1,h3r_conv1x1_9x4_c128__SSE-320__ethos-u85-512__equalized__R1.txt,SUCCESS,9946a8995a004673c57e5e5530103e921e85a819fe6a5a958ea7b1d00708dd93,c25dbbb50d618d0b929d238f037a29c7fc4680eb45566e80404b0cfa00f024f0,PASS,
h3r_conv1x1_9x4_c128__SSE-320__ethos-u85-512,h3r_conv1x1_9x4_c128,conv1x1,9,4,512,equalized,2,SUCCESS,3068,2804,264,0,0,1414,288,9e90692ecb5fae4742b84d1362880cc433cf38edc964b6fe870764e67ec5fa21,f4e818c4e35fea77970fad7e591453fd9f55202cf3322690cc46d28c3f650265,True,0.502,117.7,h3r_conv1x1_9x4_c128__SSE-320__ethos-u85-512__equalized__R2.txt,,,,PASS,
h3r_conv1x1_9x4_c128__SSE-320__ethos-u85-512,h3r_conv1x1_9x4_c128,conv1x1,9,4,512,equalized,3,SUCCESS,3068,2804,264,0,0,1414,288,9e90692ecb5fae4742b84d1362880cc433cf38edc964b6fe870764e67ec5fa21,f4e818c4e35fea77970fad7e591453fd9f55202cf3322690cc46d28c3f650265,True,0.502,119.2,h3r_conv1x1_9x4_c128__SSE-320__ethos-u85-512__equalized__R3.txt,,,,PASS,
h3r_conv1x1_12x3_c128__SSE-320__ethos-u85-256,h3r_conv1x1_12x3_c128,conv1x1,12,3,256,base,1,SUCCESS,6068,5909,159,0,0,1412,288,737c2f8445d99cde3095866f0072edb75600f185f990e8574dbed8e0f0b083d1,53ab3ab12cb57129fb3e1749417f10176f495dd11436945ccee826591e0b0284,True,0.502,112.4,h3r_conv1x1_12x3_c128__SSE-320__ethos-u85-256__base__R1.txt,SUCCESS,9946a8995a004673c57e5e5530103e921e85a819fe6a5a958ea7b1d00708dd93,daeb4e7ddddb83ccf046f611e9f79813c5d618a1fda5eb8d67f7f7c1e11f79e4,PASS,
h3r_conv1x1_12x3_c128__SSE-320__ethos-u85-256,h3r_conv1x1_12x3_c128,conv1x1,12,3,256,base,2,SUCCESS,6068,5909,159,0,0,1412,288,737c2f8445d99cde3095866f0072edb75600f185f990e8574dbed8e0f0b083d1,53ab3ab12cb57129fb3e1749417f10176f495dd11436945ccee826591e0b0284,True,0.502,113.9,h3r_conv1x1_12x3_c128__SSE-320__ethos-u85-256__base__R2.txt,,,,PASS,
h3r_conv1x1_12x3_c128__SSE-320__ethos-u85-256,h3r_conv1x1_12x3_c128,conv1x1,12,3,256,base,3,SUCCESS,6068,5909,159,0,0,1412,288,737c2f8445d99cde3095866f0072edb75600f185f990e8574dbed8e0f0b083d1,53ab3ab12cb57129fb3e1749417f10176f495dd11436945ccee826591e0b0284,True,0.502,115.4,h3r_conv1x1_12x3_c128__SSE-320__ethos-u85-256__base__R3.txt,,,,PASS,
h3r_conv1x1_12x3_c128__SSE-320__ethos-u85-256,h3r_conv1x1_12x3_c128,conv1x1,12,3,256,equalized,1,SUCCESS,5068,4271,797,0,0,1412,288,737c2f8445d99cde3095866f0072edb75600f185f990e8574dbed8e0f0b083d1,9ac8702ebb9e86d1851104a886b388e91144fe3a58edff684ad8abf2ebee0f12,True,0.502,110.8,h3r_conv1x1_12x3_c128__SSE-320__ethos-u85-256__equalized__R1.txt,SUCCESS,9946a8995a004673c57e5e5530103e921e85a819fe6a5a958ea7b1d00708dd93,05a3a865d71513157f081275bd239a22870539ebc5032594924910175a9224e8,PASS,
h3r_conv1x1_12x3_c128__SSE-320__ethos-u85-256,h3r_conv1x1_12x3_c128,conv1x1,12,3,256,equalized,2,SUCCESS,5068,4271,797,0,0,1412,288,737c2f8445d99cde3095866f0072edb75600f185f990e8574dbed8e0f0b083d1,9ac8702ebb9e86d1851104a886b388e91144fe3a58edff684ad8abf2ebee0f12,True,0.502,112.4,h3r_conv1x1_12x3_c128__SSE-320__ethos-u85-256__equalized__R2.txt,,,,PASS,
h3r_conv1x1_12x3_c128__SSE-320__ethos-u85-256,h3r_conv1x1_12x3_c128,conv1x1,12,3,256,equalized,3,SUCCESS,5068,4271,797,0,0,1412,288,737c2f8445d99cde3095866f0072edb75600f185f990e8574dbed8e0f0b083d1,9ac8702ebb9e86d1851104a886b388e91144fe3a58edff684ad8abf2ebee0f12,True,0.501,113.9,h3r_conv1x1_12x3_c128__SSE-320__ethos-u85-256__equalized__R3.txt,,,,PASS,
h3r_conv1x1_12x3_c128__SSE-320__ethos-u85-512,h3r_conv1x1_12x3_c128,conv1x1,12,3,512,base,1,SUCCESS,7068,6008,1060,0,0,1414,288,335c6f2e3284c2c604065f64e30e5f29c648654fd2ada3495d2dc4905f3e57df,83c3525a9d361115ef8a4e74447fc0fe6ce76d71144aa11ebc8af38cc02a46dc,True,0.502,116.6,h3r_conv1x1_12x3_c128__SSE-320__ethos-u85-512__base__R1.txt,SUCCESS,9946a8995a004673c57e5e5530103e921e85a819fe6a5a958ea7b1d00708dd93,9285d87ba8afd9d6cd25ddb4d2dbf47dff5c0ac1ef2b3049fa86ccd95c20e321,PASS,
h3r_conv1x1_12x3_c128__SSE-320__ethos-u85-512,h3r_conv1x1_12x3_c128,conv1x1,12,3,512,base,2,SUCCESS,7068,6008,1060,0,0,1414,288,335c6f2e3284c2c604065f64e30e5f29c648654fd2ada3495d2dc4905f3e57df,83c3525a9d361115ef8a4e74447fc0fe6ce76d71144aa11ebc8af38cc02a46dc,True,0.502,118.1,h3r_conv1x1_12x3_c128__SSE-320__ethos-u85-512__base__R2.txt,,,,PASS,
h3r_conv1x1_12x3_c128__SSE-320__ethos-u85-512,h3r_conv1x1_12x3_c128,conv1x1,12,3,512,base,3,SUCCESS,7068,6008,1060,0,0,1414,288,335c6f2e3284c2c604065f64e30e5f29c648654fd2ada3495d2dc4905f3e57df,83c3525a9d361115ef8a4e74447fc0fe6ce76d71144aa11ebc8af38cc02a46dc,True,0.552,119.7,h3r_conv1x1_12x3_c128__SSE-320__ethos-u85-512__base__R3.txt,,,,PASS,
h3r_conv1x1_12x3_c128__SSE-320__ethos-u85-512,h3r_conv1x1_12x3_c128,conv1x1,12,3,512,equalized,1,SUCCESS,4068,3060,1008,0,0,1414,288,335c6f2e3284c2c604065f64e30e5f29c648654fd2ada3495d2dc4905f3e57df,495e3b922b90471c49563b69f8e97e9cdb5492d28e7e01cc7904140be420f71c,True,0.502,111.5,h3r_conv1x1_12x3_c128__SSE-320__ethos-u85-512__equalized__R1.txt,SUCCESS,9946a8995a004673c57e5e5530103e921e85a819fe6a5a958ea7b1d00708dd93,9e48111dcbcf834c299238dbb286490f95ef3024b39bb7d08006edb984bece4f,PASS,
h3r_conv1x1_12x3_c128__SSE-320__ethos-u85-512,h3r_conv1x1_12x3_c128,conv1x1,12,3,512,equalized,2,SUCCESS,4068,3060,1008,0,0,1414,288,335c6f2e3284c2c604065f64e30e5f29c648654fd2ada3495d2dc4905f3e57df,495e3b922b90471c49563b69f8e97e9cdb5492d28e7e01cc7904140be420f71c,True,0.502,113.0,h3r_conv1x1_12x3_c128__SSE-320__ethos-u85-512__equalized__R2.txt,,,,PASS,
h3r_conv1x1_12x3_c128__SSE-320__ethos-u85-512,h3r_conv1x1_12x3_c128,conv1x1,12,3,512,equalized,3,SUCCESS,4068,3060,1008,0,0,1414,288,335c6f2e3284c2c604065f64e30e5f29c648654fd2ada3495d2dc4905f3e57df,495e3b922b90471c49563b69f8e97e9cdb5492d28e7e01cc7904140be420f71c,True,0.703,114.7,h3r_conv1x1_12x3_c128__SSE-320__ethos-u85-512__equalized__R3.txt,,,,PASS,
h3r_conv1x1_18x2_c128__SSE-320__ethos-u85-256,h3r_conv1x1_18x2_c128,conv1x1,18,2,256,base,1,SUCCESS,6068,5909,159,0,0,1412,288,bbf66fd8c4cdd1a8aeda59395b9cbbb80bce445e08a83f78a2f2724378da8423,065f613c804a97bd326c24245f76ef2df9a3cf8a918c92ac20a009f486ad7676,True,0.502,116.2,h3r_conv1x1_18x2_c128__SSE-320__ethos-u85-256__base__R1.txt,SUCCESS,9946a8995a004673c57e5e5530103e921e85a819fe6a5a958ea7b1d00708dd93,b86c57c12800d7268fdd545ca42c08201989f89844cdb17d79b5bb119df4c993,PASS,
h3r_conv1x1_18x2_c128__SSE-320__ethos-u85-256,h3r_conv1x1_18x2_c128,conv1x1,18,2,256,base,2,SUCCESS,6068,5909,159,0,0,1412,288,bbf66fd8c4cdd1a8aeda59395b9cbbb80bce445e08a83f78a2f2724378da8423,065f613c804a97bd326c24245f76ef2df9a3cf8a918c92ac20a009f486ad7676,True,0.502,117.8,h3r_conv1x1_18x2_c128__SSE-320__ethos-u85-256__base__R2.txt,,,,PASS,
h3r_conv1x1_18x2_c128__SSE-320__ethos-u85-256,h3r_conv1x1_18x2_c128,conv1x1,18,2,256,base,3,SUCCESS,6068,5909,159,0,0,1412,288,bbf66fd8c4cdd1a8aeda59395b9cbbb80bce445e08a83f78a2f2724378da8423,065f613c804a97bd326c24245f76ef2df9a3cf8a918c92ac20a009f486ad7676,True,0.502,119.3,h3r_conv1x1_18x2_c128__SSE-320__ethos-u85-256__base__R3.txt,,,,PASS,
h3r_conv1x1_18x2_c128__SSE-320__ethos-u85-256,h3r_conv1x1_18x2_c128,conv1x1,18,2,256,equalized,1,SUCCESS,4068,3685,383,0,0,1412,288,bbf66fd8c4cdd1a8aeda59395b9cbbb80bce445e08a83f78a2f2724378da8423,992a84bcf3fcd6afe1c138b26ae8e8e2b053841635a9c72b8b08f1f9cfc2bdb1,True,0.502,116.4,h3r_conv1x1_18x2_c128__SSE-320__ethos-u85-256__equalized__R1.txt,SUCCESS,9946a8995a004673c57e5e5530103e921e85a819fe6a5a958ea7b1d00708dd93,4277eb1896a319ed7a6f6289422d6dbfb74e7806ab974f649f30fe403b99a4c8,PASS,
h3r_conv1x1_18x2_c128__SSE-320__ethos-u85-256,h3r_conv1x1_18x2_c128,conv1x1,18,2,256,equalized,2,SUCCESS,4068,3685,383,0,0,1412,288,bbf66fd8c4cdd1a8aeda59395b9cbbb80bce445e08a83f78a2f2724378da8423,992a84bcf3fcd6afe1c138b26ae8e8e2b053841635a9c72b8b08f1f9cfc2bdb1,True,0.502,118.0,h3r_conv1x1_18x2_c128__SSE-320__ethos-u85-256__equalized__R2.txt,,,,PASS,
h3r_conv1x1_18x2_c128__SSE-320__ethos-u85-256,h3r_conv1x1_18x2_c128,conv1x1,18,2,256,equalized,3,SUCCESS,4068,3685,383,0,0,1412,288,bbf66fd8c4cdd1a8aeda59395b9cbbb80bce445e08a83f78a2f2724378da8423,992a84bcf3fcd6afe1c138b26ae8e8e2b053841635a9c72b8b08f1f9cfc2bdb1,True,0.502,119.5,h3r_conv1x1_18x2_c128__SSE-320__ethos-u85-256__equalized__R3.txt,,,,PASS,
h3r_conv1x1_18x2_c128__SSE-320__ethos-u85-512,h3r_conv1x1_18x2_c128,conv1x1,18,2,512,base,1,SUCCESS,6068,5956,112,0,0,1414,288,8989a2d902101c871088e4b2e02c0d68ef406106ebca267e8f865351aa111d62,32c98fc6f91083bef71c04f7c5a62751d81c7c8d9eb85ecda6d54964c721bf30,True,0.502,111.7,h3r_conv1x1_18x2_c128__SSE-320__ethos-u85-512__base__R1.txt,SUCCESS,9946a8995a004673c57e5e5530103e921e85a819fe6a5a958ea7b1d00708dd93,5b2ebd611e52f42729c4e2dab4903f480df4c86ec7dcb17c143d994c7603fbf1,PASS,
h3r_conv1x1_18x2_c128__SSE-320__ethos-u85-512,h3r_conv1x1_18x2_c128,conv1x1,18,2,512,base,2,SUCCESS,6068,5956,112,0,0,1414,288,8989a2d902101c871088e4b2e02c0d68ef406106ebca267e8f865351aa111d62,32c98fc6f91083bef71c04f7c5a62751d81c7c8d9eb85ecda6d54964c721bf30,True,0.501,113.3,h3r_conv1x1_18x2_c128__SSE-320__ethos-u85-512__base__R2.txt,,,,PASS,
h3r_conv1x1_18x2_c128__SSE-320__ethos-u85-512,h3r_conv1x1_18x2_c128,conv1x1,18,2,512,base,3,SUCCESS,6068,5956,112,0,0,1414,288,8989a2d902101c871088e4b2e02c0d68ef406106ebca267e8f865351aa111d62,32c98fc6f91083bef71c04f7c5a62751d81c7c8d9eb85ecda6d54964c721bf30,True,0.502,114.8,h3r_conv1x1_18x2_c128__SSE-320__ethos-u85-512__base__R3.txt,,,,PASS,
h3r_conv1x1_18x2_c128__SSE-320__ethos-u85-512,h3r_conv1x1_18x2_c128,conv1x1,18,2,512,equalized,1,SUCCESS,3068,2804,264,0,0,1414,288,8989a2d902101c871088e4b2e02c0d68ef406106ebca267e8f865351aa111d62,936c2c4a98dc13b0d0f00d62f43f0dd1adea2a28f09dbfb541259ee69e92f216,True,0.502,111.4,h3r_conv1x1_18x2_c128__SSE-320__ethos-u85-512__equalized__R1.txt,SUCCESS,9946a8995a004673c57e5e5530103e921e85a819fe6a5a958ea7b1d00708dd93,b6a0e1cd777841509c4fd9f38c000d4036d2c619a1c8320154b25e7ce06b0872,PASS,
h3r_conv1x1_18x2_c128__SSE-320__ethos-u85-512,h3r_conv1x1_18x2_c128,conv1x1,18,2,512,equalized,2,SUCCESS,3068,2804,264,0,0,1414,288,8989a2d902101c871088e4b2e02c0d68ef406106ebca267e8f865351aa111d62,936c2c4a98dc13b0d0f00d62f43f0dd1adea2a28f09dbfb541259ee69e92f216,True,0.502,112.9,h3r_conv1x1_18x2_c128__SSE-320__ethos-u85-512__equalized__R2.txt,,,,PASS,
h3r_conv1x1_18x2_c128__SSE-320__ethos-u85-512,h3r_conv1x1_18x2_c128,conv1x1,18,2,512,equalized,3,SUCCESS,3068,2804,264,0,0,1414,288,8989a2d902101c871088e4b2e02c0d68ef406106ebca267e8f865351aa111d62,936c2c4a98dc13b0d0f00d62f43f0dd1adea2a28f09dbfb541259ee69e92f216,True,0.502,114.4,h3r_conv1x1_18x2_c128__SSE-320__ethos-u85-512__equalized__R3.txt,,,,PASS,
h3r_conv1x1_36x1_c128__SSE-320__ethos-u85-256,h3r_conv1x1_36x1_c128,conv1x1,36,1,256,base,1,SUCCESS,10068,9505,563,2216,1108,2296,288,d9e9d81a7ba6629695ad027c1acb9f1142f0967082b92b72f643d426a7322d05,d05b21c2e6d04df5d3e35acf83795b91c38f75d36f27a0503db6697dab6d4268,True,0.552,110.9,h3r_conv1x1_36x1_c128__SSE-320__ethos-u85-256__base__R1.txt,SUCCESS,9946a8995a004673c57e5e5530103e921e85a819fe6a5a958ea7b1d00708dd93,b61a276c7182bb7edbef30cac4da13936eded801bfec4491b40dcd727b734056,PASS,
h3r_conv1x1_36x1_c128__SSE-320__ethos-u85-256,h3r_conv1x1_36x1_c128,conv1x1,36,1,256,base,2,SUCCESS,10068,9505,563,2216,1108,2296,288,d9e9d81a7ba6629695ad027c1acb9f1142f0967082b92b72f643d426a7322d05,d05b21c2e6d04df5d3e35acf83795b91c38f75d36f27a0503db6697dab6d4268,True,0.552,112.5,h3r_conv1x1_36x1_c128__SSE-320__ethos-u85-256__base__R2.txt,,,,PASS,
h3r_conv1x1_36x1_c128__SSE-320__ethos-u85-256,h3r_conv1x1_36x1_c128,conv1x1,36,1,256,base,3,SUCCESS,10068,9505,563,2216,1108,2296,288,d9e9d81a7ba6629695ad027c1acb9f1142f0967082b92b72f643d426a7322d05,d05b21c2e6d04df5d3e35acf83795b91c38f75d36f27a0503db6697dab6d4268,True,0.552,114.1,h3r_conv1x1_36x1_c128__SSE-320__ethos-u85-256__base__R3.txt,,,,PASS,
h3r_conv1x1_36x1_c128__SSE-320__ethos-u85-256,h3r_conv1x1_36x1_c128,conv1x1,36,1,256,equalized,1,SUCCESS,6068,5659,409,2216,1108,2296,288,d9e9d81a7ba6629695ad027c1acb9f1142f0967082b92b72f643d426a7322d05,e899394f2a6b9d6e454de90d6fda4d349eaac5576d4190d88b2fd087f9df6de2,True,0.502,111.3,h3r_conv1x1_36x1_c128__SSE-320__ethos-u85-256__equalized__R1.txt,SUCCESS,9946a8995a004673c57e5e5530103e921e85a819fe6a5a958ea7b1d00708dd93,439e03e2d3c65d142deb530839d5d98b29e6a2eb25db23eedb0b6ed514372bf6,PASS,
h3r_conv1x1_36x1_c128__SSE-320__ethos-u85-256,h3r_conv1x1_36x1_c128,conv1x1,36,1,256,equalized,2,SUCCESS,6068,5659,409,2216,1108,2296,288,d9e9d81a7ba6629695ad027c1acb9f1142f0967082b92b72f643d426a7322d05,e899394f2a6b9d6e454de90d6fda4d349eaac5576d4190d88b2fd087f9df6de2,True,0.502,112.8,h3r_conv1x1_36x1_c128__SSE-320__ethos-u85-256__equalized__R2.txt,,,,PASS,
h3r_conv1x1_36x1_c128__SSE-320__ethos-u85-256,h3r_conv1x1_36x1_c128,conv1x1,36,1,256,equalized,3,SUCCESS,6068,5659,409,2216,1108,2296,288,d9e9d81a7ba6629695ad027c1acb9f1142f0967082b92b72f643d426a7322d05,e899394f2a6b9d6e454de90d6fda4d349eaac5576d4190d88b2fd087f9df6de2,True,0.552,114.4,h3r_conv1x1_36x1_c128__SSE-320__ethos-u85-256__equalized__R3.txt,,,,PASS,
h3r_conv1x1_36x1_c128__SSE-320__ethos-u85-512,h3r_conv1x1_36x1_c128,conv1x1,36,1,512,base,1,SUCCESS,7068,6035,1033,0,0,1414,288,36cd621873e457a4ce058141c24a6094f249971e98c3b9129f8e14a37a871d50,6cc1970a85b7a08d3c5b22b932504b2d7d9893ec565423b01b7de62ec88b68c8,True,0.502,111.2,h3r_conv1x1_36x1_c128__SSE-320__ethos-u85-512__base__R1.txt,SUCCESS,9946a8995a004673c57e5e5530103e921e85a819fe6a5a958ea7b1d00708dd93,584ec2ea9e2cf871cb33c8d5ae36c0d364a57d748809d2796982bf81249cb384,PASS,
h3r_conv1x1_36x1_c128__SSE-320__ethos-u85-512,h3r_conv1x1_36x1_c128,conv1x1,36,1,512,base,2,SUCCESS,7068,6035,1033,0,0,1414,288,36cd621873e457a4ce058141c24a6094f249971e98c3b9129f8e14a37a871d50,6cc1970a85b7a08d3c5b22b932504b2d7d9893ec565423b01b7de62ec88b68c8,True,0.502,112.7,h3r_conv1x1_36x1_c128__SSE-320__ethos-u85-512__base__R2.txt,,,,PASS,
h3r_conv1x1_36x1_c128__SSE-320__ethos-u85-512,h3r_conv1x1_36x1_c128,conv1x1,36,1,512,base,3,SUCCESS,7068,6035,1033,0,0,1414,288,36cd621873e457a4ce058141c24a6094f249971e98c3b9129f8e14a37a871d50,6cc1970a85b7a08d3c5b22b932504b2d7d9893ec565423b01b7de62ec88b68c8,True,0.502,114.2,h3r_conv1x1_36x1_c128__SSE-320__ethos-u85-512__base__R3.txt,,,,PASS,
h3r_conv1x1_36x1_c128__SSE-320__ethos-u85-512,h3r_conv1x1_36x1_c128,conv1x1,36,1,512,equalized,1,SUCCESS,4068,3173,895,0,0,1414,288,36cd621873e457a4ce058141c24a6094f249971e98c3b9129f8e14a37a871d50,a0dc32e63371464a21dbfe3b516500f101035bafad917c3e2097720fca1cdc5e,True,0.502,111.4,h3r_conv1x1_36x1_c128__SSE-320__ethos-u85-512__equalized__R1.txt,SUCCESS,9946a8995a004673c57e5e5530103e921e85a819fe6a5a958ea7b1d00708dd93,a3ee23dd470e1c2cbeb0db3be328689029234a56e54ad57e661c7b52aa4d1039,PASS,
h3r_conv1x1_36x1_c128__SSE-320__ethos-u85-512,h3r_conv1x1_36x1_c128,conv1x1,36,1,512,equalized,2,SUCCESS,4068,3173,895,0,0,1414,288,36cd621873e457a4ce058141c24a6094f249971e98c3b9129f8e14a37a871d50,a0dc32e63371464a21dbfe3b516500f101035bafad917c3e2097720fca1cdc5e,True,0.502,112.9,h3r_conv1x1_36x1_c128__SSE-320__ethos-u85-512__equalized__R2.txt,,,,PASS,
h3r_conv1x1_36x1_c128__SSE-320__ethos-u85-512,h3r_conv1x1_36x1_c128,conv1x1,36,1,512,equalized,3,SUCCESS,4068,3173,895,0,0,1414,288,36cd621873e457a4ce058141c24a6094f249971e98c3b9129f8e14a37a871d50,a0dc32e63371464a21dbfe3b516500f101035bafad917c3e2097720fca1cdc5e,True,0.502,114.4,h3r_conv1x1_36x1_c128__SSE-320__ethos-u85-512__equalized__R3.txt,,,,PASS,
h3r_conv3x3_1x36_c128__SSE-320__ethos-u85-256,h3r_conv3x3_1x36_c128,conv3x3,1,36,256,base,1,SUCCESS,31068,30996,72,0,0,10917,288,81e353edbd1fe8a2841d34ceef0e315c0c4af6ac269ac80fb8434b5371ae8067,468285228483b02b80ca725600c44eafff8c87c9ce8f5fed341b045577dae856,True,0.602,111.3,h3r_conv3x3_1x36_c128__SSE-320__ethos-u85-256__base__R1.txt,SUCCESS,4e7cd7a46e331f895051c85ee2c29b3e0a386de08c62c6bc0e523c476a2b1ad1,f64a1d7e2bda7d59d6834b1d523c52d9adaa07de30666c0aae3de5dab9a91c74,PASS,
h3r_conv3x3_1x36_c128__SSE-320__ethos-u85-256,h3r_conv3x3_1x36_c128,conv3x3,1,36,256,base,2,SUCCESS,31068,30996,72,0,0,10917,288,81e353edbd1fe8a2841d34ceef0e315c0c4af6ac269ac80fb8434b5371ae8067,468285228483b02b80ca725600c44eafff8c87c9ce8f5fed341b045577dae856,True,0.652,112.9,h3r_conv3x3_1x36_c128__SSE-320__ethos-u85-256__base__R2.txt,,,,PASS,
h3r_conv3x3_1x36_c128__SSE-320__ethos-u85-256,h3r_conv3x3_1x36_c128,conv3x3,1,36,256,base,3,SUCCESS,31068,30996,72,0,0,10917,288,81e353edbd1fe8a2841d34ceef0e315c0c4af6ac269ac80fb8434b5371ae8067,468285228483b02b80ca725600c44eafff8c87c9ce8f5fed341b045577dae856,True,0.602,114.5,h3r_conv3x3_1x36_c128__SSE-320__ethos-u85-256__base__R3.txt,,,,PASS,
h3r_conv3x3_1x36_c128__SSE-320__ethos-u85-256,h3r_conv3x3_1x36_c128,conv3x3,1,36,256,equalized,1,SUCCESS,25068,24839,229,0,0,10917,288,81e353edbd1fe8a2841d34ceef0e315c0c4af6ac269ac80fb8434b5371ae8067,62cd7f1bdd65923947a08492629da0ef3a2582fa70cb6e6d773d4e3d059443fb,True,0.602,111.4,h3r_conv3x3_1x36_c128__SSE-320__ethos-u85-256__equalized__R1.txt,SUCCESS,4e7cd7a46e331f895051c85ee2c29b3e0a386de08c62c6bc0e523c476a2b1ad1,f3cbf6edcb05a5ceadd564d486bf6611ac3e88e19e34567c4b50d4a1eb2abb5d,PASS,
h3r_conv3x3_1x36_c128__SSE-320__ethos-u85-256,h3r_conv3x3_1x36_c128,conv3x3,1,36,256,equalized,2,SUCCESS,25068,24839,229,0,0,10917,288,81e353edbd1fe8a2841d34ceef0e315c0c4af6ac269ac80fb8434b5371ae8067,62cd7f1bdd65923947a08492629da0ef3a2582fa70cb6e6d773d4e3d059443fb,True,0.602,113.0,h3r_conv3x3_1x36_c128__SSE-320__ethos-u85-256__equalized__R2.txt,,,,PASS,
h3r_conv3x3_1x36_c128__SSE-320__ethos-u85-256,h3r_conv3x3_1x36_c128,conv3x3,1,36,256,equalized,3,SUCCESS,25068,24839,229,0,0,10917,288,81e353edbd1fe8a2841d34ceef0e315c0c4af6ac269ac80fb8434b5371ae8067,62cd7f1bdd65923947a08492629da0ef3a2582fa70cb6e6d773d4e3d059443fb,True,0.602,114.6,h3r_conv3x3_1x36_c128__SSE-320__ethos-u85-256__equalized__R3.txt,,,,PASS,
h3r_conv3x3_1x36_c128__SSE-320__ethos-u85-512,h3r_conv3x3_1x36_c128,conv3x3,1,36,512,base,1,SUCCESS,29068,28307,761,0,0,10774,288,4d50c2807ed70d5d0f87e440b7a3fa544384698746322bf891b1deac72977c54,d8ef31bc275fe9aa0b26de19a8f797dc0a99c5a4eb1d14c8ab0178cca9606013,True,0.602,111.1,h3r_conv3x3_1x36_c128__SSE-320__ethos-u85-512__base__R1.txt,SUCCESS,4e7cd7a46e331f895051c85ee2c29b3e0a386de08c62c6bc0e523c476a2b1ad1,fc13ab48c8df079b1b9c094db3d04dfcf250e974db1d60e19864cc45a6c41d7d,PASS,
h3r_conv3x3_1x36_c128__SSE-320__ethos-u85-512,h3r_conv3x3_1x36_c128,conv3x3,1,36,512,base,2,SUCCESS,29068,28307,761,0,0,10774,288,4d50c2807ed70d5d0f87e440b7a3fa544384698746322bf891b1deac72977c54,d8ef31bc275fe9aa0b26de19a8f797dc0a99c5a4eb1d14c8ab0178cca9606013,True,0.602,112.8,h3r_conv3x3_1x36_c128__SSE-320__ethos-u85-512__base__R2.txt,,,,PASS,
h3r_conv3x3_1x36_c128__SSE-320__ethos-u85-512,h3r_conv3x3_1x36_c128,conv3x3,1,36,512,base,3,SUCCESS,29068,28307,761,0,0,10774,288,4d50c2807ed70d5d0f87e440b7a3fa544384698746322bf891b1deac72977c54,d8ef31bc275fe9aa0b26de19a8f797dc0a99c5a4eb1d14c8ab0178cca9606013,True,0.602,114.4,h3r_conv3x3_1x36_c128__SSE-320__ethos-u85-512__base__R3.txt,,,,PASS,
h3r_conv3x3_1x36_c128__SSE-320__ethos-u85-512,h3r_conv3x3_1x36_c128,conv3x3,1,36,512,equalized,1,SUCCESS,14068,13399,669,0,0,10774,288,4d50c2807ed70d5d0f87e440b7a3fa544384698746322bf891b1deac72977c54,1fa2e7b4509b133bf663713c716e2bfcaaebbffa2b721eeef517bd712f113e46,True,0.602,116.7,h3r_conv3x3_1x36_c128__SSE-320__ethos-u85-512__equalized__R1.txt,SUCCESS,4e7cd7a46e331f895051c85ee2c29b3e0a386de08c62c6bc0e523c476a2b1ad1,7c83bfdbd6ce314e1a466441a705d8fafd992650e32c4a0f25d351adde26b32b,PASS,
h3r_conv3x3_1x36_c128__SSE-320__ethos-u85-512,h3r_conv3x3_1x36_c128,conv3x3,1,36,512,equalized,2,SUCCESS,14068,13399,669,0,0,10774,288,4d50c2807ed70d5d0f87e440b7a3fa544384698746322bf891b1deac72977c54,1fa2e7b4509b133bf663713c716e2bfcaaebbffa2b721eeef517bd712f113e46,True,0.802,118.5,h3r_conv3x3_1x36_c128__SSE-320__ethos-u85-512__equalized__R2.txt,,,,PASS,
h3r_conv3x3_1x36_c128__SSE-320__ethos-u85-512,h3r_conv3x3_1x36_c128,conv3x3,1,36,512,equalized,3,SUCCESS,14068,13399,669,0,0,10774,288,4d50c2807ed70d5d0f87e440b7a3fa544384698746322bf891b1deac72977c54,1fa2e7b4509b133bf663713c716e2bfcaaebbffa2b721eeef517bd712f113e46,True,0.602,120.1,h3r_conv3x3_1x36_c128__SSE-320__ethos-u85-512__equalized__R3.txt,,,,PASS,
h3r_conv3x3_2x18_c128__SSE-320__ethos-u85-256,h3r_conv3x3_2x18_c128,conv3x3,2,18,256,base,1,SUCCESS,31068,30993,75,0,0,10917,288,9c514738114c28deedfca906a0148ba90dcb9224b62a9151a6d6b478caa20e5c,b6fa5181d967b28944f700d98d8279949e3d2fc46a0df8d8f1c280ea5b3ba167,True,0.652,112.3,h3r_conv3x3_2x18_c128__SSE-320__ethos-u85-256__base__R1.txt,SUCCESS,89319aef49163adc3c63fee1418518a0387cfde4e6f7dfa20de3e275e3809d73,ae94b1aa8cdd8524fd8ef08ab6d52474770b37c55bb5de65d5894fc7b97e6af3,PASS,
h3r_conv3x3_2x18_c128__SSE-320__ethos-u85-256,h3r_conv3x3_2x18_c128,conv3x3,2,18,256,base,2,SUCCESS,31068,30993,75,0,0,10917,288,9c514738114c28deedfca906a0148ba90dcb9224b62a9151a6d6b478caa20e5c,b6fa5181d967b28944f700d98d8279949e3d2fc46a0df8d8f1c280ea5b3ba167,True,0.602,113.9,h3r_conv3x3_2x18_c128__SSE-320__ethos-u85-256__base__R2.txt,,,,PASS,
h3r_conv3x3_2x18_c128__SSE-320__ethos-u85-256,h3r_conv3x3_2x18_c128,conv3x3,2,18,256,base,3,SUCCESS,31068,30993,75,0,0,10917,288,9c514738114c28deedfca906a0148ba90dcb9224b62a9151a6d6b478caa20e5c,b6fa5181d967b28944f700d98d8279949e3d2fc46a0df8d8f1c280ea5b3ba167,True,0.602,115.6,h3r_conv3x3_2x18_c128__SSE-320__ethos-u85-256__base__R3.txt,,,,PASS,
h3r_conv3x3_2x18_c128__SSE-320__ethos-u85-256,h3r_conv3x3_2x18_c128,conv3x3,2,18,256,equalized,1,SUCCESS,25068,24839,229,0,0,10917,288,9c514738114c28deedfca906a0148ba90dcb9224b62a9151a6d6b478caa20e5c,c19b16d4c03bfae3e1e5ab04ac92f39f939822e1a2cc7b734560b596ce931d22,True,0.602,112.0,h3r_conv3x3_2x18_c128__SSE-320__ethos-u85-256__equalized__R1.txt,SUCCESS,89319aef49163adc3c63fee1418518a0387cfde4e6f7dfa20de3e275e3809d73,6dc80719d86af18f9456f52687f2f99f560e0f1b134fb6aae7b32d09be631fd5,PASS,
h3r_conv3x3_2x18_c128__SSE-320__ethos-u85-256,h3r_conv3x3_2x18_c128,conv3x3,2,18,256,equalized,2,SUCCESS,25068,24839,229,0,0,10917,288,9c514738114c28deedfca906a0148ba90dcb9224b62a9151a6d6b478caa20e5c,c19b16d4c03bfae3e1e5ab04ac92f39f939822e1a2cc7b734560b596ce931d22,True,0.602,113.6,h3r_conv3x3_2x18_c128__SSE-320__ethos-u85-256__equalized__R2.txt,,,,PASS,
h3r_conv3x3_2x18_c128__SSE-320__ethos-u85-256,h3r_conv3x3_2x18_c128,conv3x3,2,18,256,equalized,3,SUCCESS,25068,24839,229,0,0,10917,288,9c514738114c28deedfca906a0148ba90dcb9224b62a9151a6d6b478caa20e5c,c19b16d4c03bfae3e1e5ab04ac92f39f939822e1a2cc7b734560b596ce931d22,True,0.602,115.2,h3r_conv3x3_2x18_c128__SSE-320__ethos-u85-256__equalized__R3.txt,,,,PASS,
h3r_conv3x3_2x18_c128__SSE-320__ethos-u85-512,h3r_conv3x3_2x18_c128,conv3x3,2,18,512,base,1,SUCCESS,29068,28307,761,0,0,10774,288,ccf6fa121f639197ed2127be41aa3ae6ca9a1d5abc438639cea0005f55957273,b2500ef2570a3353b7a6f11f8ed4da4631130815aff63bf80bbc0a3719757ff7,True,0.652,111.6,h3r_conv3x3_2x18_c128__SSE-320__ethos-u85-512__base__R1.txt,SUCCESS,89319aef49163adc3c63fee1418518a0387cfde4e6f7dfa20de3e275e3809d73,79ac4c6fb68ac03081066f817771c2bd62291ac1b7436e417cbbe6451164223a,PASS,
h3r_conv3x3_2x18_c128__SSE-320__ethos-u85-512,h3r_conv3x3_2x18_c128,conv3x3,2,18,512,base,2,SUCCESS,29068,28307,761,0,0,10774,288,ccf6fa121f639197ed2127be41aa3ae6ca9a1d5abc438639cea0005f55957273,b2500ef2570a3353b7a6f11f8ed4da4631130815aff63bf80bbc0a3719757ff7,True,0.652,113.3,h3r_conv3x3_2x18_c128__SSE-320__ethos-u85-512__base__R2.txt,,,,PASS,
h3r_conv3x3_2x18_c128__SSE-320__ethos-u85-512,h3r_conv3x3_2x18_c128,conv3x3,2,18,512,base,3,SUCCESS,29068,28307,761,0,0,10774,288,ccf6fa121f639197ed2127be41aa3ae6ca9a1d5abc438639cea0005f55957273,b2500ef2570a3353b7a6f11f8ed4da4631130815aff63bf80bbc0a3719757ff7,True,0.602,114.9,h3r_conv3x3_2x18_c128__SSE-320__ethos-u85-512__base__R3.txt,,,,PASS,
h3r_conv3x3_2x18_c128__SSE-320__ethos-u85-512,h3r_conv3x3_2x18_c128,conv3x3,2,18,512,equalized,1,SUCCESS,14068,13399,669,0,0,10774,288,ccf6fa121f639197ed2127be41aa3ae6ca9a1d5abc438639cea0005f55957273,78ce5757d69585c3f748888b4b0a1f92bf5ba1d8e30db412cd182253d33d24f3,True,0.602,111.7,h3r_conv3x3_2x18_c128__SSE-320__ethos-u85-512__equalized__R1.txt,SUCCESS,89319aef49163adc3c63fee1418518a0387cfde4e6f7dfa20de3e275e3809d73,75ca8660895f779ba727af8bec29f631d419c94fbcf1b93555ad4572b0b856ec,PASS,
h3r_conv3x3_2x18_c128__SSE-320__ethos-u85-512,h3r_conv3x3_2x18_c128,conv3x3,2,18,512,equalized,2,SUCCESS,14068,13399,669,0,0,10774,288,ccf6fa121f639197ed2127be41aa3ae6ca9a1d5abc438639cea0005f55957273,78ce5757d69585c3f748888b4b0a1f92bf5ba1d8e30db412cd182253d33d24f3,True,0.602,113.3,h3r_conv3x3_2x18_c128__SSE-320__ethos-u85-512__equalized__R2.txt,,,,PASS,
h3r_conv3x3_2x18_c128__SSE-320__ethos-u85-512,h3r_conv3x3_2x18_c128,conv3x3,2,18,512,equalized,3,SUCCESS,14068,13399,669,0,0,10774,288,ccf6fa121f639197ed2127be41aa3ae6ca9a1d5abc438639cea0005f55957273,78ce5757d69585c3f748888b4b0a1f92bf5ba1d8e30db412cd182253d33d24f3,True,0.602,114.9,h3r_conv3x3_2x18_c128__SSE-320__ethos-u85-512__equalized__R3.txt,,,,PASS,
h3r_conv3x3_3x12_c128__SSE-320__ethos-u85-256,h3r_conv3x3_3x12_c128,conv3x3,3,12,256,base,1,SUCCESS,31068,30950,118,0,0,10917,288,5fa24723423a89a19b3bc0140a03c35941d2ea91595b866f2e8c23592fcfdc3e,b8b9d7d95f5ac6664ad27da40b27829049dc4e0fb00bee9f2e1dc4070e0cf626,True,0.652,111.6,h3r_conv3x3_3x12_c128__SSE-320__ethos-u85-256__base__R1.txt,SUCCESS,34bd5564366f34916d75bac6beab321c7fa91c85365610bf96588931c589e7ef,3d75bc848f27f6513fb984cc339007ad96094ccad73f4a4c02da8a8a154c8c29,PASS,
h3r_conv3x3_3x12_c128__SSE-320__ethos-u85-256,h3r_conv3x3_3x12_c128,conv3x3,3,12,256,base,2,SUCCESS,31068,30950,118,0,0,10917,288,5fa24723423a89a19b3bc0140a03c35941d2ea91595b866f2e8c23592fcfdc3e,b8b9d7d95f5ac6664ad27da40b27829049dc4e0fb00bee9f2e1dc4070e0cf626,True,0.652,113.3,h3r_conv3x3_3x12_c128__SSE-320__ethos-u85-256__base__R2.txt,,,,PASS,
h3r_conv3x3_3x12_c128__SSE-320__ethos-u85-256,h3r_conv3x3_3x12_c128,conv3x3,3,12,256,base,3,SUCCESS,31068,30950,118,0,0,10917,288,5fa24723423a89a19b3bc0140a03c35941d2ea91595b866f2e8c23592fcfdc3e,b8b9d7d95f5ac6664ad27da40b27829049dc4e0fb00bee9f2e1dc4070e0cf626,True,0.602,114.9,h3r_conv3x3_3x12_c128__SSE-320__ethos-u85-256__base__R3.txt,,,,PASS,
h3r_conv3x3_3x12_c128__SSE-320__ethos-u85-256,h3r_conv3x3_3x12_c128,conv3x3,3,12,256,equalized,1,SUCCESS,25068,24735,333,0,0,10917,288,5fa24723423a89a19b3bc0140a03c35941d2ea91595b866f2e8c23592fcfdc3e,d19a46473542cf43f88ffce758488c74c36d9b2809f053e109d9885881baecba,True,0.602,112.0,h3r_conv3x3_3x12_c128__SSE-320__ethos-u85-256__equalized__R1.txt,SUCCESS,34bd5564366f34916d75bac6beab321c7fa91c85365610bf96588931c589e7ef,3da9d57a33a699ce8aa72f76aef3ddf8dd2c34259224dfabb4531fd4d413e4e6,PASS,
h3r_conv3x3_3x12_c128__SSE-320__ethos-u85-256,h3r_conv3x3_3x12_c128,conv3x3,3,12,256,equalized,2,SUCCESS,25068,24735,333,0,0,10917,288,5fa24723423a89a19b3bc0140a03c35941d2ea91595b866f2e8c23592fcfdc3e,d19a46473542cf43f88ffce758488c74c36d9b2809f053e109d9885881baecba,True,0.652,113.7,h3r_conv3x3_3x12_c128__SSE-320__ethos-u85-256__equalized__R2.txt,,,,PASS,
h3r_conv3x3_3x12_c128__SSE-320__ethos-u85-256,h3r_conv3x3_3x12_c128,conv3x3,3,12,256,equalized,3,SUCCESS,25068,24735,333,0,0,10917,288,5fa24723423a89a19b3bc0140a03c35941d2ea91595b866f2e8c23592fcfdc3e,d19a46473542cf43f88ffce758488c74c36d9b2809f053e109d9885881baecba,True,0.602,115.3,h3r_conv3x3_3x12_c128__SSE-320__ethos-u85-256__equalized__R3.txt,,,,PASS,
h3r_conv3x3_3x12_c128__SSE-320__ethos-u85-512,h3r_conv3x3_3x12_c128,conv3x3,3,12,512,base,1,SUCCESS,29068,28303,765,0,0,10774,288,2e0075ceb20b19628f6834af7b8c79dd65131e2805a525132037820188f78dfb,2ea57eecaa3e23385086b1823efc61bfa417026d995572cdc408706f3aa19e98,True,0.652,112.4,h3r_conv3x3_3x12_c128__SSE-320__ethos-u85-512__base__R1.txt,SUCCESS,34bd5564366f34916d75bac6beab321c7fa91c85365610bf96588931c589e7ef,2bad75aa11b6747a999cb16d1d905c6c4fe46460b797996f076fc8d7bb76db3e,PASS,
h3r_conv3x3_3x12_c128__SSE-320__ethos-u85-512,h3r_conv3x3_3x12_c128,conv3x3,3,12,512,base,2,SUCCESS,29068,28303,765,0,0,10774,288,2e0075ceb20b19628f6834af7b8c79dd65131e2805a525132037820188f78dfb,2ea57eecaa3e23385086b1823efc61bfa417026d995572cdc408706f3aa19e98,True,0.652,114.1,h3r_conv3x3_3x12_c128__SSE-320__ethos-u85-512__base__R2.txt,,,,PASS,
h3r_conv3x3_3x12_c128__SSE-320__ethos-u85-512,h3r_conv3x3_3x12_c128,conv3x3,3,12,512,base,3,SUCCESS,29068,28303,765,0,0,10774,288,2e0075ceb20b19628f6834af7b8c79dd65131e2805a525132037820188f78dfb,2ea57eecaa3e23385086b1823efc61bfa417026d995572cdc408706f3aa19e98,True,0.652,115.8,h3r_conv3x3_3x12_c128__SSE-320__ethos-u85-512__base__R3.txt,,,,PASS,
h3r_conv3x3_3x12_c128__SSE-320__ethos-u85-512,h3r_conv3x3_3x12_c128,conv3x3,3,12,512,equalized,1,SUCCESS,14068,13351,717,0,0,10774,288,2e0075ceb20b19628f6834af7b8c79dd65131e2805a525132037820188f78dfb,8b8ca915e3667b08253adaf4541440a5f9bcd85d855b88dfa0d06d8797749a96,True,0.602,111.8,h3r_conv3x3_3x12_c128__SSE-320__ethos-u85-512__equalized__R1.txt,SUCCESS,34bd5564366f34916d75bac6beab321c7fa91c85365610bf96588931c589e7ef,36e925b1f6fe7cf62d527cf777717ca9a35c26c39a707f38eebcbdf2e5159f27,PASS,
h3r_conv3x3_3x12_c128__SSE-320__ethos-u85-512,h3r_conv3x3_3x12_c128,conv3x3,3,12,512,equalized,2,SUCCESS,14068,13351,717,0,0,10774,288,2e0075ceb20b19628f6834af7b8c79dd65131e2805a525132037820188f78dfb,8b8ca915e3667b08253adaf4541440a5f9bcd85d855b88dfa0d06d8797749a96,True,0.602,113.4,h3r_conv3x3_3x12_c128__SSE-320__ethos-u85-512__equalized__R2.txt,,,,PASS,
h3r_conv3x3_3x12_c128__SSE-320__ethos-u85-512,h3r_conv3x3_3x12_c128,conv3x3,3,12,512,equalized,3,SUCCESS,14068,13351,717,0,0,10774,288,2e0075ceb20b19628f6834af7b8c79dd65131e2805a525132037820188f78dfb,8b8ca915e3667b08253adaf4541440a5f9bcd85d855b88dfa0d06d8797749a96,True,0.602,115.0,h3r_conv3x3_3x12_c128__SSE-320__ethos-u85-512__equalized__R3.txt,,,,PASS,
h3r_conv3x3_4x9_c128__SSE-320__ethos-u85-256,h3r_conv3x3_4x9_c128,conv3x3,4,9,256,base,1,SUCCESS,32068,31482,586,0,0,10917,288,6baeca5d762ecc73f8a02a53313480e19cfaf1227962eecb21f2e405db829d6f,d9c7393e932d107d9539bb2368fa36086fa351e2f43b4e701c57fdb25de5adfb,True,0.652,121.9,h3r_conv3x3_4x9_c128__SSE-320__ethos-u85-256__base__R1.txt,SUCCESS,3b90d0c8b66d1edd3a9bc66cf6bdfcf94b802e0ac4c5dfd5fda3d7b5187bf99d,123903ee5bcebe2d0b1e067013e54bf7f326837fbfd4ed7a128ff8b10fc8e1b7,PASS,
h3r_conv3x3_4x9_c128__SSE-320__ethos-u85-256,h3r_conv3x3_4x9_c128,conv3x3,4,9,256,base,2,SUCCESS,32068,31482,586,0,0,10917,288,6baeca5d762ecc73f8a02a53313480e19cfaf1227962eecb21f2e405db829d6f,d9c7393e932d107d9539bb2368fa36086fa351e2f43b4e701c57fdb25de5adfb,True,0.652,123.6,h3r_conv3x3_4x9_c128__SSE-320__ethos-u85-256__base__R2.txt,,,,PASS,
h3r_conv3x3_4x9_c128__SSE-320__ethos-u85-256,h3r_conv3x3_4x9_c128,conv3x3,4,9,256,base,3,SUCCESS,32068,31482,586,0,0,10917,288,6baeca5d762ecc73f8a02a53313480e19cfaf1227962eecb21f2e405db829d6f,d9c7393e932d107d9539bb2368fa36086fa351e2f43b4e701c57fdb25de5adfb,True,0.652,125.2,h3r_conv3x3_4x9_c128__SSE-320__ethos-u85-256__base__R3.txt,,,,PASS,
h3r_conv3x3_4x9_c128__SSE-320__ethos-u85-256,h3r_conv3x3_4x9_c128,conv3x3,4,9,256,equalized,1,SUCCESS,28068,27844,224,0,0,10917,288,6baeca5d762ecc73f8a02a53313480e19cfaf1227962eecb21f2e405db829d6f,55107ca027d9a0a66fa9a23f2fd6a869c3d873184d5ddd7af981a12efa6f2377,True,0.602,116.6,h3r_conv3x3_4x9_c128__SSE-320__ethos-u85-256__equalized__R1.txt,SUCCESS,3b90d0c8b66d1edd3a9bc66cf6bdfcf94b802e0ac4c5dfd5fda3d7b5187bf99d,98cb7b3bc696bee024d3351dabd343006c2906849e7c91545f5c908ff5944a71,PASS,
h3r_conv3x3_4x9_c128__SSE-320__ethos-u85-256,h3r_conv3x3_4x9_c128,conv3x3,4,9,256,equalized,2,SUCCESS,28068,27844,224,0,0,10917,288,6baeca5d762ecc73f8a02a53313480e19cfaf1227962eecb21f2e405db829d6f,55107ca027d9a0a66fa9a23f2fd6a869c3d873184d5ddd7af981a12efa6f2377,True,0.602,118.2,h3r_conv3x3_4x9_c128__SSE-320__ethos-u85-256__equalized__R2.txt,,,,PASS,
h3r_conv3x3_4x9_c128__SSE-320__ethos-u85-256,h3r_conv3x3_4x9_c128,conv3x3,4,9,256,equalized,3,SUCCESS,28068,27844,224,0,0,10917,288,6baeca5d762ecc73f8a02a53313480e19cfaf1227962eecb21f2e405db829d6f,55107ca027d9a0a66fa9a23f2fd6a869c3d873184d5ddd7af981a12efa6f2377,True,0.602,119.8,h3r_conv3x3_4x9_c128__SSE-320__ethos-u85-256__equalized__R3.txt,,,,PASS,
h3r_conv3x3_4x9_c128__SSE-320__ethos-u85-512,h3r_conv3x3_4x9_c128,conv3x3,4,9,512,base,1,SUCCESS,29068,28307,761,0,0,10774,288,6abd5120eed84573dd54f797d578555883ab198292fd96b23bafcc77c57eeed6,8f577ee9132d7608c8dae130b40e3f4d421f3edb3130424b76140ad9213dfba6,True,0.652,112.0,h3r_conv3x3_4x9_c128__SSE-320__ethos-u85-512__base__R1.txt,SUCCESS,3b90d0c8b66d1edd3a9bc66cf6bdfcf94b802e0ac4c5dfd5fda3d7b5187bf99d,1ec49527fdaa50c35d3ec5d3137c233f3dc5d471606d78257b5fd8d1d3914fa1,PASS,
h3r_conv3x3_4x9_c128__SSE-320__ethos-u85-512,h3r_conv3x3_4x9_c128,conv3x3,4,9,512,base,2,SUCCESS,29068,28307,761,0,0,10774,288,6abd5120eed84573dd54f797d578555883ab198292fd96b23bafcc77c57eeed6,8f577ee9132d7608c8dae130b40e3f4d421f3edb3130424b76140ad9213dfba6,True,0.652,113.6,h3r_conv3x3_4x9_c128__SSE-320__ethos-u85-512__base__R2.txt,,,,PASS,
h3r_conv3x3_4x9_c128__SSE-320__ethos-u85-512,h3r_conv3x3_4x9_c128,conv3x3,4,9,512,base,3,SUCCESS,29068,28307,761,0,0,10774,288,6abd5120eed84573dd54f797d578555883ab198292fd96b23bafcc77c57eeed6,8f577ee9132d7608c8dae130b40e3f4d421f3edb3130424b76140ad9213dfba6,True,0.653,115.3,h3r_conv3x3_4x9_c128__SSE-320__ethos-u85-512__base__R3.txt,,,,PASS,
h3r_conv3x3_4x9_c128__SSE-320__ethos-u85-512,h3r_conv3x3_4x9_c128,conv3x3,4,9,512,equalized,1,SUCCESS,15068,14101,967,0,0,10774,288,6abd5120eed84573dd54f797d578555883ab198292fd96b23bafcc77c57eeed6,a0fd4e0c142389396f62cf23486b440701a348c108645680b2433b722c8e5283,True,0.602,111.6,h3r_conv3x3_4x9_c128__SSE-320__ethos-u85-512__equalized__R1.txt,SUCCESS,3b90d0c8b66d1edd3a9bc66cf6bdfcf94b802e0ac4c5dfd5fda3d7b5187bf99d,d8b1c6703586168ac897e75016e1323430208810b49bd97e8448ab098b583c2f,PASS,
h3r_conv3x3_4x9_c128__SSE-320__ethos-u85-512,h3r_conv3x3_4x9_c128,conv3x3,4,9,512,equalized,2,SUCCESS,15068,14101,967,0,0,10774,288,6abd5120eed84573dd54f797d578555883ab198292fd96b23bafcc77c57eeed6,a0fd4e0c142389396f62cf23486b440701a348c108645680b2433b722c8e5283,True,0.602,113.2,h3r_conv3x3_4x9_c128__SSE-320__ethos-u85-512__equalized__R2.txt,,,,PASS,
h3r_conv3x3_4x9_c128__SSE-320__ethos-u85-512,h3r_conv3x3_4x9_c128,conv3x3,4,9,512,equalized,3,SUCCESS,15068,14101,967,0,0,10774,288,6abd5120eed84573dd54f797d578555883ab198292fd96b23bafcc77c57eeed6,a0fd4e0c142389396f62cf23486b440701a348c108645680b2433b722c8e5283,True,0.602,114.8,h3r_conv3x3_4x9_c128__SSE-320__ethos-u85-512__equalized__R3.txt,,,,PASS,
h3r_conv3x3_6x6_c128__SSE-320__ethos-u85-256,h3r_conv3x3_6x6_c128,conv3x3,6,6,256,base,1,SUCCESS,31068,30946,122,0,0,10917,288,e4badab05bb522e13da4fd2d402149984f035dfc14b14623ae2ea224f9f72930,a7d75afedc3e17f5c5e1de461ed9415d3daac94ab741544b5d924511b7dc4b6c,True,0.652,112.0,h3r_conv3x3_6x6_c128__SSE-320__ethos-u85-256__base__R1.txt,SUCCESS,277e86c6e17a99e2058bf98f69de9698e7d84a04fa7930a90c200ce7bcdfb587,f8cc09261d5c2e5acc3c63317b533b46ce97ca2abee4a962e3d7c2b220f5531e,PASS,
h3r_conv3x3_6x6_c128__SSE-320__ethos-u85-256,h3r_conv3x3_6x6_c128,conv3x3,6,6,256,base,2,SUCCESS,31068,30946,122,0,0,10917,288,e4badab05bb522e13da4fd2d402149984f035dfc14b14623ae2ea224f9f72930,a7d75afedc3e17f5c5e1de461ed9415d3daac94ab741544b5d924511b7dc4b6c,True,0.652,113.7,h3r_conv3x3_6x6_c128__SSE-320__ethos-u85-256__base__R2.txt,,,,PASS,
h3r_conv3x3_6x6_c128__SSE-320__ethos-u85-256,h3r_conv3x3_6x6_c128,conv3x3,6,6,256,base,3,SUCCESS,31068,30946,122,0,0,10917,288,e4badab05bb522e13da4fd2d402149984f035dfc14b14623ae2ea224f9f72930,a7d75afedc3e17f5c5e1de461ed9415d3daac94ab741544b5d924511b7dc4b6c,True,0.652,115.3,h3r_conv3x3_6x6_c128__SSE-320__ethos-u85-256__base__R3.txt,,,,PASS,
h3r_conv3x3_6x6_c128__SSE-320__ethos-u85-256,h3r_conv3x3_6x6_c128,conv3x3,6,6,256,equalized,1,SUCCESS,25068,24731,337,0,0,10917,288,e4badab05bb522e13da4fd2d402149984f035dfc14b14623ae2ea224f9f72930,784f64d296656e1ddd193065bdacfe0ae6c272955284026a5e52e77ddaba1037,True,0.602,111.1,h3r_conv3x3_6x6_c128__SSE-320__ethos-u85-256__equalized__R1.txt,SUCCESS,277e86c6e17a99e2058bf98f69de9698e7d84a04fa7930a90c200ce7bcdfb587,8701d5dd9ef062a115189249aa36d8a5b5c2d23205a4c522a31ac9237522acd9,PASS,
h3r_conv3x3_6x6_c128__SSE-320__ethos-u85-256,h3r_conv3x3_6x6_c128,conv3x3,6,6,256,equalized,2,SUCCESS,25068,24731,337,0,0,10917,288,e4badab05bb522e13da4fd2d402149984f035dfc14b14623ae2ea224f9f72930,784f64d296656e1ddd193065bdacfe0ae6c272955284026a5e52e77ddaba1037,True,0.602,112.7,h3r_conv3x3_6x6_c128__SSE-320__ethos-u85-256__equalized__R2.txt,,,,PASS,
h3r_conv3x3_6x6_c128__SSE-320__ethos-u85-256,h3r_conv3x3_6x6_c128,conv3x3,6,6,256,equalized,3,SUCCESS,25068,24731,337,0,0,10917,288,e4badab05bb522e13da4fd2d402149984f035dfc14b14623ae2ea224f9f72930,784f64d296656e1ddd193065bdacfe0ae6c272955284026a5e52e77ddaba1037,True,0.602,114.4,h3r_conv3x3_6x6_c128__SSE-320__ethos-u85-256__equalized__R3.txt,,,,PASS,
h3r_conv3x3_6x6_c128__SSE-320__ethos-u85-512,h3r_conv3x3_6x6_c128,conv3x3,6,6,512,base,1,SUCCESS,29068,28303,765,0,0,10774,288,b2f4f348725d214d1483c8011921d77545cf2f34a47dc73962d75a522f94cc4d,9a1d4d7b6f7b95bc8f4965d342ce17e907dcf177aadea54486177f6dc361e0b0,True,0.652,111.5,h3r_conv3x3_6x6_c128__SSE-320__ethos-u85-512__base__R1.txt,SUCCESS,277e86c6e17a99e2058bf98f69de9698e7d84a04fa7930a90c200ce7bcdfb587,16cdfec6b081faa779c94542479852aecf9004e0c90159775f0cfe8f6d6e3a58,PASS,
h3r_conv3x3_6x6_c128__SSE-320__ethos-u85-512,h3r_conv3x3_6x6_c128,conv3x3,6,6,512,base,2,SUCCESS,29068,28303,765,0,0,10774,288,b2f4f348725d214d1483c8011921d77545cf2f34a47dc73962d75a522f94cc4d,9a1d4d7b6f7b95bc8f4965d342ce17e907dcf177aadea54486177f6dc361e0b0,True,0.652,113.2,h3r_conv3x3_6x6_c128__SSE-320__ethos-u85-512__base__R2.txt,,,,PASS,
h3r_conv3x3_6x6_c128__SSE-320__ethos-u85-512,h3r_conv3x3_6x6_c128,conv3x3,6,6,512,base,3,SUCCESS,29068,28303,765,0,0,10774,288,b2f4f348725d214d1483c8011921d77545cf2f34a47dc73962d75a522f94cc4d,9a1d4d7b6f7b95bc8f4965d342ce17e907dcf177aadea54486177f6dc361e0b0,True,0.652,114.9,h3r_conv3x3_6x6_c128__SSE-320__ethos-u85-512__base__R3.txt,,,,PASS,
h3r_conv3x3_6x6_c128__SSE-320__ethos-u85-512,h3r_conv3x3_6x6_c128,conv3x3,6,6,512,equalized,1,SUCCESS,14068,13353,715,0,0,10774,288,b2f4f348725d214d1483c8011921d77545cf2f34a47dc73962d75a522f94cc4d,dd1a877bf2818794fe04c8f3e1057bc464eb3ee7ffbf8009bf0a3fe846813260,True,0.602,111.6,h3r_conv3x3_6x6_c128__SSE-320__ethos-u85-512__equalized__R1.txt,SUCCESS,277e86c6e17a99e2058bf98f69de9698e7d84a04fa7930a90c200ce7bcdfb587,fbd4f8169826146b4b7768c394215775c725ef125f50356912f3e09d0ba49b9a,PASS,
h3r_conv3x3_6x6_c128__SSE-320__ethos-u85-512,h3r_conv3x3_6x6_c128,conv3x3,6,6,512,equalized,2,SUCCESS,14068,13353,715,0,0,10774,288,b2f4f348725d214d1483c8011921d77545cf2f34a47dc73962d75a522f94cc4d,dd1a877bf2818794fe04c8f3e1057bc464eb3ee7ffbf8009bf0a3fe846813260,True,0.602,113.2,h3r_conv3x3_6x6_c128__SSE-320__ethos-u85-512__equalized__R2.txt,,,,PASS,
h3r_conv3x3_6x6_c128__SSE-320__ethos-u85-512,h3r_conv3x3_6x6_c128,conv3x3,6,6,512,equalized,3,SUCCESS,14068,13353,715,0,0,10774,288,b2f4f348725d214d1483c8011921d77545cf2f34a47dc73962d75a522f94cc4d,dd1a877bf2818794fe04c8f3e1057bc464eb3ee7ffbf8009bf0a3fe846813260,True,0.602,114.8,h3r_conv3x3_6x6_c128__SSE-320__ethos-u85-512__equalized__R3.txt,,,,PASS,
h3r_conv3x3_9x4_c128__SSE-320__ethos-u85-256,h3r_conv3x3_9x4_c128,conv3x3,9,4,256,base,1,SUCCESS,31068,30934,134,0,0,10917,288,29fe1e313d1f2607d5242f15a2f70f4024e5898e454e5e5691b2d4b16b5d3930,de488eb008dfc26234dde734231144d1d86947bd13c4bb6fdfab92f64d2f3373,True,0.652,111.8,h3r_conv3x3_9x4_c128__SSE-320__ethos-u85-256__base__R1.txt,SUCCESS,e85434dddc403f35b7ef845553f5787e6be16f9a961b464fcba505c25cec2c8f,53072000ae746df4b8c9ed07f9c15c1f29fb661a84703c9e3cdc953637c98737,PASS,
h3r_conv3x3_9x4_c128__SSE-320__ethos-u85-256,h3r_conv3x3_9x4_c128,conv3x3,9,4,256,base,2,SUCCESS,31068,30934,134,0,0,10917,288,29fe1e313d1f2607d5242f15a2f70f4024e5898e454e5e5691b2d4b16b5d3930,de488eb008dfc26234dde734231144d1d86947bd13c4bb6fdfab92f64d2f3373,True,0.652,113.5,h3r_conv3x3_9x4_c128__SSE-320__ethos-u85-256__base__R2.txt,,,,PASS,
h3r_conv3x3_9x4_c128__SSE-320__ethos-u85-256,h3r_conv3x3_9x4_c128,conv3x3,9,4,256,base,3,SUCCESS,31068,30934,134,0,0,10917,288,29fe1e313d1f2607d5242f15a2f70f4024e5898e454e5e5691b2d4b16b5d3930,de488eb008dfc26234dde734231144d1d86947bd13c4bb6fdfab92f64d2f3373,True,0.652,115.1,h3r_conv3x3_9x4_c128__SSE-320__ethos-u85-256__base__R3.txt,,,,PASS,
h3r_conv3x3_9x4_c128__SSE-320__ethos-u85-256,h3r_conv3x3_9x4_c128,conv3x3,9,4,256,equalized,1,SUCCESS,25068,24721,347,0,0,10917,288,29fe1e313d1f2607d5242f15a2f70f4024e5898e454e5e5691b2d4b16b5d3930,1525ebec165333fdd2d0637513773aa61d8dfac01e89d41c487f850280a4acb1,True,0.602,111.5,h3r_conv3x3_9x4_c128__SSE-320__ethos-u85-256__equalized__R1.txt,SUCCESS,e85434dddc403f35b7ef845553f5787e6be16f9a961b464fcba505c25cec2c8f,6ec0ca7ff06514d60d89b21d969733aa9e06ecc464c4ab8c5cc86e97121972ee,PASS,
h3r_conv3x3_9x4_c128__SSE-320__ethos-u85-256,h3r_conv3x3_9x4_c128,conv3x3,9,4,256,equalized,2,SUCCESS,25068,24721,347,0,0,10917,288,29fe1e313d1f2607d5242f15a2f70f4024e5898e454e5e5691b2d4b16b5d3930,1525ebec165333fdd2d0637513773aa61d8dfac01e89d41c487f850280a4acb1,True,0.602,113.1,h3r_conv3x3_9x4_c128__SSE-320__ethos-u85-256__equalized__R2.txt,,,,PASS,
h3r_conv3x3_9x4_c128__SSE-320__ethos-u85-256,h3r_conv3x3_9x4_c128,conv3x3,9,4,256,equalized,3,SUCCESS,25068,24721,347,0,0,10917,288,29fe1e313d1f2607d5242f15a2f70f4024e5898e454e5e5691b2d4b16b5d3930,1525ebec165333fdd2d0637513773aa61d8dfac01e89d41c487f850280a4acb1,True,0.602,114.8,h3r_conv3x3_9x4_c128__SSE-320__ethos-u85-256__equalized__R3.txt,,,,PASS,
h3r_conv3x3_9x4_c128__SSE-320__ethos-u85-512,h3r_conv3x3_9x4_c128,conv3x3,9,4,512,base,1,SUCCESS,29068,28291,777,0,0,10774,288,c713d3c64a924da4543d157abacda98b28eb5f0bf4a9b232c89ed36938ba06ea,ff58278b44617ea9ff6d65336767f8425e7037b4f6ea11437b56e3f8d595c90a,True,0.652,121.7,h3r_conv3x3_9x4_c128__SSE-320__ethos-u85-512__base__R1.txt,SUCCESS,e85434dddc403f35b7ef845553f5787e6be16f9a961b464fcba505c25cec2c8f,90af7de5906fa21edc9c9f3c13ac52b2f38d48518001a77b17ea8b2f4b8ee181,PASS,
h3r_conv3x3_9x4_c128__SSE-320__ethos-u85-512,h3r_conv3x3_9x4_c128,conv3x3,9,4,512,base,2,SUCCESS,29068,28291,777,0,0,10774,288,c713d3c64a924da4543d157abacda98b28eb5f0bf4a9b232c89ed36938ba06ea,ff58278b44617ea9ff6d65336767f8425e7037b4f6ea11437b56e3f8d595c90a,True,0.652,123.3,h3r_conv3x3_9x4_c128__SSE-320__ethos-u85-512__base__R2.txt,,,,PASS,
h3r_conv3x3_9x4_c128__SSE-320__ethos-u85-512,h3r_conv3x3_9x4_c128,conv3x3,9,4,512,base,3,SUCCESS,29068,28291,777,0,0,10774,288,c713d3c64a924da4543d157abacda98b28eb5f0bf4a9b232c89ed36938ba06ea,ff58278b44617ea9ff6d65336767f8425e7037b4f6ea11437b56e3f8d595c90a,True,0.652,125.0,h3r_conv3x3_9x4_c128__SSE-320__ethos-u85-512__base__R3.txt,,,,PASS,
h3r_conv3x3_9x4_c128__SSE-320__ethos-u85-512,h3r_conv3x3_9x4_c128,conv3x3,9,4,512,equalized,1,SUCCESS,14068,13335,733,0,0,10774,288,c713d3c64a924da4543d157abacda98b28eb5f0bf4a9b232c89ed36938ba06ea,f9ed2dee823709c942bc2650d9c558e2a034038540f7571d00927135110b29bd,True,0.602,111.9,h3r_conv3x3_9x4_c128__SSE-320__ethos-u85-512__equalized__R1.txt,SUCCESS,e85434dddc403f35b7ef845553f5787e6be16f9a961b464fcba505c25cec2c8f,d370594699179d6c1b01631ef21f29ca7e1c839bfb3f11fc567f8b14993e21f0,PASS,
h3r_conv3x3_9x4_c128__SSE-320__ethos-u85-512,h3r_conv3x3_9x4_c128,conv3x3,9,4,512,equalized,2,SUCCESS,14068,13335,733,0,0,10774,288,c713d3c64a924da4543d157abacda98b28eb5f0bf4a9b232c89ed36938ba06ea,f9ed2dee823709c942bc2650d9c558e2a034038540f7571d00927135110b29bd,True,0.602,113.5,h3r_conv3x3_9x4_c128__SSE-320__ethos-u85-512__equalized__R2.txt,,,,PASS,
h3r_conv3x3_9x4_c128__SSE-320__ethos-u85-512,h3r_conv3x3_9x4_c128,conv3x3,9,4,512,equalized,3,SUCCESS,14068,13335,733,0,0,10774,288,c713d3c64a924da4543d157abacda98b28eb5f0bf4a9b232c89ed36938ba06ea,f9ed2dee823709c942bc2650d9c558e2a034038540f7571d00927135110b29bd,True,0.602,115.1,h3r_conv3x3_9x4_c128__SSE-320__ethos-u85-512__equalized__R3.txt,,,,PASS,
h3r_conv3x3_12x3_c128__SSE-320__ethos-u85-256,h3r_conv3x3_12x3_c128,conv3x3,12,3,256,base,1,SUCCESS,36068,35394,674,0,0,11061,288,403b969a3fdaccd50b2e548873b19b5d05585a44fce384a46de0555cd021314e,2c2947bdba57a5e40b215b55862d6d27ad14131334c563c5ad554440388a267c,True,0.652,112.1,h3r_conv3x3_12x3_c128__SSE-320__ethos-u85-256__base__R1.txt,SUCCESS,2965dc1f455c407e2164b0c2ffd9cdafc8e9fa26b56ee31c32181947fa26799a,5b5494c190211b8d271a83c8c672e95bba7b5436c6d918ea97f901211bce2de2,PASS,
h3r_conv3x3_12x3_c128__SSE-320__ethos-u85-256,h3r_conv3x3_12x3_c128,conv3x3,12,3,256,base,2,SUCCESS,36068,35394,674,0,0,11061,288,403b969a3fdaccd50b2e548873b19b5d05585a44fce384a46de0555cd021314e,2c2947bdba57a5e40b215b55862d6d27ad14131334c563c5ad554440388a267c,True,0.652,113.8,h3r_conv3x3_12x3_c128__SSE-320__ethos-u85-256__base__R2.txt,,,,PASS,
h3r_conv3x3_12x3_c128__SSE-320__ethos-u85-256,h3r_conv3x3_12x3_c128,conv3x3,12,3,256,base,3,SUCCESS,36068,35394,674,0,0,11061,288,403b969a3fdaccd50b2e548873b19b5d05585a44fce384a46de0555cd021314e,2c2947bdba57a5e40b215b55862d6d27ad14131334c563c5ad554440388a267c,True,0.652,115.5,h3r_conv3x3_12x3_c128__SSE-320__ethos-u85-256__base__R3.txt,,,,PASS,
h3r_conv3x3_12x3_c128__SSE-320__ethos-u85-256,h3r_conv3x3_12x3_c128,conv3x3,12,3,256,equalized,1,SUCCESS,32068,31458,610,0,0,11061,288,403b969a3fdaccd50b2e548873b19b5d05585a44fce384a46de0555cd021314e,25c781a68ab569c088b71eaaad801add865ab4b123288730558ccc316313f889,True,0.652,111.7,h3r_conv3x3_12x3_c128__SSE-320__ethos-u85-256__equalized__R1.txt,SUCCESS,2965dc1f455c407e2164b0c2ffd9cdafc8e9fa26b56ee31c32181947fa26799a,3bad133112fc81ad65c863b678cac93ad22d1d7a6e608e2f678f750ee6fd7e51,PASS,
h3r_conv3x3_12x3_c128__SSE-320__ethos-u85-256,h3r_conv3x3_12x3_c128,conv3x3,12,3,256,equalized,2,SUCCESS,32068,31458,610,0,0,11061,288,403b969a3fdaccd50b2e548873b19b5d05585a44fce384a46de0555cd021314e,25c781a68ab569c088b71eaaad801add865ab4b123288730558ccc316313f889,True,0.652,113.4,h3r_conv3x3_12x3_c128__SSE-320__ethos-u85-256__equalized__R2.txt,,,,PASS,
h3r_conv3x3_12x3_c128__SSE-320__ethos-u85-256,h3r_conv3x3_12x3_c128,conv3x3,12,3,256,equalized,3,SUCCESS,32068,31458,610,0,0,11061,288,403b969a3fdaccd50b2e548873b19b5d05585a44fce384a46de0555cd021314e,25c781a68ab569c088b71eaaad801add865ab4b123288730558ccc316313f889,True,0.703,115.1,h3r_conv3x3_12x3_c128__SSE-320__ethos-u85-256__equalized__R3.txt,,,,PASS,
h3r_conv3x3_12x3_c128__SSE-320__ethos-u85-512,h3r_conv3x3_12x3_c128,conv3x3,12,3,512,base,1,SUCCESS,29068,28307,761,0,0,10774,288,238bfdfcd64e45fbcefa68fa37124ad16a0f69298b105afd6271cd1e0aa9ee51,7d6e4798284892a79874e38d23816660db9b34895281825b19bdef4e2ffa7fb0,True,0.652,112.2,h3r_conv3x3_12x3_c128__SSE-320__ethos-u85-512__base__R1.txt,SUCCESS,2965dc1f455c407e2164b0c2ffd9cdafc8e9fa26b56ee31c32181947fa26799a,462df1bb11806881c73e96d35cf0068747632eee76ce0501af8e867528593353,PASS,
h3r_conv3x3_12x3_c128__SSE-320__ethos-u85-512,h3r_conv3x3_12x3_c128,conv3x3,12,3,512,base,2,SUCCESS,29068,28307,761,0,0,10774,288,238bfdfcd64e45fbcefa68fa37124ad16a0f69298b105afd6271cd1e0aa9ee51,7d6e4798284892a79874e38d23816660db9b34895281825b19bdef4e2ffa7fb0,True,0.652,113.9,h3r_conv3x3_12x3_c128__SSE-320__ethos-u85-512__base__R2.txt,,,,PASS,
h3r_conv3x3_12x3_c128__SSE-320__ethos-u85-512,h3r_conv3x3_12x3_c128,conv3x3,12,3,512,base,3,SUCCESS,29068,28307,761,0,0,10774,288,238bfdfcd64e45fbcefa68fa37124ad16a0f69298b105afd6271cd1e0aa9ee51,7d6e4798284892a79874e38d23816660db9b34895281825b19bdef4e2ffa7fb0,True,0.652,115.5,h3r_conv3x3_12x3_c128__SSE-320__ethos-u85-512__base__R3.txt,,,,PASS,
h3r_conv3x3_12x3_c128__SSE-320__ethos-u85-512,h3r_conv3x3_12x3_c128,conv3x3,12,3,512,equalized,1,SUCCESS,17068,16037,1031,0,0,10774,288,238bfdfcd64e45fbcefa68fa37124ad16a0f69298b105afd6271cd1e0aa9ee51,921f67119fcfd6b763e29f0b51bfc292ea15efd46748e0b4d5031cc871c76e30,True,0.603,111.6,h3r_conv3x3_12x3_c128__SSE-320__ethos-u85-512__equalized__R1.txt,SUCCESS,2965dc1f455c407e2164b0c2ffd9cdafc8e9fa26b56ee31c32181947fa26799a,ac8ebeae9feabe430d4839e7ca4ec51656f733f28a2dc1fb24798e3f241888e9,PASS,
h3r_conv3x3_12x3_c128__SSE-320__ethos-u85-512,h3r_conv3x3_12x3_c128,conv3x3,12,3,512,equalized,2,SUCCESS,17068,16037,1031,0,0,10774,288,238bfdfcd64e45fbcefa68fa37124ad16a0f69298b105afd6271cd1e0aa9ee51,921f67119fcfd6b763e29f0b51bfc292ea15efd46748e0b4d5031cc871c76e30,True,0.602,113.2,h3r_conv3x3_12x3_c128__SSE-320__ethos-u85-512__equalized__R2.txt,,,,PASS,
h3r_conv3x3_12x3_c128__SSE-320__ethos-u85-512,h3r_conv3x3_12x3_c128,conv3x3,12,3,512,equalized,3,SUCCESS,17068,16037,1031,0,0,10774,288,238bfdfcd64e45fbcefa68fa37124ad16a0f69298b105afd6271cd1e0aa9ee51,921f67119fcfd6b763e29f0b51bfc292ea15efd46748e0b4d5031cc871c76e30,True,0.602,114.8,h3r_conv3x3_12x3_c128__SSE-320__ethos-u85-512__equalized__R3.txt,,,,PASS,
h3r_conv3x3_18x2_c128__SSE-320__ethos-u85-256,h3r_conv3x3_18x2_c128,conv3x3,18,2,256,base,1,SUCCESS,31068,30934,134,0,0,10917,288,27bc8e0a0cc0fd3aa3f9ccab702e933b954123277fd7299741b2d536c6ac4403,f6d03e9147796d100b61ec87f579fdc4f8443cfaf6347e876827b518e0006de3,True,0.653,111.2,h3r_conv3x3_18x2_c128__SSE-320__ethos-u85-256__base__R1.txt,SUCCESS,d77a00d752deb2a6cefa426d6e3382da560c3de04cd4eebdf153cefd43b971ce,a09ef176dd0b40fb612ee8d444db44a942018a57ab8293ce4057d593ddba703b,PASS,
h3r_conv3x3_18x2_c128__SSE-320__ethos-u85-256,h3r_conv3x3_18x2_c128,conv3x3,18,2,256,base,2,SUCCESS,31068,30934,134,0,0,10917,288,27bc8e0a0cc0fd3aa3f9ccab702e933b954123277fd7299741b2d536c6ac4403,f6d03e9147796d100b61ec87f579fdc4f8443cfaf6347e876827b518e0006de3,True,0.602,112.8,h3r_conv3x3_18x2_c128__SSE-320__ethos-u85-256__base__R2.txt,,,,PASS,
h3r_conv3x3_18x2_c128__SSE-320__ethos-u85-256,h3r_conv3x3_18x2_c128,conv3x3,18,2,256,base,3,SUCCESS,31068,30934,134,0,0,10917,288,27bc8e0a0cc0fd3aa3f9ccab702e933b954123277fd7299741b2d536c6ac4403,f6d03e9147796d100b61ec87f579fdc4f8443cfaf6347e876827b518e0006de3,True,0.652,114.5,h3r_conv3x3_18x2_c128__SSE-320__ethos-u85-256__base__R3.txt,,,,PASS,
h3r_conv3x3_18x2_c128__SSE-320__ethos-u85-256,h3r_conv3x3_18x2_c128,conv3x3,18,2,256,equalized,1,SUCCESS,25068,24720,348,0,0,10917,288,27bc8e0a0cc0fd3aa3f9ccab702e933b954123277fd7299741b2d536c6ac4403,26647c7a7896191c53eca268f21753854f8cd20bd0cffbff63a0e020d581dca8,True,0.602,111.6,h3r_conv3x3_18x2_c128__SSE-320__ethos-u85-256__equalized__R1.txt,SUCCESS,d77a00d752deb2a6cefa426d6e3382da560c3de04cd4eebdf153cefd43b971ce,a879614dfe72122208e2fa1887305258a8bc81819c195a3340a26bfcdaf71046,PASS,
h3r_conv3x3_18x2_c128__SSE-320__ethos-u85-256,h3r_conv3x3_18x2_c128,conv3x3,18,2,256,equalized,2,SUCCESS,25068,24720,348,0,0,10917,288,27bc8e0a0cc0fd3aa3f9ccab702e933b954123277fd7299741b2d536c6ac4403,26647c7a7896191c53eca268f21753854f8cd20bd0cffbff63a0e020d581dca8,True,0.602,113.2,h3r_conv3x3_18x2_c128__SSE-320__ethos-u85-256__equalized__R2.txt,,,,PASS,
h3r_conv3x3_18x2_c128__SSE-320__ethos-u85-256,h3r_conv3x3_18x2_c128,conv3x3,18,2,256,equalized,3,SUCCESS,25068,24720,348,0,0,10917,288,27bc8e0a0cc0fd3aa3f9ccab702e933b954123277fd7299741b2d536c6ac4403,26647c7a7896191c53eca268f21753854f8cd20bd0cffbff63a0e020d581dca8,True,0.602,114.8,h3r_conv3x3_18x2_c128__SSE-320__ethos-u85-256__equalized__R3.txt,,,,PASS,
h3r_conv3x3_18x2_c128__SSE-320__ethos-u85-512,h3r_conv3x3_18x2_c128,conv3x3,18,2,512,base,1,SUCCESS,29068,28291,777,0,0,10774,288,e3ca647bc8c3f67850f34810ecb907a7c9f34bc0eef59f66a4a745c90413be02,6048d9a3d0002270a94c665683a0ba8aaad78cc0c6d468e7155b219a55942620,True,0.652,112.0,h3r_conv3x3_18x2_c128__SSE-320__ethos-u85-512__base__R1.txt,SUCCESS,d77a00d752deb2a6cefa426d6e3382da560c3de04cd4eebdf153cefd43b971ce,a5d04bae537bceff7f67a7c082dd589a064556ff38225d01c60ed5ffd534c662,PASS,
h3r_conv3x3_18x2_c128__SSE-320__ethos-u85-512,h3r_conv3x3_18x2_c128,conv3x3,18,2,512,base,2,SUCCESS,29068,28291,777,0,0,10774,288,e3ca647bc8c3f67850f34810ecb907a7c9f34bc0eef59f66a4a745c90413be02,6048d9a3d0002270a94c665683a0ba8aaad78cc0c6d468e7155b219a55942620,True,0.652,113.6,h3r_conv3x3_18x2_c128__SSE-320__ethos-u85-512__base__R2.txt,,,,PASS,
h3r_conv3x3_18x2_c128__SSE-320__ethos-u85-512,h3r_conv3x3_18x2_c128,conv3x3,18,2,512,base,3,SUCCESS,29068,28291,777,0,0,10774,288,e3ca647bc8c3f67850f34810ecb907a7c9f34bc0eef59f66a4a745c90413be02,6048d9a3d0002270a94c665683a0ba8aaad78cc0c6d468e7155b219a55942620,True,0.652,115.3,h3r_conv3x3_18x2_c128__SSE-320__ethos-u85-512__base__R3.txt,,,,PASS,
h3r_conv3x3_18x2_c128__SSE-320__ethos-u85-512,h3r_conv3x3_18x2_c128,conv3x3,18,2,512,equalized,1,SUCCESS,14068,13335,733,0,0,10774,288,e3ca647bc8c3f67850f34810ecb907a7c9f34bc0eef59f66a4a745c90413be02,8fd1c17edda891b5bf851739ac8cadfe745fa44096c8afa785ac9ddd51da7eed,True,0.602,111.8,h3r_conv3x3_18x2_c128__SSE-320__ethos-u85-512__equalized__R1.txt,SUCCESS,d77a00d752deb2a6cefa426d6e3382da560c3de04cd4eebdf153cefd43b971ce,715426b88c5470bc9a7e1b1ccc6f986ee0c3726ae324b1a118500b6716f015ef,PASS,
h3r_conv3x3_18x2_c128__SSE-320__ethos-u85-512,h3r_conv3x3_18x2_c128,conv3x3,18,2,512,equalized,2,SUCCESS,14068,13335,733,0,0,10774,288,e3ca647bc8c3f67850f34810ecb907a7c9f34bc0eef59f66a4a745c90413be02,8fd1c17edda891b5bf851739ac8cadfe745fa44096c8afa785ac9ddd51da7eed,True,0.602,113.4,h3r_conv3x3_18x2_c128__SSE-320__ethos-u85-512__equalized__R2.txt,,,,PASS,
h3r_conv3x3_18x2_c128__SSE-320__ethos-u85-512,h3r_conv3x3_18x2_c128,conv3x3,18,2,512,equalized,3,SUCCESS,14068,13335,733,0,0,10774,288,e3ca647bc8c3f67850f34810ecb907a7c9f34bc0eef59f66a4a745c90413be02,8fd1c17edda891b5bf851739ac8cadfe745fa44096c8afa785ac9ddd51da7eed,True,0.602,115.0,h3r_conv3x3_18x2_c128__SSE-320__ethos-u85-512__equalized__R3.txt,,,,PASS,
h3r_conv3x3_36x1_c128__SSE-320__ethos-u85-256,h3r_conv3x3_36x1_c128,conv3x3,36,1,256,base,1,SUCCESS,50068,49370,698,0,0,11637,288,91cf22a097ddad7b59ee0870cb46e098a4744e7d92297f4c848c3f9f2ebfc5be,3be258889e90d372f3b799b1717f4fcfe87d34d963be5e83fb3f88782353f86f,True,0.702,111.5,h3r_conv3x3_36x1_c128__SSE-320__ethos-u85-256__base__R1.txt,SUCCESS,03209419eee7cc3f0898235805a681118598ba797a22f4da601cb3a84db724d4,ced535480b204f339f91fd6eb86c6809c3b8e72b54a78a90bcef8487b943a79f,PASS,
h3r_conv3x3_36x1_c128__SSE-320__ethos-u85-256,h3r_conv3x3_36x1_c128,conv3x3,36,1,256,base,2,SUCCESS,50068,49370,698,0,0,11637,288,91cf22a097ddad7b59ee0870cb46e098a4744e7d92297f4c848c3f9f2ebfc5be,3be258889e90d372f3b799b1717f4fcfe87d34d963be5e83fb3f88782353f86f,True,0.702,113.2,h3r_conv3x3_36x1_c128__SSE-320__ethos-u85-256__base__R2.txt,,,,PASS,
h3r_conv3x3_36x1_c128__SSE-320__ethos-u85-256,h3r_conv3x3_36x1_c128,conv3x3,36,1,256,base,3,SUCCESS,50068,49370,698,0,0,11637,288,91cf22a097ddad7b59ee0870cb46e098a4744e7d92297f4c848c3f9f2ebfc5be,3be258889e90d372f3b799b1717f4fcfe87d34d963be5e83fb3f88782353f86f,True,0.702,114.9,h3r_conv3x3_36x1_c128__SSE-320__ethos-u85-256__base__R3.txt,,,,PASS,
h3r_conv3x3_36x1_c128__SSE-320__ethos-u85-256,h3r_conv3x3_36x1_c128,conv3x3,36,1,256,equalized,1,SUCCESS,45068,44483,585,0,0,11637,288,91cf22a097ddad7b59ee0870cb46e098a4744e7d92297f4c848c3f9f2ebfc5be,cb75c52c1d6b246a454f10d67a196bbbc2a808e5549fff19f164dba1066f4ee9,True,0.702,111.9,h3r_conv3x3_36x1_c128__SSE-320__ethos-u85-256__equalized__R1.txt,SUCCESS,03209419eee7cc3f0898235805a681118598ba797a22f4da601cb3a84db724d4,2839185eb37c9076232d534f224fbeac3edf9ae0c56c59a262544bfa28cfb164,PASS,
h3r_conv3x3_36x1_c128__SSE-320__ethos-u85-256,h3r_conv3x3_36x1_c128,conv3x3,36,1,256,equalized,2,SUCCESS,45068,44483,585,0,0,11637,288,91cf22a097ddad7b59ee0870cb46e098a4744e7d92297f4c848c3f9f2ebfc5be,cb75c52c1d6b246a454f10d67a196bbbc2a808e5549fff19f164dba1066f4ee9,True,0.702,113.6,h3r_conv3x3_36x1_c128__SSE-320__ethos-u85-256__equalized__R2.txt,,,,PASS,
h3r_conv3x3_36x1_c128__SSE-320__ethos-u85-256,h3r_conv3x3_36x1_c128,conv3x3,36,1,256,equalized,3,SUCCESS,45068,44483,585,0,0,11637,288,91cf22a097ddad7b59ee0870cb46e098a4744e7d92297f4c848c3f9f2ebfc5be,cb75c52c1d6b246a454f10d67a196bbbc2a808e5549fff19f164dba1066f4ee9,True,0.702,115.3,h3r_conv3x3_36x1_c128__SSE-320__ethos-u85-256__equalized__R3.txt,,,,PASS,
h3r_conv3x3_36x1_c128__SSE-320__ethos-u85-512,h3r_conv3x3_36x1_c128,conv3x3,36,1,512,base,1,SUCCESS,29068,28923,145,0,0,10918,288,b6364116c8de896afb5d97583957926e87f413fb8b8980ae1c44f524d48b4d6f,5160ea611027841cb8687ad17c4387da98b631f5676c9f3cef272ec013b4f81e,True,0.652,117.4,h3r_conv3x3_36x1_c128__SSE-320__ethos-u85-512__base__R1.txt,SUCCESS,03209419eee7cc3f0898235805a681118598ba797a22f4da601cb3a84db724d4,1f531e41a1036b54479659b0c5340fb20b3907aa8bce6219ccb7f6ce03479cb2,PASS,
h3r_conv3x3_36x1_c128__SSE-320__ethos-u85-512,h3r_conv3x3_36x1_c128,conv3x3,36,1,512,base,2,SUCCESS,29068,28923,145,0,0,10918,288,b6364116c8de896afb5d97583957926e87f413fb8b8980ae1c44f524d48b4d6f,5160ea611027841cb8687ad17c4387da98b631f5676c9f3cef272ec013b4f81e,True,0.652,119.1,h3r_conv3x3_36x1_c128__SSE-320__ethos-u85-512__base__R2.txt,,,,PASS,
h3r_conv3x3_36x1_c128__SSE-320__ethos-u85-512,h3r_conv3x3_36x1_c128,conv3x3,36,1,512,base,3,SUCCESS,29068,28923,145,0,0,10918,288,b6364116c8de896afb5d97583957926e87f413fb8b8980ae1c44f524d48b4d6f,5160ea611027841cb8687ad17c4387da98b631f5676c9f3cef272ec013b4f81e,True,0.652,120.7,h3r_conv3x3_36x1_c128__SSE-320__ethos-u85-512__base__R3.txt,,,,PASS,
h3r_conv3x3_36x1_c128__SSE-320__ethos-u85-512,h3r_conv3x3_36x1_c128,conv3x3,36,1,512,equalized,1,SUCCESS,23068,22916,152,0,0,10918,288,b6364116c8de896afb5d97583957926e87f413fb8b8980ae1c44f524d48b4d6f,fb284ef6ffe1e4f942f8118e78310c3173c79e92a092785a0d2b1216fe396986,True,0.652,112.0,h3r_conv3x3_36x1_c128__SSE-320__ethos-u85-512__equalized__R1.txt,SUCCESS,03209419eee7cc3f0898235805a681118598ba797a22f4da601cb3a84db724d4,ef1efd3c4081d7a2314cb69a10d3e4122736ef83d4d51179c677053defa5c00e,PASS,
h3r_conv3x3_36x1_c128__SSE-320__ethos-u85-512,h3r_conv3x3_36x1_c128,conv3x3,36,1,512,equalized,2,SUCCESS,23068,22916,152,0,0,10918,288,b6364116c8de896afb5d97583957926e87f413fb8b8980ae1c44f524d48b4d6f,fb284ef6ffe1e4f942f8118e78310c3173c79e92a092785a0d2b1216fe396986,True,0.652,113.6,h3r_conv3x3_36x1_c128__SSE-320__ethos-u85-512__equalized__R2.txt,,,,PASS,
h3r_conv3x3_36x1_c128__SSE-320__ethos-u85-512,h3r_conv3x3_36x1_c128,conv3x3,36,1,512,equalized,3,SUCCESS,23068,22916,152,0,0,10918,288,b6364116c8de896afb5d97583957926e87f413fb8b8980ae1c44f524d48b4d6f,fb284ef6ffe1e4f942f8118e78310c3173c79e92a092785a0d2b1216fe396986,True,0.652,115.3,h3r_conv3x3_36x1_c128__SSE-320__ethos-u85-512__equalized__R3.txt,,,,PASS,
h3r_dw3x3_1x36_c128__SSE-320__ethos-u85-256,h3r_dw3x3_1x36_c128,dw3x3,1,36,256,base,1,SUCCESS,6068,5649,419,0,0,468,288,38bc6de3dfdf32a003828392e9716b50995ea7d24e0c63c524f3fdf25ff72c3a,32dab08997c2d0fb681fdc66e029aaac9caeba72e07ed03ed36f3fa31429a10b,True,0.502,111.5,h3r_dw3x3_1x36_c128__SSE-320__ethos-u85-256__base__R1.txt,SUCCESS,d963d9ee418a779e53360fd38fba5b0297b2b184778ffc5138ddbaeeae791821,eb31ba90168d23d3927da6686c92c918bb4a524326ddf86d24a3349c339c5ec5,PASS,
h3r_dw3x3_1x36_c128__SSE-320__ethos-u85-256,h3r_dw3x3_1x36_c128,dw3x3,1,36,256,base,2,SUCCESS,6068,5649,419,0,0,468,288,38bc6de3dfdf32a003828392e9716b50995ea7d24e0c63c524f3fdf25ff72c3a,32dab08997c2d0fb681fdc66e029aaac9caeba72e07ed03ed36f3fa31429a10b,True,0.502,113.0,h3r_dw3x3_1x36_c128__SSE-320__ethos-u85-256__base__R2.txt,,,,PASS,
h3r_dw3x3_1x36_c128__SSE-320__ethos-u85-256,h3r_dw3x3_1x36_c128,dw3x3,1,36,256,base,3,SUCCESS,6068,5649,419,0,0,468,288,38bc6de3dfdf32a003828392e9716b50995ea7d24e0c63c524f3fdf25ff72c3a,32dab08997c2d0fb681fdc66e029aaac9caeba72e07ed03ed36f3fa31429a10b,True,0.502,114.6,h3r_dw3x3_1x36_c128__SSE-320__ethos-u85-256__base__R3.txt,,,,PASS,
h3r_dw3x3_1x36_c128__SSE-320__ethos-u85-256,h3r_dw3x3_1x36_c128,dw3x3,1,36,256,equalized,1,SUCCESS,3068,2828,240,0,0,468,288,38bc6de3dfdf32a003828392e9716b50995ea7d24e0c63c524f3fdf25ff72c3a,be177cce0889da9348b1be8c4f47e4235f96cea4d5a27da5d8c945afa7f59693,True,0.502,119.1,h3r_dw3x3_1x36_c128__SSE-320__ethos-u85-256__equalized__R1.txt,SUCCESS,d963d9ee418a779e53360fd38fba5b0297b2b184778ffc5138ddbaeeae791821,6fd81d66471ecd33104d1dc8d905c178b15c8e66e709a935c0034c10ae88425b,PASS,
h3r_dw3x3_1x36_c128__SSE-320__ethos-u85-256,h3r_dw3x3_1x36_c128,dw3x3,1,36,256,equalized,2,SUCCESS,3068,2828,240,0,0,468,288,38bc6de3dfdf32a003828392e9716b50995ea7d24e0c63c524f3fdf25ff72c3a,be177cce0889da9348b1be8c4f47e4235f96cea4d5a27da5d8c945afa7f59693,True,0.502,120.6,h3r_dw3x3_1x36_c128__SSE-320__ethos-u85-256__equalized__R2.txt,,,,PASS,
h3r_dw3x3_1x36_c128__SSE-320__ethos-u85-256,h3r_dw3x3_1x36_c128,dw3x3,1,36,256,equalized,3,SUCCESS,3068,2828,240,0,0,468,288,38bc6de3dfdf32a003828392e9716b50995ea7d24e0c63c524f3fdf25ff72c3a,be177cce0889da9348b1be8c4f47e4235f96cea4d5a27da5d8c945afa7f59693,True,0.502,122.1,h3r_dw3x3_1x36_c128__SSE-320__ethos-u85-256__equalized__R3.txt,,,,PASS,
h3r_dw3x3_1x36_c128__SSE-320__ethos-u85-256,h3r_dw3x3_1x36_c128,dw3x3,1,36,256,bridge_legacy_relaxed,1,SUCCESS,3068,2828,240,0,0,468,288,38bc6de3dfdf32a003828392e9716b50995ea7d24e0c63c524f3fdf25ff72c3a,124033995a067866d048193e4af685f604b7bc22aec1bb9228f89c2121ed2c4b,True,0.502,111.3,h3r_dw3x3_1x36_c128__SSE-320__ethos-u85-256__bridge_legacy_relaxed__R1.txt,SUCCESS,d963d9ee418a779e53360fd38fba5b0297b2b184778ffc5138ddbaeeae791821,93240697bfc312e540427d0d96591a71df22e41e8e63b6f026fae33f71a03f6c,PASS,
h3r_dw3x3_1x36_c128__SSE-320__ethos-u85-256,h3r_dw3x3_1x36_c128,dw3x3,1,36,256,bridge_legacy_relaxed,2,SUCCESS,3068,2828,240,0,0,468,288,38bc6de3dfdf32a003828392e9716b50995ea7d24e0c63c524f3fdf25ff72c3a,124033995a067866d048193e4af685f604b7bc22aec1bb9228f89c2121ed2c4b,True,0.502,112.8,h3r_dw3x3_1x36_c128__SSE-320__ethos-u85-256__bridge_legacy_relaxed__R2.txt,,,,PASS,
h3r_dw3x3_1x36_c128__SSE-320__ethos-u85-256,h3r_dw3x3_1x36_c128,dw3x3,1,36,256,bridge_legacy_relaxed,3,SUCCESS,3068,2828,240,0,0,468,288,38bc6de3dfdf32a003828392e9716b50995ea7d24e0c63c524f3fdf25ff72c3a,124033995a067866d048193e4af685f604b7bc22aec1bb9228f89c2121ed2c4b,True,0.502,114.3,h3r_dw3x3_1x36_c128__SSE-320__ethos-u85-256__bridge_legacy_relaxed__R3.txt,,,,PASS,
h3r_dw3x3_1x36_c128__SSE-320__ethos-u85-512,h3r_dw3x3_1x36_c128,dw3x3,1,36,512,base,1,SUCCESS,6068,5871,197,0,0,474,288,d6c5dbbf8ddf0016a4289b761b207568d1759402d69301b0e496040faa8f59ba,0de1d3ed81c4b8ceb4b537b9da33de7ce06f2d2c95b8b1a8cb8f72d1e70a5db1,True,0.502,111.3,h3r_dw3x3_1x36_c128__SSE-320__ethos-u85-512__base__R1.txt,SUCCESS,d963d9ee418a779e53360fd38fba5b0297b2b184778ffc5138ddbaeeae791821,1ac1d2126a96b57b9359101d9dc898933fae087123f737e7e03c32704e794735,PASS,
h3r_dw3x3_1x36_c128__SSE-320__ethos-u85-512,h3r_dw3x3_1x36_c128,dw3x3,1,36,512,base,2,SUCCESS,6068,5871,197,0,0,474,288,d6c5dbbf8ddf0016a4289b761b207568d1759402d69301b0e496040faa8f59ba,0de1d3ed81c4b8ceb4b537b9da33de7ce06f2d2c95b8b1a8cb8f72d1e70a5db1,True,0.502,112.9,h3r_dw3x3_1x36_c128__SSE-320__ethos-u85-512__base__R2.txt,,,,PASS,
h3r_dw3x3_1x36_c128__SSE-320__ethos-u85-512,h3r_dw3x3_1x36_c128,dw3x3,1,36,512,base,3,SUCCESS,6068,5871,197,0,0,474,288,d6c5dbbf8ddf0016a4289b761b207568d1759402d69301b0e496040faa8f59ba,0de1d3ed81c4b8ceb4b537b9da33de7ce06f2d2c95b8b1a8cb8f72d1e70a5db1,True,0.502,114.4,h3r_dw3x3_1x36_c128__SSE-320__ethos-u85-512__base__R3.txt,,,,PASS,
h3r_dw3x3_1x36_c128__SSE-320__ethos-u85-512,h3r_dw3x3_1x36_c128,dw3x3,1,36,512,equalized,1,SUCCESS,2068,1373,695,0,0,474,288,d6c5dbbf8ddf0016a4289b761b207568d1759402d69301b0e496040faa8f59ba,98087eb10ba27463163c68328e0c7e0b91463c13a6da021c20813e3612208695,True,0.502,116.4,h3r_dw3x3_1x36_c128__SSE-320__ethos-u85-512__equalized__R1.txt,SUCCESS,d963d9ee418a779e53360fd38fba5b0297b2b184778ffc5138ddbaeeae791821,7d30c01c021ba3fc0f3c42a189af0b6e42dfa061f8e13237090d1b570dc7cdf4,PASS,
h3r_dw3x3_1x36_c128__SSE-320__ethos-u85-512,h3r_dw3x3_1x36_c128,dw3x3,1,36,512,equalized,2,SUCCESS,2068,1373,695,0,0,474,288,d6c5dbbf8ddf0016a4289b761b207568d1759402d69301b0e496040faa8f59ba,98087eb10ba27463163c68328e0c7e0b91463c13a6da021c20813e3612208695,True,0.502,117.9,h3r_dw3x3_1x36_c128__SSE-320__ethos-u85-512__equalized__R2.txt,,,,PASS,
h3r_dw3x3_1x36_c128__SSE-320__ethos-u85-512,h3r_dw3x3_1x36_c128,dw3x3,1,36,512,equalized,3,SUCCESS,2068,1373,695,0,0,474,288,d6c5dbbf8ddf0016a4289b761b207568d1759402d69301b0e496040faa8f59ba,98087eb10ba27463163c68328e0c7e0b91463c13a6da021c20813e3612208695,True,0.502,119.4,h3r_dw3x3_1x36_c128__SSE-320__ethos-u85-512__equalized__R3.txt,,,,PASS,
h3r_dw3x3_1x36_c128__SSE-320__ethos-u85-512,h3r_dw3x3_1x36_c128,dw3x3,1,36,512,bridge_legacy_relaxed,1,SUCCESS,2068,1373,695,0,0,474,288,d6c5dbbf8ddf0016a4289b761b207568d1759402d69301b0e496040faa8f59ba,94fa0d3b1642f78ac37ca9917335d6edb03c1bd32a5f07bc7116ca5d1746aff4,True,0.502,111.2,h3r_dw3x3_1x36_c128__SSE-320__ethos-u85-512__bridge_legacy_relaxed__R1.txt,SUCCESS,d963d9ee418a779e53360fd38fba5b0297b2b184778ffc5138ddbaeeae791821,a201a280ef1ddaabefbb81258c39bdb39a68792516c17f720087e23719c2278f,PASS,
h3r_dw3x3_1x36_c128__SSE-320__ethos-u85-512,h3r_dw3x3_1x36_c128,dw3x3,1,36,512,bridge_legacy_relaxed,2,SUCCESS,2068,1373,695,0,0,474,288,d6c5dbbf8ddf0016a4289b761b207568d1759402d69301b0e496040faa8f59ba,94fa0d3b1642f78ac37ca9917335d6edb03c1bd32a5f07bc7116ca5d1746aff4,True,0.502,112.8,h3r_dw3x3_1x36_c128__SSE-320__ethos-u85-512__bridge_legacy_relaxed__R2.txt,,,,PASS,
h3r_dw3x3_1x36_c128__SSE-320__ethos-u85-512,h3r_dw3x3_1x36_c128,dw3x3,1,36,512,bridge_legacy_relaxed,3,SUCCESS,2068,1373,695,0,0,474,288,d6c5dbbf8ddf0016a4289b761b207568d1759402d69301b0e496040faa8f59ba,94fa0d3b1642f78ac37ca9917335d6edb03c1bd32a5f07bc7116ca5d1746aff4,True,0.502,114.3,h3r_dw3x3_1x36_c128__SSE-320__ethos-u85-512__bridge_legacy_relaxed__R3.txt,,,,PASS,
h3r_dw3x3_2x18_c128__SSE-320__ethos-u85-256,h3r_dw3x3_2x18_c128,dw3x3,2,18,256,base,1,SUCCESS,6068,5519,549,0,0,468,288,d77d7c363a87e3970b9bd0cba83cce1ae70a01779b4cb1089e0bb08f9bce5dd1,d77624f553c7ef8b81b24f29b03ede6fbfff7feff67a66440157c33ed79491c4,True,0.502,111.7,h3r_dw3x3_2x18_c128__SSE-320__ethos-u85-256__base__R1.txt,SUCCESS,ee47c2b6093f98898bb3cbc7c484180bb8cfd64da180b74238dab1c6c1c8ecb8,0e1883faa399cbb2fffe916d27678337d1014f8a8934cd39d1cae0ccaec4c424,PASS,
h3r_dw3x3_2x18_c128__SSE-320__ethos-u85-256,h3r_dw3x3_2x18_c128,dw3x3,2,18,256,base,2,SUCCESS,6068,5519,549,0,0,468,288,d77d7c363a87e3970b9bd0cba83cce1ae70a01779b4cb1089e0bb08f9bce5dd1,d77624f553c7ef8b81b24f29b03ede6fbfff7feff67a66440157c33ed79491c4,True,0.502,113.3,h3r_dw3x3_2x18_c128__SSE-320__ethos-u85-256__base__R2.txt,,,,PASS,
h3r_dw3x3_2x18_c128__SSE-320__ethos-u85-256,h3r_dw3x3_2x18_c128,dw3x3,2,18,256,base,3,SUCCESS,6068,5519,549,0,0,468,288,d77d7c363a87e3970b9bd0cba83cce1ae70a01779b4cb1089e0bb08f9bce5dd1,d77624f553c7ef8b81b24f29b03ede6fbfff7feff67a66440157c33ed79491c4,True,0.502,114.8,h3r_dw3x3_2x18_c128__SSE-320__ethos-u85-256__base__R3.txt,,,,PASS,
h3r_dw3x3_2x18_c128__SSE-320__ethos-u85-256,h3r_dw3x3_2x18_c128,dw3x3,2,18,256,equalized,1,SUCCESS,3068,2792,276,0,0,468,288,d77d7c363a87e3970b9bd0cba83cce1ae70a01779b4cb1089e0bb08f9bce5dd1,e1bd34f2b40f926a048dee3240215c2935f370f07925bf52ef450b4b8f8c48da,True,0.502,111.5,h3r_dw3x3_2x18_c128__SSE-320__ethos-u85-256__equalized__R1.txt,SUCCESS,ee47c2b6093f98898bb3cbc7c484180bb8cfd64da180b74238dab1c6c1c8ecb8,35b72192085b0128b7c4ee910c4f254c95beb3de0113670f9bcfccb2ed6b4274,PASS,
h3r_dw3x3_2x18_c128__SSE-320__ethos-u85-256,h3r_dw3x3_2x18_c128,dw3x3,2,18,256,equalized,2,SUCCESS,3068,2792,276,0,0,468,288,d77d7c363a87e3970b9bd0cba83cce1ae70a01779b4cb1089e0bb08f9bce5dd1,e1bd34f2b40f926a048dee3240215c2935f370f07925bf52ef450b4b8f8c48da,True,0.502,113.0,h3r_dw3x3_2x18_c128__SSE-320__ethos-u85-256__equalized__R2.txt,,,,PASS,
h3r_dw3x3_2x18_c128__SSE-320__ethos-u85-256,h3r_dw3x3_2x18_c128,dw3x3,2,18,256,equalized,3,SUCCESS,3068,2792,276,0,0,468,288,d77d7c363a87e3970b9bd0cba83cce1ae70a01779b4cb1089e0bb08f9bce5dd1,e1bd34f2b40f926a048dee3240215c2935f370f07925bf52ef450b4b8f8c48da,True,0.502,114.5,h3r_dw3x3_2x18_c128__SSE-320__ethos-u85-256__equalized__R3.txt,,,,PASS,
h3r_dw3x3_2x18_c128__SSE-320__ethos-u85-256,h3r_dw3x3_2x18_c128,dw3x3,2,18,256,bridge_legacy_relaxed,1,SUCCESS,3068,2792,276,0,0,468,288,d77d7c363a87e3970b9bd0cba83cce1ae70a01779b4cb1089e0bb08f9bce5dd1,2257710ee56a2cc1f202b2b8d53eb337bb134911ad47c395f1219f02c675ee94,True,0.502,112.0,h3r_dw3x3_2x18_c128__SSE-320__ethos-u85-256__bridge_legacy_relaxed__R1.txt,SUCCESS,ee47c2b6093f98898bb3cbc7c484180bb8cfd64da180b74238dab1c6c1c8ecb8,08fa3f58a806b7a741f5ee4e1b32e44614836933b51b3a4840c57d2ee3b61178,PASS,
h3r_dw3x3_2x18_c128__SSE-320__ethos-u85-256,h3r_dw3x3_2x18_c128,dw3x3,2,18,256,bridge_legacy_relaxed,2,SUCCESS,3068,2792,276,0,0,468,288,d77d7c363a87e3970b9bd0cba83cce1ae70a01779b4cb1089e0bb08f9bce5dd1,2257710ee56a2cc1f202b2b8d53eb337bb134911ad47c395f1219f02c675ee94,True,0.502,113.5,h3r_dw3x3_2x18_c128__SSE-320__ethos-u85-256__bridge_legacy_relaxed__R2.txt,,,,PASS,
h3r_dw3x3_2x18_c128__SSE-320__ethos-u85-256,h3r_dw3x3_2x18_c128,dw3x3,2,18,256,bridge_legacy_relaxed,3,SUCCESS,3068,2792,276,0,0,468,288,d77d7c363a87e3970b9bd0cba83cce1ae70a01779b4cb1089e0bb08f9bce5dd1,2257710ee56a2cc1f202b2b8d53eb337bb134911ad47c395f1219f02c675ee94,True,0.502,115.0,h3r_dw3x3_2x18_c128__SSE-320__ethos-u85-256__bridge_legacy_relaxed__R3.txt,,,,PASS,
h3r_dw3x3_2x18_c128__SSE-320__ethos-u85-512,h3r_dw3x3_2x18_c128,dw3x3,2,18,512,base,1,SUCCESS,6068,5871,197,0,0,474,288,13ff21651a910184612d6af3897ac88d47aeae8bf64df57814b55be97e7dd8e4,645297178c84db4f8a99d7d6ac6a1fed57d77807a8482d8b6c9af8b54ca783d0,True,0.502,111.6,h3r_dw3x3_2x18_c128__SSE-320__ethos-u85-512__base__R1.txt,SUCCESS,ee47c2b6093f98898bb3cbc7c484180bb8cfd64da180b74238dab1c6c1c8ecb8,bbcf59675829122981367f4dfe7357e320efc78ebc9b8cdb106f6d1ff0b1ee2d,PASS,
h3r_dw3x3_2x18_c128__SSE-320__ethos-u85-512,h3r_dw3x3_2x18_c128,dw3x3,2,18,512,base,2,SUCCESS,6068,5871,197,0,0,474,288,13ff21651a910184612d6af3897ac88d47aeae8bf64df57814b55be97e7dd8e4,645297178c84db4f8a99d7d6ac6a1fed57d77807a8482d8b6c9af8b54ca783d0,True,0.602,113.2,h3r_dw3x3_2x18_c128__SSE-320__ethos-u85-512__base__R2.txt,,,,PASS,
h3r_dw3x3_2x18_c128__SSE-320__ethos-u85-512,h3r_dw3x3_2x18_c128,dw3x3,2,18,512,base,3,SUCCESS,6068,5871,197,0,0,474,288,13ff21651a910184612d6af3897ac88d47aeae8bf64df57814b55be97e7dd8e4,645297178c84db4f8a99d7d6ac6a1fed57d77807a8482d8b6c9af8b54ca783d0,True,0.502,114.8,h3r_dw3x3_2x18_c128__SSE-320__ethos-u85-512__base__R3.txt,,,,PASS,
h3r_dw3x3_2x18_c128__SSE-320__ethos-u85-512,h3r_dw3x3_2x18_c128,dw3x3,2,18,512,equalized,1,SUCCESS,2068,1373,695,0,0,474,288,13ff21651a910184612d6af3897ac88d47aeae8bf64df57814b55be97e7dd8e4,8bbedb6162806f96f799fa0d2fd82c293523fea2bd55b624ad7eb6618d16d677,True,0.502,111.1,h3r_dw3x3_2x18_c128__SSE-320__ethos-u85-512__equalized__R1.txt,SUCCESS,ee47c2b6093f98898bb3cbc7c484180bb8cfd64da180b74238dab1c6c1c8ecb8,e76f23079a9c184fd806cd094aae89b4bfb25deb912116d9539df238fa7150b4,PASS,
h3r_dw3x3_2x18_c128__SSE-320__ethos-u85-512,h3r_dw3x3_2x18_c128,dw3x3,2,18,512,equalized,2,SUCCESS,2068,1373,695,0,0,474,288,13ff21651a910184612d6af3897ac88d47aeae8bf64df57814b55be97e7dd8e4,8bbedb6162806f96f799fa0d2fd82c293523fea2bd55b624ad7eb6618d16d677,True,0.502,112.6,h3r_dw3x3_2x18_c128__SSE-320__ethos-u85-512__equalized__R2.txt,,,,PASS,
h3r_dw3x3_2x18_c128__SSE-320__ethos-u85-512,h3r_dw3x3_2x18_c128,dw3x3,2,18,512,equalized,3,SUCCESS,2068,1373,695,0,0,474,288,13ff21651a910184612d6af3897ac88d47aeae8bf64df57814b55be97e7dd8e4,8bbedb6162806f96f799fa0d2fd82c293523fea2bd55b624ad7eb6618d16d677,True,0.502,114.1,h3r_dw3x3_2x18_c128__SSE-320__ethos-u85-512__equalized__R3.txt,,,,PASS,
h3r_dw3x3_2x18_c128__SSE-320__ethos-u85-512,h3r_dw3x3_2x18_c128,dw3x3,2,18,512,bridge_legacy_relaxed,1,SUCCESS,2068,1373,695,0,0,474,288,13ff21651a910184612d6af3897ac88d47aeae8bf64df57814b55be97e7dd8e4,47185d7e07f124f15c2e2e5b2816b60dc0a6a7c94dabc0fa0978142c3ad987b2,True,0.502,111.3,h3r_dw3x3_2x18_c128__SSE-320__ethos-u85-512__bridge_legacy_relaxed__R1.txt,SUCCESS,ee47c2b6093f98898bb3cbc7c484180bb8cfd64da180b74238dab1c6c1c8ecb8,07e314641fd3d12c88245d661ceb34990a764e24abf58ad1337375aa64cf9768,PASS,
h3r_dw3x3_2x18_c128__SSE-320__ethos-u85-512,h3r_dw3x3_2x18_c128,dw3x3,2,18,512,bridge_legacy_relaxed,2,SUCCESS,2068,1373,695,0,0,474,288,13ff21651a910184612d6af3897ac88d47aeae8bf64df57814b55be97e7dd8e4,47185d7e07f124f15c2e2e5b2816b60dc0a6a7c94dabc0fa0978142c3ad987b2,True,0.502,112.8,h3r_dw3x3_2x18_c128__SSE-320__ethos-u85-512__bridge_legacy_relaxed__R2.txt,,,,PASS,
h3r_dw3x3_2x18_c128__SSE-320__ethos-u85-512,h3r_dw3x3_2x18_c128,dw3x3,2,18,512,bridge_legacy_relaxed,3,SUCCESS,2068,1373,695,0,0,474,288,13ff21651a910184612d6af3897ac88d47aeae8bf64df57814b55be97e7dd8e4,47185d7e07f124f15c2e2e5b2816b60dc0a6a7c94dabc0fa0978142c3ad987b2,True,0.502,114.4,h3r_dw3x3_2x18_c128__SSE-320__ethos-u85-512__bridge_legacy_relaxed__R3.txt,,,,PASS,
h3r_dw3x3_3x12_c128__SSE-320__ethos-u85-256,h3r_dw3x3_3x12_c128,dw3x3,3,12,256,base,1,SUCCESS,6068,5627,441,0,0,468,288,f45d70bd25f06f2427310567d0c02b38f160c16fc451ba0b7216a98beb7c1822,7dd8bdd83c3353e54b0b86e1f5b41b04c3413585199bdb0efc98650d811c8840,True,0.502,111.3,h3r_dw3x3_3x12_c128__SSE-320__ethos-u85-256__base__R1.txt,SUCCESS,c244e1c4db8d31c5a75097c2b6ebe5dab090f2aefc6538b5205718c65a26c886,b3e5ab2bf23457ad739e95cfe90b09973f80dcb6833be3e9a9a008e4b69fea40,PASS,
h3r_dw3x3_3x12_c128__SSE-320__ethos-u85-256,h3r_dw3x3_3x12_c128,dw3x3,3,12,256,base,2,SUCCESS,6068,5627,441,0,0,468,288,f45d70bd25f06f2427310567d0c02b38f160c16fc451ba0b7216a98beb7c1822,7dd8bdd83c3353e54b0b86e1f5b41b04c3413585199bdb0efc98650d811c8840,True,0.502,112.8,h3r_dw3x3_3x12_c128__SSE-320__ethos-u85-256__base__R2.txt,,,,PASS,
h3r_dw3x3_3x12_c128__SSE-320__ethos-u85-256,h3r_dw3x3_3x12_c128,dw3x3,3,12,256,base,3,SUCCESS,6068,5627,441,0,0,468,288,f45d70bd25f06f2427310567d0c02b38f160c16fc451ba0b7216a98beb7c1822,7dd8bdd83c3353e54b0b86e1f5b41b04c3413585199bdb0efc98650d811c8840,True,0.502,114.3,h3r_dw3x3_3x12_c128__SSE-320__ethos-u85-256__base__R3.txt,,,,PASS,
h3r_dw3x3_3x12_c128__SSE-320__ethos-u85-256,h3r_dw3x3_3x12_c128,dw3x3,3,12,256,equalized,1,SUCCESS,3068,2824,244,0,0,468,288,f45d70bd25f06f2427310567d0c02b38f160c16fc451ba0b7216a98beb7c1822,a32e37132da9cc09bf227f5ff9f9240da0eb93913c5afc94ae6a8c55382fc861,True,0.502,117.1,h3r_dw3x3_3x12_c128__SSE-320__ethos-u85-256__equalized__R1.txt,SUCCESS,c244e1c4db8d31c5a75097c2b6ebe5dab090f2aefc6538b5205718c65a26c886,0f9d5598a2844e6d51f6b0ae479a841c6207801e26faf293d2ec0f14fb2935c0,PASS,
h3r_dw3x3_3x12_c128__SSE-320__ethos-u85-256,h3r_dw3x3_3x12_c128,dw3x3,3,12,256,equalized,2,SUCCESS,3068,2824,244,0,0,468,288,f45d70bd25f06f2427310567d0c02b38f160c16fc451ba0b7216a98beb7c1822,a32e37132da9cc09bf227f5ff9f9240da0eb93913c5afc94ae6a8c55382fc861,True,0.502,118.6,h3r_dw3x3_3x12_c128__SSE-320__ethos-u85-256__equalized__R2.txt,,,,PASS,
h3r_dw3x3_3x12_c128__SSE-320__ethos-u85-256,h3r_dw3x3_3x12_c128,dw3x3,3,12,256,equalized,3,SUCCESS,3068,2824,244,0,0,468,288,f45d70bd25f06f2427310567d0c02b38f160c16fc451ba0b7216a98beb7c1822,a32e37132da9cc09bf227f5ff9f9240da0eb93913c5afc94ae6a8c55382fc861,True,0.502,120.1,h3r_dw3x3_3x12_c128__SSE-320__ethos-u85-256__equalized__R3.txt,,,,PASS,
h3r_dw3x3_3x12_c128__SSE-320__ethos-u85-256,h3r_dw3x3_3x12_c128,dw3x3,3,12,256,bridge_legacy_relaxed,1,SUCCESS,3068,2824,244,0,0,468,288,f45d70bd25f06f2427310567d0c02b38f160c16fc451ba0b7216a98beb7c1822,c1a18506a58dfc4be777ed151ef241c110284b3667d4b037747acdebf52ac91c,True,0.502,111.7,h3r_dw3x3_3x12_c128__SSE-320__ethos-u85-256__bridge_legacy_relaxed__R1.txt,SUCCESS,c244e1c4db8d31c5a75097c2b6ebe5dab090f2aefc6538b5205718c65a26c886,d4b554c08a6f2e2380248300de45ae2cb87cc1c5c7eb24ed3b38d699dd558062,PASS,
h3r_dw3x3_3x12_c128__SSE-320__ethos-u85-256,h3r_dw3x3_3x12_c128,dw3x3,3,12,256,bridge_legacy_relaxed,2,SUCCESS,3068,2824,244,0,0,468,288,f45d70bd25f06f2427310567d0c02b38f160c16fc451ba0b7216a98beb7c1822,c1a18506a58dfc4be777ed151ef241c110284b3667d4b037747acdebf52ac91c,True,0.502,113.2,h3r_dw3x3_3x12_c128__SSE-320__ethos-u85-256__bridge_legacy_relaxed__R2.txt,,,,PASS,
h3r_dw3x3_3x12_c128__SSE-320__ethos-u85-256,h3r_dw3x3_3x12_c128,dw3x3,3,12,256,bridge_legacy_relaxed,3,SUCCESS,3068,2824,244,0,0,468,288,f45d70bd25f06f2427310567d0c02b38f160c16fc451ba0b7216a98beb7c1822,c1a18506a58dfc4be777ed151ef241c110284b3667d4b037747acdebf52ac91c,True,0.502,114.7,h3r_dw3x3_3x12_c128__SSE-320__ethos-u85-256__bridge_legacy_relaxed__R3.txt,,,,PASS,
h3r_dw3x3_3x12_c128__SSE-320__ethos-u85-512,h3r_dw3x3_3x12_c128,dw3x3,3,12,512,base,1,SUCCESS,6068,5797,271,0,0,474,288,dc0f7a410a2b78e3a86989990409ec9dd17d39897b6cf7cf75cc0f8afe7f5c12,b4b91171395a47d3f2226e63e5fc608f52f2446faf61ff2faba5f0a30c491937,True,0.502,111.6,h3r_dw3x3_3x12_c128__SSE-320__ethos-u85-512__base__R1.txt,SUCCESS,c244e1c4db8d31c5a75097c2b6ebe5dab090f2aefc6538b5205718c65a26c886,1a3bd04fd601c66d74a365122b7dfb588da457bbf4bf554e69fc6ecaac258a14,PASS,
h3r_dw3x3_3x12_c128__SSE-320__ethos-u85-512,h3r_dw3x3_3x12_c128,dw3x3,3,12,512,base,2,SUCCESS,6068,5797,271,0,0,474,288,dc0f7a410a2b78e3a86989990409ec9dd17d39897b6cf7cf75cc0f8afe7f5c12,b4b91171395a47d3f2226e63e5fc608f52f2446faf61ff2faba5f0a30c491937,True,0.502,113.1,h3r_dw3x3_3x12_c128__SSE-320__ethos-u85-512__base__R2.txt,,,,PASS,
h3r_dw3x3_3x12_c128__SSE-320__ethos-u85-512,h3r_dw3x3_3x12_c128,dw3x3,3,12,512,base,3,SUCCESS,6068,5797,271,0,0,474,288,dc0f7a410a2b78e3a86989990409ec9dd17d39897b6cf7cf75cc0f8afe7f5c12,b4b91171395a47d3f2226e63e5fc608f52f2446faf61ff2faba5f0a30c491937,True,0.501,114.6,h3r_dw3x3_3x12_c128__SSE-320__ethos-u85-512__base__R3.txt,,,,PASS,
h3r_dw3x3_3x12_c128__SSE-320__ethos-u85-512,h3r_dw3x3_3x12_c128,dw3x3,3,12,512,equalized,1,SUCCESS,2068,1298,770,0,0,474,288,dc0f7a410a2b78e3a86989990409ec9dd17d39897b6cf7cf75cc0f8afe7f5c12,7279369a0fbcb20bd85e3f5a00e8535a3a632443776c7e5cb9a7dd8df9c776c5,True,0.502,111.3,h3r_dw3x3_3x12_c128__SSE-320__ethos-u85-512__equalized__R1.txt,SUCCESS,c244e1c4db8d31c5a75097c2b6ebe5dab090f2aefc6538b5205718c65a26c886,8696f88c614d67ee958e03b6adcc9daf01faa9f1a969ea0dfea2ed6bb99435cc,PASS,
h3r_dw3x3_3x12_c128__SSE-320__ethos-u85-512,h3r_dw3x3_3x12_c128,dw3x3,3,12,512,equalized,2,SUCCESS,2068,1298,770,0,0,474,288,dc0f7a410a2b78e3a86989990409ec9dd17d39897b6cf7cf75cc0f8afe7f5c12,7279369a0fbcb20bd85e3f5a00e8535a3a632443776c7e5cb9a7dd8df9c776c5,True,0.502,112.8,h3r_dw3x3_3x12_c128__SSE-320__ethos-u85-512__equalized__R2.txt,,,,PASS,
h3r_dw3x3_3x12_c128__SSE-320__ethos-u85-512,h3r_dw3x3_3x12_c128,dw3x3,3,12,512,equalized,3,SUCCESS,2068,1298,770,0,0,474,288,dc0f7a410a2b78e3a86989990409ec9dd17d39897b6cf7cf75cc0f8afe7f5c12,7279369a0fbcb20bd85e3f5a00e8535a3a632443776c7e5cb9a7dd8df9c776c5,True,0.552,114.4,h3r_dw3x3_3x12_c128__SSE-320__ethos-u85-512__equalized__R3.txt,,,,PASS,
h3r_dw3x3_3x12_c128__SSE-320__ethos-u85-512,h3r_dw3x3_3x12_c128,dw3x3,3,12,512,bridge_legacy_relaxed,1,SUCCESS,2068,1298,770,0,0,474,288,dc0f7a410a2b78e3a86989990409ec9dd17d39897b6cf7cf75cc0f8afe7f5c12,ee4d8553bbec18cf01bd7e33897b5d6abab0ec4fbc63c6ca7af4d352b7f0aaf2,True,0.502,111.0,h3r_dw3x3_3x12_c128__SSE-320__ethos-u85-512__bridge_legacy_relaxed__R1.txt,SUCCESS,c244e1c4db8d31c5a75097c2b6ebe5dab090f2aefc6538b5205718c65a26c886,f51cfbc7cb983196d1eb4436fd3033347f9ea9b7def1d17ea7fd708d6584e93d,PASS,
h3r_dw3x3_3x12_c128__SSE-320__ethos-u85-512,h3r_dw3x3_3x12_c128,dw3x3,3,12,512,bridge_legacy_relaxed,2,SUCCESS,2068,1298,770,0,0,474,288,dc0f7a410a2b78e3a86989990409ec9dd17d39897b6cf7cf75cc0f8afe7f5c12,ee4d8553bbec18cf01bd7e33897b5d6abab0ec4fbc63c6ca7af4d352b7f0aaf2,True,0.502,112.6,h3r_dw3x3_3x12_c128__SSE-320__ethos-u85-512__bridge_legacy_relaxed__R2.txt,,,,PASS,
h3r_dw3x3_3x12_c128__SSE-320__ethos-u85-512,h3r_dw3x3_3x12_c128,dw3x3,3,12,512,bridge_legacy_relaxed,3,SUCCESS,2068,1298,770,0,0,474,288,dc0f7a410a2b78e3a86989990409ec9dd17d39897b6cf7cf75cc0f8afe7f5c12,ee4d8553bbec18cf01bd7e33897b5d6abab0ec4fbc63c6ca7af4d352b7f0aaf2,True,0.502,114.1,h3r_dw3x3_3x12_c128__SSE-320__ethos-u85-512__bridge_legacy_relaxed__R3.txt,,,,PASS,
h3r_dw3x3_4x9_c128__SSE-320__ethos-u85-256,h3r_dw3x3_4x9_c128,dw3x3,4,9,256,base,1,SUCCESS,6068,5507,561,0,0,468,288,fdd0b38a6f43606b17c0c4d237dca8f278e92810bf1fd05f5dd033c2a7f75fa9,6a3204de5746bc9635f23d77237315ee3b8a57d06a2266bdf4e52bed112e4351,True,0.502,112.0,h3r_dw3x3_4x9_c128__SSE-320__ethos-u85-256__base__R1.txt,SUCCESS,dd3cea027ae1cfdcec6815c4a38f3db1e2e01bbeb65742662cf353606be51621,dd79fae5d9a6f6edb9518f37967923e6a45a81032d7dc13529c53d37ea91d99f,PASS,
h3r_dw3x3_4x9_c128__SSE-320__ethos-u85-256,h3r_dw3x3_4x9_c128,dw3x3,4,9,256,base,2,SUCCESS,6068,5507,561,0,0,468,288,fdd0b38a6f43606b17c0c4d237dca8f278e92810bf1fd05f5dd033c2a7f75fa9,6a3204de5746bc9635f23d77237315ee3b8a57d06a2266bdf4e52bed112e4351,True,0.502,113.5,h3r_dw3x3_4x9_c128__SSE-320__ethos-u85-256__base__R2.txt,,,,PASS,
h3r_dw3x3_4x9_c128__SSE-320__ethos-u85-256,h3r_dw3x3_4x9_c128,dw3x3,4,9,256,base,3,SUCCESS,6068,5507,561,0,0,468,288,fdd0b38a6f43606b17c0c4d237dca8f278e92810bf1fd05f5dd033c2a7f75fa9,6a3204de5746bc9635f23d77237315ee3b8a57d06a2266bdf4e52bed112e4351,True,0.502,115.1,h3r_dw3x3_4x9_c128__SSE-320__ethos-u85-256__base__R3.txt,,,,PASS,
h3r_dw3x3_4x9_c128__SSE-320__ethos-u85-256,h3r_dw3x3_4x9_c128,dw3x3,4,9,256,equalized,1,SUCCESS,3068,2844,224,0,0,468,288,fdd0b38a6f43606b17c0c4d237dca8f278e92810bf1fd05f5dd033c2a7f75fa9,64b25dca66413343aff7f34986d6f9230c575ecf9fd753a76a7cfa40afd0a07c,True,0.502,117.5,h3r_dw3x3_4x9_c128__SSE-320__ethos-u85-256__equalized__R1.txt,SUCCESS,dd3cea027ae1cfdcec6815c4a38f3db1e2e01bbeb65742662cf353606be51621,eb8b1b760ba78a85d23f3d759d63b0c777e1dca2ecf6a4fe8df34eb38b95168b,PASS,
h3r_dw3x3_4x9_c128__SSE-320__ethos-u85-256,h3r_dw3x3_4x9_c128,dw3x3,4,9,256,equalized,2,SUCCESS,3068,2844,224,0,0,468,288,fdd0b38a6f43606b17c0c4d237dca8f278e92810bf1fd05f5dd033c2a7f75fa9,64b25dca66413343aff7f34986d6f9230c575ecf9fd753a76a7cfa40afd0a07c,True,0.502,119.0,h3r_dw3x3_4x9_c128__SSE-320__ethos-u85-256__equalized__R2.txt,,,,PASS,
h3r_dw3x3_4x9_c128__SSE-320__ethos-u85-256,h3r_dw3x3_4x9_c128,dw3x3,4,9,256,equalized,3,SUCCESS,3068,2844,224,0,0,468,288,fdd0b38a6f43606b17c0c4d237dca8f278e92810bf1fd05f5dd033c2a7f75fa9,64b25dca66413343aff7f34986d6f9230c575ecf9fd753a76a7cfa40afd0a07c,True,0.502,120.5,h3r_dw3x3_4x9_c128__SSE-320__ethos-u85-256__equalized__R3.txt,,,,PASS,
h3r_dw3x3_4x9_c128__SSE-320__ethos-u85-256,h3r_dw3x3_4x9_c128,dw3x3,4,9,256,bridge_legacy_relaxed,1,SUCCESS,3068,2844,224,0,0,468,288,fdd0b38a6f43606b17c0c4d237dca8f278e92810bf1fd05f5dd033c2a7f75fa9,d454bcbddb28073924472abf63817947d73f0e29290e7c9a93d8b38bf82629ac,True,0.502,116.9,h3r_dw3x3_4x9_c128__SSE-320__ethos-u85-256__bridge_legacy_relaxed__R1.txt,SUCCESS,dd3cea027ae1cfdcec6815c4a38f3db1e2e01bbeb65742662cf353606be51621,3250334ee38d23834c211011e142d7755f9534b156431f0aa713a80bd27bc066,PASS,
h3r_dw3x3_4x9_c128__SSE-320__ethos-u85-256,h3r_dw3x3_4x9_c128,dw3x3,4,9,256,bridge_legacy_relaxed,2,SUCCESS,3068,2844,224,0,0,468,288,fdd0b38a6f43606b17c0c4d237dca8f278e92810bf1fd05f5dd033c2a7f75fa9,d454bcbddb28073924472abf63817947d73f0e29290e7c9a93d8b38bf82629ac,True,0.501,118.4,h3r_dw3x3_4x9_c128__SSE-320__ethos-u85-256__bridge_legacy_relaxed__R2.txt,,,,PASS,
h3r_dw3x3_4x9_c128__SSE-320__ethos-u85-256,h3r_dw3x3_4x9_c128,dw3x3,4,9,256,bridge_legacy_relaxed,3,SUCCESS,3068,2844,224,0,0,468,288,fdd0b38a6f43606b17c0c4d237dca8f278e92810bf1fd05f5dd033c2a7f75fa9,d454bcbddb28073924472abf63817947d73f0e29290e7c9a93d8b38bf82629ac,True,0.501,119.9,h3r_dw3x3_4x9_c128__SSE-320__ethos-u85-256__bridge_legacy_relaxed__R3.txt,,,,PASS,
h3r_dw3x3_4x9_c128__SSE-320__ethos-u85-512,h3r_dw3x3_4x9_c128,dw3x3,4,9,512,base,1,SUCCESS,6068,5799,269,0,0,474,288,e5ff038c95a80a89dd25908c792199b6af01b9b6181846fbc4c112ac34e8682a,d6d23c6e43676b9921a3c38c40aa43ed2c27d40945e9b22f20b7728fd4f4160f,True,0.502,111.7,h3r_dw3x3_4x9_c128__SSE-320__ethos-u85-512__base__R1.txt,SUCCESS,dd3cea027ae1cfdcec6815c4a38f3db1e2e01bbeb65742662cf353606be51621,2ae1e62bd2a940d050d793693e5cfda8ec0d4411f55ffe2b01f554866054b22b,PASS,
h3r_dw3x3_4x9_c128__SSE-320__ethos-u85-512,h3r_dw3x3_4x9_c128,dw3x3,4,9,512,base,2,SUCCESS,6068,5799,269,0,0,474,288,e5ff038c95a80a89dd25908c792199b6af01b9b6181846fbc4c112ac34e8682a,d6d23c6e43676b9921a3c38c40aa43ed2c27d40945e9b22f20b7728fd4f4160f,True,0.502,113.2,h3r_dw3x3_4x9_c128__SSE-320__ethos-u85-512__base__R2.txt,,,,PASS,
h3r_dw3x3_4x9_c128__SSE-320__ethos-u85-512,h3r_dw3x3_4x9_c128,dw3x3,4,9,512,base,3,SUCCESS,6068,5799,269,0,0,474,288,e5ff038c95a80a89dd25908c792199b6af01b9b6181846fbc4c112ac34e8682a,d6d23c6e43676b9921a3c38c40aa43ed2c27d40945e9b22f20b7728fd4f4160f,True,0.502,114.7,h3r_dw3x3_4x9_c128__SSE-320__ethos-u85-512__base__R3.txt,,,,PASS,
h3r_dw3x3_4x9_c128__SSE-320__ethos-u85-512,h3r_dw3x3_4x9_c128,dw3x3,4,9,512,equalized,1,SUCCESS,2068,1364,704,0,0,474,288,e5ff038c95a80a89dd25908c792199b6af01b9b6181846fbc4c112ac34e8682a,80c899e8510f42624bd6f76710bdd3cf4fc0ac85f8e040f335df493cb13954e8,True,0.502,111.7,h3r_dw3x3_4x9_c128__SSE-320__ethos-u85-512__equalized__R1.txt,SUCCESS,dd3cea027ae1cfdcec6815c4a38f3db1e2e01bbeb65742662cf353606be51621,85ef1d2cf79d42a869d346ccdb09363054f9e23f9b1066c14a27d81649697c47,PASS,
h3r_dw3x3_4x9_c128__SSE-320__ethos-u85-512,h3r_dw3x3_4x9_c128,dw3x3,4,9,512,equalized,2,SUCCESS,2068,1364,704,0,0,474,288,e5ff038c95a80a89dd25908c792199b6af01b9b6181846fbc4c112ac34e8682a,80c899e8510f42624bd6f76710bdd3cf4fc0ac85f8e040f335df493cb13954e8,True,0.502,113.2,h3r_dw3x3_4x9_c128__SSE-320__ethos-u85-512__equalized__R2.txt,,,,PASS,
h3r_dw3x3_4x9_c128__SSE-320__ethos-u85-512,h3r_dw3x3_4x9_c128,dw3x3,4,9,512,equalized,3,SUCCESS,2068,1364,704,0,0,474,288,e5ff038c95a80a89dd25908c792199b6af01b9b6181846fbc4c112ac34e8682a,80c899e8510f42624bd6f76710bdd3cf4fc0ac85f8e040f335df493cb13954e8,True,0.502,114.7,h3r_dw3x3_4x9_c128__SSE-320__ethos-u85-512__equalized__R3.txt,,,,PASS,
h3r_dw3x3_4x9_c128__SSE-320__ethos-u85-512,h3r_dw3x3_4x9_c128,dw3x3,4,9,512,bridge_legacy_relaxed,1,SUCCESS,2068,1364,704,0,0,474,288,e5ff038c95a80a89dd25908c792199b6af01b9b6181846fbc4c112ac34e8682a,63528ea7410747bf77733e5a792067deb43244e4c5cd76d242da29938b8eb1a6,True,0.502,111.7,h3r_dw3x3_4x9_c128__SSE-320__ethos-u85-512__bridge_legacy_relaxed__R1.txt,SUCCESS,dd3cea027ae1cfdcec6815c4a38f3db1e2e01bbeb65742662cf353606be51621,3c6d5d376c40fb72a8b1661c85842c5acc0b6fac3fd5fdfcee010a9af9bd6bec,PASS,
h3r_dw3x3_4x9_c128__SSE-320__ethos-u85-512,h3r_dw3x3_4x9_c128,dw3x3,4,9,512,bridge_legacy_relaxed,2,SUCCESS,2068,1364,704,0,0,474,288,e5ff038c95a80a89dd25908c792199b6af01b9b6181846fbc4c112ac34e8682a,63528ea7410747bf77733e5a792067deb43244e4c5cd76d242da29938b8eb1a6,True,0.502,113.2,h3r_dw3x3_4x9_c128__SSE-320__ethos-u85-512__bridge_legacy_relaxed__R2.txt,,,,PASS,
h3r_dw3x3_4x9_c128__SSE-320__ethos-u85-512,h3r_dw3x3_4x9_c128,dw3x3,4,9,512,bridge_legacy_relaxed,3,SUCCESS,2068,1364,704,0,0,474,288,e5ff038c95a80a89dd25908c792199b6af01b9b6181846fbc4c112ac34e8682a,63528ea7410747bf77733e5a792067deb43244e4c5cd76d242da29938b8eb1a6,True,0.502,114.8,h3r_dw3x3_4x9_c128__SSE-320__ethos-u85-512__bridge_legacy_relaxed__R3.txt,,,,PASS,
h3r_dw3x3_6x6_c128__SSE-320__ethos-u85-256,h3r_dw3x3_6x6_c128,dw3x3,6,6,256,base,1,SUCCESS,6068,5507,561,0,0,468,288,78f67fb0241b12ee49fdd05edc7d5ce64b1514e1d607139c92bc1dfe15df226c,4b316b4494c64a9ad4f3ff2237ab403b05bdfb8af507922d6642c61aec2712d9,True,0.502,111.0,h3r_dw3x3_6x6_c128__SSE-320__ethos-u85-256__base__R1.txt,SUCCESS,3669c6646709c0314783fbe7366e0be50cc46e4e9860e4dbfe0dc21b7b2afd17,3c3cade44bd27326e988f7aff81c40a4a0c8762920ced04e4e32bfb036ca349b,PASS,
h3r_dw3x3_6x6_c128__SSE-320__ethos-u85-256,h3r_dw3x3_6x6_c128,dw3x3,6,6,256,base,2,SUCCESS,6068,5507,561,0,0,468,288,78f67fb0241b12ee49fdd05edc7d5ce64b1514e1d607139c92bc1dfe15df226c,4b316b4494c64a9ad4f3ff2237ab403b05bdfb8af507922d6642c61aec2712d9,True,0.502,112.5,h3r_dw3x3_6x6_c128__SSE-320__ethos-u85-256__base__R2.txt,,,,PASS,
h3r_dw3x3_6x6_c128__SSE-320__ethos-u85-256,h3r_dw3x3_6x6_c128,dw3x3,6,6,256,base,3,SUCCESS,6068,5507,561,0,0,468,288,78f67fb0241b12ee49fdd05edc7d5ce64b1514e1d607139c92bc1dfe15df226c,4b316b4494c64a9ad4f3ff2237ab403b05bdfb8af507922d6642c61aec2712d9,True,0.502,114.0,h3r_dw3x3_6x6_c128__SSE-320__ethos-u85-256__base__R3.txt,,,,PASS,
h3r_dw3x3_6x6_c128__SSE-320__ethos-u85-256,h3r_dw3x3_6x6_c128,dw3x3,6,6,256,equalized,1,SUCCESS,3068,2790,278,0,0,468,288,78f67fb0241b12ee49fdd05edc7d5ce64b1514e1d607139c92bc1dfe15df226c,f457b4ec9bdffbe34b344cb254a1302b5cec3310eaf7140d40d82bcbc718e284,True,0.502,111.2,h3r_dw3x3_6x6_c128__SSE-320__ethos-u85-256__equalized__R1.txt,SUCCESS,3669c6646709c0314783fbe7366e0be50cc46e4e9860e4dbfe0dc21b7b2afd17,3d4d76453bf90c8489074be1d6901622e1f98f5665aa26f0797f250ba66592a8,PASS,
h3r_dw3x3_6x6_c128__SSE-320__ethos-u85-256,h3r_dw3x3_6x6_c128,dw3x3,6,6,256,equalized,2,SUCCESS,3068,2790,278,0,0,468,288,78f67fb0241b12ee49fdd05edc7d5ce64b1514e1d607139c92bc1dfe15df226c,f457b4ec9bdffbe34b344cb254a1302b5cec3310eaf7140d40d82bcbc718e284,True,0.502,112.8,h3r_dw3x3_6x6_c128__SSE-320__ethos-u85-256__equalized__R2.txt,,,,PASS,
h3r_dw3x3_6x6_c128__SSE-320__ethos-u85-256,h3r_dw3x3_6x6_c128,dw3x3,6,6,256,equalized,3,SUCCESS,3068,2790,278,0,0,468,288,78f67fb0241b12ee49fdd05edc7d5ce64b1514e1d607139c92bc1dfe15df226c,f457b4ec9bdffbe34b344cb254a1302b5cec3310eaf7140d40d82bcbc718e284,True,0.502,114.3,h3r_dw3x3_6x6_c128__SSE-320__ethos-u85-256__equalized__R3.txt,,,,PASS,
h3r_dw3x3_6x6_c128__SSE-320__ethos-u85-256,h3r_dw3x3_6x6_c128,dw3x3,6,6,256,bridge_legacy_relaxed,1,SUCCESS,3068,2790,278,0,0,468,288,78f67fb0241b12ee49fdd05edc7d5ce64b1514e1d607139c92bc1dfe15df226c,7b1d7ca4b8a19078149aa9a46ab8b91131bdd6afae7f31671fd88820cf2b20f9,True,0.502,116.5,h3r_dw3x3_6x6_c128__SSE-320__ethos-u85-256__bridge_legacy_relaxed__R1.txt,SUCCESS,3669c6646709c0314783fbe7366e0be50cc46e4e9860e4dbfe0dc21b7b2afd17,e1d136dc46510104786467ebe5b875246419fa64233f3f72c0f2192f7b6bb01e,PASS,
h3r_dw3x3_6x6_c128__SSE-320__ethos-u85-256,h3r_dw3x3_6x6_c128,dw3x3,6,6,256,bridge_legacy_relaxed,2,SUCCESS,3068,2790,278,0,0,468,288,78f67fb0241b12ee49fdd05edc7d5ce64b1514e1d607139c92bc1dfe15df226c,7b1d7ca4b8a19078149aa9a46ab8b91131bdd6afae7f31671fd88820cf2b20f9,True,0.502,118.0,h3r_dw3x3_6x6_c128__SSE-320__ethos-u85-256__bridge_legacy_relaxed__R2.txt,,,,PASS,
h3r_dw3x3_6x6_c128__SSE-320__ethos-u85-256,h3r_dw3x3_6x6_c128,dw3x3,6,6,256,bridge_legacy_relaxed,3,SUCCESS,3068,2790,278,0,0,468,288,78f67fb0241b12ee49fdd05edc7d5ce64b1514e1d607139c92bc1dfe15df226c,7b1d7ca4b8a19078149aa9a46ab8b91131bdd6afae7f31671fd88820cf2b20f9,True,0.502,119.6,h3r_dw3x3_6x6_c128__SSE-320__ethos-u85-256__bridge_legacy_relaxed__R3.txt,,,,PASS,
h3r_dw3x3_6x6_c128__SSE-320__ethos-u85-512,h3r_dw3x3_6x6_c128,dw3x3,6,6,512,base,1,SUCCESS,6068,5769,299,0,0,474,288,fa0056f62fbcc10e2728aa9a344eed4b4acf6bdeaacd58c8bb75fb0b176b135f,6ebea6d8bd874ecd3d2aedb0d3675e7ab08b7b3314aec4e2ec5cf9a6d389e32a,True,0.502,111.5,h3r_dw3x3_6x6_c128__SSE-320__ethos-u85-512__base__R1.txt,SUCCESS,3669c6646709c0314783fbe7366e0be50cc46e4e9860e4dbfe0dc21b7b2afd17,5d6951e2ca518f6be8738a89a2f38c7aebe4af62c92d520a14322e33424ce4b2,PASS,
h3r_dw3x3_6x6_c128__SSE-320__ethos-u85-512,h3r_dw3x3_6x6_c128,dw3x3,6,6,512,base,2,SUCCESS,6068,5769,299,0,0,474,288,fa0056f62fbcc10e2728aa9a344eed4b4acf6bdeaacd58c8bb75fb0b176b135f,6ebea6d8bd874ecd3d2aedb0d3675e7ab08b7b3314aec4e2ec5cf9a6d389e32a,True,0.502,113.0,h3r_dw3x3_6x6_c128__SSE-320__ethos-u85-512__base__R2.txt,,,,PASS,
h3r_dw3x3_6x6_c128__SSE-320__ethos-u85-512,h3r_dw3x3_6x6_c128,dw3x3,6,6,512,base,3,SUCCESS,6068,5769,299,0,0,474,288,fa0056f62fbcc10e2728aa9a344eed4b4acf6bdeaacd58c8bb75fb0b176b135f,6ebea6d8bd874ecd3d2aedb0d3675e7ab08b7b3314aec4e2ec5cf9a6d389e32a,True,0.502,114.5,h3r_dw3x3_6x6_c128__SSE-320__ethos-u85-512__base__R3.txt,,,,PASS,
h3r_dw3x3_6x6_c128__SSE-320__ethos-u85-512,h3r_dw3x3_6x6_c128,dw3x3,6,6,512,equalized,1,SUCCESS,2068,1271,797,0,0,474,288,fa0056f62fbcc10e2728aa9a344eed4b4acf6bdeaacd58c8bb75fb0b176b135f,e8f3b0b98f9da3b391048ebf3a745042df52d0921efa8c5d898a5d4ea6b670f7,True,0.502,112.1,h3r_dw3x3_6x6_c128__SSE-320__ethos-u85-512__equalized__R1.txt,SUCCESS,3669c6646709c0314783fbe7366e0be50cc46e4e9860e4dbfe0dc21b7b2afd17,e51af5518a6a0bc7f7a9b2355eb7b7930a3da69c245c501e430b9090f230d331,PASS,
h3r_dw3x3_6x6_c128__SSE-320__ethos-u85-512,h3r_dw3x3_6x6_c128,dw3x3,6,6,512,equalized,2,SUCCESS,2068,1271,797,0,0,474,288,fa0056f62fbcc10e2728aa9a344eed4b4acf6bdeaacd58c8bb75fb0b176b135f,e8f3b0b98f9da3b391048ebf3a745042df52d0921efa8c5d898a5d4ea6b670f7,True,0.502,113.6,h3r_dw3x3_6x6_c128__SSE-320__ethos-u85-512__equalized__R2.txt,,,,PASS,
h3r_dw3x3_6x6_c128__SSE-320__ethos-u85-512,h3r_dw3x3_6x6_c128,dw3x3,6,6,512,equalized,3,SUCCESS,2068,1271,797,0,0,474,288,fa0056f62fbcc10e2728aa9a344eed4b4acf6bdeaacd58c8bb75fb0b176b135f,e8f3b0b98f9da3b391048ebf3a745042df52d0921efa8c5d898a5d4ea6b670f7,True,0.502,115.1,h3r_dw3x3_6x6_c128__SSE-320__ethos-u85-512__equalized__R3.txt,,,,PASS,
h3r_dw3x3_6x6_c128__SSE-320__ethos-u85-512,h3r_dw3x3_6x6_c128,dw3x3,6,6,512,bridge_legacy_relaxed,1,SUCCESS,2068,1271,797,0,0,474,288,fa0056f62fbcc10e2728aa9a344eed4b4acf6bdeaacd58c8bb75fb0b176b135f,17a550c1ab28de77d2be110089e6e68a5899bf2079fcee31245ac7c9a3e6dcc3,True,0.502,111.6,h3r_dw3x3_6x6_c128__SSE-320__ethos-u85-512__bridge_legacy_relaxed__R1.txt,SUCCESS,3669c6646709c0314783fbe7366e0be50cc46e4e9860e4dbfe0dc21b7b2afd17,72cc74ec972c6c7570b3b3ed363e63d8707acab3e6da3737ad931e0cfd5c6124,PASS,
h3r_dw3x3_6x6_c128__SSE-320__ethos-u85-512,h3r_dw3x3_6x6_c128,dw3x3,6,6,512,bridge_legacy_relaxed,2,SUCCESS,2068,1271,797,0,0,474,288,fa0056f62fbcc10e2728aa9a344eed4b4acf6bdeaacd58c8bb75fb0b176b135f,17a550c1ab28de77d2be110089e6e68a5899bf2079fcee31245ac7c9a3e6dcc3,True,0.502,113.1,h3r_dw3x3_6x6_c128__SSE-320__ethos-u85-512__bridge_legacy_relaxed__R2.txt,,,,PASS,
h3r_dw3x3_6x6_c128__SSE-320__ethos-u85-512,h3r_dw3x3_6x6_c128,dw3x3,6,6,512,bridge_legacy_relaxed,3,SUCCESS,2068,1271,797,0,0,474,288,fa0056f62fbcc10e2728aa9a344eed4b4acf6bdeaacd58c8bb75fb0b176b135f,17a550c1ab28de77d2be110089e6e68a5899bf2079fcee31245ac7c9a3e6dcc3,True,0.502,114.6,h3r_dw3x3_6x6_c128__SSE-320__ethos-u85-512__bridge_legacy_relaxed__R3.txt,,,,PASS,
h3r_dw3x3_9x4_c128__SSE-320__ethos-u85-256,h3r_dw3x3_9x4_c128,dw3x3,9,4,256,base,1,SUCCESS,6068,5389,679,0,0,468,288,eeb07cd6f919e3b24899a67e83d5f9f1a746f1e2f8afaf8d796859218f69993d,d0a3ead6fd704839924114b4fb2d73d3a44f1c3d74727dd6432eb94556bb2b6b,True,0.502,111.7,h3r_dw3x3_9x4_c128__SSE-320__ethos-u85-256__base__R1.txt,SUCCESS,20e9ba13db80fb6b52a2fac69abaf3240f78ccc926b8f426f45989c0e25f97a9,43ed74e55c86025f83a84f32870ddf585736930ba679330757257f442ebd8982,PASS,
h3r_dw3x3_9x4_c128__SSE-320__ethos-u85-256,h3r_dw3x3_9x4_c128,dw3x3,9,4,256,base,2,SUCCESS,6068,5389,679,0,0,468,288,eeb07cd6f919e3b24899a67e83d5f9f1a746f1e2f8afaf8d796859218f69993d,d0a3ead6fd704839924114b4fb2d73d3a44f1c3d74727dd6432eb94556bb2b6b,True,0.502,113.2,h3r_dw3x3_9x4_c128__SSE-320__ethos-u85-256__base__R2.txt,,,,PASS,
h3r_dw3x3_9x4_c128__SSE-320__ethos-u85-256,h3r_dw3x3_9x4_c128,dw3x3,9,4,256,base,3,SUCCESS,6068,5389,679,0,0,468,288,eeb07cd6f919e3b24899a67e83d5f9f1a746f1e2f8afaf8d796859218f69993d,d0a3ead6fd704839924114b4fb2d73d3a44f1c3d74727dd6432eb94556bb2b6b,True,0.502,114.8,h3r_dw3x3_9x4_c128__SSE-320__ethos-u85-256__base__R3.txt,,,,PASS,
h3r_dw3x3_9x4_c128__SSE-320__ethos-u85-256,h3r_dw3x3_9x4_c128,dw3x3,9,4,256,equalized,1,SUCCESS,3068,2778,290,0,0,468,288,eeb07cd6f919e3b24899a67e83d5f9f1a746f1e2f8afaf8d796859218f69993d,89c8f687f95e38f3cd36470f3f4ac7ae9dd35661f138806809c885e0b4cde676,True,0.502,111.6,h3r_dw3x3_9x4_c128__SSE-320__ethos-u85-256__equalized__R1.txt,SUCCESS,20e9ba13db80fb6b52a2fac69abaf3240f78ccc926b8f426f45989c0e25f97a9,63728e86f05f41e7d2dccf0f1893057391eb72e07298b65ab90bb327851007eb,PASS,
h3r_dw3x3_9x4_c128__SSE-320__ethos-u85-256,h3r_dw3x3_9x4_c128,dw3x3,9,4,256,equalized,2,SUCCESS,3068,2778,290,0,0,468,288,eeb07cd6f919e3b24899a67e83d5f9f1a746f1e2f8afaf8d796859218f69993d,89c8f687f95e38f3cd36470f3f4ac7ae9dd35661f138806809c885e0b4cde676,True,0.501,113.1,h3r_dw3x3_9x4_c128__SSE-320__ethos-u85-256__equalized__R2.txt,,,,PASS,
h3r_dw3x3_9x4_c128__SSE-320__ethos-u85-256,h3r_dw3x3_9x4_c128,dw3x3,9,4,256,equalized,3,SUCCESS,3068,2778,290,0,0,468,288,eeb07cd6f919e3b24899a67e83d5f9f1a746f1e2f8afaf8d796859218f69993d,89c8f687f95e38f3cd36470f3f4ac7ae9dd35661f138806809c885e0b4cde676,True,0.502,114.6,h3r_dw3x3_9x4_c128__SSE-320__ethos-u85-256__equalized__R3.txt,,,,PASS,
h3r_dw3x3_9x4_c128__SSE-320__ethos-u85-256,h3r_dw3x3_9x4_c128,dw3x3,9,4,256,bridge_legacy_relaxed,1,SUCCESS,3068,2778,290,0,0,468,288,eeb07cd6f919e3b24899a67e83d5f9f1a746f1e2f8afaf8d796859218f69993d,55df05e5169cdcc0f10012fccedcf917b51e5be977dd5b5f0fc1aceefeb73342,True,0.502,116.4,h3r_dw3x3_9x4_c128__SSE-320__ethos-u85-256__bridge_legacy_relaxed__R1.txt,SUCCESS,20e9ba13db80fb6b52a2fac69abaf3240f78ccc926b8f426f45989c0e25f97a9,e6775b2e0c435bd659f9c9f06f657948d914e5adf7dca60716c540d513e9c7ce,PASS,
h3r_dw3x3_9x4_c128__SSE-320__ethos-u85-256,h3r_dw3x3_9x4_c128,dw3x3,9,4,256,bridge_legacy_relaxed,2,SUCCESS,3068,2778,290,0,0,468,288,eeb07cd6f919e3b24899a67e83d5f9f1a746f1e2f8afaf8d796859218f69993d,55df05e5169cdcc0f10012fccedcf917b51e5be977dd5b5f0fc1aceefeb73342,True,0.502,117.9,h3r_dw3x3_9x4_c128__SSE-320__ethos-u85-256__bridge_legacy_relaxed__R2.txt,,,,PASS,
h3r_dw3x3_9x4_c128__SSE-320__ethos-u85-256,h3r_dw3x3_9x4_c128,dw3x3,9,4,256,bridge_legacy_relaxed,3,SUCCESS,3068,2778,290,0,0,468,288,eeb07cd6f919e3b24899a67e83d5f9f1a746f1e2f8afaf8d796859218f69993d,55df05e5169cdcc0f10012fccedcf917b51e5be977dd5b5f0fc1aceefeb73342,True,0.502,119.4,h3r_dw3x3_9x4_c128__SSE-320__ethos-u85-256__bridge_legacy_relaxed__R3.txt,,,,PASS,
h3r_dw3x3_9x4_c128__SSE-320__ethos-u85-512,h3r_dw3x3_9x4_c128,dw3x3,9,4,512,base,1,SUCCESS,6068,5743,325,0,0,474,288,7afbcc94e83c65b1ab61d35bd70d7d0361be78b9d52b1931147ea22d1309dc1e,3f45471a6c31e729b50308309e3285a080e892dcd847468dd2855e5961e45cba,True,0.502,111.4,h3r_dw3x3_9x4_c128__SSE-320__ethos-u85-512__base__R1.txt,SUCCESS,20e9ba13db80fb6b52a2fac69abaf3240f78ccc926b8f426f45989c0e25f97a9,72a5ee4087f7d90bf096eba0ced39eccc8ffc9a5afdbad20b3ad7791383bc6ab,PASS,
h3r_dw3x3_9x4_c128__SSE-320__ethos-u85-512,h3r_dw3x3_9x4_c128,dw3x3,9,4,512,base,2,SUCCESS,6068,5743,325,0,0,474,288,7afbcc94e83c65b1ab61d35bd70d7d0361be78b9d52b1931147ea22d1309dc1e,3f45471a6c31e729b50308309e3285a080e892dcd847468dd2855e5961e45cba,True,0.552,112.9,h3r_dw3x3_9x4_c128__SSE-320__ethos-u85-512__base__R2.txt,,,,PASS,
h3r_dw3x3_9x4_c128__SSE-320__ethos-u85-512,h3r_dw3x3_9x4_c128,dw3x3,9,4,512,base,3,SUCCESS,6068,5743,325,0,0,474,288,7afbcc94e83c65b1ab61d35bd70d7d0361be78b9d52b1931147ea22d1309dc1e,3f45471a6c31e729b50308309e3285a080e892dcd847468dd2855e5961e45cba,True,0.502,114.5,h3r_dw3x3_9x4_c128__SSE-320__ethos-u85-512__base__R3.txt,,,,PASS,
h3r_dw3x3_9x4_c128__SSE-320__ethos-u85-512,h3r_dw3x3_9x4_c128,dw3x3,9,4,512,equalized,1,SUCCESS,2068,1246,822,0,0,474,288,7afbcc94e83c65b1ab61d35bd70d7d0361be78b9d52b1931147ea22d1309dc1e,edf3689204d371cb1c2ddc99dc8e17c0d31f5fe929665b27a1125d62cbec1f3e,True,0.502,111.1,h3r_dw3x3_9x4_c128__SSE-320__ethos-u85-512__equalized__R1.txt,SUCCESS,20e9ba13db80fb6b52a2fac69abaf3240f78ccc926b8f426f45989c0e25f97a9,7f6f3013cda7d955b4213c024dd49eaa2273b5e3e799c94a6359c627628a41cf,PASS,
h3r_dw3x3_9x4_c128__SSE-320__ethos-u85-512,h3r_dw3x3_9x4_c128,dw3x3,9,4,512,equalized,2,SUCCESS,2068,1246,822,0,0,474,288,7afbcc94e83c65b1ab61d35bd70d7d0361be78b9d52b1931147ea22d1309dc1e,edf3689204d371cb1c2ddc99dc8e17c0d31f5fe929665b27a1125d62cbec1f3e,True,0.502,112.6,h3r_dw3x3_9x4_c128__SSE-320__ethos-u85-512__equalized__R2.txt,,,,PASS,
h3r_dw3x3_9x4_c128__SSE-320__ethos-u85-512,h3r_dw3x3_9x4_c128,dw3x3,9,4,512,equalized,3,SUCCESS,2068,1246,822,0,0,474,288,7afbcc94e83c65b1ab61d35bd70d7d0361be78b9d52b1931147ea22d1309dc1e,edf3689204d371cb1c2ddc99dc8e17c0d31f5fe929665b27a1125d62cbec1f3e,True,0.502,114.1,h3r_dw3x3_9x4_c128__SSE-320__ethos-u85-512__equalized__R3.txt,,,,PASS,
h3r_dw3x3_9x4_c128__SSE-320__ethos-u85-512,h3r_dw3x3_9x4_c128,dw3x3,9,4,512,bridge_legacy_relaxed,1,SUCCESS,2068,1246,822,0,0,474,288,7afbcc94e83c65b1ab61d35bd70d7d0361be78b9d52b1931147ea22d1309dc1e,415cc823753ddf16683ea699b4bda357beb60e3f100111e2bff73004422198b1,True,0.502,111.6,h3r_dw3x3_9x4_c128__SSE-320__ethos-u85-512__bridge_legacy_relaxed__R1.txt,SUCCESS,20e9ba13db80fb6b52a2fac69abaf3240f78ccc926b8f426f45989c0e25f97a9,34fc2fdc423f7fce999d6469734cdd47c6490df31d3865be306a6d3ae3a944e0,PASS,
h3r_dw3x3_9x4_c128__SSE-320__ethos-u85-512,h3r_dw3x3_9x4_c128,dw3x3,9,4,512,bridge_legacy_relaxed,2,SUCCESS,2068,1246,822,0,0,474,288,7afbcc94e83c65b1ab61d35bd70d7d0361be78b9d52b1931147ea22d1309dc1e,415cc823753ddf16683ea699b4bda357beb60e3f100111e2bff73004422198b1,True,0.502,113.2,h3r_dw3x3_9x4_c128__SSE-320__ethos-u85-512__bridge_legacy_relaxed__R2.txt,,,,PASS,
h3r_dw3x3_9x4_c128__SSE-320__ethos-u85-512,h3r_dw3x3_9x4_c128,dw3x3,9,4,512,bridge_legacy_relaxed,3,SUCCESS,2068,1246,822,0,0,474,288,7afbcc94e83c65b1ab61d35bd70d7d0361be78b9d52b1931147ea22d1309dc1e,415cc823753ddf16683ea699b4bda357beb60e3f100111e2bff73004422198b1,True,0.502,114.7,h3r_dw3x3_9x4_c128__SSE-320__ethos-u85-512__bridge_legacy_relaxed__R3.txt,,,,PASS,
h3r_dw3x3_12x3_c128__SSE-320__ethos-u85-256,h3r_dw3x3_12x3_c128,dw3x3,12,3,256,base,1,SUCCESS,6068,5247,821,0,0,468,288,5eb71e348382bb32e211e3df1bee5179e1c220d6229675c475dea92c97ecccaa,d6b3f844726717d051bb6df8e69c2595e62a20ecc32b4e6fcb359bcf8145da26,True,0.502,111.5,h3r_dw3x3_12x3_c128__SSE-320__ethos-u85-256__base__R1.txt,SUCCESS,eb02792a358cd621396ce1f4f78a0f124ea73d10b191a5a8b33e31e878471706,82573ec471c4826da4a1c0bc3b4e516f84abdfdadf25c0f9dd65601abede5d5c,PASS,
h3r_dw3x3_12x3_c128__SSE-320__ethos-u85-256,h3r_dw3x3_12x3_c128,dw3x3,12,3,256,base,2,SUCCESS,6068,5247,821,0,0,468,288,5eb71e348382bb32e211e3df1bee5179e1c220d6229675c475dea92c97ecccaa,d6b3f844726717d051bb6df8e69c2595e62a20ecc32b4e6fcb359bcf8145da26,True,0.502,113.0,h3r_dw3x3_12x3_c128__SSE-320__ethos-u85-256__base__R2.txt,,,,PASS,
h3r_dw3x3_12x3_c128__SSE-320__ethos-u85-256,h3r_dw3x3_12x3_c128,dw3x3,12,3,256,base,3,SUCCESS,6068,5247,821,0,0,468,288,5eb71e348382bb32e211e3df1bee5179e1c220d6229675c475dea92c97ecccaa,d6b3f844726717d051bb6df8e69c2595e62a20ecc32b4e6fcb359bcf8145da26,True,0.502,114.5,h3r_dw3x3_12x3_c128__SSE-320__ethos-u85-256__base__R3.txt,,,,PASS,
h3r_dw3x3_12x3_c128__SSE-320__ethos-u85-256,h3r_dw3x3_12x3_c128,dw3x3,12,3,256,equalized,1,SUCCESS,3068,2874,194,0,0,468,288,5eb71e348382bb32e211e3df1bee5179e1c220d6229675c475dea92c97ecccaa,9e9ea970a933b4ab4792ed419fe8daeab0f5acbe612925a1394dfddeda0ba0ce,True,0.502,111.3,h3r_dw3x3_12x3_c128__SSE-320__ethos-u85-256__equalized__R1.txt,SUCCESS,eb02792a358cd621396ce1f4f78a0f124ea73d10b191a5a8b33e31e878471706,7090aa2b494547eab7316fe3d1333cd6d0f40d30584a1ecb6322673efcb4ad10,PASS,
h3r_dw3x3_12x3_c128__SSE-320__ethos-u85-256,h3r_dw3x3_12x3_c128,dw3x3,12,3,256,equalized,2,SUCCESS,3068,2874,194,0,0,468,288,5eb71e348382bb32e211e3df1bee5179e1c220d6229675c475dea92c97ecccaa,9e9ea970a933b4ab4792ed419fe8daeab0f5acbe612925a1394dfddeda0ba0ce,True,0.502,112.8,h3r_dw3x3_12x3_c128__SSE-320__ethos-u85-256__equalized__R2.txt,,,,PASS,
h3r_dw3x3_12x3_c128__SSE-320__ethos-u85-256,h3r_dw3x3_12x3_c128,dw3x3,12,3,256,equalized,3,SUCCESS,3068,2874,194,0,0,468,288,5eb71e348382bb32e211e3df1bee5179e1c220d6229675c475dea92c97ecccaa,9e9ea970a933b4ab4792ed419fe8daeab0f5acbe612925a1394dfddeda0ba0ce,True,0.501,114.3,h3r_dw3x3_12x3_c128__SSE-320__ethos-u85-256__equalized__R3.txt,,,,PASS,
h3r_dw3x3_12x3_c128__SSE-320__ethos-u85-256,h3r_dw3x3_12x3_c128,dw3x3,12,3,256,bridge_legacy_relaxed,1,SUCCESS,3068,2874,194,0,0,468,288,5eb71e348382bb32e211e3df1bee5179e1c220d6229675c475dea92c97ecccaa,b2ceb24a46fe0be5dcb08d8ab873fabd3e1279500a4d3e284112a45a154c1011,True,0.502,111.3,h3r_dw3x3_12x3_c128__SSE-320__ethos-u85-256__bridge_legacy_relaxed__R1.txt,SUCCESS,eb02792a358cd621396ce1f4f78a0f124ea73d10b191a5a8b33e31e878471706,c4ee310f75c1b8194b03d196b23d7f98a605df6776889284d49d0d8f6cd8ce60,PASS,
h3r_dw3x3_12x3_c128__SSE-320__ethos-u85-256,h3r_dw3x3_12x3_c128,dw3x3,12,3,256,bridge_legacy_relaxed,2,SUCCESS,3068,2874,194,0,0,468,288,5eb71e348382bb32e211e3df1bee5179e1c220d6229675c475dea92c97ecccaa,b2ceb24a46fe0be5dcb08d8ab873fabd3e1279500a4d3e284112a45a154c1011,True,0.502,112.8,h3r_dw3x3_12x3_c128__SSE-320__ethos-u85-256__bridge_legacy_relaxed__R2.txt,,,,PASS,
h3r_dw3x3_12x3_c128__SSE-320__ethos-u85-256,h3r_dw3x3_12x3_c128,dw3x3,12,3,256,bridge_legacy_relaxed,3,SUCCESS,3068,2874,194,0,0,468,288,5eb71e348382bb32e211e3df1bee5179e1c220d6229675c475dea92c97ecccaa,b2ceb24a46fe0be5dcb08d8ab873fabd3e1279500a4d3e284112a45a154c1011,True,0.502,114.3,h3r_dw3x3_12x3_c128__SSE-320__ethos-u85-256__bridge_legacy_relaxed__R3.txt,,,,PASS,
h3r_dw3x3_12x3_c128__SSE-320__ethos-u85-512,h3r_dw3x3_12x3_c128,dw3x3,12,3,512,base,1,SUCCESS,6068,5748,320,0,0,474,288,6774926f88a7a2b2458adbaff1c6fd15ed3d75ecd3eb104007bc416b6455e193,f948e7a4672780372fd5508906637558f45ab11857eb509ca8c731e165f7325a,True,0.502,110.9,h3r_dw3x3_12x3_c128__SSE-320__ethos-u85-512__base__R1.txt,SUCCESS,eb02792a358cd621396ce1f4f78a0f124ea73d10b191a5a8b33e31e878471706,e27cc140a9b8d3a3dbafc5ca3bbaa892efc5175e9fff0127001bffacdb9d92cd,PASS,
h3r_dw3x3_12x3_c128__SSE-320__ethos-u85-512,h3r_dw3x3_12x3_c128,dw3x3,12,3,512,base,2,SUCCESS,6068,5748,320,0,0,474,288,6774926f88a7a2b2458adbaff1c6fd15ed3d75ecd3eb104007bc416b6455e193,f948e7a4672780372fd5508906637558f45ab11857eb509ca8c731e165f7325a,True,0.502,112.4,h3r_dw3x3_12x3_c128__SSE-320__ethos-u85-512__base__R2.txt,,,,PASS,
h3r_dw3x3_12x3_c128__SSE-320__ethos-u85-512,h3r_dw3x3_12x3_c128,dw3x3,12,3,512,base,3,SUCCESS,6068,5748,320,0,0,474,288,6774926f88a7a2b2458adbaff1c6fd15ed3d75ecd3eb104007bc416b6455e193,f948e7a4672780372fd5508906637558f45ab11857eb509ca8c731e165f7325a,True,0.502,113.9,h3r_dw3x3_12x3_c128__SSE-320__ethos-u85-512__base__R3.txt,,,,PASS,
h3r_dw3x3_12x3_c128__SSE-320__ethos-u85-512,h3r_dw3x3_12x3_c128,dw3x3,12,3,512,equalized,1,SUCCESS,2068,1439,629,0,0,474,288,6774926f88a7a2b2458adbaff1c6fd15ed3d75ecd3eb104007bc416b6455e193,c535ef552f14e09ddd13d5da87306fffd9e1a7ecbe79b9ffbd03b3caaf7c6636,True,0.502,111.3,h3r_dw3x3_12x3_c128__SSE-320__ethos-u85-512__equalized__R1.txt,SUCCESS,eb02792a358cd621396ce1f4f78a0f124ea73d10b191a5a8b33e31e878471706,7d404fb1ff9d39c3dee9e3cae29c3dd9a31622995f940594607bc60e61790c94,PASS,
h3r_dw3x3_12x3_c128__SSE-320__ethos-u85-512,h3r_dw3x3_12x3_c128,dw3x3,12,3,512,equalized,2,SUCCESS,2068,1439,629,0,0,474,288,6774926f88a7a2b2458adbaff1c6fd15ed3d75ecd3eb104007bc416b6455e193,c535ef552f14e09ddd13d5da87306fffd9e1a7ecbe79b9ffbd03b3caaf7c6636,True,0.502,112.9,h3r_dw3x3_12x3_c128__SSE-320__ethos-u85-512__equalized__R2.txt,,,,PASS,
h3r_dw3x3_12x3_c128__SSE-320__ethos-u85-512,h3r_dw3x3_12x3_c128,dw3x3,12,3,512,equalized,3,SUCCESS,2068,1439,629,0,0,474,288,6774926f88a7a2b2458adbaff1c6fd15ed3d75ecd3eb104007bc416b6455e193,c535ef552f14e09ddd13d5da87306fffd9e1a7ecbe79b9ffbd03b3caaf7c6636,True,0.502,114.4,h3r_dw3x3_12x3_c128__SSE-320__ethos-u85-512__equalized__R3.txt,,,,PASS,
h3r_dw3x3_12x3_c128__SSE-320__ethos-u85-512,h3r_dw3x3_12x3_c128,dw3x3,12,3,512,bridge_legacy_relaxed,1,SUCCESS,2068,1439,629,0,0,474,288,6774926f88a7a2b2458adbaff1c6fd15ed3d75ecd3eb104007bc416b6455e193,6eeec5c11f141f9a852a178f3eef97aa95a96f10f31194f6f4045821754f822e,True,0.552,111.2,h3r_dw3x3_12x3_c128__SSE-320__ethos-u85-512__bridge_legacy_relaxed__R1.txt,SUCCESS,eb02792a358cd621396ce1f4f78a0f124ea73d10b191a5a8b33e31e878471706,a64269240a56fca3d1b2bf72087049de65e6e2671d27a6a5e2c5d50427a47e45,PASS,
h3r_dw3x3_12x3_c128__SSE-320__ethos-u85-512,h3r_dw3x3_12x3_c128,dw3x3,12,3,512,bridge_legacy_relaxed,2,SUCCESS,2068,1439,629,0,0,474,288,6774926f88a7a2b2458adbaff1c6fd15ed3d75ecd3eb104007bc416b6455e193,6eeec5c11f141f9a852a178f3eef97aa95a96f10f31194f6f4045821754f822e,True,0.502,112.7,h3r_dw3x3_12x3_c128__SSE-320__ethos-u85-512__bridge_legacy_relaxed__R2.txt,,,,PASS,
h3r_dw3x3_12x3_c128__SSE-320__ethos-u85-512,h3r_dw3x3_12x3_c128,dw3x3,12,3,512,bridge_legacy_relaxed,3,SUCCESS,2068,1439,629,0,0,474,288,6774926f88a7a2b2458adbaff1c6fd15ed3d75ecd3eb104007bc416b6455e193,6eeec5c11f141f9a852a178f3eef97aa95a96f10f31194f6f4045821754f822e,True,0.502,114.2,h3r_dw3x3_12x3_c128__SSE-320__ethos-u85-512__bridge_legacy_relaxed__R3.txt,,,,PASS,
h3r_dw3x3_18x2_c128__SSE-320__ethos-u85-256,h3r_dw3x3_18x2_c128,dw3x3,18,2,256,base,1,SUCCESS,6068,5381,687,0,0,468,288,d2918231bba05cbcbcbcfb11decc6f5e83185f053327cac2fe8636d931a0aa97,ef93e50c97a3d0cfecbc07066f575e97398d1656e64e2c305a3263d0902c457b,True,0.502,122.0,h3r_dw3x3_18x2_c128__SSE-320__ethos-u85-256__base__R1.txt,SUCCESS,4732558c1652061079cb092316c9aaf66a8f2bcc3e98258e5c9eef6481d6606f,272a07d1004e83fc7fbf6cec81191fe247bf3dab40da99d2c12648b972757dd9,PASS,
h3r_dw3x3_18x2_c128__SSE-320__ethos-u85-256,h3r_dw3x3_18x2_c128,dw3x3,18,2,256,base,2,SUCCESS,6068,5381,687,0,0,468,288,d2918231bba05cbcbcbcfb11decc6f5e83185f053327cac2fe8636d931a0aa97,ef93e50c97a3d0cfecbc07066f575e97398d1656e64e2c305a3263d0902c457b,True,0.502,123.5,h3r_dw3x3_18x2_c128__SSE-320__ethos-u85-256__base__R2.txt,,,,PASS,
h3r_dw3x3_18x2_c128__SSE-320__ethos-u85-256,h3r_dw3x3_18x2_c128,dw3x3,18,2,256,base,3,SUCCESS,6068,5381,687,0,0,468,288,d2918231bba05cbcbcbcfb11decc6f5e83185f053327cac2fe8636d931a0aa97,ef93e50c97a3d0cfecbc07066f575e97398d1656e64e2c305a3263d0902c457b,True,0.502,125.0,h3r_dw3x3_18x2_c128__SSE-320__ethos-u85-256__base__R3.txt,,,,PASS,
h3r_dw3x3_18x2_c128__SSE-320__ethos-u85-256,h3r_dw3x3_18x2_c128,dw3x3,18,2,256,equalized,1,SUCCESS,2068,1758,310,0,0,468,288,d2918231bba05cbcbcbcfb11decc6f5e83185f053327cac2fe8636d931a0aa97,24eb3d8be1ed49fba8852624e797291d70e8e830bb1773040f16e69ac878c6a3,True,0.502,116.8,h3r_dw3x3_18x2_c128__SSE-320__ethos-u85-256__equalized__R1.txt,SUCCESS,4732558c1652061079cb092316c9aaf66a8f2bcc3e98258e5c9eef6481d6606f,9d0f2a885613c238d539ee99b5535ef82f1ac4d8a566935a75a7f92973a70c95,PASS,
h3r_dw3x3_18x2_c128__SSE-320__ethos-u85-256,h3r_dw3x3_18x2_c128,dw3x3,18,2,256,equalized,2,SUCCESS,2068,1758,310,0,0,468,288,d2918231bba05cbcbcbcfb11decc6f5e83185f053327cac2fe8636d931a0aa97,24eb3d8be1ed49fba8852624e797291d70e8e830bb1773040f16e69ac878c6a3,True,0.502,118.3,h3r_dw3x3_18x2_c128__SSE-320__ethos-u85-256__equalized__R2.txt,,,,PASS,
h3r_dw3x3_18x2_c128__SSE-320__ethos-u85-256,h3r_dw3x3_18x2_c128,dw3x3,18,2,256,equalized,3,SUCCESS,2068,1758,310,0,0,468,288,d2918231bba05cbcbcbcfb11decc6f5e83185f053327cac2fe8636d931a0aa97,24eb3d8be1ed49fba8852624e797291d70e8e830bb1773040f16e69ac878c6a3,True,0.502,119.8,h3r_dw3x3_18x2_c128__SSE-320__ethos-u85-256__equalized__R3.txt,,,,PASS,
h3r_dw3x3_18x2_c128__SSE-320__ethos-u85-256,h3r_dw3x3_18x2_c128,dw3x3,18,2,256,bridge_legacy_relaxed,1,SUCCESS,2068,1758,310,0,0,468,288,d2918231bba05cbcbcbcfb11decc6f5e83185f053327cac2fe8636d931a0aa97,1107e62b306289bcf0d048ea4ae0b144d2c1cb8b7ccaf608efd21995145128fe,True,0.502,115.9,h3r_dw3x3_18x2_c128__SSE-320__ethos-u85-256__bridge_legacy_relaxed__R1.txt,SUCCESS,4732558c1652061079cb092316c9aaf66a8f2bcc3e98258e5c9eef6481d6606f,e9a7cff0946df7b47a62d080556f4969cdc45216a8822b1b61092fbd4931b9ef,PASS,
h3r_dw3x3_18x2_c128__SSE-320__ethos-u85-256,h3r_dw3x3_18x2_c128,dw3x3,18,2,256,bridge_legacy_relaxed,2,SUCCESS,2068,1758,310,0,0,468,288,d2918231bba05cbcbcbcfb11decc6f5e83185f053327cac2fe8636d931a0aa97,1107e62b306289bcf0d048ea4ae0b144d2c1cb8b7ccaf608efd21995145128fe,True,0.502,117.5,h3r_dw3x3_18x2_c128__SSE-320__ethos-u85-256__bridge_legacy_relaxed__R2.txt,,,,PASS,
h3r_dw3x3_18x2_c128__SSE-320__ethos-u85-256,h3r_dw3x3_18x2_c128,dw3x3,18,2,256,bridge_legacy_relaxed,3,SUCCESS,2068,1758,310,0,0,468,288,d2918231bba05cbcbcbcfb11decc6f5e83185f053327cac2fe8636d931a0aa97,1107e62b306289bcf0d048ea4ae0b144d2c1cb8b7ccaf608efd21995145128fe,True,0.502,119.0,h3r_dw3x3_18x2_c128__SSE-320__ethos-u85-256__bridge_legacy_relaxed__R3.txt,,,,PASS,
h3r_dw3x3_18x2_c128__SSE-320__ethos-u85-512,h3r_dw3x3_18x2_c128,dw3x3,18,2,512,base,1,SUCCESS,6068,5705,363,0,0,474,288,0a52eda6c3748904545b3f4131d5781038e47e471fde7d1227a9c0d6df701b78,d589ee5e44e39b447b20dfa921fca8f91b1b62d5d9398f581166661fe0c903bf,True,0.502,117.0,h3r_dw3x3_18x2_c128__SSE-320__ethos-u85-512__base__R1.txt,SUCCESS,4732558c1652061079cb092316c9aaf66a8f2bcc3e98258e5c9eef6481d6606f,ce159100a1d8bc48f523895436bc52e4b29e8ae9e6bbb3f237025c04ac441bfd,PASS,
h3r_dw3x3_18x2_c128__SSE-320__ethos-u85-512,h3r_dw3x3_18x2_c128,dw3x3,18,2,512,base,2,SUCCESS,6068,5705,363,0,0,474,288,0a52eda6c3748904545b3f4131d5781038e47e471fde7d1227a9c0d6df701b78,d589ee5e44e39b447b20dfa921fca8f91b1b62d5d9398f581166661fe0c903bf,True,0.502,118.5,h3r_dw3x3_18x2_c128__SSE-320__ethos-u85-512__base__R2.txt,,,,PASS,
h3r_dw3x3_18x2_c128__SSE-320__ethos-u85-512,h3r_dw3x3_18x2_c128,dw3x3,18,2,512,base,3,SUCCESS,6068,5705,363,0,0,474,288,0a52eda6c3748904545b3f4131d5781038e47e471fde7d1227a9c0d6df701b78,d589ee5e44e39b447b20dfa921fca8f91b1b62d5d9398f581166661fe0c903bf,True,0.502,120.0,h3r_dw3x3_18x2_c128__SSE-320__ethos-u85-512__base__R3.txt,,,,PASS,
h3r_dw3x3_18x2_c128__SSE-320__ethos-u85-512,h3r_dw3x3_18x2_c128,dw3x3,18,2,512,equalized,1,SUCCESS,2068,1231,837,0,0,474,288,0a52eda6c3748904545b3f4131d5781038e47e471fde7d1227a9c0d6df701b78,47dd38ec87eaf90a76107fb960a23ecdea645a3120bea1f663d85a0c5dee8d05,True,0.502,112.2,h3r_dw3x3_18x2_c128__SSE-320__ethos-u85-512__equalized__R1.txt,SUCCESS,4732558c1652061079cb092316c9aaf66a8f2bcc3e98258e5c9eef6481d6606f,753ffcc973ae6932c663bbf300b470b035d7e13095f59a9d2c140064c3d2efa6,PASS,
h3r_dw3x3_18x2_c128__SSE-320__ethos-u85-512,h3r_dw3x3_18x2_c128,dw3x3,18,2,512,equalized,2,SUCCESS,2068,1231,837,0,0,474,288,0a52eda6c3748904545b3f4131d5781038e47e471fde7d1227a9c0d6df701b78,47dd38ec87eaf90a76107fb960a23ecdea645a3120bea1f663d85a0c5dee8d05,True,0.502,113.7,h3r_dw3x3_18x2_c128__SSE-320__ethos-u85-512__equalized__R2.txt,,,,PASS,
h3r_dw3x3_18x2_c128__SSE-320__ethos-u85-512,h3r_dw3x3_18x2_c128,dw3x3,18,2,512,equalized,3,SUCCESS,2068,1231,837,0,0,474,288,0a52eda6c3748904545b3f4131d5781038e47e471fde7d1227a9c0d6df701b78,47dd38ec87eaf90a76107fb960a23ecdea645a3120bea1f663d85a0c5dee8d05,True,0.501,115.2,h3r_dw3x3_18x2_c128__SSE-320__ethos-u85-512__equalized__R3.txt,,,,PASS,
h3r_dw3x3_18x2_c128__SSE-320__ethos-u85-512,h3r_dw3x3_18x2_c128,dw3x3,18,2,512,bridge_legacy_relaxed,1,SUCCESS,2068,1231,837,0,0,474,288,0a52eda6c3748904545b3f4131d5781038e47e471fde7d1227a9c0d6df701b78,b4affc83fc32ca49479edd1ed47495ee14ad8b1c920a169cfd4879ae3ee6e8d0,True,0.502,111.3,h3r_dw3x3_18x2_c128__SSE-320__ethos-u85-512__bridge_legacy_relaxed__R1.txt,SUCCESS,4732558c1652061079cb092316c9aaf66a8f2bcc3e98258e5c9eef6481d6606f,19600872fef9d65cd827d70952bf9e47982b832c936cc009e12e01df7868a0b6,PASS,
h3r_dw3x3_18x2_c128__SSE-320__ethos-u85-512,h3r_dw3x3_18x2_c128,dw3x3,18,2,512,bridge_legacy_relaxed,2,SUCCESS,2068,1231,837,0,0,474,288,0a52eda6c3748904545b3f4131d5781038e47e471fde7d1227a9c0d6df701b78,b4affc83fc32ca49479edd1ed47495ee14ad8b1c920a169cfd4879ae3ee6e8d0,True,0.502,112.8,h3r_dw3x3_18x2_c128__SSE-320__ethos-u85-512__bridge_legacy_relaxed__R2.txt,,,,PASS,
h3r_dw3x3_18x2_c128__SSE-320__ethos-u85-512,h3r_dw3x3_18x2_c128,dw3x3,18,2,512,bridge_legacy_relaxed,3,SUCCESS,2068,1231,837,0,0,474,288,0a52eda6c3748904545b3f4131d5781038e47e471fde7d1227a9c0d6df701b78,b4affc83fc32ca49479edd1ed47495ee14ad8b1c920a169cfd4879ae3ee6e8d0,True,0.502,114.3,h3r_dw3x3_18x2_c128__SSE-320__ethos-u85-512__bridge_legacy_relaxed__R3.txt,,,,PASS,
h3r_dw3x3_36x1_c128__SSE-320__ethos-u85-256,h3r_dw3x3_36x1_c128,dw3x3,36,1,256,base,1,SUCCESS,6068,5241,827,0,0,468,288,b50818970e292984eaa70cda1747551dc6130a48c0d1df471e83c34451e81ff7,380778742189f31397876c8b1b44de349cb8adb04e3ce9fbec8df2c26befc2e2,True,0.502,116.8,h3r_dw3x3_36x1_c128__SSE-320__ethos-u85-256__base__R1.txt,SUCCESS,967d2ae3927c0153e6790f938e9acf0ea954655d1d5121709ff94dfc1482ea79,ae2b16fed3ddf8a7e4c1bec67df9f5566cadeb69623629433a2155c10b263eeb,PASS,
h3r_dw3x3_36x1_c128__SSE-320__ethos-u85-256,h3r_dw3x3_36x1_c128,dw3x3,36,1,256,base,2,SUCCESS,6068,5241,827,0,0,468,288,b50818970e292984eaa70cda1747551dc6130a48c0d1df471e83c34451e81ff7,380778742189f31397876c8b1b44de349cb8adb04e3ce9fbec8df2c26befc2e2,True,0.502,118.3,h3r_dw3x3_36x1_c128__SSE-320__ethos-u85-256__base__R2.txt,,,,PASS,
h3r_dw3x3_36x1_c128__SSE-320__ethos-u85-256,h3r_dw3x3_36x1_c128,dw3x3,36,1,256,base,3,SUCCESS,6068,5241,827,0,0,468,288,b50818970e292984eaa70cda1747551dc6130a48c0d1df471e83c34451e81ff7,380778742189f31397876c8b1b44de349cb8adb04e3ce9fbec8df2c26befc2e2,True,0.552,119.9,h3r_dw3x3_36x1_c128__SSE-320__ethos-u85-256__base__R3.txt,,,,PASS,
h3r_dw3x3_36x1_c128__SSE-320__ethos-u85-256,h3r_dw3x3_36x1_c128,dw3x3,36,1,256,equalized,1,SUCCESS,4068,3014,1054,0,0,468,288,b50818970e292984eaa70cda1747551dc6130a48c0d1df471e83c34451e81ff7,29b8f66e130d7c30c486adea0139bcc3d0445bcd5b1c35f9bdedc735780ffea8,True,0.502,111.8,h3r_dw3x3_36x1_c128__SSE-320__ethos-u85-256__equalized__R1.txt,SUCCESS,967d2ae3927c0153e6790f938e9acf0ea954655d1d5121709ff94dfc1482ea79,265f65416c218be7890ee8ff207b94fe963670d26d1a1bca59570646bbc8171b,PASS,
h3r_dw3x3_36x1_c128__SSE-320__ethos-u85-256,h3r_dw3x3_36x1_c128,dw3x3,36,1,256,equalized,2,SUCCESS,4068,3014,1054,0,0,468,288,b50818970e292984eaa70cda1747551dc6130a48c0d1df471e83c34451e81ff7,29b8f66e130d7c30c486adea0139bcc3d0445bcd5b1c35f9bdedc735780ffea8,True,0.502,113.3,h3r_dw3x3_36x1_c128__SSE-320__ethos-u85-256__equalized__R2.txt,,,,PASS,
h3r_dw3x3_36x1_c128__SSE-320__ethos-u85-256,h3r_dw3x3_36x1_c128,dw3x3,36,1,256,equalized,3,SUCCESS,4068,3014,1054,0,0,468,288,b50818970e292984eaa70cda1747551dc6130a48c0d1df471e83c34451e81ff7,29b8f66e130d7c30c486adea0139bcc3d0445bcd5b1c35f9bdedc735780ffea8,True,0.502,114.8,h3r_dw3x3_36x1_c128__SSE-320__ethos-u85-256__equalized__R3.txt,,,,PASS,
h3r_dw3x3_36x1_c128__SSE-320__ethos-u85-256,h3r_dw3x3_36x1_c128,dw3x3,36,1,256,bridge_legacy_relaxed,1,SUCCESS,4068,3014,1054,0,0,468,288,b50818970e292984eaa70cda1747551dc6130a48c0d1df471e83c34451e81ff7,6182bbba334289d62dba1011c199f9c305fe5c069417e2800e02306f78048aa3,True,0.502,117.3,h3r_dw3x3_36x1_c128__SSE-320__ethos-u85-256__bridge_legacy_relaxed__R1.txt,SUCCESS,967d2ae3927c0153e6790f938e9acf0ea954655d1d5121709ff94dfc1482ea79,6102c63ed40242847bd750b50cc4830959a397172d54d4457e85eb5bde92c946,PASS,
h3r_dw3x3_36x1_c128__SSE-320__ethos-u85-256,h3r_dw3x3_36x1_c128,dw3x3,36,1,256,bridge_legacy_relaxed,2,SUCCESS,4068,3014,1054,0,0,468,288,b50818970e292984eaa70cda1747551dc6130a48c0d1df471e83c34451e81ff7,6182bbba334289d62dba1011c199f9c305fe5c069417e2800e02306f78048aa3,True,0.502,118.8,h3r_dw3x3_36x1_c128__SSE-320__ethos-u85-256__bridge_legacy_relaxed__R2.txt,,,,PASS,
h3r_dw3x3_36x1_c128__SSE-320__ethos-u85-256,h3r_dw3x3_36x1_c128,dw3x3,36,1,256,bridge_legacy_relaxed,3,SUCCESS,4068,3014,1054,0,0,468,288,b50818970e292984eaa70cda1747551dc6130a48c0d1df471e83c34451e81ff7,6182bbba334289d62dba1011c199f9c305fe5c069417e2800e02306f78048aa3,True,0.502,120.3,h3r_dw3x3_36x1_c128__SSE-320__ethos-u85-256__bridge_legacy_relaxed__R3.txt,,,,PASS,
h3r_dw3x3_36x1_c128__SSE-320__ethos-u85-512,h3r_dw3x3_36x1_c128,dw3x3,36,1,512,base,1,SUCCESS,6068,5355,713,0,0,474,288,7721e207cce2b59c7276cb3993d2a243ea3bdea64b830611f72dd061f4db9e8b,b7b8733efaa35832839a349f85e67e297fd0765d196ce30b51801d471dc1024f,True,0.502,111.5,h3r_dw3x3_36x1_c128__SSE-320__ethos-u85-512__base__R1.txt,SUCCESS,967d2ae3927c0153e6790f938e9acf0ea954655d1d5121709ff94dfc1482ea79,ecd8850091f9fef38ff4963e8d9325a2fb5780a886eab903cf35840d6faa25cf,PASS,
h3r_dw3x3_36x1_c128__SSE-320__ethos-u85-512,h3r_dw3x3_36x1_c128,dw3x3,36,1,512,base,2,SUCCESS,6068,5355,713,0,0,474,288,7721e207cce2b59c7276cb3993d2a243ea3bdea64b830611f72dd061f4db9e8b,b7b8733efaa35832839a349f85e67e297fd0765d196ce30b51801d471dc1024f,True,0.502,113.0,h3r_dw3x3_36x1_c128__SSE-320__ethos-u85-512__base__R2.txt,,,,PASS,
h3r_dw3x3_36x1_c128__SSE-320__ethos-u85-512,h3r_dw3x3_36x1_c128,dw3x3,36,1,512,base,3,SUCCESS,6068,5355,713,0,0,474,288,7721e207cce2b59c7276cb3993d2a243ea3bdea64b830611f72dd061f4db9e8b,b7b8733efaa35832839a349f85e67e297fd0765d196ce30b51801d471dc1024f,True,0.501,114.5,h3r_dw3x3_36x1_c128__SSE-320__ethos-u85-512__base__R3.txt,,,,PASS,
h3r_dw3x3_36x1_c128__SSE-320__ethos-u85-512,h3r_dw3x3_36x1_c128,dw3x3,36,1,512,equalized,1,SUCCESS,2068,1621,447,0,0,474,288,7721e207cce2b59c7276cb3993d2a243ea3bdea64b830611f72dd061f4db9e8b,860400629579b6c335316ee7c25a2aaf5b1b54fc305b1fb470fd75acb20a554b,True,0.502,111.4,h3r_dw3x3_36x1_c128__SSE-320__ethos-u85-512__equalized__R1.txt,SUCCESS,967d2ae3927c0153e6790f938e9acf0ea954655d1d5121709ff94dfc1482ea79,e770f8bb2b641eccf3eb391d9aa3f095f2b9d03852aa5f4f19bc0dfe2629e213,PASS,
h3r_dw3x3_36x1_c128__SSE-320__ethos-u85-512,h3r_dw3x3_36x1_c128,dw3x3,36,1,512,equalized,2,SUCCESS,2068,1621,447,0,0,474,288,7721e207cce2b59c7276cb3993d2a243ea3bdea64b830611f72dd061f4db9e8b,860400629579b6c335316ee7c25a2aaf5b1b54fc305b1fb470fd75acb20a554b,True,0.502,112.9,h3r_dw3x3_36x1_c128__SSE-320__ethos-u85-512__equalized__R2.txt,,,,PASS,
h3r_dw3x3_36x1_c128__SSE-320__ethos-u85-512,h3r_dw3x3_36x1_c128,dw3x3,36,1,512,equalized,3,SUCCESS,2068,1621,447,0,0,474,288,7721e207cce2b59c7276cb3993d2a243ea3bdea64b830611f72dd061f4db9e8b,860400629579b6c335316ee7c25a2aaf5b1b54fc305b1fb470fd75acb20a554b,True,0.502,114.4,h3r_dw3x3_36x1_c128__SSE-320__ethos-u85-512__equalized__R3.txt,,,,PASS,
h3r_dw3x3_36x1_c128__SSE-320__ethos-u85-512,h3r_dw3x3_36x1_c128,dw3x3,36,1,512,bridge_legacy_relaxed,1,SUCCESS,2068,1621,447,0,0,474,288,7721e207cce2b59c7276cb3993d2a243ea3bdea64b830611f72dd061f4db9e8b,a2a3d739513df216db85baf8efa206862c323774e352a552310232d0cb7a31fb,True,0.502,116.2,h3r_dw3x3_36x1_c128__SSE-320__ethos-u85-512__bridge_legacy_relaxed__R1.txt,SUCCESS,967d2ae3927c0153e6790f938e9acf0ea954655d1d5121709ff94dfc1482ea79,52e187b3147126fe356668817fd11d0574601617b66e20d17176cc793979f10b,PASS,
h3r_dw3x3_36x1_c128__SSE-320__ethos-u85-512,h3r_dw3x3_36x1_c128,dw3x3,36,1,512,bridge_legacy_relaxed,2,SUCCESS,2068,1621,447,0,0,474,288,7721e207cce2b59c7276cb3993d2a243ea3bdea64b830611f72dd061f4db9e8b,a2a3d739513df216db85baf8efa206862c323774e352a552310232d0cb7a31fb,True,0.502,117.7,h3r_dw3x3_36x1_c128__SSE-320__ethos-u85-512__bridge_legacy_relaxed__R2.txt,,,,PASS,
h3r_dw3x3_36x1_c128__SSE-320__ethos-u85-512,h3r_dw3x3_36x1_c128,dw3x3,36,1,512,bridge_legacy_relaxed,3,SUCCESS,2068,1621,447,0,0,474,288,7721e207cce2b59c7276cb3993d2a243ea3bdea64b830611f72dd061f4db9e8b,a2a3d739513df216db85baf8efa206862c323774e352a552310232d0cb7a31fb,True,0.502,119.3,h3r_dw3x3_36x1_c128__SSE-320__ethos-u85-512__bridge_legacy_relaxed__R3.txt,,,,PASS,
