set_id,rep,slot,ev_type,name,in_trm110,event_value,event_valid,event_overflow,run_rc,run_valid,invalid_reasons,window_cycles,cycle_valid,valid_flags,golden_crc,vendor_rc,ofm_mismatch_count,ofm_max_abs_diff,board_serial,fpga_image,build_id,authorization,app_sha256,vectors_sha256,ddr_sha256,host_boot_index,captured_at_utc
1,1,0,0,no_event,True,0,True,False,1,True,,73959068,1,13,,2,5,4,FTDI-00FT46259002B,FI101-r1p0 (109762 v0100),0x504d574c,owner-verbal-2026-09-23,0f215ef53ddd602ced432ecefe2733a5ac3f025fe03bd192a05bd311b2d00dc8,13c906de50f28f449b55287e6af916c14d4c52c5924ab5a0580d3147c2070462,81d37a219a6b4141d0b433796711ab8af2ee2c3c668a28143a3ffe6a574ade98,19,2026-10-07T04:12:40.236534+00:00
1,1,1,17,cycle,True,73959314,True,False,1,True,,73959068,1,13,,2,5,4,FTDI-00FT46259002B,FI101-r1p0 (109762 v0100),0x504d574c,owner-verbal-2026-09-23,0f215ef53ddd602ced432ecefe2733a5ac3f025fe03bd192a05bd311b2d00dc8,13c906de50f28f449b55287e6af916c14d4c52c5924ab5a0580d3147c2070462,81d37a219a6b4141d0b433796711ab8af2ee2c3c668a28143a3ffe6a574ade98,19,2026-10-07T04:12:40.236534+00:00
1,1,2,32,npu_idle,True,63245409,True,False,1,True,,73959068,1,13,,2,5,4,FTDI-00FT46259002B,FI101-r1p0 (109762 v0100),0x504d574c,owner-verbal-2026-09-23,0f215ef53ddd602ced432ecefe2733a5ac3f025fe03bd192a05bd311b2d00dc8,13c906de50f28f449b55287e6af916c14d4c52c5924ab5a0580d3147c2070462,81d37a219a6b4141d0b433796711ab8af2ee2c3c668a28143a3ffe6a574ade98,19,2026-10-07T04:12:40.236534+00:00
1,1,3,33,cc_stalled_on_blockdep,False,492235,True,False,1,True,,73959068,1,13,,2,5,4,FTDI-00FT46259002B,FI101-r1p0 (109762 v0100),0x504d574c,owner-verbal-2026-09-23,0f215ef53ddd602ced432ecefe2733a5ac3f025fe03bd192a05bd311b2d00dc8,13c906de50f28f449b55287e6af916c14d4c52c5924ab5a0580d3147c2070462,81d37a219a6b4141d0b433796711ab8af2ee2c3c668a28143a3ffe6a574ade98,19,2026-10-07T04:12:40.236534+00:00
1,1,4,35,npu_active,True,10713927,True,False,1,True,,73959068,1,13,,2,5,4,FTDI-00FT46259002B,FI101-r1p0 (109762 v0100),0x504d574c,owner-verbal-2026-09-23,0f215ef53ddd602ced432ecefe2733a5ac3f025fe03bd192a05bd311b2d00dc8,13c906de50f28f449b55287e6af916c14d4c52c5924ab5a0580d3147c2070462,81d37a219a6b4141d0b433796711ab8af2ee2c3c668a28143a3ffe6a574ade98,19,2026-10-07T04:12:40.236534+00:00
1,1,5,48,mac_active,True,593896,True,False,1,True,,73959068,1,13,,2,5,4,FTDI-00FT46259002B,FI101-r1p0 (109762 v0100),0x504d574c,owner-verbal-2026-09-23,0f215ef53ddd602ced432ecefe2733a5ac3f025fe03bd192a05bd311b2d00dc8,13c906de50f28f449b55287e6af916c14d4c52c5924ab5a0580d3147c2070462,81d37a219a6b4141d0b433796711ab8af2ee2c3c668a28143a3ffe6a574ade98,19,2026-10-07T04:12:40.236534+00:00
1,1,6,51,mac_dpu_active,True,549621,True,False,1,True,,73959068,1,13,,2,5,4,FTDI-00FT46259002B,FI101-r1p0 (109762 v0100),0x504d574c,owner-verbal-2026-09-23,0f215ef53ddd602ced432ecefe2733a5ac3f025fe03bd192a05bd311b2d00dc8,13c906de50f28f449b55287e6af916c14d4c52c5924ab5a0580d3147c2070462,81d37a219a6b4141d0b433796711ab8af2ee2c3c668a28143a3ffe6a574ade98,19,2026-10-07T04:12:40.236534+00:00
1,1,7,52,mac_stalled_by_w_or_acc,False,2546610,True,False,1,True,,73959068,1,13,,2,5,4,FTDI-00FT46259002B,FI101-r1p0 (109762 v0100),0x504d574c,owner-verbal-2026-09-23,0f215ef53ddd602ced432ecefe2733a5ac3f025fe03bd192a05bd311b2d00dc8,13c906de50f28f449b55287e6af916c14d4c52c5924ab5a0580d3147c2070462,81d37a219a6b4141d0b433796711ab8af2ee2c3c668a28143a3ffe6a574ade98,19,2026-10-07T04:12:40.236534+00:00
1,2,0,0,no_event,True,0,True,False,1,True,,73952489,1,13,,2,5,4,FTDI-00FT46259002B,FI101-r1p0 (109762 v0100),0x504d574c,owner-verbal-2026-09-23,0f215ef53ddd602ced432ecefe2733a5ac3f025fe03bd192a05bd311b2d00dc8,13c906de50f28f449b55287e6af916c14d4c52c5924ab5a0580d3147c2070462,81d37a219a6b4141d0b433796711ab8af2ee2c3c668a28143a3ffe6a574ade98,19,2026-10-07T04:12:40.236534+00:00
1,2,1,17,cycle,True,73952735,True,False,1,True,,73952489,1,13,,2,5,4,FTDI-00FT46259002B,FI101-r1p0 (109762 v0100),0x504d574c,owner-verbal-2026-09-23,0f215ef53ddd602ced432ecefe2733a5ac3f025fe03bd192a05bd311b2d00dc8,13c906de50f28f449b55287e6af916c14d4c52c5924ab5a0580d3147c2070462,81d37a219a6b4141d0b433796711ab8af2ee2c3c668a28143a3ffe6a574ade98,19,2026-10-07T04:12:40.236534+00:00
1,2,2,32,npu_idle,True,63245379,True,False,1,True,,73952489,1,13,,2,5,4,FTDI-00FT46259002B,FI101-r1p0 (109762 v0100),0x504d574c,owner-verbal-2026-09-23,0f215ef53ddd602ced432ecefe2733a5ac3f025fe03bd192a05bd311b2d00dc8,13c906de50f28f449b55287e6af916c14d4c52c5924ab5a0580d3147c2070462,81d37a219a6b4141d0b433796711ab8af2ee2c3c668a28143a3ffe6a574ade98,19,2026-10-07T04:12:40.236534+00:00
1,2,3,33,cc_stalled_on_blockdep,False,492485,True,False,1,True,,73952489,1,13,,2,5,4,FTDI-00FT46259002B,FI101-r1p0 (109762 v0100),0x504d574c,owner-verbal-2026-09-23,0f215ef53ddd602ced432ecefe2733a5ac3f025fe03bd192a05bd311b2d00dc8,13c906de50f28f449b55287e6af916c14d4c52c5924ab5a0580d3147c2070462,81d37a219a6b4141d0b433796711ab8af2ee2c3c668a28143a3ffe6a574ade98,19,2026-10-07T04:12:40.236534+00:00
1,2,4,35,npu_active,True,10707378,True,False,1,True,,73952489,1,13,,2,5,4,FTDI-00FT46259002B,FI101-r1p0 (109762 v0100),0x504d574c,owner-verbal-2026-09-23,0f215ef53ddd602ced432ecefe2733a5ac3f025fe03bd192a05bd311b2d00dc8,13c906de50f28f449b55287e6af916c14d4c52c5924ab5a0580d3147c2070462,81d37a219a6b4141d0b433796711ab8af2ee2c3c668a28143a3ffe6a574ade98,19,2026-10-07T04:12:40.236534+00:00
1,2,5,48,mac_active,True,593896,True,False,1,True,,73952489,1,13,,2,5,4,FTDI-00FT46259002B,FI101-r1p0 (109762 v0100),0x504d574c,owner-verbal-2026-09-23,0f215ef53ddd602ced432ecefe2733a5ac3f025fe03bd192a05bd311b2d00dc8,13c906de50f28f449b55287e6af916c14d4c52c5924ab5a0580d3147c2070462,81d37a219a6b4141d0b433796711ab8af2ee2c3c668a28143a3ffe6a574ade98,19,2026-10-07T04:12:40.236534+00:00
1,2,6,51,mac_dpu_active,True,549527,True,False,1,True,,73952489,1,13,,2,5,4,FTDI-00FT46259002B,FI101-r1p0 (109762 v0100),0x504d574c,owner-verbal-2026-09-23,0f215ef53ddd602ced432ecefe2733a5ac3f025fe03bd192a05bd311b2d00dc8,13c906de50f28f449b55287e6af916c14d4c52c5924ab5a0580d3147c2070462,81d37a219a6b4141d0b433796711ab8af2ee2c3c668a28143a3ffe6a574ade98,19,2026-10-07T04:12:40.236534+00:00
1,2,7,52,mac_stalled_by_w_or_acc,False,2511636,True,False,1,True,,73952489,1,13,,2,5,4,FTDI-00FT46259002B,FI101-r1p0 (109762 v0100),0x504d574c,owner-verbal-2026-09-23,0f215ef53ddd602ced432ecefe2733a5ac3f025fe03bd192a05bd311b2d00dc8,13c906de50f28f449b55287e6af916c14d4c52c5924ab5a0580d3147c2070462,81d37a219a6b4141d0b433796711ab8af2ee2c3c668a28143a3ffe6a574ade98,19,2026-10-07T04:12:40.236534+00:00
1,3,0,0,no_event,True,0,True,False,1,True,,73956445,1,13,,2,5,4,FTDI-00FT46259002B,FI101-r1p0 (109762 v0100),0x504d574c,owner-verbal-2026-09-23,0f215ef53ddd602ced432ecefe2733a5ac3f025fe03bd192a05bd311b2d00dc8,13c906de50f28f449b55287e6af916c14d4c52c5924ab5a0580d3147c2070462,81d37a219a6b4141d0b433796711ab8af2ee2c3c668a28143a3ffe6a574ade98,19,2026-10-07T04:12:40.236534+00:00
1,3,1,17,cycle,True,73956691,True,False,1,True,,73956445,1,13,,2,5,4,FTDI-00FT46259002B,FI101-r1p0 (109762 v0100),0x504d574c,owner-verbal-2026-09-23,0f215ef53ddd602ced432ecefe2733a5ac3f025fe03bd192a05bd311b2d00dc8,13c906de50f28f449b55287e6af916c14d4c52c5924ab5a0580d3147c2070462,81d37a219a6b4141d0b433796711ab8af2ee2c3c668a28143a3ffe6a574ade98,19,2026-10-07T04:12:40.236534+00:00
1,3,2,32,npu_idle,True,63245372,True,False,1,True,,73956445,1,13,,2,5,4,FTDI-00FT46259002B,FI101-r1p0 (109762 v0100),0x504d574c,owner-verbal-2026-09-23,0f215ef53ddd602ced432ecefe2733a5ac3f025fe03bd192a05bd311b2d00dc8,13c906de50f28f449b55287e6af916c14d4c52c5924ab5a0580d3147c2070462,81d37a219a6b4141d0b433796711ab8af2ee2c3c668a28143a3ffe6a574ade98,19,2026-10-07T04:12:40.236534+00:00
1,3,3,33,cc_stalled_on_blockdep,False,482829,True,False,1,True,,73956445,1,13,,2,5,4,FTDI-00FT46259002B,FI101-r1p0 (109762 v0100),0x504d574c,owner-verbal-2026-09-23,0f215ef53ddd602ced432ecefe2733a5ac3f025fe03bd192a05bd311b2d00dc8,13c906de50f28f449b55287e6af916c14d4c52c5924ab5a0580d3147c2070462,81d37a219a6b4141d0b433796711ab8af2ee2c3c668a28143a3ffe6a574ade98,19,2026-10-07T04:12:40.236534+00:00
1,3,4,35,npu_active,True,10711341,True,False,1,True,,73956445,1,13,,2,5,4,FTDI-00FT46259002B,FI101-r1p0 (109762 v0100),0x504d574c,owner-verbal-2026-09-23,0f215ef53ddd602ced432ecefe2733a5ac3f025fe03bd192a05bd311b2d00dc8,13c906de50f28f449b55287e6af916c14d4c52c5924ab5a0580d3147c2070462,81d37a219a6b4141d0b433796711ab8af2ee2c3c668a28143a3ffe6a574ade98,19,2026-10-07T04:12:40.236534+00:00
1,3,5,48,mac_active,True,593896,True,False,1,True,,73956445,1,13,,2,5,4,FTDI-00FT46259002B,FI101-r1p0 (109762 v0100),0x504d574c,owner-verbal-2026-09-23,0f215ef53ddd602ced432ecefe2733a5ac3f025fe03bd192a05bd311b2d00dc8,13c906de50f28f449b55287e6af916c14d4c52c5924ab5a0580d3147c2070462,81d37a219a6b4141d0b433796711ab8af2ee2c3c668a28143a3ffe6a574ade98,19,2026-10-07T04:12:40.236534+00:00
1,3,6,51,mac_dpu_active,True,549663,True,False,1,True,,73956445,1,13,,2,5,4,FTDI-00FT46259002B,FI101-r1p0 (109762 v0100),0x504d574c,owner-verbal-2026-09-23,0f215ef53ddd602ced432ecefe2733a5ac3f025fe03bd192a05bd311b2d00dc8,13c906de50f28f449b55287e6af916c14d4c52c5924ab5a0580d3147c2070462,81d37a219a6b4141d0b433796711ab8af2ee2c3c668a28143a3ffe6a574ade98,19,2026-10-07T04:12:40.236534+00:00
1,3,7,52,mac_stalled_by_w_or_acc,False,2561869,True,False,1,True,,73956445,1,13,,2,5,4,FTDI-00FT46259002B,FI101-r1p0 (109762 v0100),0x504d574c,owner-verbal-2026-09-23,0f215ef53ddd602ced432ecefe2733a5ac3f025fe03bd192a05bd311b2d00dc8,13c906de50f28f449b55287e6af916c14d4c52c5924ab5a0580d3147c2070462,81d37a219a6b4141d0b433796711ab8af2ee2c3c668a28143a3ffe6a574ade98,19,2026-10-07T04:12:40.236534+00:00
2,1,0,53,mac_stalled_by_w,False,1601694,True,False,1,True,,73958295,1,13,,2,5,4,FTDI-00FT46259002B,FI101-r1p0 (109762 v0100),0x504d574c,owner-verbal-2026-09-23,0f215ef53ddd602ced432ecefe2733a5ac3f025fe03bd192a05bd311b2d00dc8,13c906de50f28f449b55287e6af916c14d4c52c5924ab5a0580d3147c2070462,81d37a219a6b4141d0b433796711ab8af2ee2c3c668a28143a3ffe6a574ade98,19,2026-10-07T04:12:40.236534+00:00
2,1,1,54,mac_stalled_by_acc,False,937163,True,False,1,True,,73958295,1,13,,2,5,4,FTDI-00FT46259002B,FI101-r1p0 (109762 v0100),0x504d574c,owner-verbal-2026-09-23,0f215ef53ddd602ced432ecefe2733a5ac3f025fe03bd192a05bd311b2d00dc8,13c906de50f28f449b55287e6af916c14d4c52c5924ab5a0580d3147c2070462,81d37a219a6b4141d0b433796711ab8af2ee2c3c668a28143a3ffe6a574ade98,19,2026-10-07T04:12:40.236534+00:00
2,1,2,55,mac_stalled_by_ib,False,7027680,True,False,1,True,,73958295,1,13,,2,5,4,FTDI-00FT46259002B,FI101-r1p0 (109762 v0100),0x504d574c,owner-verbal-2026-09-23,0f215ef53ddd602ced432ecefe2733a5ac3f025fe03bd192a05bd311b2d00dc8,13c906de50f28f449b55287e6af916c14d4c52c5924ab5a0580d3147c2070462,81d37a219a6b4141d0b433796711ab8af2ee2c3c668a28143a3ffe6a574ade98,19,2026-10-07T04:12:40.236534+00:00
2,1,3,64,ao_active,True,443739,True,False,1,True,,73958295,1,13,,2,5,4,FTDI-00FT46259002B,FI101-r1p0 (109762 v0100),0x504d574c,owner-verbal-2026-09-23,0f215ef53ddd602ced432ecefe2733a5ac3f025fe03bd192a05bd311b2d00dc8,13c906de50f28f449b55287e6af916c14d4c52c5924ab5a0580d3147c2070462,81d37a219a6b4141d0b433796711ab8af2ee2c3c668a28143a3ffe6a574ade98,19,2026-10-07T04:12:40.236534+00:00
2,1,4,67,ao_stalled_by_bs_or_ob,False,5046559,True,False,1,True,,73958295,1,13,,2,5,4,FTDI-00FT46259002B,FI101-r1p0 (109762 v0100),0x504d574c,owner-verbal-2026-09-23,0f215ef53ddd602ced432ecefe2733a5ac3f025fe03bd192a05bd311b2d00dc8,13c906de50f28f449b55287e6af916c14d4c52c5924ab5a0580d3147c2070462,81d37a219a6b4141d0b433796711ab8af2ee2c3c668a28143a3ffe6a574ade98,19,2026-10-07T04:12:40.236534+00:00
2,1,5,68,ao_stalled_by_bs,False,2343918,True,False,1,True,,73958295,1,13,,2,5,4,FTDI-00FT46259002B,FI101-r1p0 (109762 v0100),0x504d574c,owner-verbal-2026-09-23,0f215ef53ddd602ced432ecefe2733a5ac3f025fe03bd192a05bd311b2d00dc8,13c906de50f28f449b55287e6af916c14d4c52c5924ab5a0580d3147c2070462,81d37a219a6b4141d0b433796711ab8af2ee2c3c668a28143a3ffe6a574ade98,19,2026-10-07T04:12:40.236534+00:00
2,1,6,69,ao_stalled_by_ob,False,2750528,True,False,1,True,,73958295,1,13,,2,5,4,FTDI-00FT46259002B,FI101-r1p0 (109762 v0100),0x504d574c,owner-verbal-2026-09-23,0f215ef53ddd602ced432ecefe2733a5ac3f025fe03bd192a05bd311b2d00dc8,13c906de50f28f449b55287e6af916c14d4c52c5924ab5a0580d3147c2070462,81d37a219a6b4141d0b433796711ab8af2ee2c3c668a28143a3ffe6a574ade98,19,2026-10-07T04:12:40.236534+00:00
2,1,7,70,ao_stalled_by_ab_or_cb,False,5102644,True,False,1,True,,73958295,1,13,,2,5,4,FTDI-00FT46259002B,FI101-r1p0 (109762 v0100),0x504d574c,owner-verbal-2026-09-23,0f215ef53ddd602ced432ecefe2733a5ac3f025fe03bd192a05bd311b2d00dc8,13c906de50f28f449b55287e6af916c14d4c52c5924ab5a0580d3147c2070462,81d37a219a6b4141d0b433796711ab8af2ee2c3c668a28143a3ffe6a574ade98,19,2026-10-07T04:12:40.236534+00:00
2,2,0,53,mac_stalled_by_w,False,1638684,True,False,1,True,,73953588,1,13,,2,5,4,FTDI-00FT46259002B,FI101-r1p0 (109762 v0100),0x504d574c,owner-verbal-2026-09-23,0f215ef53ddd602ced432ecefe2733a5ac3f025fe03bd192a05bd311b2d00dc8,13c906de50f28f449b55287e6af916c14d4c52c5924ab5a0580d3147c2070462,81d37a219a6b4141d0b433796711ab8af2ee2c3c668a28143a3ffe6a574ade98,19,2026-10-07T04:12:40.236534+00:00
2,2,1,54,mac_stalled_by_acc,False,963340,True,False,1,True,,73953588,1,13,,2,5,4,FTDI-00FT46259002B,FI101-r1p0 (109762 v0100),0x504d574c,owner-verbal-2026-09-23,0f215ef53ddd602ced432ecefe2733a5ac3f025fe03bd192a05bd311b2d00dc8,13c906de50f28f449b55287e6af916c14d4c52c5924ab5a0580d3147c2070462,81d37a219a6b4141d0b433796711ab8af2ee2c3c668a28143a3ffe6a574ade98,19,2026-10-07T04:12:40.236534+00:00
2,2,2,55,mac_stalled_by_ib,False,6957236,True,False,1,True,,73953588,1,13,,2,5,4,FTDI-00FT46259002B,FI101-r1p0 (109762 v0100),0x504d574c,owner-verbal-2026-09-23,0f215ef53ddd602ced432ecefe2733a5ac3f025fe03bd192a05bd311b2d00dc8,13c906de50f28f449b55287e6af916c14d4c52c5924ab5a0580d3147c2070462,81d37a219a6b4141d0b433796711ab8af2ee2c3c668a28143a3ffe6a574ade98,19,2026-10-07T04:12:40.236534+00:00
2,2,3,64,ao_active,True,443687,True,False,1,True,,73953588,1,13,,2,5,4,FTDI-00FT46259002B,FI101-r1p0 (109762 v0100),0x504d574c,owner-verbal-2026-09-23,0f215ef53ddd602ced432ecefe2733a5ac3f025fe03bd192a05bd311b2d00dc8,13c906de50f28f449b55287e6af916c14d4c52c5924ab5a0580d3147c2070462,81d37a219a6b4141d0b433796711ab8af2ee2c3c668a28143a3ffe6a574ade98,19,2026-10-07T04:12:40.236534+00:00
2,2,4,67,ao_stalled_by_bs_or_ob,False,5052552,True,False,1,True,,73953588,1,13,,2,5,4,FTDI-00FT46259002B,FI101-r1p0 (109762 v0100),0x504d574c,owner-verbal-2026-09-23,0f215ef53ddd602ced432ecefe2733a5ac3f025fe03bd192a05bd311b2d00dc8,13c906de50f28f449b55287e6af916c14d4c52c5924ab5a0580d3147c2070462,81d37a219a6b4141d0b433796711ab8af2ee2c3c668a28143a3ffe6a574ade98,19,2026-10-07T04:12:40.236534+00:00
2,2,5,68,ao_stalled_by_bs,False,2293634,True,False,1,True,,73953588,1,13,,2,5,4,FTDI-00FT46259002B,FI101-r1p0 (109762 v0100),0x504d574c,owner-verbal-2026-09-23,0f215ef53ddd602ced432ecefe2733a5ac3f025fe03bd192a05bd311b2d00dc8,13c906de50f28f449b55287e6af916c14d4c52c5924ab5a0580d3147c2070462,81d37a219a6b4141d0b433796711ab8af2ee2c3c668a28143a3ffe6a574ade98,19,2026-10-07T04:12:40.236534+00:00
2,2,6,69,ao_stalled_by_ob,False,2815161,True,False,1,True,,73953588,1,13,,2,5,4,FTDI-00FT46259002B,FI101-r1p0 (109762 v0100),0x504d574c,owner-verbal-2026-09-23,0f215ef53ddd602ced432ecefe2733a5ac3f025fe03bd192a05bd311b2d00dc8,13c906de50f28f449b55287e6af916c14d4c52c5924ab5a0580d3147c2070462,81d37a219a6b4141d0b433796711ab8af2ee2c3c668a28143a3ffe6a574ade98,19,2026-10-07T04:12:40.236534+00:00
2,2,7,70,ao_stalled_by_ab_or_cb,False,5063724,True,False,1,True,,73953588,1,13,,2,5,4,FTDI-00FT46259002B,FI101-r1p0 (109762 v0100),0x504d574c,owner-verbal-2026-09-23,0f215ef53ddd602ced432ecefe2733a5ac3f025fe03bd192a05bd311b2d00dc8,13c906de50f28f449b55287e6af916c14d4c52c5924ab5a0580d3147c2070462,81d37a219a6b4141d0b433796711ab8af2ee2c3c668a28143a3ffe6a574ade98,19,2026-10-07T04:12:40.236534+00:00
2,3,0,53,mac_stalled_by_w,False,1611483,True,False,1,True,,73956522,1,13,,2,5,4,FTDI-00FT46259002B,FI101-r1p0 (109762 v0100),0x504d574c,owner-verbal-2026-09-23,0f215ef53ddd602ced432ecefe2733a5ac3f025fe03bd192a05bd311b2d00dc8,13c906de50f28f449b55287e6af916c14d4c52c5924ab5a0580d3147c2070462,81d37a219a6b4141d0b433796711ab8af2ee2c3c668a28143a3ffe6a574ade98,19,2026-10-07T04:12:40.236534+00:00
2,3,1,54,mac_stalled_by_acc,False,946241,True,False,1,True,,73956522,1,13,,2,5,4,FTDI-00FT46259002B,FI101-r1p0 (109762 v0100),0x504d574c,owner-verbal-2026-09-23,0f215ef53ddd602ced432ecefe2733a5ac3f025fe03bd192a05bd311b2d00dc8,13c906de50f28f449b55287e6af916c14d4c52c5924ab5a0580d3147c2070462,81d37a219a6b4141d0b433796711ab8af2ee2c3c668a28143a3ffe6a574ade98,19,2026-10-07T04:12:40.236534+00:00
2,3,2,55,mac_stalled_by_ib,False,6966950,True,False,1,True,,73956522,1,13,,2,5,4,FTDI-00FT46259002B,FI101-r1p0 (109762 v0100),0x504d574c,owner-verbal-2026-09-23,0f215ef53ddd602ced432ecefe2733a5ac3f025fe03bd192a05bd311b2d00dc8,13c906de50f28f449b55287e6af916c14d4c52c5924ab5a0580d3147c2070462,81d37a219a6b4141d0b433796711ab8af2ee2c3c668a28143a3ffe6a574ade98,19,2026-10-07T04:12:40.236534+00:00
2,3,3,64,ao_active,True,443707,True,False,1,True,,73956522,1,13,,2,5,4,FTDI-00FT46259002B,FI101-r1p0 (109762 v0100),0x504d574c,owner-verbal-2026-09-23,0f215ef53ddd602ced432ecefe2733a5ac3f025fe03bd192a05bd311b2d00dc8,13c906de50f28f449b55287e6af916c14d4c52c5924ab5a0580d3147c2070462,81d37a219a6b4141d0b433796711ab8af2ee2c3c668a28143a3ffe6a574ade98,19,2026-10-07T04:12:40.236534+00:00
2,3,4,67,ao_stalled_by_bs_or_ob,False,5024278,True,False,1,True,,73956522,1,13,,2,5,4,FTDI-00FT46259002B,FI101-r1p0 (109762 v0100),0x504d574c,owner-verbal-2026-09-23,0f215ef53ddd602ced432ecefe2733a5ac3f025fe03bd192a05bd311b2d00dc8,13c906de50f28f449b55287e6af916c14d4c52c5924ab5a0580d3147c2070462,81d37a219a6b4141d0b433796711ab8af2ee2c3c668a28143a3ffe6a574ade98,19,2026-10-07T04:12:40.236534+00:00
2,3,5,68,ao_stalled_by_bs,False,2289021,True,False,1,True,,73956522,1,13,,2,5,4,FTDI-00FT46259002B,FI101-r1p0 (109762 v0100),0x504d574c,owner-verbal-2026-09-23,0f215ef53ddd602ced432ecefe2733a5ac3f025fe03bd192a05bd311b2d00dc8,13c906de50f28f449b55287e6af916c14d4c52c5924ab5a0580d3147c2070462,81d37a219a6b4141d0b433796711ab8af2ee2c3c668a28143a3ffe6a574ade98,19,2026-10-07T04:12:40.236534+00:00
2,3,6,69,ao_stalled_by_ob,False,2817387,True,False,1,True,,73956522,1,13,,2,5,4,FTDI-00FT46259002B,FI101-r1p0 (109762 v0100),0x504d574c,owner-verbal-2026-09-23,0f215ef53ddd602ced432ecefe2733a5ac3f025fe03bd192a05bd311b2d00dc8,13c906de50f28f449b55287e6af916c14d4c52c5924ab5a0580d3147c2070462,81d37a219a6b4141d0b433796711ab8af2ee2c3c668a28143a3ffe6a574ade98,19,2026-10-07T04:12:40.236534+00:00
2,3,7,70,ao_stalled_by_ab_or_cb,False,5127912,True,False,1,True,,73956522,1,13,,2,5,4,FTDI-00FT46259002B,FI101-r1p0 (109762 v0100),0x504d574c,owner-verbal-2026-09-23,0f215ef53ddd602ced432ecefe2733a5ac3f025fe03bd192a05bd311b2d00dc8,13c906de50f28f449b55287e6af916c14d4c52c5924ab5a0580d3147c2070462,81d37a219a6b4141d0b433796711ab8af2ee2c3c668a28143a3ffe6a574ade98,19,2026-10-07T04:12:40.236534+00:00
3,1,0,71,ao_stalled_by_ab,False,5014769,True,False,1,True,,73957948,1,13,,2,5,4,FTDI-00FT46259002B,FI101-r1p0 (109762 v0100),0x504d574c,owner-verbal-2026-09-23,0f215ef53ddd602ced432ecefe2733a5ac3f025fe03bd192a05bd311b2d00dc8,13c906de50f28f449b55287e6af916c14d4c52c5924ab5a0580d3147c2070462,81d37a219a6b4141d0b433796711ab8af2ee2c3c668a28143a3ffe6a574ade98,19,2026-10-07T04:12:40.236534+00:00
3,1,1,72,ao_stalled_by_cb,False,1077215,True,False,1,True,,73957948,1,13,,2,5,4,FTDI-00FT46259002B,FI101-r1p0 (109762 v0100),0x504d574c,owner-verbal-2026-09-23,0f215ef53ddd602ced432ecefe2733a5ac3f025fe03bd192a05bd311b2d00dc8,13c906de50f28f449b55287e6af916c14d4c52c5924ab5a0580d3147c2070462,81d37a219a6b4141d0b433796711ab8af2ee2c3c668a28143a3ffe6a574ade98,19,2026-10-07T04:12:40.236534+00:00
3,1,2,80,wd_active,True,194806,True,False,1,True,,73957948,1,13,,2,5,4,FTDI-00FT46259002B,FI101-r1p0 (109762 v0100),0x504d574c,owner-verbal-2026-09-23,0f215ef53ddd602ced432ecefe2733a5ac3f025fe03bd192a05bd311b2d00dc8,13c906de50f28f449b55287e6af916c14d4c52c5924ab5a0580d3147c2070462,81d37a219a6b4141d0b433796711ab8af2ee2c3c668a28143a3ffe6a574ade98,19,2026-10-07T04:12:40.236534+00:00
3,1,3,81,wd_stalled,True,10056673,True,False,1,True,,73957948,1,13,,2,5,4,FTDI-00FT46259002B,FI101-r1p0 (109762 v0100),0x504d574c,owner-verbal-2026-09-23,0f215ef53ddd602ced432ecefe2733a5ac3f025fe03bd192a05bd311b2d00dc8,13c906de50f28f449b55287e6af916c14d4c52c5924ab5a0580d3147c2070462,81d37a219a6b4141d0b433796711ab8af2ee2c3c668a28143a3ffe6a574ade98,19,2026-10-07T04:12:40.236534+00:00
3,1,4,83,wd_stalled_by_wd_buf,False,7906176,True,False,1,True,,73957948,1,13,,2,5,4,FTDI-00FT46259002B,FI101-r1p0 (109762 v0100),0x504d574c,owner-verbal-2026-09-23,0f215ef53ddd602ced432ecefe2733a5ac3f025fe03bd192a05bd311b2d00dc8,13c906de50f28f449b55287e6af916c14d4c52c5924ab5a0580d3147c2070462,81d37a219a6b4141d0b433796711ab8af2ee2c3c668a28143a3ffe6a574ade98,19,2026-10-07T04:12:40.236534+00:00
3,1,5,84,wd_stalled_by_ws_fc,False,0,True,False,1,True,,73957948,1,13,,2,5,4,FTDI-00FT46259002B,FI101-r1p0 (109762 v0100),0x504d574c,owner-verbal-2026-09-23,0f215ef53ddd602ced432ecefe2733a5ac3f025fe03bd192a05bd311b2d00dc8,13c906de50f28f449b55287e6af916c14d4c52c5924ab5a0580d3147c2070462,81d37a219a6b4141d0b433796711ab8af2ee2c3c668a28143a3ffe6a574ade98,19,2026-10-07T04:12:40.236534+00:00
3,1,6,85,wd_stalled_by_ws_tc,False,0,True,False,1,True,,73957948,1,13,,2,5,4,FTDI-00FT46259002B,FI101-r1p0 (109762 v0100),0x504d574c,owner-verbal-2026-09-23,0f215ef53ddd602ced432ecefe2733a5ac3f025fe03bd192a05bd311b2d00dc8,13c906de50f28f449b55287e6af916c14d4c52c5924ab5a0580d3147c2070462,81d37a219a6b4141d0b433796711ab8af2ee2c3c668a28143a3ffe6a574ade98,19,2026-10-07T04:12:40.236534+00:00
3,1,7,89,wd_trans_wblk,False,6470,True,False,1,True,,73957948,1,13,,2,5,4,FTDI-00FT46259002B,FI101-r1p0 (109762 v0100),0x504d574c,owner-verbal-2026-09-23,0f215ef53ddd602ced432ecefe2733a5ac3f025fe03bd192a05bd311b2d00dc8,13c906de50f28f449b55287e6af916c14d4c52c5924ab5a0580d3147c2070462,81d37a219a6b4141d0b433796711ab8af2ee2c3c668a28143a3ffe6a574ade98,19,2026-10-07T04:12:40.236534+00:00
3,2,0,71,ao_stalled_by_ab,False,5013615,True,False,1,True,,73960619,1,13,,2,5,4,FTDI-00FT46259002B,FI101-r1p0 (109762 v0100),0x504d574c,owner-verbal-2026-09-23,0f215ef53ddd602ced432ecefe2733a5ac3f025fe03bd192a05bd311b2d00dc8,13c906de50f28f449b55287e6af916c14d4c52c5924ab5a0580d3147c2070462,81d37a219a6b4141d0b433796711ab8af2ee2c3c668a28143a3ffe6a574ade98,19,2026-10-07T04:12:40.236534+00:00
3,2,1,72,ao_stalled_by_cb,False,1102378,True,False,1,True,,73960619,1,13,,2,5,4,FTDI-00FT46259002B,FI101-r1p0 (109762 v0100),0x504d574c,owner-verbal-2026-09-23,0f215ef53ddd602ced432ecefe2733a5ac3f025fe03bd192a05bd311b2d00dc8,13c906de50f28f449b55287e6af916c14d4c52c5924ab5a0580d3147c2070462,81d37a219a6b4141d0b433796711ab8af2ee2c3c668a28143a3ffe6a574ade98,19,2026-10-07T04:12:40.236534+00:00
3,2,2,80,wd_active,True,194958,True,False,1,True,,73960619,1,13,,2,5,4,FTDI-00FT46259002B,FI101-r1p0 (109762 v0100),0x504d574c,owner-verbal-2026-09-23,0f215ef53ddd602ced432ecefe2733a5ac3f025fe03bd192a05bd311b2d00dc8,13c906de50f28f449b55287e6af916c14d4c52c5924ab5a0580d3147c2070462,81d37a219a6b4141d0b433796711ab8af2ee2c3c668a28143a3ffe6a574ade98,19,2026-10-07T04:12:40.236534+00:00
3,2,3,81,wd_stalled,True,10054981,True,False,1,True,,73960619,1,13,,2,5,4,FTDI-00FT46259002B,FI101-r1p0 (109762 v0100),0x504d574c,owner-verbal-2026-09-23,0f215ef53ddd602ced432ecefe2733a5ac3f025fe03bd192a05bd311b2d00dc8,13c906de50f28f449b55287e6af916c14d4c52c5924ab5a0580d3147c2070462,81d37a219a6b4141d0b433796711ab8af2ee2c3c668a28143a3ffe6a574ade98,19,2026-10-07T04:12:40.236534+00:00
3,2,4,83,wd_stalled_by_wd_buf,False,7864301,True,False,1,True,,73960619,1,13,,2,5,4,FTDI-00FT46259002B,FI101-r1p0 (109762 v0100),0x504d574c,owner-verbal-2026-09-23,0f215ef53ddd602ced432ecefe2733a5ac3f025fe03bd192a05bd311b2d00dc8,13c906de50f28f449b55287e6af916c14d4c52c5924ab5a0580d3147c2070462,81d37a219a6b4141d0b433796711ab8af2ee2c3c668a28143a3ffe6a574ade98,19,2026-10-07T04:12:40.236534+00:00
3,2,5,84,wd_stalled_by_ws_fc,False,0,True,False,1,True,,73960619,1,13,,2,5,4,FTDI-00FT46259002B,FI101-r1p0 (109762 v0100),0x504d574c,owner-verbal-2026-09-23,0f215ef53ddd602ced432ecefe2733a5ac3f025fe03bd192a05bd311b2d00dc8,13c906de50f28f449b55287e6af916c14d4c52c5924ab5a0580d3147c2070462,81d37a219a6b4141d0b433796711ab8af2ee2c3c668a28143a3ffe6a574ade98,19,2026-10-07T04:12:40.236534+00:00
3,2,6,85,wd_stalled_by_ws_tc,False,0,True,False,1,True,,73960619,1,13,,2,5,4,FTDI-00FT46259002B,FI101-r1p0 (109762 v0100),0x504d574c,owner-verbal-2026-09-23,0f215ef53ddd602ced432ecefe2733a5ac3f025fe03bd192a05bd311b2d00dc8,13c906de50f28f449b55287e6af916c14d4c52c5924ab5a0580d3147c2070462,81d37a219a6b4141d0b433796711ab8af2ee2c3c668a28143a3ffe6a574ade98,19,2026-10-07T04:12:40.236534+00:00
3,2,7,89,wd_trans_wblk,False,6470,True,False,1,True,,73960619,1,13,,2,5,4,FTDI-00FT46259002B,FI101-r1p0 (109762 v0100),0x504d574c,owner-verbal-2026-09-23,0f215ef53ddd602ced432ecefe2733a5ac3f025fe03bd192a05bd311b2d00dc8,13c906de50f28f449b55287e6af916c14d4c52c5924ab5a0580d3147c2070462,81d37a219a6b4141d0b433796711ab8af2ee2c3c668a28143a3ffe6a574ade98,19,2026-10-07T04:12:40.236534+00:00
3,3,0,71,ao_stalled_by_ab,False,5052161,True,False,1,True,,73954567,1,13,,2,5,4,FTDI-00FT46259002B,FI101-r1p0 (109762 v0100),0x504d574c,owner-verbal-2026-09-23,0f215ef53ddd602ced432ecefe2733a5ac3f025fe03bd192a05bd311b2d00dc8,13c906de50f28f449b55287e6af916c14d4c52c5924ab5a0580d3147c2070462,81d37a219a6b4141d0b433796711ab8af2ee2c3c668a28143a3ffe6a574ade98,19,2026-10-07T04:12:40.236534+00:00
3,3,1,72,ao_stalled_by_cb,False,1085455,True,False,1,True,,73954567,1,13,,2,5,4,FTDI-00FT46259002B,FI101-r1p0 (109762 v0100),0x504d574c,owner-verbal-2026-09-23,0f215ef53ddd602ced432ecefe2733a5ac3f025fe03bd192a05bd311b2d00dc8,13c906de50f28f449b55287e6af916c14d4c52c5924ab5a0580d3147c2070462,81d37a219a6b4141d0b433796711ab8af2ee2c3c668a28143a3ffe6a574ade98,19,2026-10-07T04:12:40.236534+00:00
3,3,2,80,wd_active,True,198373,True,False,1,True,,73954567,1,13,,2,5,4,FTDI-00FT46259002B,FI101-r1p0 (109762 v0100),0x504d574c,owner-verbal-2026-09-23,0f215ef53ddd602ced432ecefe2733a5ac3f025fe03bd192a05bd311b2d00dc8,13c906de50f28f449b55287e6af916c14d4c52c5924ab5a0580d3147c2070462,81d37a219a6b4141d0b433796711ab8af2ee2c3c668a28143a3ffe6a574ade98,19,2026-10-07T04:12:40.236534+00:00
3,3,3,81,wd_stalled,True,10061749,True,False,1,True,,73954567,1,13,,2,5,4,FTDI-00FT46259002B,FI101-r1p0 (109762 v0100),0x504d574c,owner-verbal-2026-09-23,0f215ef53ddd602ced432ecefe2733a5ac3f025fe03bd192a05bd311b2d00dc8,13c906de50f28f449b55287e6af916c14d4c52c5924ab5a0580d3147c2070462,81d37a219a6b4141d0b433796711ab8af2ee2c3c668a28143a3ffe6a574ade98,19,2026-10-07T04:12:40.236534+00:00
3,3,4,83,wd_stalled_by_wd_buf,False,7938867,True,False,1,True,,73954567,1,13,,2,5,4,FTDI-00FT46259002B,FI101-r1p0 (109762 v0100),0x504d574c,owner-verbal-2026-09-23,0f215ef53ddd602ced432ecefe2733a5ac3f025fe03bd192a05bd311b2d00dc8,13c906de50f28f449b55287e6af916c14d4c52c5924ab5a0580d3147c2070462,81d37a219a6b4141d0b433796711ab8af2ee2c3c668a28143a3ffe6a574ade98,19,2026-10-07T04:12:40.236534+00:00
3,3,5,84,wd_stalled_by_ws_fc,False,0,True,False,1,True,,73954567,1,13,,2,5,4,FTDI-00FT46259002B,FI101-r1p0 (109762 v0100),0x504d574c,owner-verbal-2026-09-23,0f215ef53ddd602ced432ecefe2733a5ac3f025fe03bd192a05bd311b2d00dc8,13c906de50f28f449b55287e6af916c14d4c52c5924ab5a0580d3147c2070462,81d37a219a6b4141d0b433796711ab8af2ee2c3c668a28143a3ffe6a574ade98,19,2026-10-07T04:12:40.236534+00:00
3,3,6,85,wd_stalled_by_ws_tc,False,0,True,False,1,True,,73954567,1,13,,2,5,4,FTDI-00FT46259002B,FI101-r1p0 (109762 v0100),0x504d574c,owner-verbal-2026-09-23,0f215ef53ddd602ced432ecefe2733a5ac3f025fe03bd192a05bd311b2d00dc8,13c906de50f28f449b55287e6af916c14d4c52c5924ab5a0580d3147c2070462,81d37a219a6b4141d0b433796711ab8af2ee2c3c668a28143a3ffe6a574ade98,19,2026-10-07T04:12:40.236534+00:00
3,3,7,89,wd_trans_wblk,False,6470,True,False,1,True,,73954567,1,13,,2,5,4,FTDI-00FT46259002B,FI101-r1p0 (109762 v0100),0x504d574c,owner-verbal-2026-09-23,0f215ef53ddd602ced432ecefe2733a5ac3f025fe03bd192a05bd311b2d00dc8,13c906de50f28f449b55287e6af916c14d4c52c5924ab5a0580d3147c2070462,81d37a219a6b4141d0b433796711ab8af2ee2c3c668a28143a3ffe6a574ade98,19,2026-10-07T04:12:40.236534+00:00
4,1,0,90,wd_trans_ws_fc,False,0,True,False,1,True,,73953193,1,13,,2,5,4,FTDI-00FT46259002B,FI101-r1p0 (109762 v0100),0x504d574c,owner-verbal-2026-09-23,0f215ef53ddd602ced432ecefe2733a5ac3f025fe03bd192a05bd311b2d00dc8,13c906de50f28f449b55287e6af916c14d4c52c5924ab5a0580d3147c2070462,81d37a219a6b4141d0b433796711ab8af2ee2c3c668a28143a3ffe6a574ade98,19,2026-10-07T04:12:40.236534+00:00
4,1,1,91,wd_trans_ws_tc,False,0,True,False,1,True,,73953193,1,13,,2,5,4,FTDI-00FT46259002B,FI101-r1p0 (109762 v0100),0x504d574c,owner-verbal-2026-09-23,0f215ef53ddd602ced432ecefe2733a5ac3f025fe03bd192a05bd311b2d00dc8,13c906de50f28f449b55287e6af916c14d4c52c5924ab5a0580d3147c2070462,81d37a219a6b4141d0b433796711ab8af2ee2c3c668a28143a3ffe6a574ade98,19,2026-10-07T04:12:40.236534+00:00
4,1,2,96,wd_stalled_by_ws_sc0,False,1441847,True,False,1,True,,73953193,1,13,,2,5,4,FTDI-00FT46259002B,FI101-r1p0 (109762 v0100),0x504d574c,owner-verbal-2026-09-23,0f215ef53ddd602ced432ecefe2733a5ac3f025fe03bd192a05bd311b2d00dc8,13c906de50f28f449b55287e6af916c14d4c52c5924ab5a0580d3147c2070462,81d37a219a6b4141d0b433796711ab8af2ee2c3c668a28143a3ffe6a574ade98,19,2026-10-07T04:12:40.236534+00:00
4,1,3,97,wd_stalled_by_ws_sc1,False,1649265,True,False,1,True,,73953193,1,13,,2,5,4,FTDI-00FT46259002B,FI101-r1p0 (109762 v0100),0x504d574c,owner-verbal-2026-09-23,0f215ef53ddd602ced432ecefe2733a5ac3f025fe03bd192a05bd311b2d00dc8,13c906de50f28f449b55287e6af916c14d4c52c5924ab5a0580d3147c2070462,81d37a219a6b4141d0b433796711ab8af2ee2c3c668a28143a3ffe6a574ade98,19,2026-10-07T04:12:40.236534+00:00
4,1,4,98,wd_stalled_by_ws_sc2,False,1519996,True,False,1,True,,73953193,1,13,,2,5,4,FTDI-00FT46259002B,FI101-r1p0 (109762 v0100),0x504d574c,owner-verbal-2026-09-23,0f215ef53ddd602ced432ecefe2733a5ac3f025fe03bd192a05bd311b2d00dc8,13c906de50f28f449b55287e6af916c14d4c52c5924ab5a0580d3147c2070462,81d37a219a6b4141d0b433796711ab8af2ee2c3c668a28143a3ffe6a574ade98,19,2026-10-07T04:12:40.236534+00:00
4,1,5,99,wd_stalled_by_ws_sc3,False,1237506,True,False,1,True,,73953193,1,13,,2,5,4,FTDI-00FT46259002B,FI101-r1p0 (109762 v0100),0x504d574c,owner-verbal-2026-09-23,0f215ef53ddd602ced432ecefe2733a5ac3f025fe03bd192a05bd311b2d00dc8,13c906de50f28f449b55287e6af916c14d4c52c5924ab5a0580d3147c2070462,81d37a219a6b4141d0b433796711ab8af2ee2c3c668a28143a3ffe6a574ade98,19,2026-10-07T04:12:40.236534+00:00
4,1,6,100,wd_parse_active_sc0,False,219909,True,False,1,True,,73953193,1,13,,2,5,4,FTDI-00FT46259002B,FI101-r1p0 (109762 v0100),0x504d574c,owner-verbal-2026-09-23,0f215ef53ddd602ced432ecefe2733a5ac3f025fe03bd192a05bd311b2d00dc8,13c906de50f28f449b55287e6af916c14d4c52c5924ab5a0580d3147c2070462,81d37a219a6b4141d0b433796711ab8af2ee2c3c668a28143a3ffe6a574ade98,19,2026-10-07T04:12:40.236534+00:00
4,1,7,101,wd_parse_active_sc1,False,219652,True,False,1,True,,73953193,1,13,,2,5,4,FTDI-00FT46259002B,FI101-r1p0 (109762 v0100),0x504d574c,owner-verbal-2026-09-23,0f215ef53ddd602ced432ecefe2733a5ac3f025fe03bd192a05bd311b2d00dc8,13c906de50f28f449b55287e6af916c14d4c52c5924ab5a0580d3147c2070462,81d37a219a6b4141d0b433796711ab8af2ee2c3c668a28143a3ffe6a574ade98,19,2026-10-07T04:12:40.236534+00:00
4,2,0,90,wd_trans_ws_fc,False,0,True,False,1,True,,73953451,1,13,,2,5,4,FTDI-00FT46259002B,FI101-r1p0 (109762 v0100),0x504d574c,owner-verbal-2026-09-23,0f215ef53ddd602ced432ecefe2733a5ac3f025fe03bd192a05bd311b2d00dc8,13c906de50f28f449b55287e6af916c14d4c52c5924ab5a0580d3147c2070462,81d37a219a6b4141d0b433796711ab8af2ee2c3c668a28143a3ffe6a574ade98,19,2026-10-07T04:12:40.236534+00:00
4,2,1,91,wd_trans_ws_tc,False,0,True,False,1,True,,73953451,1,13,,2,5,4,FTDI-00FT46259002B,FI101-r1p0 (109762 v0100),0x504d574c,owner-verbal-2026-09-23,0f215ef53ddd602ced432ecefe2733a5ac3f025fe03bd192a05bd311b2d00dc8,13c906de50f28f449b55287e6af916c14d4c52c5924ab5a0580d3147c2070462,81d37a219a6b4141d0b433796711ab8af2ee2c3c668a28143a3ffe6a574ade98,19,2026-10-07T04:12:40.236534+00:00
4,2,2,96,wd_stalled_by_ws_sc0,False,1446214,True,False,1,True,,73953451,1,13,,2,5,4,FTDI-00FT46259002B,FI101-r1p0 (109762 v0100),0x504d574c,owner-verbal-2026-09-23,0f215ef53ddd602ced432ecefe2733a5ac3f025fe03bd192a05bd311b2d00dc8,13c906de50f28f449b55287e6af916c14d4c52c5924ab5a0580d3147c2070462,81d37a219a6b4141d0b433796711ab8af2ee2c3c668a28143a3ffe6a574ade98,19,2026-10-07T04:12:40.236534+00:00
4,2,3,97,wd_stalled_by_ws_sc1,False,1631584,True,False,1,True,,73953451,1,13,,2,5,4,FTDI-00FT46259002B,FI101-r1p0 (109762 v0100),0x504d574c,owner-verbal-2026-09-23,0f215ef53ddd602ced432ecefe2733a5ac3f025fe03bd192a05bd311b2d00dc8,13c906de50f28f449b55287e6af916c14d4c52c5924ab5a0580d3147c2070462,81d37a219a6b4141d0b433796711ab8af2ee2c3c668a28143a3ffe6a574ade98,19,2026-10-07T04:12:40.236534+00:00
4,2,4,98,wd_stalled_by_ws_sc2,False,1499422,True,False,1,True,,73953451,1,13,,2,5,4,FTDI-00FT46259002B,FI101-r1p0 (109762 v0100),0x504d574c,owner-verbal-2026-09-23,0f215ef53ddd602ced432ecefe2733a5ac3f025fe03bd192a05bd311b2d00dc8,13c906de50f28f449b55287e6af916c14d4c52c5924ab5a0580d3147c2070462,81d37a219a6b4141d0b433796711ab8af2ee2c3c668a28143a3ffe6a574ade98,19,2026-10-07T04:12:40.236534+00:00
4,2,5,99,wd_stalled_by_ws_sc3,False,1294161,True,False,1,True,,73953451,1,13,,2,5,4,FTDI-00FT46259002B,FI101-r1p0 (109762 v0100),0x504d574c,owner-verbal-2026-09-23,0f215ef53ddd602ced432ecefe2733a5ac3f025fe03bd192a05bd311b2d00dc8,13c906de50f28f449b55287e6af916c14d4c52c5924ab5a0580d3147c2070462,81d37a219a6b4141d0b433796711ab8af2ee2c3c668a28143a3ffe6a574ade98,19,2026-10-07T04:12:40.236534+00:00
4,2,6,100,wd_parse_active_sc0,False,219909,True,False,1,True,,73953451,1,13,,2,5,4,FTDI-00FT46259002B,FI101-r1p0 (109762 v0100),0x504d574c,owner-verbal-2026-09-23,0f215ef53ddd602ced432ecefe2733a5ac3f025fe03bd192a05bd311b2d00dc8,13c906de50f28f449b55287e6af916c14d4c52c5924ab5a0580d3147c2070462,81d37a219a6b4141d0b433796711ab8af2ee2c3c668a28143a3ffe6a574ade98,19,2026-10-07T04:12:40.236534+00:00
4,2,7,101,wd_parse_active_sc1,False,219652,True,False,1,True,,73953451,1,13,,2,5,4,FTDI-00FT46259002B,FI101-r1p0 (109762 v0100),0x504d574c,owner-verbal-2026-09-23,0f215ef53ddd602ced432ecefe2733a5ac3f025fe03bd192a05bd311b2d00dc8,13c906de50f28f449b55287e6af916c14d4c52c5924ab5a0580d3147c2070462,81d37a219a6b4141d0b433796711ab8af2ee2c3c668a28143a3ffe6a574ade98,19,2026-10-07T04:12:40.236534+00:00
4,3,0,90,wd_trans_ws_fc,False,0,True,False,1,True,,73969310,1,13,,2,5,4,FTDI-00FT46259002B,FI101-r1p0 (109762 v0100),0x504d574c,owner-verbal-2026-09-23,0f215ef53ddd602ced432ecefe2733a5ac3f025fe03bd192a05bd311b2d00dc8,13c906de50f28f449b55287e6af916c14d4c52c5924ab5a0580d3147c2070462,81d37a219a6b4141d0b433796711ab8af2ee2c3c668a28143a3ffe6a574ade98,19,2026-10-07T04:12:40.236534+00:00
4,3,1,91,wd_trans_ws_tc,False,0,True,False,1,True,,73969310,1,13,,2,5,4,FTDI-00FT46259002B,FI101-r1p0 (109762 v0100),0x504d574c,owner-verbal-2026-09-23,0f215ef53ddd602ced432ecefe2733a5ac3f025fe03bd192a05bd311b2d00dc8,13c906de50f28f449b55287e6af916c14d4c52c5924ab5a0580d3147c2070462,81d37a219a6b4141d0b433796711ab8af2ee2c3c668a28143a3ffe6a574ade98,19,2026-10-07T04:12:40.236534+00:00
4,3,2,96,wd_stalled_by_ws_sc0,False,1490317,True,False,1,True,,73969310,1,13,,2,5,4,FTDI-00FT46259002B,FI101-r1p0 (109762 v0100),0x504d574c,owner-verbal-2026-09-23,0f215ef53ddd602ced432ecefe2733a5ac3f025fe03bd192a05bd311b2d00dc8,13c906de50f28f449b55287e6af916c14d4c52c5924ab5a0580d3147c2070462,81d37a219a6b4141d0b433796711ab8af2ee2c3c668a28143a3ffe6a574ade98,19,2026-10-07T04:12:40.236534+00:00
4,3,3,97,wd_stalled_by_ws_sc1,False,1781238,True,False,1,True,,73969310,1,13,,2,5,4,FTDI-00FT46259002B,FI101-r1p0 (109762 v0100),0x504d574c,owner-verbal-2026-09-23,0f215ef53ddd602ced432ecefe2733a5ac3f025fe03bd192a05bd311b2d00dc8,13c906de50f28f449b55287e6af916c14d4c52c5924ab5a0580d3147c2070462,81d37a219a6b4141d0b433796711ab8af2ee2c3c668a28143a3ffe6a574ade98,19,2026-10-07T04:12:40.236534+00:00
4,3,4,98,wd_stalled_by_ws_sc2,False,1453641,True,False,1,True,,73969310,1,13,,2,5,4,FTDI-00FT46259002B,FI101-r1p0 (109762 v0100),0x504d574c,owner-verbal-2026-09-23,0f215ef53ddd602ced432ecefe2733a5ac3f025fe03bd192a05bd311b2d00dc8,13c906de50f28f449b55287e6af916c14d4c52c5924ab5a0580d3147c2070462,81d37a219a6b4141d0b433796711ab8af2ee2c3c668a28143a3ffe6a574ade98,19,2026-10-07T04:12:40.236534+00:00
4,3,5,99,wd_stalled_by_ws_sc3,False,1311304,True,False,1,True,,73969310,1,13,,2,5,4,FTDI-00FT46259002B,FI101-r1p0 (109762 v0100),0x504d574c,owner-verbal-2026-09-23,0f215ef53ddd602ced432ecefe2733a5ac3f025fe03bd192a05bd311b2d00dc8,13c906de50f28f449b55287e6af916c14d4c52c5924ab5a0580d3147c2070462,81d37a219a6b4141d0b433796711ab8af2ee2c3c668a28143a3ffe6a574ade98,19,2026-10-07T04:12:40.236534+00:00
4,3,6,100,wd_parse_active_sc0,False,219909,True,False,1,True,,73969310,1,13,,2,5,4,FTDI-00FT46259002B,FI101-r1p0 (109762 v0100),0x504d574c,owner-verbal-2026-09-23,0f215ef53ddd602ced432ecefe2733a5ac3f025fe03bd192a05bd311b2d00dc8,13c906de50f28f449b55287e6af916c14d4c52c5924ab5a0580d3147c2070462,81d37a219a6b4141d0b433796711ab8af2ee2c3c668a28143a3ffe6a574ade98,19,2026-10-07T04:12:40.236534+00:00
4,3,7,101,wd_parse_active_sc1,False,219652,True,False,1,True,,73969310,1,13,,2,5,4,FTDI-00FT46259002B,FI101-r1p0 (109762 v0100),0x504d574c,owner-verbal-2026-09-23,0f215ef53ddd602ced432ecefe2733a5ac3f025fe03bd192a05bd311b2d00dc8,13c906de50f28f449b55287e6af916c14d4c52c5924ab5a0580d3147c2070462,81d37a219a6b4141d0b433796711ab8af2ee2c3c668a28143a3ffe6a574ade98,19,2026-10-07T04:12:40.236534+00:00
5,1,0,102,wd_parse_active_sc2,False,220844,True,False,1,True,,73960141,1,13,,2,5,4,FTDI-00FT46259002B,FI101-r1p0 (109762 v0100),0x504d574c,owner-verbal-2026-09-23,0f215ef53ddd602ced432ecefe2733a5ac3f025fe03bd192a05bd311b2d00dc8,13c906de50f28f449b55287e6af916c14d4c52c5924ab5a0580d3147c2070462,81d37a219a6b4141d0b433796711ab8af2ee2c3c668a28143a3ffe6a574ade98,19,2026-10-07T04:12:40.236534+00:00
5,1,1,103,wd_parse_active_sc3,False,216860,True,False,1,True,,73960141,1,13,,2,5,4,FTDI-00FT46259002B,FI101-r1p0 (109762 v0100),0x504d574c,owner-verbal-2026-09-23,0f215ef53ddd602ced432ecefe2733a5ac3f025fe03bd192a05bd311b2d00dc8,13c906de50f28f449b55287e6af916c14d4c52c5924ab5a0580d3147c2070462,81d37a219a6b4141d0b433796711ab8af2ee2c3c668a28143a3ffe6a574ade98,19,2026-10-07T04:12:40.236534+00:00
5,1,2,104,wd_parse_stall_sc0,False,9497936,True,False,1,True,,73960141,1,13,,2,5,4,FTDI-00FT46259002B,FI101-r1p0 (109762 v0100),0x504d574c,owner-verbal-2026-09-23,0f215ef53ddd602ced432ecefe2733a5ac3f025fe03bd192a05bd311b2d00dc8,13c906de50f28f449b55287e6af916c14d4c52c5924ab5a0580d3147c2070462,81d37a219a6b4141d0b433796711ab8af2ee2c3c668a28143a3ffe6a574ade98,19,2026-10-07T04:12:40.236534+00:00
5,1,3,105,wd_parse_stall_sc1,False,9414368,True,False,1,True,,73960141,1,13,,2,5,4,FTDI-00FT46259002B,FI101-r1p0 (109762 v0100),0x504d574c,owner-verbal-2026-09-23,0f215ef53ddd602ced432ecefe2733a5ac3f025fe03bd192a05bd311b2d00dc8,13c906de50f28f449b55287e6af916c14d4c52c5924ab5a0580d3147c2070462,81d37a219a6b4141d0b433796711ab8af2ee2c3c668a28143a3ffe6a574ade98,19,2026-10-07T04:12:40.236534+00:00
5,1,4,106,wd_parse_stall_sc2,False,9575871,True,False,1,True,,73960141,1,13,,2,5,4,FTDI-00FT46259002B,FI101-r1p0 (109762 v0100),0x504d574c,owner-verbal-2026-09-23,0f215ef53ddd602ced432ecefe2733a5ac3f025fe03bd192a05bd311b2d00dc8,13c906de50f28f449b55287e6af916c14d4c52c5924ab5a0580d3147c2070462,81d37a219a6b4141d0b433796711ab8af2ee2c3c668a28143a3ffe6a574ade98,19,2026-10-07T04:12:40.236534+00:00
5,1,5,107,wd_parse_stall_sc3,False,9653884,True,False,1,True,,73960141,1,13,,2,5,4,FTDI-00FT46259002B,FI101-r1p0 (109762 v0100),0x504d574c,owner-verbal-2026-09-23,0f215ef53ddd602ced432ecefe2733a5ac3f025fe03bd192a05bd311b2d00dc8,13c906de50f28f449b55287e6af916c14d4c52c5924ab5a0580d3147c2070462,81d37a219a6b4141d0b433796711ab8af2ee2c3c668a28143a3ffe6a574ade98,19,2026-10-07T04:12:40.236534+00:00
5,1,6,108,wd_parse_stall_in_sc0,False,1082408,True,False,1,True,,73960141,1,13,,2,5,4,FTDI-00FT46259002B,FI101-r1p0 (109762 v0100),0x504d574c,owner-verbal-2026-09-23,0f215ef53ddd602ced432ecefe2733a5ac3f025fe03bd192a05bd311b2d00dc8,13c906de50f28f449b55287e6af916c14d4c52c5924ab5a0580d3147c2070462,81d37a219a6b4141d0b433796711ab8af2ee2c3c668a28143a3ffe6a574ade98,19,2026-10-07T04:12:40.236534+00:00
5,1,7,109,wd_parse_stall_in_sc1,False,1266270,True,False,1,True,,73960141,1,13,,2,5,4,FTDI-00FT46259002B,FI101-r1p0 (109762 v0100),0x504d574c,owner-verbal-2026-09-23,0f215ef53ddd602ced432ecefe2733a5ac3f025fe03bd192a05bd311b2d00dc8,13c906de50f28f449b55287e6af916c14d4c52c5924ab5a0580d3147c2070462,81d37a219a6b4141d0b433796711ab8af2ee2c3c668a28143a3ffe6a574ade98,19,2026-10-07T04:12:40.236534+00:00
5,2,0,102,wd_parse_active_sc2,False,220844,True,False,1,True,,73954316,1,13,,2,5,4,FTDI-00FT46259002B,FI101-r1p0 (109762 v0100),0x504d574c,owner-verbal-2026-09-23,0f215ef53ddd602ced432ecefe2733a5ac3f025fe03bd192a05bd311b2d00dc8,13c906de50f28f449b55287e6af916c14d4c52c5924ab5a0580d3147c2070462,81d37a219a6b4141d0b433796711ab8af2ee2c3c668a28143a3ffe6a574ade98,19,2026-10-07T04:12:40.236534+00:00
5,2,1,103,wd_parse_active_sc3,False,216860,True,False,1,True,,73954316,1,13,,2,5,4,FTDI-00FT46259002B,FI101-r1p0 (109762 v0100),0x504d574c,owner-verbal-2026-09-23,0f215ef53ddd602ced432ecefe2733a5ac3f025fe03bd192a05bd311b2d00dc8,13c906de50f28f449b55287e6af916c14d4c52c5924ab5a0580d3147c2070462,81d37a219a6b4141d0b433796711ab8af2ee2c3c668a28143a3ffe6a574ade98,19,2026-10-07T04:12:40.236534+00:00
5,2,2,104,wd_parse_stall_sc0,False,9555659,True,False,1,True,,73954316,1,13,,2,5,4,FTDI-00FT46259002B,FI101-r1p0 (109762 v0100),0x504d574c,owner-verbal-2026-09-23,0f215ef53ddd602ced432ecefe2733a5ac3f025fe03bd192a05bd311b2d00dc8,13c906de50f28f449b55287e6af916c14d4c52c5924ab5a0580d3147c2070462,81d37a219a6b4141d0b433796711ab8af2ee2c3c668a28143a3ffe6a574ade98,19,2026-10-07T04:12:40.236534+00:00
5,2,3,105,wd_parse_stall_sc1,False,9436459,True,False,1,True,,73954316,1,13,,2,5,4,FTDI-00FT46259002B,FI101-r1p0 (109762 v0100),0x504d574c,owner-verbal-2026-09-23,0f215ef53ddd602ced432ecefe2733a5ac3f025fe03bd192a05bd311b2d00dc8,13c906de50f28f449b55287e6af916c14d4c52c5924ab5a0580d3147c2070462,81d37a219a6b4141d0b433796711ab8af2ee2c3c668a28143a3ffe6a574ade98,19,2026-10-07T04:12:40.236534+00:00
5,2,4,106,wd_parse_stall_sc2,False,9567485,True,False,1,True,,73954316,1,13,,2,5,4,FTDI-00FT46259002B,FI101-r1p0 (109762 v0100),0x504d574c,owner-verbal-2026-09-23,0f215ef53ddd602ced432ecefe2733a5ac3f025fe03bd192a05bd311b2d00dc8,13c906de50f28f449b55287e6af916c14d4c52c5924ab5a0580d3147c2070462,81d37a219a6b4141d0b433796711ab8af2ee2c3c668a28143a3ffe6a574ade98,19,2026-10-07T04:12:40.236534+00:00
5,2,5,107,wd_parse_stall_sc3,False,9638244,True,False,1,True,,73954316,1,13,,2,5,4,FTDI-00FT46259002B,FI101-r1p0 (109762 v0100),0x504d574c,owner-verbal-2026-09-23,0f215ef53ddd602ced432ecefe2733a5ac3f025fe03bd192a05bd311b2d00dc8,13c906de50f28f449b55287e6af916c14d4c52c5924ab5a0580d3147c2070462,81d37a219a6b4141d0b433796711ab8af2ee2c3c668a28143a3ffe6a574ade98,19,2026-10-07T04:12:40.236534+00:00
5,2,6,108,wd_parse_stall_in_sc0,False,1056763,True,False,1,True,,73954316,1,13,,2,5,4,FTDI-00FT46259002B,FI101-r1p0 (109762 v0100),0x504d574c,owner-verbal-2026-09-23,0f215ef53ddd602ced432ecefe2733a5ac3f025fe03bd192a05bd311b2d00dc8,13c906de50f28f449b55287e6af916c14d4c52c5924ab5a0580d3147c2070462,81d37a219a6b4141d0b433796711ab8af2ee2c3c668a28143a3ffe6a574ade98,19,2026-10-07T04:12:40.236534+00:00
5,2,7,109,wd_parse_stall_in_sc1,False,1138903,True,False,1,True,,73954316,1,13,,2,5,4,FTDI-00FT46259002B,FI101-r1p0 (109762 v0100),0x504d574c,owner-verbal-2026-09-23,0f215ef53ddd602ced432ecefe2733a5ac3f025fe03bd192a05bd311b2d00dc8,13c906de50f28f449b55287e6af916c14d4c52c5924ab5a0580d3147c2070462,81d37a219a6b4141d0b433796711ab8af2ee2c3c668a28143a3ffe6a574ade98,19,2026-10-07T04:12:40.236534+00:00
5,3,0,102,wd_parse_active_sc2,False,220844,True,False,1,True,,73958764,1,13,,2,5,4,FTDI-00FT46259002B,FI101-r1p0 (109762 v0100),0x504d574c,owner-verbal-2026-09-23,0f215ef53ddd602ced432ecefe2733a5ac3f025fe03bd192a05bd311b2d00dc8,13c906de50f28f449b55287e6af916c14d4c52c5924ab5a0580d3147c2070462,81d37a219a6b4141d0b433796711ab8af2ee2c3c668a28143a3ffe6a574ade98,19,2026-10-07T04:12:40.236534+00:00
5,3,1,103,wd_parse_active_sc3,False,216860,True,False,1,True,,73958764,1,13,,2,5,4,FTDI-00FT46259002B,FI101-r1p0 (109762 v0100),0x504d574c,owner-verbal-2026-09-23,0f215ef53ddd602ced432ecefe2733a5ac3f025fe03bd192a05bd311b2d00dc8,13c906de50f28f449b55287e6af916c14d4c52c5924ab5a0580d3147c2070462,81d37a219a6b4141d0b433796711ab8af2ee2c3c668a28143a3ffe6a574ade98,19,2026-10-07T04:12:40.236534+00:00
5,3,2,104,wd_parse_stall_sc0,False,9554838,True,False,1,True,,73958764,1,13,,2,5,4,FTDI-00FT46259002B,FI101-r1p0 (109762 v0100),0x504d574c,owner-verbal-2026-09-23,0f215ef53ddd602ced432ecefe2733a5ac3f025fe03bd192a05bd311b2d00dc8,13c906de50f28f449b55287e6af916c14d4c52c5924ab5a0580d3147c2070462,81d37a219a6b4141d0b433796711ab8af2ee2c3c668a28143a3ffe6a574ade98,19,2026-10-07T04:12:40.236534+00:00
5,3,3,105,wd_parse_stall_sc1,False,9458854,True,False,1,True,,73958764,1,13,,2,5,4,FTDI-00FT46259002B,FI101-r1p0 (109762 v0100),0x504d574c,owner-verbal-2026-09-23,0f215ef53ddd602ced432ecefe2733a5ac3f025fe03bd192a05bd311b2d00dc8,13c906de50f28f449b55287e6af916c14d4c52c5924ab5a0580d3147c2070462,81d37a219a6b4141d0b433796711ab8af2ee2c3c668a28143a3ffe6a574ade98,19,2026-10-07T04:12:40.236534+00:00
5,3,4,106,wd_parse_stall_sc2,False,9574460,True,False,1,True,,73958764,1,13,,2,5,4,FTDI-00FT46259002B,FI101-r1p0 (109762 v0100),0x504d574c,owner-verbal-2026-09-23,0f215ef53ddd602ced432ecefe2733a5ac3f025fe03bd192a05bd311b2d00dc8,13c906de50f28f449b55287e6af916c14d4c52c5924ab5a0580d3147c2070462,81d37a219a6b4141d0b433796711ab8af2ee2c3c668a28143a3ffe6a574ade98,19,2026-10-07T04:12:40.236534+00:00
5,3,5,107,wd_parse_stall_sc3,False,9637073,True,False,1,True,,73958764,1,13,,2,5,4,FTDI-00FT46259002B,FI101-r1p0 (109762 v0100),0x504d574c,owner-verbal-2026-09-23,0f215ef53ddd602ced432ecefe2733a5ac3f025fe03bd192a05bd311b2d00dc8,13c906de50f28f449b55287e6af916c14d4c52c5924ab5a0580d3147c2070462,81d37a219a6b4141d0b433796711ab8af2ee2c3c668a28143a3ffe6a574ade98,19,2026-10-07T04:12:40.236534+00:00
5,3,6,108,wd_parse_stall_in_sc0,False,1038541,True,False,1,True,,73958764,1,13,,2,5,4,FTDI-00FT46259002B,FI101-r1p0 (109762 v0100),0x504d574c,owner-verbal-2026-09-23,0f215ef53ddd602ced432ecefe2733a5ac3f025fe03bd192a05bd311b2d00dc8,13c906de50f28f449b55287e6af916c14d4c52c5924ab5a0580d3147c2070462,81d37a219a6b4141d0b433796711ab8af2ee2c3c668a28143a3ffe6a574ade98,19,2026-10-07T04:12:40.236534+00:00
5,3,7,109,wd_parse_stall_in_sc1,False,1254868,True,False,1,True,,73958764,1,13,,2,5,4,FTDI-00FT46259002B,FI101-r1p0 (109762 v0100),0x504d574c,owner-verbal-2026-09-23,0f215ef53ddd602ced432ecefe2733a5ac3f025fe03bd192a05bd311b2d00dc8,13c906de50f28f449b55287e6af916c14d4c52c5924ab5a0580d3147c2070462,81d37a219a6b4141d0b433796711ab8af2ee2c3c668a28143a3ffe6a574ade98,19,2026-10-07T04:12:40.236534+00:00
6,1,0,110,wd_parse_stall_in_sc2,False,1001820,True,False,1,True,,73957549,1,13,,2,5,4,FTDI-00FT46259002B,FI101-r1p0 (109762 v0100),0x504d574c,owner-verbal-2026-09-23,0f215ef53ddd602ced432ecefe2733a5ac3f025fe03bd192a05bd311b2d00dc8,13c906de50f28f449b55287e6af916c14d4c52c5924ab5a0580d3147c2070462,81d37a219a6b4141d0b433796711ab8af2ee2c3c668a28143a3ffe6a574ade98,19,2026-10-07T04:12:40.236534+00:00
6,1,1,111,wd_parse_stall_in_sc3,False,985410,True,False,1,True,,73957549,1,13,,2,5,4,FTDI-00FT46259002B,FI101-r1p0 (109762 v0100),0x504d574c,owner-verbal-2026-09-23,0f215ef53ddd602ced432ecefe2733a5ac3f025fe03bd192a05bd311b2d00dc8,13c906de50f28f449b55287e6af916c14d4c52c5924ab5a0580d3147c2070462,81d37a219a6b4141d0b433796711ab8af2ee2c3c668a28143a3ffe6a574ade98,19,2026-10-07T04:12:40.236534+00:00
6,1,2,112,wd_parse_stall_out_sc0,False,8594046,True,False,1,True,,73957549,1,13,,2,5,4,FTDI-00FT46259002B,FI101-r1p0 (109762 v0100),0x504d574c,owner-verbal-2026-09-23,0f215ef53ddd602ced432ecefe2733a5ac3f025fe03bd192a05bd311b2d00dc8,13c906de50f28f449b55287e6af916c14d4c52c5924ab5a0580d3147c2070462,81d37a219a6b4141d0b433796711ab8af2ee2c3c668a28143a3ffe6a574ade98,19,2026-10-07T04:12:40.236534+00:00
6,1,3,113,wd_parse_stall_out_sc1,False,8229823,True,False,1,True,,73957549,1,13,,2,5,4,FTDI-00FT46259002B,FI101-r1p0 (109762 v0100),0x504d574c,owner-verbal-2026-09-23,0f215ef53ddd602ced432ecefe2733a5ac3f025fe03bd192a05bd311b2d00dc8,13c906de50f28f449b55287e6af916c14d4c52c5924ab5a0580d3147c2070462,81d37a219a6b4141d0b433796711ab8af2ee2c3c668a28143a3ffe6a574ade98,19,2026-10-07T04:12:40.236534+00:00
6,1,4,114,wd_parse_stall_out_sc2,False,8608849,True,False,1,True,,73957549,1,13,,2,5,4,FTDI-00FT46259002B,FI101-r1p0 (109762 v0100),0x504d574c,owner-verbal-2026-09-23,0f215ef53ddd602ced432ecefe2733a5ac3f025fe03bd192a05bd311b2d00dc8,13c906de50f28f449b55287e6af916c14d4c52c5924ab5a0580d3147c2070462,81d37a219a6b4141d0b433796711ab8af2ee2c3c668a28143a3ffe6a574ade98,19,2026-10-07T04:12:40.236534+00:00
6,1,5,115,wd_parse_stall_out_sc3,False,8702151,True,False,1,True,,73957549,1,13,,2,5,4,FTDI-00FT46259002B,FI101-r1p0 (109762 v0100),0x504d574c,owner-verbal-2026-09-23,0f215ef53ddd602ced432ecefe2733a5ac3f025fe03bd192a05bd311b2d00dc8,13c906de50f28f449b55287e6af916c14d4c52c5924ab5a0580d3147c2070462,81d37a219a6b4141d0b433796711ab8af2ee2c3c668a28143a3ffe6a574ade98,19,2026-10-07T04:12:40.236534+00:00
6,1,6,116,wd_trans_ws_sc0,False,184342,True,False,1,True,,73957549,1,13,,2,5,4,FTDI-00FT46259002B,FI101-r1p0 (109762 v0100),0x504d574c,owner-verbal-2026-09-23,0f215ef53ddd602ced432ecefe2733a5ac3f025fe03bd192a05bd311b2d00dc8,13c906de50f28f449b55287e6af916c14d4c52c5924ab5a0580d3147c2070462,81d37a219a6b4141d0b433796711ab8af2ee2c3c668a28143a3ffe6a574ade98,19,2026-10-07T04:12:40.236534+00:00
6,1,7,117,wd_trans_ws_sc1,False,184758,True,False,1,True,,73957549,1,13,,2,5,4,FTDI-00FT46259002B,FI101-r1p0 (109762 v0100),0x504d574c,owner-verbal-2026-09-23,0f215ef53ddd602ced432ecefe2733a5ac3f025fe03bd192a05bd311b2d00dc8,13c906de50f28f449b55287e6af916c14d4c52c5924ab5a0580d3147c2070462,81d37a219a6b4141d0b433796711ab8af2ee2c3c668a28143a3ffe6a574ade98,19,2026-10-07T04:12:40.236534+00:00
6,2,0,110,wd_parse_stall_in_sc2,False,1154236,True,False,1,True,,73969250,1,13,,2,5,4,FTDI-00FT46259002B,FI101-r1p0 (109762 v0100),0x504d574c,owner-verbal-2026-09-23,0f215ef53ddd602ced432ecefe2733a5ac3f025fe03bd192a05bd311b2d00dc8,13c906de50f28f449b55287e6af916c14d4c52c5924ab5a0580d3147c2070462,81d37a219a6b4141d0b433796711ab8af2ee2c3c668a28143a3ffe6a574ade98,19,2026-10-07T04:12:40.236534+00:00
6,2,1,111,wd_parse_stall_in_sc3,False,972754,True,False,1,True,,73969250,1,13,,2,5,4,FTDI-00FT46259002B,FI101-r1p0 (109762 v0100),0x504d574c,owner-verbal-2026-09-23,0f215ef53ddd602ced432ecefe2733a5ac3f025fe03bd192a05bd311b2d00dc8,13c906de50f28f449b55287e6af916c14d4c52c5924ab5a0580d3147c2070462,81d37a219a6b4141d0b433796711ab8af2ee2c3c668a28143a3ffe6a574ade98,19,2026-10-07T04:12:40.236534+00:00
6,2,2,112,wd_parse_stall_out_sc0,False,8488652,True,False,1,True,,73969250,1,13,,2,5,4,FTDI-00FT46259002B,FI101-r1p0 (109762 v0100),0x504d574c,owner-verbal-2026-09-23,0f215ef53ddd602ced432ecefe2733a5ac3f025fe03bd192a05bd311b2d00dc8,13c906de50f28f449b55287e6af916c14d4c52c5924ab5a0580d3147c2070462,81d37a219a6b4141d0b433796711ab8af2ee2c3c668a28143a3ffe6a574ade98,19,2026-10-07T04:12:40.236534+00:00
6,2,3,113,wd_parse_stall_out_sc1,False,8318906,True,False,1,True,,73969250,1,13,,2,5,4,FTDI-00FT46259002B,FI101-r1p0 (109762 v0100),0x504d574c,owner-verbal-2026-09-23,0f215ef53ddd602ced432ecefe2733a5ac3f025fe03bd192a05bd311b2d00dc8,13c906de50f28f449b55287e6af916c14d4c52c5924ab5a0580d3147c2070462,81d37a219a6b4141d0b433796711ab8af2ee2c3c668a28143a3ffe6a574ade98,19,2026-10-07T04:12:40.236534+00:00
6,2,4,114,wd_parse_stall_out_sc2,False,8458910,True,False,1,True,,73969250,1,13,,2,5,4,FTDI-00FT46259002B,FI101-r1p0 (109762 v0100),0x504d574c,owner-verbal-2026-09-23,0f215ef53ddd602ced432ecefe2733a5ac3f025fe03bd192a05bd311b2d00dc8,13c906de50f28f449b55287e6af916c14d4c52c5924ab5a0580d3147c2070462,81d37a219a6b4141d0b433796711ab8af2ee2c3c668a28143a3ffe6a574ade98,19,2026-10-07T04:12:40.236534+00:00
6,2,5,115,wd_parse_stall_out_sc3,False,8678095,True,False,1,True,,73969250,1,13,,2,5,4,FTDI-00FT46259002B,FI101-r1p0 (109762 v0100),0x504d574c,owner-verbal-2026-09-23,0f215ef53ddd602ced432ecefe2733a5ac3f025fe03bd192a05bd311b2d00dc8,13c906de50f28f449b55287e6af916c14d4c52c5924ab5a0580d3147c2070462,81d37a219a6b4141d0b433796711ab8af2ee2c3c668a28143a3ffe6a574ade98,19,2026-10-07T04:12:40.236534+00:00
6,2,6,116,wd_trans_ws_sc0,False,184342,True,False,1,True,,73969250,1,13,,2,5,4,FTDI-00FT46259002B,FI101-r1p0 (109762 v0100),0x504d574c,owner-verbal-2026-09-23,0f215ef53ddd602ced432ecefe2733a5ac3f025fe03bd192a05bd311b2d00dc8,13c906de50f28f449b55287e6af916c14d4c52c5924ab5a0580d3147c2070462,81d37a219a6b4141d0b433796711ab8af2ee2c3c668a28143a3ffe6a574ade98,19,2026-10-07T04:12:40.236534+00:00
6,2,7,117,wd_trans_ws_sc1,False,184758,True,False,1,True,,73969250,1,13,,2,5,4,FTDI-00FT46259002B,FI101-r1p0 (109762 v0100),0x504d574c,owner-verbal-2026-09-23,0f215ef53ddd602ced432ecefe2733a5ac3f025fe03bd192a05bd311b2d00dc8,13c906de50f28f449b55287e6af916c14d4c52c5924ab5a0580d3147c2070462,81d37a219a6b4141d0b433796711ab8af2ee2c3c668a28143a3ffe6a574ade98,19,2026-10-07T04:12:40.236534+00:00
6,3,0,110,wd_parse_stall_in_sc2,False,1106575,True,False,1,True,,73961520,1,13,,2,5,4,FTDI-00FT46259002B,FI101-r1p0 (109762 v0100),0x504d574c,owner-verbal-2026-09-23,0f215ef53ddd602ced432ecefe2733a5ac3f025fe03bd192a05bd311b2d00dc8,13c906de50f28f449b55287e6af916c14d4c52c5924ab5a0580d3147c2070462,81d37a219a6b4141d0b433796711ab8af2ee2c3c668a28143a3ffe6a574ade98,19,2026-10-07T04:12:40.236534+00:00
6,3,1,111,wd_parse_stall_in_sc3,False,966573,True,False,1,True,,73961520,1,13,,2,5,4,FTDI-00FT46259002B,FI101-r1p0 (109762 v0100),0x504d574c,owner-verbal-2026-09-23,0f215ef53ddd602ced432ecefe2733a5ac3f025fe03bd192a05bd311b2d00dc8,13c906de50f28f449b55287e6af916c14d4c52c5924ab5a0580d3147c2070462,81d37a219a6b4141d0b433796711ab8af2ee2c3c668a28143a3ffe6a574ade98,19,2026-10-07T04:12:40.236534+00:00
6,3,2,112,wd_parse_stall_out_sc0,False,8458806,True,False,1,True,,73961520,1,13,,2,5,4,FTDI-00FT46259002B,FI101-r1p0 (109762 v0100),0x504d574c,owner-verbal-2026-09-23,0f215ef53ddd602ced432ecefe2733a5ac3f025fe03bd192a05bd311b2d00dc8,13c906de50f28f449b55287e6af916c14d4c52c5924ab5a0580d3147c2070462,81d37a219a6b4141d0b433796711ab8af2ee2c3c668a28143a3ffe6a574ade98,19,2026-10-07T04:12:40.236534+00:00
6,3,3,113,wd_parse_stall_out_sc1,False,8302821,True,False,1,True,,73961520,1,13,,2,5,4,FTDI-00FT46259002B,FI101-r1p0 (109762 v0100),0x504d574c,owner-verbal-2026-09-23,0f215ef53ddd602ced432ecefe2733a5ac3f025fe03bd192a05bd311b2d00dc8,13c906de50f28f449b55287e6af916c14d4c52c5924ab5a0580d3147c2070462,81d37a219a6b4141d0b433796711ab8af2ee2c3c668a28143a3ffe6a574ade98,19,2026-10-07T04:12:40.236534+00:00
6,3,4,114,wd_parse_stall_out_sc2,False,8400996,True,False,1,True,,73961520,1,13,,2,5,4,FTDI-00FT46259002B,FI101-r1p0 (109762 v0100),0x504d574c,owner-verbal-2026-09-23,0f215ef53ddd602ced432ecefe2733a5ac3f025fe03bd192a05bd311b2d00dc8,13c906de50f28f449b55287e6af916c14d4c52c5924ab5a0580d3147c2070462,81d37a219a6b4141d0b433796711ab8af2ee2c3c668a28143a3ffe6a574ade98,19,2026-10-07T04:12:40.236534+00:00
6,3,5,115,wd_parse_stall_out_sc3,False,8629294,True,False,1,True,,73961520,1,13,,2,5,4,FTDI-00FT46259002B,FI101-r1p0 (109762 v0100),0x504d574c,owner-verbal-2026-09-23,0f215ef53ddd602ced432ecefe2733a5ac3f025fe03bd192a05bd311b2d00dc8,13c906de50f28f449b55287e6af916c14d4c52c5924ab5a0580d3147c2070462,81d37a219a6b4141d0b433796711ab8af2ee2c3c668a28143a3ffe6a574ade98,19,2026-10-07T04:12:40.236534+00:00
6,3,6,116,wd_trans_ws_sc0,False,184342,True,False,1,True,,73961520,1,13,,2,5,4,FTDI-00FT46259002B,FI101-r1p0 (109762 v0100),0x504d574c,owner-verbal-2026-09-23,0f215ef53ddd602ced432ecefe2733a5ac3f025fe03bd192a05bd311b2d00dc8,13c906de50f28f449b55287e6af916c14d4c52c5924ab5a0580d3147c2070462,81d37a219a6b4141d0b433796711ab8af2ee2c3c668a28143a3ffe6a574ade98,19,2026-10-07T04:12:40.236534+00:00
6,3,7,117,wd_trans_ws_sc1,False,184758,True,False,1,True,,73961520,1,13,,2,5,4,FTDI-00FT46259002B,FI101-r1p0 (109762 v0100),0x504d574c,owner-verbal-2026-09-23,0f215ef53ddd602ced432ecefe2733a5ac3f025fe03bd192a05bd311b2d00dc8,13c906de50f28f449b55287e6af916c14d4c52c5924ab5a0580d3147c2070462,81d37a219a6b4141d0b433796711ab8af2ee2c3c668a28143a3ffe6a574ade98,19,2026-10-07T04:12:40.236534+00:00
7,1,0,118,wd_trans_ws_sc2,False,181876,True,False,1,True,,73954281,1,13,,2,5,4,FTDI-00FT46259002B,FI101-r1p0 (109762 v0100),0x504d574c,owner-verbal-2026-09-23,0f215ef53ddd602ced432ecefe2733a5ac3f025fe03bd192a05bd311b2d00dc8,13c906de50f28f449b55287e6af916c14d4c52c5924ab5a0580d3147c2070462,81d37a219a6b4141d0b433796711ab8af2ee2c3c668a28143a3ffe6a574ade98,19,2026-10-07T04:12:40.236534+00:00
7,1,1,119,wd_trans_ws_sc3,False,180120,True,False,1,True,,73954281,1,13,,2,5,4,FTDI-00FT46259002B,FI101-r1p0 (109762 v0100),0x504d574c,owner-verbal-2026-09-23,0f215ef53ddd602ced432ecefe2733a5ac3f025fe03bd192a05bd311b2d00dc8,13c906de50f28f449b55287e6af916c14d4c52c5924ab5a0580d3147c2070462,81d37a219a6b4141d0b433796711ab8af2ee2c3c668a28143a3ffe6a574ade98,19,2026-10-07T04:12:40.236534+00:00
7,1,2,120,wd_trans_wb0,False,86104,True,False,1,True,,73954281,1,13,,2,5,4,FTDI-00FT46259002B,FI101-r1p0 (109762 v0100),0x504d574c,owner-verbal-2026-09-23,0f215ef53ddd602ced432ecefe2733a5ac3f025fe03bd192a05bd311b2d00dc8,13c906de50f28f449b55287e6af916c14d4c52c5924ab5a0580d3147c2070462,81d37a219a6b4141d0b433796711ab8af2ee2c3c668a28143a3ffe6a574ade98,19,2026-10-07T04:12:40.236534+00:00
7,1,3,121,wd_trans_wb1,False,86104,True,False,1,True,,73954281,1,13,,2,5,4,FTDI-00FT46259002B,FI101-r1p0 (109762 v0100),0x504d574c,owner-verbal-2026-09-23,0f215ef53ddd602ced432ecefe2733a5ac3f025fe03bd192a05bd311b2d00dc8,13c906de50f28f449b55287e6af916c14d4c52c5924ab5a0580d3147c2070462,81d37a219a6b4141d0b433796711ab8af2ee2c3c668a28143a3ffe6a574ade98,19,2026-10-07T04:12:40.236534+00:00
7,1,4,122,wd_trans_wb2,False,86104,True,False,1,True,,73954281,1,13,,2,5,4,FTDI-00FT46259002B,FI101-r1p0 (109762 v0100),0x504d574c,owner-verbal-2026-09-23,0f215ef53ddd602ced432ecefe2733a5ac3f025fe03bd192a05bd311b2d00dc8,13c906de50f28f449b55287e6af916c14d4c52c5924ab5a0580d3147c2070462,81d37a219a6b4141d0b433796711ab8af2ee2c3c668a28143a3ffe6a574ade98,19,2026-10-07T04:12:40.236534+00:00
7,1,5,123,wd_trans_wb3,False,86104,True,False,1,True,,73954281,1,13,,2,5,4,FTDI-00FT46259002B,FI101-r1p0 (109762 v0100),0x504d574c,owner-verbal-2026-09-23,0f215ef53ddd602ced432ecefe2733a5ac3f025fe03bd192a05bd311b2d00dc8,13c906de50f28f449b55287e6af916c14d4c52c5924ab5a0580d3147c2070462,81d37a219a6b4141d0b433796711ab8af2ee2c3c668a28143a3ffe6a574ade98,19,2026-10-07T04:12:40.236534+00:00
7,1,6,128,sram_rd_trans_accepted,True,69726,True,False,1,True,,73954281,1,13,,2,5,4,FTDI-00FT46259002B,FI101-r1p0 (109762 v0100),0x504d574c,owner-verbal-2026-09-23,0f215ef53ddd602ced432ecefe2733a5ac3f025fe03bd192a05bd311b2d00dc8,13c906de50f28f449b55287e6af916c14d4c52c5924ab5a0580d3147c2070462,81d37a219a6b4141d0b433796711ab8af2ee2c3c668a28143a3ffe6a574ade98,19,2026-10-07T04:12:40.236534+00:00
7,1,7,129,sram_rd_trans_completed,True,69726,True,False,1,True,,73954281,1,13,,2,5,4,FTDI-00FT46259002B,FI101-r1p0 (109762 v0100),0x504d574c,owner-verbal-2026-09-23,0f215ef53ddd602ced432ecefe2733a5ac3f025fe03bd192a05bd311b2d00dc8,13c906de50f28f449b55287e6af916c14d4c52c5924ab5a0580d3147c2070462,81d37a219a6b4141d0b433796711ab8af2ee2c3c668a28143a3ffe6a574ade98,19,2026-10-07T04:12:40.236534+00:00
7,2,0,118,wd_trans_ws_sc2,False,181876,True,False,1,True,,73955813,1,13,,2,5,4,FTDI-00FT46259002B,FI101-r1p0 (109762 v0100),0x504d574c,owner-verbal-2026-09-23,0f215ef53ddd602ced432ecefe2733a5ac3f025fe03bd192a05bd311b2d00dc8,13c906de50f28f449b55287e6af916c14d4c52c5924ab5a0580d3147c2070462,81d37a219a6b4141d0b433796711ab8af2ee2c3c668a28143a3ffe6a574ade98,19,2026-10-07T04:12:40.236534+00:00
7,2,1,119,wd_trans_ws_sc3,False,180120,True,False,1,True,,73955813,1,13,,2,5,4,FTDI-00FT46259002B,FI101-r1p0 (109762 v0100),0x504d574c,owner-verbal-2026-09-23,0f215ef53ddd602ced432ecefe2733a5ac3f025fe03bd192a05bd311b2d00dc8,13c906de50f28f449b55287e6af916c14d4c52c5924ab5a0580d3147c2070462,81d37a219a6b4141d0b433796711ab8af2ee2c3c668a28143a3ffe6a574ade98,19,2026-10-07T04:12:40.236534+00:00
7,2,2,120,wd_trans_wb0,False,86104,True,False,1,True,,73955813,1,13,,2,5,4,FTDI-00FT46259002B,FI101-r1p0 (109762 v0100),0x504d574c,owner-verbal-2026-09-23,0f215ef53ddd602ced432ecefe2733a5ac3f025fe03bd192a05bd311b2d00dc8,13c906de50f28f449b55287e6af916c14d4c52c5924ab5a0580d3147c2070462,81d37a219a6b4141d0b433796711ab8af2ee2c3c668a28143a3ffe6a574ade98,19,2026-10-07T04:12:40.236534+00:00
7,2,3,121,wd_trans_wb1,False,86104,True,False,1,True,,73955813,1,13,,2,5,4,FTDI-00FT46259002B,FI101-r1p0 (109762 v0100),0x504d574c,owner-verbal-2026-09-23,0f215ef53ddd602ced432ecefe2733a5ac3f025fe03bd192a05bd311b2d00dc8,13c906de50f28f449b55287e6af916c14d4c52c5924ab5a0580d3147c2070462,81d37a219a6b4141d0b433796711ab8af2ee2c3c668a28143a3ffe6a574ade98,19,2026-10-07T04:12:40.236534+00:00
7,2,4,122,wd_trans_wb2,False,86104,True,False,1,True,,73955813,1,13,,2,5,4,FTDI-00FT46259002B,FI101-r1p0 (109762 v0100),0x504d574c,owner-verbal-2026-09-23,0f215ef53ddd602ced432ecefe2733a5ac3f025fe03bd192a05bd311b2d00dc8,13c906de50f28f449b55287e6af916c14d4c52c5924ab5a0580d3147c2070462,81d37a219a6b4141d0b433796711ab8af2ee2c3c668a28143a3ffe6a574ade98,19,2026-10-07T04:12:40.236534+00:00
7,2,5,123,wd_trans_wb3,False,86104,True,False,1,True,,73955813,1,13,,2,5,4,FTDI-00FT46259002B,FI101-r1p0 (109762 v0100),0x504d574c,owner-verbal-2026-09-23,0f215ef53ddd602ced432ecefe2733a5ac3f025fe03bd192a05bd311b2d00dc8,13c906de50f28f449b55287e6af916c14d4c52c5924ab5a0580d3147c2070462,81d37a219a6b4141d0b433796711ab8af2ee2c3c668a28143a3ffe6a574ade98,19,2026-10-07T04:12:40.236534+00:00
7,2,6,128,sram_rd_trans_accepted,True,69726,True,False,1,True,,73955813,1,13,,2,5,4,FTDI-00FT46259002B,FI101-r1p0 (109762 v0100),0x504d574c,owner-verbal-2026-09-23,0f215ef53ddd602ced432ecefe2733a5ac3f025fe03bd192a05bd311b2d00dc8,13c906de50f28f449b55287e6af916c14d4c52c5924ab5a0580d3147c2070462,81d37a219a6b4141d0b433796711ab8af2ee2c3c668a28143a3ffe6a574ade98,19,2026-10-07T04:12:40.236534+00:00
7,2,7,129,sram_rd_trans_completed,True,69726,True,False,1,True,,73955813,1,13,,2,5,4,FTDI-00FT46259002B,FI101-r1p0 (109762 v0100),0x504d574c,owner-verbal-2026-09-23,0f215ef53ddd602ced432ecefe2733a5ac3f025fe03bd192a05bd311b2d00dc8,13c906de50f28f449b55287e6af916c14d4c52c5924ab5a0580d3147c2070462,81d37a219a6b4141d0b433796711ab8af2ee2c3c668a28143a3ffe6a574ade98,19,2026-10-07T04:12:40.236534+00:00
7,3,0,118,wd_trans_ws_sc2,False,181876,True,False,1,True,,73952635,1,13,,2,5,4,FTDI-00FT46259002B,FI101-r1p0 (109762 v0100),0x504d574c,owner-verbal-2026-09-23,0f215ef53ddd602ced432ecefe2733a5ac3f025fe03bd192a05bd311b2d00dc8,13c906de50f28f449b55287e6af916c14d4c52c5924ab5a0580d3147c2070462,81d37a219a6b4141d0b433796711ab8af2ee2c3c668a28143a3ffe6a574ade98,19,2026-10-07T04:12:40.236534+00:00
7,3,1,119,wd_trans_ws_sc3,False,180120,True,False,1,True,,73952635,1,13,,2,5,4,FTDI-00FT46259002B,FI101-r1p0 (109762 v0100),0x504d574c,owner-verbal-2026-09-23,0f215ef53ddd602ced432ecefe2733a5ac3f025fe03bd192a05bd311b2d00dc8,13c906de50f28f449b55287e6af916c14d4c52c5924ab5a0580d3147c2070462,81d37a219a6b4141d0b433796711ab8af2ee2c3c668a28143a3ffe6a574ade98,19,2026-10-07T04:12:40.236534+00:00
7,3,2,120,wd_trans_wb0,False,86104,True,False,1,True,,73952635,1,13,,2,5,4,FTDI-00FT46259002B,FI101-r1p0 (109762 v0100),0x504d574c,owner-verbal-2026-09-23,0f215ef53ddd602ced432ecefe2733a5ac3f025fe03bd192a05bd311b2d00dc8,13c906de50f28f449b55287e6af916c14d4c52c5924ab5a0580d3147c2070462,81d37a219a6b4141d0b433796711ab8af2ee2c3c668a28143a3ffe6a574ade98,19,2026-10-07T04:12:40.236534+00:00
7,3,3,121,wd_trans_wb1,False,86104,True,False,1,True,,73952635,1,13,,2,5,4,FTDI-00FT46259002B,FI101-r1p0 (109762 v0100),0x504d574c,owner-verbal-2026-09-23,0f215ef53ddd602ced432ecefe2733a5ac3f025fe03bd192a05bd311b2d00dc8,13c906de50f28f449b55287e6af916c14d4c52c5924ab5a0580d3147c2070462,81d37a219a6b4141d0b433796711ab8af2ee2c3c668a28143a3ffe6a574ade98,19,2026-10-07T04:12:40.236534+00:00
7,3,4,122,wd_trans_wb2,False,86104,True,False,1,True,,73952635,1,13,,2,5,4,FTDI-00FT46259002B,FI101-r1p0 (109762 v0100),0x504d574c,owner-verbal-2026-09-23,0f215ef53ddd602ced432ecefe2733a5ac3f025fe03bd192a05bd311b2d00dc8,13c906de50f28f449b55287e6af916c14d4c52c5924ab5a0580d3147c2070462,81d37a219a6b4141d0b433796711ab8af2ee2c3c668a28143a3ffe6a574ade98,19,2026-10-07T04:12:40.236534+00:00
7,3,5,123,wd_trans_wb3,False,86104,True,False,1,True,,73952635,1,13,,2,5,4,FTDI-00FT46259002B,FI101-r1p0 (109762 v0100),0x504d574c,owner-verbal-2026-09-23,0f215ef53ddd602ced432ecefe2733a5ac3f025fe03bd192a05bd311b2d00dc8,13c906de50f28f449b55287e6af916c14d4c52c5924ab5a0580d3147c2070462,81d37a219a6b4141d0b433796711ab8af2ee2c3c668a28143a3ffe6a574ade98,19,2026-10-07T04:12:40.236534+00:00
7,3,6,128,sram_rd_trans_accepted,True,69726,True,False,1,True,,73952635,1,13,,2,5,4,FTDI-00FT46259002B,FI101-r1p0 (109762 v0100),0x504d574c,owner-verbal-2026-09-23,0f215ef53ddd602ced432ecefe2733a5ac3f025fe03bd192a05bd311b2d00dc8,13c906de50f28f449b55287e6af916c14d4c52c5924ab5a0580d3147c2070462,81d37a219a6b4141d0b433796711ab8af2ee2c3c668a28143a3ffe6a574ade98,19,2026-10-07T04:12:40.236534+00:00
7,3,7,129,sram_rd_trans_completed,True,69726,True,False,1,True,,73952635,1,13,,2,5,4,FTDI-00FT46259002B,FI101-r1p0 (109762 v0100),0x504d574c,owner-verbal-2026-09-23,0f215ef53ddd602ced432ecefe2733a5ac3f025fe03bd192a05bd311b2d00dc8,13c906de50f28f449b55287e6af916c14d4c52c5924ab5a0580d3147c2070462,81d37a219a6b4141d0b433796711ab8af2ee2c3c668a28143a3ffe6a574ade98,19,2026-10-07T04:12:40.236534+00:00
8,1,0,130,sram_rd_data_beat_received,True,721843,True,False,1,True,,73966894,1,13,,2,5,4,FTDI-00FT46259002B,FI101-r1p0 (109762 v0100),0x504d574c,owner-verbal-2026-09-23,0f215ef53ddd602ced432ecefe2733a5ac3f025fe03bd192a05bd311b2d00dc8,13c906de50f28f449b55287e6af916c14d4c52c5924ab5a0580d3147c2070462,81d37a219a6b4141d0b433796711ab8af2ee2c3c668a28143a3ffe6a574ade98,19,2026-10-07T04:12:40.236534+00:00
8,1,1,131,sram_rd_tran_req_stalled,True,11638334,True,False,1,True,,73966894,1,13,,2,5,4,FTDI-00FT46259002B,FI101-r1p0 (109762 v0100),0x504d574c,owner-verbal-2026-09-23,0f215ef53ddd602ced432ecefe2733a5ac3f025fe03bd192a05bd311b2d00dc8,13c906de50f28f449b55287e6af916c14d4c52c5924ab5a0580d3147c2070462,81d37a219a6b4141d0b433796711ab8af2ee2c3c668a28143a3ffe6a574ade98,19,2026-10-07T04:12:40.236534+00:00
8,1,2,132,sram_wr_trans_accepted,True,41879,True,False,1,True,,73966894,1,13,,2,5,4,FTDI-00FT46259002B,FI101-r1p0 (109762 v0100),0x504d574c,owner-verbal-2026-09-23,0f215ef53ddd602ced432ecefe2733a5ac3f025fe03bd192a05bd311b2d00dc8,13c906de50f28f449b55287e6af916c14d4c52c5924ab5a0580d3147c2070462,81d37a219a6b4141d0b433796711ab8af2ee2c3c668a28143a3ffe6a574ade98,19,2026-10-07T04:12:40.236534+00:00
8,1,3,133,sram_wr_trans_completed_m,False,41879,True,False,1,True,,73966894,1,13,,2,5,4,FTDI-00FT46259002B,FI101-r1p0 (109762 v0100),0x504d574c,owner-verbal-2026-09-23,0f215ef53ddd602ced432ecefe2733a5ac3f025fe03bd192a05bd311b2d00dc8,13c906de50f28f449b55287e6af916c14d4c52c5924ab5a0580d3147c2070462,81d37a219a6b4141d0b433796711ab8af2ee2c3c668a28143a3ffe6a574ade98,19,2026-10-07T04:12:40.236534+00:00
8,1,4,134,sram_wr_trans_completed_s,False,41879,True,False,1,True,,73966894,1,13,,2,5,4,FTDI-00FT46259002B,FI101-r1p0 (109762 v0100),0x504d574c,owner-verbal-2026-09-23,0f215ef53ddd602ced432ecefe2733a5ac3f025fe03bd192a05bd311b2d00dc8,13c906de50f28f449b55287e6af916c14d4c52c5924ab5a0580d3147c2070462,81d37a219a6b4141d0b433796711ab8af2ee2c3c668a28143a3ffe6a574ade98,19,2026-10-07T04:12:40.236534+00:00
8,1,5,135,sram_wr_data_beat_written,True,460648,True,False,1,True,,73966894,1,13,,2,5,4,FTDI-00FT46259002B,FI101-r1p0 (109762 v0100),0x504d574c,owner-verbal-2026-09-23,0f215ef53ddd602ced432ecefe2733a5ac3f025fe03bd192a05bd311b2d00dc8,13c906de50f28f449b55287e6af916c14d4c52c5924ab5a0580d3147c2070462,81d37a219a6b4141d0b433796711ab8af2ee2c3c668a28143a3ffe6a574ade98,19,2026-10-07T04:12:40.236534+00:00
8,1,6,136,sram_wr_tran_req_stalled,True,7071115,True,False,1,True,,73966894,1,13,,2,5,4,FTDI-00FT46259002B,FI101-r1p0 (109762 v0100),0x504d574c,owner-verbal-2026-09-23,0f215ef53ddd602ced432ecefe2733a5ac3f025fe03bd192a05bd311b2d00dc8,13c906de50f28f449b55287e6af916c14d4c52c5924ab5a0580d3147c2070462,81d37a219a6b4141d0b433796711ab8af2ee2c3c668a28143a3ffe6a574ade98,19,2026-10-07T04:12:40.236534+00:00
8,1,7,137,sram_wr_data_beat_stalled,True,7032547,True,False,1,True,,73966894,1,13,,2,5,4,FTDI-00FT46259002B,FI101-r1p0 (109762 v0100),0x504d574c,owner-verbal-2026-09-23,0f215ef53ddd602ced432ecefe2733a5ac3f025fe03bd192a05bd311b2d00dc8,13c906de50f28f449b55287e6af916c14d4c52c5924ab5a0580d3147c2070462,81d37a219a6b4141d0b433796711ab8af2ee2c3c668a28143a3ffe6a574ade98,19,2026-10-07T04:12:40.236534+00:00
8,2,0,130,sram_rd_data_beat_received,True,721843,True,False,1,True,,73960653,1,13,,2,5,4,FTDI-00FT46259002B,FI101-r1p0 (109762 v0100),0x504d574c,owner-verbal-2026-09-23,0f215ef53ddd602ced432ecefe2733a5ac3f025fe03bd192a05bd311b2d00dc8,13c906de50f28f449b55287e6af916c14d4c52c5924ab5a0580d3147c2070462,81d37a219a6b4141d0b433796711ab8af2ee2c3c668a28143a3ffe6a574ade98,19,2026-10-07T04:12:40.236534+00:00
8,2,1,131,sram_rd_tran_req_stalled,True,11885429,True,False,1,True,,73960653,1,13,,2,5,4,FTDI-00FT46259002B,FI101-r1p0 (109762 v0100),0x504d574c,owner-verbal-2026-09-23,0f215ef53ddd602ced432ecefe2733a5ac3f025fe03bd192a05bd311b2d00dc8,13c906de50f28f449b55287e6af916c14d4c52c5924ab5a0580d3147c2070462,81d37a219a6b4141d0b433796711ab8af2ee2c3c668a28143a3ffe6a574ade98,19,2026-10-07T04:12:40.236534+00:00
8,2,2,132,sram_wr_trans_accepted,True,41879,True,False,1,True,,73960653,1,13,,2,5,4,FTDI-00FT46259002B,FI101-r1p0 (109762 v0100),0x504d574c,owner-verbal-2026-09-23,0f215ef53ddd602ced432ecefe2733a5ac3f025fe03bd192a05bd311b2d00dc8,13c906de50f28f449b55287e6af916c14d4c52c5924ab5a0580d3147c2070462,81d37a219a6b4141d0b433796711ab8af2ee2c3c668a28143a3ffe6a574ade98,19,2026-10-07T04:12:40.236534+00:00
8,2,3,133,sram_wr_trans_completed_m,False,41879,True,False,1,True,,73960653,1,13,,2,5,4,FTDI-00FT46259002B,FI101-r1p0 (109762 v0100),0x504d574c,owner-verbal-2026-09-23,0f215ef53ddd602ced432ecefe2733a5ac3f025fe03bd192a05bd311b2d00dc8,13c906de50f28f449b55287e6af916c14d4c52c5924ab5a0580d3147c2070462,81d37a219a6b4141d0b433796711ab8af2ee2c3c668a28143a3ffe6a574ade98,19,2026-10-07T04:12:40.236534+00:00
8,2,4,134,sram_wr_trans_completed_s,False,41879,True,False,1,True,,73960653,1,13,,2,5,4,FTDI-00FT46259002B,FI101-r1p0 (109762 v0100),0x504d574c,owner-verbal-2026-09-23,0f215ef53ddd602ced432ecefe2733a5ac3f025fe03bd192a05bd311b2d00dc8,13c906de50f28f449b55287e6af916c14d4c52c5924ab5a0580d3147c2070462,81d37a219a6b4141d0b433796711ab8af2ee2c3c668a28143a3ffe6a574ade98,19,2026-10-07T04:12:40.236534+00:00
8,2,5,135,sram_wr_data_beat_written,True,460648,True,False,1,True,,73960653,1,13,,2,5,4,FTDI-00FT46259002B,FI101-r1p0 (109762 v0100),0x504d574c,owner-verbal-2026-09-23,0f215ef53ddd602ced432ecefe2733a5ac3f025fe03bd192a05bd311b2d00dc8,13c906de50f28f449b55287e6af916c14d4c52c5924ab5a0580d3147c2070462,81d37a219a6b4141d0b433796711ab8af2ee2c3c668a28143a3ffe6a574ade98,19,2026-10-07T04:12:40.236534+00:00
8,2,6,136,sram_wr_tran_req_stalled,True,7085059,True,False,1,True,,73960653,1,13,,2,5,4,FTDI-00FT46259002B,FI101-r1p0 (109762 v0100),0x504d574c,owner-verbal-2026-09-23,0f215ef53ddd602ced432ecefe2733a5ac3f025fe03bd192a05bd311b2d00dc8,13c906de50f28f449b55287e6af916c14d4c52c5924ab5a0580d3147c2070462,81d37a219a6b4141d0b433796711ab8af2ee2c3c668a28143a3ffe6a574ade98,19,2026-10-07T04:12:40.236534+00:00
8,2,7,137,sram_wr_data_beat_stalled,True,7046997,True,False,1,True,,73960653,1,13,,2,5,4,FTDI-00FT46259002B,FI101-r1p0 (109762 v0100),0x504d574c,owner-verbal-2026-09-23,0f215ef53ddd602ced432ecefe2733a5ac3f025fe03bd192a05bd311b2d00dc8,13c906de50f28f449b55287e6af916c14d4c52c5924ab5a0580d3147c2070462,81d37a219a6b4141d0b433796711ab8af2ee2c3c668a28143a3ffe6a574ade98,19,2026-10-07T04:12:40.236534+00:00
8,3,0,130,sram_rd_data_beat_received,True,721843,True,False,1,True,,73959637,1,13,,2,5,4,FTDI-00FT46259002B,FI101-r1p0 (109762 v0100),0x504d574c,owner-verbal-2026-09-23,0f215ef53ddd602ced432ecefe2733a5ac3f025fe03bd192a05bd311b2d00dc8,13c906de50f28f449b55287e6af916c14d4c52c5924ab5a0580d3147c2070462,81d37a219a6b4141d0b433796711ab8af2ee2c3c668a28143a3ffe6a574ade98,19,2026-10-07T04:12:40.236534+00:00
8,3,1,131,sram_rd_tran_req_stalled,True,11614911,True,False,1,True,,73959637,1,13,,2,5,4,FTDI-00FT46259002B,FI101-r1p0 (109762 v0100),0x504d574c,owner-verbal-2026-09-23,0f215ef53ddd602ced432ecefe2733a5ac3f025fe03bd192a05bd311b2d00dc8,13c906de50f28f449b55287e6af916c14d4c52c5924ab5a0580d3147c2070462,81d37a219a6b4141d0b433796711ab8af2ee2c3c668a28143a3ffe6a574ade98,19,2026-10-07T04:12:40.236534+00:00
8,3,2,132,sram_wr_trans_accepted,True,41879,True,False,1,True,,73959637,1,13,,2,5,4,FTDI-00FT46259002B,FI101-r1p0 (109762 v0100),0x504d574c,owner-verbal-2026-09-23,0f215ef53ddd602ced432ecefe2733a5ac3f025fe03bd192a05bd311b2d00dc8,13c906de50f28f449b55287e6af916c14d4c52c5924ab5a0580d3147c2070462,81d37a219a6b4141d0b433796711ab8af2ee2c3c668a28143a3ffe6a574ade98,19,2026-10-07T04:12:40.236534+00:00
8,3,3,133,sram_wr_trans_completed_m,False,41879,True,False,1,True,,73959637,1,13,,2,5,4,FTDI-00FT46259002B,FI101-r1p0 (109762 v0100),0x504d574c,owner-verbal-2026-09-23,0f215ef53ddd602ced432ecefe2733a5ac3f025fe03bd192a05bd311b2d00dc8,13c906de50f28f449b55287e6af916c14d4c52c5924ab5a0580d3147c2070462,81d37a219a6b4141d0b433796711ab8af2ee2c3c668a28143a3ffe6a574ade98,19,2026-10-07T04:12:40.236534+00:00
8,3,4,134,sram_wr_trans_completed_s,False,41879,True,False,1,True,,73959637,1,13,,2,5,4,FTDI-00FT46259002B,FI101-r1p0 (109762 v0100),0x504d574c,owner-verbal-2026-09-23,0f215ef53ddd602ced432ecefe2733a5ac3f025fe03bd192a05bd311b2d00dc8,13c906de50f28f449b55287e6af916c14d4c52c5924ab5a0580d3147c2070462,81d37a219a6b4141d0b433796711ab8af2ee2c3c668a28143a3ffe6a574ade98,19,2026-10-07T04:12:40.236534+00:00
8,3,5,135,sram_wr_data_beat_written,True,460648,True,False,1,True,,73959637,1,13,,2,5,4,FTDI-00FT46259002B,FI101-r1p0 (109762 v0100),0x504d574c,owner-verbal-2026-09-23,0f215ef53ddd602ced432ecefe2733a5ac3f025fe03bd192a05bd311b2d00dc8,13c906de50f28f449b55287e6af916c14d4c52c5924ab5a0580d3147c2070462,81d37a219a6b4141d0b433796711ab8af2ee2c3c668a28143a3ffe6a574ade98,19,2026-10-07T04:12:40.236534+00:00
8,3,6,136,sram_wr_tran_req_stalled,True,7058707,True,False,1,True,,73959637,1,13,,2,5,4,FTDI-00FT46259002B,FI101-r1p0 (109762 v0100),0x504d574c,owner-verbal-2026-09-23,0f215ef53ddd602ced432ecefe2733a5ac3f025fe03bd192a05bd311b2d00dc8,13c906de50f28f449b55287e6af916c14d4c52c5924ab5a0580d3147c2070462,81d37a219a6b4141d0b433796711ab8af2ee2c3c668a28143a3ffe6a574ade98,19,2026-10-07T04:12:40.236534+00:00
8,3,7,137,sram_wr_data_beat_stalled,True,7020966,True,False,1,True,,73959637,1,13,,2,5,4,FTDI-00FT46259002B,FI101-r1p0 (109762 v0100),0x504d574c,owner-verbal-2026-09-23,0f215ef53ddd602ced432ecefe2733a5ac3f025fe03bd192a05bd311b2d00dc8,13c906de50f28f449b55287e6af916c14d4c52c5924ab5a0580d3147c2070462,81d37a219a6b4141d0b433796711ab8af2ee2c3c668a28143a3ffe6a574ade98,19,2026-10-07T04:12:40.236534+00:00
9,1,0,140,sram_enabled_cycles,True,147914796,True,False,1,True,,73957165,1,13,,2,5,4,FTDI-00FT46259002B,FI101-r1p0 (109762 v0100),0x504d574c,owner-verbal-2026-09-23,0f215ef53ddd602ced432ecefe2733a5ac3f025fe03bd192a05bd311b2d00dc8,13c906de50f28f449b55287e6af916c14d4c52c5924ab5a0580d3147c2070462,81d37a219a6b4141d0b433796711ab8af2ee2c3c668a28143a3ffe6a574ade98,19,2026-10-07T04:12:40.236534+00:00
9,1,1,142,sram_rd_stall_limit,True,0,True,False,1,True,,73957165,1,13,,2,5,4,FTDI-00FT46259002B,FI101-r1p0 (109762 v0100),0x504d574c,owner-verbal-2026-09-23,0f215ef53ddd602ced432ecefe2733a5ac3f025fe03bd192a05bd311b2d00dc8,13c906de50f28f449b55287e6af916c14d4c52c5924ab5a0580d3147c2070462,81d37a219a6b4141d0b433796711ab8af2ee2c3c668a28143a3ffe6a574ade98,19,2026-10-07T04:12:40.236534+00:00
9,1,2,143,sram_wr_stall_limit,True,0,True,False,1,True,,73957165,1,13,,2,5,4,FTDI-00FT46259002B,FI101-r1p0 (109762 v0100),0x504d574c,owner-verbal-2026-09-23,0f215ef53ddd602ced432ecefe2733a5ac3f025fe03bd192a05bd311b2d00dc8,13c906de50f28f449b55287e6af916c14d4c52c5924ab5a0580d3147c2070462,81d37a219a6b4141d0b433796711ab8af2ee2c3c668a28143a3ffe6a574ade98,19,2026-10-07T04:12:40.236534+00:00
9,1,3,160,axi_latency_any,True,843,True,False,1,True,,73957165,1,13,,2,5,4,FTDI-00FT46259002B,FI101-r1p0 (109762 v0100),0x504d574c,owner-verbal-2026-09-23,0f215ef53ddd602ced432ecefe2733a5ac3f025fe03bd192a05bd311b2d00dc8,13c906de50f28f449b55287e6af916c14d4c52c5924ab5a0580d3147c2070462,81d37a219a6b4141d0b433796711ab8af2ee2c3c668a28143a3ffe6a574ade98,19,2026-10-07T04:12:40.236534+00:00
9,1,4,161,axi_latency_32,True,843,True,False,1,True,,73957165,1,13,,2,5,4,FTDI-00FT46259002B,FI101-r1p0 (109762 v0100),0x504d574c,owner-verbal-2026-09-23,0f215ef53ddd602ced432ecefe2733a5ac3f025fe03bd192a05bd311b2d00dc8,13c906de50f28f449b55287e6af916c14d4c52c5924ab5a0580d3147c2070462,81d37a219a6b4141d0b433796711ab8af2ee2c3c668a28143a3ffe6a574ade98,19,2026-10-07T04:12:40.236534+00:00
9,1,5,162,axi_latency_64,True,836,True,False,1,True,,73957165,1,13,,2,5,4,FTDI-00FT46259002B,FI101-r1p0 (109762 v0100),0x504d574c,owner-verbal-2026-09-23,0f215ef53ddd602ced432ecefe2733a5ac3f025fe03bd192a05bd311b2d00dc8,13c906de50f28f449b55287e6af916c14d4c52c5924ab5a0580d3147c2070462,81d37a219a6b4141d0b433796711ab8af2ee2c3c668a28143a3ffe6a574ade98,19,2026-10-07T04:12:40.236534+00:00
9,1,6,163,axi_latency_128,True,635,True,False,1,True,,73957165,1,13,,2,5,4,FTDI-00FT46259002B,FI101-r1p0 (109762 v0100),0x504d574c,owner-verbal-2026-09-23,0f215ef53ddd602ced432ecefe2733a5ac3f025fe03bd192a05bd311b2d00dc8,13c906de50f28f449b55287e6af916c14d4c52c5924ab5a0580d3147c2070462,81d37a219a6b4141d0b433796711ab8af2ee2c3c668a28143a3ffe6a574ade98,19,2026-10-07T04:12:40.236534+00:00
9,1,7,164,axi_latency_256,True,21,True,False,1,True,,73957165,1,13,,2,5,4,FTDI-00FT46259002B,FI101-r1p0 (109762 v0100),0x504d574c,owner-verbal-2026-09-23,0f215ef53ddd602ced432ecefe2733a5ac3f025fe03bd192a05bd311b2d00dc8,13c906de50f28f449b55287e6af916c14d4c52c5924ab5a0580d3147c2070462,81d37a219a6b4141d0b433796711ab8af2ee2c3c668a28143a3ffe6a574ade98,19,2026-10-07T04:12:40.236534+00:00
9,2,0,140,sram_enabled_cycles,True,147917544,True,False,1,True,,73958539,1,13,,2,5,4,FTDI-00FT46259002B,FI101-r1p0 (109762 v0100),0x504d574c,owner-verbal-2026-09-23,0f215ef53ddd602ced432ecefe2733a5ac3f025fe03bd192a05bd311b2d00dc8,13c906de50f28f449b55287e6af916c14d4c52c5924ab5a0580d3147c2070462,81d37a219a6b4141d0b433796711ab8af2ee2c3c668a28143a3ffe6a574ade98,19,2026-10-07T04:12:40.236534+00:00
9,2,1,142,sram_rd_stall_limit,True,0,True,False,1,True,,73958539,1,13,,2,5,4,FTDI-00FT46259002B,FI101-r1p0 (109762 v0100),0x504d574c,owner-verbal-2026-09-23,0f215ef53ddd602ced432ecefe2733a5ac3f025fe03bd192a05bd311b2d00dc8,13c906de50f28f449b55287e6af916c14d4c52c5924ab5a0580d3147c2070462,81d37a219a6b4141d0b433796711ab8af2ee2c3c668a28143a3ffe6a574ade98,19,2026-10-07T04:12:40.236534+00:00
9,2,2,143,sram_wr_stall_limit,True,0,True,False,1,True,,73958539,1,13,,2,5,4,FTDI-00FT46259002B,FI101-r1p0 (109762 v0100),0x504d574c,owner-verbal-2026-09-23,0f215ef53ddd602ced432ecefe2733a5ac3f025fe03bd192a05bd311b2d00dc8,13c906de50f28f449b55287e6af916c14d4c52c5924ab5a0580d3147c2070462,81d37a219a6b4141d0b433796711ab8af2ee2c3c668a28143a3ffe6a574ade98,19,2026-10-07T04:12:40.236534+00:00
9,2,3,160,axi_latency_any,True,838,True,False,1,True,,73958539,1,13,,2,5,4,FTDI-00FT46259002B,FI101-r1p0 (109762 v0100),0x504d574c,owner-verbal-2026-09-23,0f215ef53ddd602ced432ecefe2733a5ac3f025fe03bd192a05bd311b2d00dc8,13c906de50f28f449b55287e6af916c14d4c52c5924ab5a0580d3147c2070462,81d37a219a6b4141d0b433796711ab8af2ee2c3c668a28143a3ffe6a574ade98,19,2026-10-07T04:12:40.236534+00:00
9,2,4,161,axi_latency_32,True,838,True,False,1,True,,73958539,1,13,,2,5,4,FTDI-00FT46259002B,FI101-r1p0 (109762 v0100),0x504d574c,owner-verbal-2026-09-23,0f215ef53ddd602ced432ecefe2733a5ac3f025fe03bd192a05bd311b2d00dc8,13c906de50f28f449b55287e6af916c14d4c52c5924ab5a0580d3147c2070462,81d37a219a6b4141d0b433796711ab8af2ee2c3c668a28143a3ffe6a574ade98,19,2026-10-07T04:12:40.236534+00:00
9,2,5,162,axi_latency_64,True,832,True,False,1,True,,73958539,1,13,,2,5,4,FTDI-00FT46259002B,FI101-r1p0 (109762 v0100),0x504d574c,owner-verbal-2026-09-23,0f215ef53ddd602ced432ecefe2733a5ac3f025fe03bd192a05bd311b2d00dc8,13c906de50f28f449b55287e6af916c14d4c52c5924ab5a0580d3147c2070462,81d37a219a6b4141d0b433796711ab8af2ee2c3c668a28143a3ffe6a574ade98,19,2026-10-07T04:12:40.236534+00:00
9,2,6,163,axi_latency_128,True,640,True,False,1,True,,73958539,1,13,,2,5,4,FTDI-00FT46259002B,FI101-r1p0 (109762 v0100),0x504d574c,owner-verbal-2026-09-23,0f215ef53ddd602ced432ecefe2733a5ac3f025fe03bd192a05bd311b2d00dc8,13c906de50f28f449b55287e6af916c14d4c52c5924ab5a0580d3147c2070462,81d37a219a6b4141d0b433796711ab8af2ee2c3c668a28143a3ffe6a574ade98,19,2026-10-07T04:12:40.236534+00:00
9,2,7,164,axi_latency_256,True,21,True,False,1,True,,73958539,1,13,,2,5,4,FTDI-00FT46259002B,FI101-r1p0 (109762 v0100),0x504d574c,owner-verbal-2026-09-23,0f215ef53ddd602ced432ecefe2733a5ac3f025fe03bd192a05bd311b2d00dc8,13c906de50f28f449b55287e6af916c14d4c52c5924ab5a0580d3147c2070462,81d37a219a6b4141d0b433796711ab8af2ee2c3c668a28143a3ffe6a574ade98,19,2026-10-07T04:12:40.236534+00:00
9,3,0,140,sram_enabled_cycles,True,147907760,True,False,1,True,,73953647,1,13,,2,5,4,FTDI-00FT46259002B,FI101-r1p0 (109762 v0100),0x504d574c,owner-verbal-2026-09-23,0f215ef53ddd602ced432ecefe2733a5ac3f025fe03bd192a05bd311b2d00dc8,13c906de50f28f449b55287e6af916c14d4c52c5924ab5a0580d3147c2070462,81d37a219a6b4141d0b433796711ab8af2ee2c3c668a28143a3ffe6a574ade98,19,2026-10-07T04:12:40.236534+00:00
9,3,1,142,sram_rd_stall_limit,True,0,True,False,1,True,,73953647,1,13,,2,5,4,FTDI-00FT46259002B,FI101-r1p0 (109762 v0100),0x504d574c,owner-verbal-2026-09-23,0f215ef53ddd602ced432ecefe2733a5ac3f025fe03bd192a05bd311b2d00dc8,13c906de50f28f449b55287e6af916c14d4c52c5924ab5a0580d3147c2070462,81d37a219a6b4141d0b433796711ab8af2ee2c3c668a28143a3ffe6a574ade98,19,2026-10-07T04:12:40.236534+00:00
9,3,2,143,sram_wr_stall_limit,True,0,True,False,1,True,,73953647,1,13,,2,5,4,FTDI-00FT46259002B,FI101-r1p0 (109762 v0100),0x504d574c,owner-verbal-2026-09-23,0f215ef53ddd602ced432ecefe2733a5ac3f025fe03bd192a05bd311b2d00dc8,13c906de50f28f449b55287e6af916c14d4c52c5924ab5a0580d3147c2070462,81d37a219a6b4141d0b433796711ab8af2ee2c3c668a28143a3ffe6a574ade98,19,2026-10-07T04:12:40.236534+00:00
9,3,3,160,axi_latency_any,True,837,True,False,1,True,,73953647,1,13,,2,5,4,FTDI-00FT46259002B,FI101-r1p0 (109762 v0100),0x504d574c,owner-verbal-2026-09-23,0f215ef53ddd602ced432ecefe2733a5ac3f025fe03bd192a05bd311b2d00dc8,13c906de50f28f449b55287e6af916c14d4c52c5924ab5a0580d3147c2070462,81d37a219a6b4141d0b433796711ab8af2ee2c3c668a28143a3ffe6a574ade98,19,2026-10-07T04:12:40.236534+00:00
9,3,4,161,axi_latency_32,True,837,True,False,1,True,,73953647,1,13,,2,5,4,FTDI-00FT46259002B,FI101-r1p0 (109762 v0100),0x504d574c,owner-verbal-2026-09-23,0f215ef53ddd602ced432ecefe2733a5ac3f025fe03bd192a05bd311b2d00dc8,13c906de50f28f449b55287e6af916c14d4c52c5924ab5a0580d3147c2070462,81d37a219a6b4141d0b433796711ab8af2ee2c3c668a28143a3ffe6a574ade98,19,2026-10-07T04:12:40.236534+00:00
9,3,5,162,axi_latency_64,True,831,True,False,1,True,,73953647,1,13,,2,5,4,FTDI-00FT46259002B,FI101-r1p0 (109762 v0100),0x504d574c,owner-verbal-2026-09-23,0f215ef53ddd602ced432ecefe2733a5ac3f025fe03bd192a05bd311b2d00dc8,13c906de50f28f449b55287e6af916c14d4c52c5924ab5a0580d3147c2070462,81d37a219a6b4141d0b433796711ab8af2ee2c3c668a28143a3ffe6a574ade98,19,2026-10-07T04:12:40.236534+00:00
9,3,6,163,axi_latency_128,True,634,True,False,1,True,,73953647,1,13,,2,5,4,FTDI-00FT46259002B,FI101-r1p0 (109762 v0100),0x504d574c,owner-verbal-2026-09-23,0f215ef53ddd602ced432ecefe2733a5ac3f025fe03bd192a05bd311b2d00dc8,13c906de50f28f449b55287e6af916c14d4c52c5924ab5a0580d3147c2070462,81d37a219a6b4141d0b433796711ab8af2ee2c3c668a28143a3ffe6a574ade98,19,2026-10-07T04:12:40.236534+00:00
9,3,7,164,axi_latency_256,True,21,True,False,1,True,,73953647,1,13,,2,5,4,FTDI-00FT46259002B,FI101-r1p0 (109762 v0100),0x504d574c,owner-verbal-2026-09-23,0f215ef53ddd602ced432ecefe2733a5ac3f025fe03bd192a05bd311b2d00dc8,13c906de50f28f449b55287e6af916c14d4c52c5924ab5a0580d3147c2070462,81d37a219a6b4141d0b433796711ab8af2ee2c3c668a28143a3ffe6a574ade98,19,2026-10-07T04:12:40.236534+00:00
10,1,0,165,axi_latency_512,True,24,True,False,1,True,,73967239,1,13,,2,5,4,FTDI-00FT46259002B,FI101-r1p0 (109762 v0100),0x504d574c,owner-verbal-2026-09-23,0f215ef53ddd602ced432ecefe2733a5ac3f025fe03bd192a05bd311b2d00dc8,13c906de50f28f449b55287e6af916c14d4c52c5924ab5a0580d3147c2070462,81d37a219a6b4141d0b433796711ab8af2ee2c3c668a28143a3ffe6a574ade98,19,2026-10-07T04:12:40.236534+00:00
10,1,1,166,axi_latency_1024,True,24,True,False,1,True,,73967239,1,13,,2,5,4,FTDI-00FT46259002B,FI101-r1p0 (109762 v0100),0x504d574c,owner-verbal-2026-09-23,0f215ef53ddd602ced432ecefe2733a5ac3f025fe03bd192a05bd311b2d00dc8,13c906de50f28f449b55287e6af916c14d4c52c5924ab5a0580d3147c2070462,81d37a219a6b4141d0b433796711ab8af2ee2c3c668a28143a3ffe6a574ade98,19,2026-10-07T04:12:40.236534+00:00
10,1,2,176,ecc_dma,True,0,True,False,1,True,,73967239,1,13,,2,5,4,FTDI-00FT46259002B,FI101-r1p0 (109762 v0100),0x504d574c,owner-verbal-2026-09-23,0f215ef53ddd602ced432ecefe2733a5ac3f025fe03bd192a05bd311b2d00dc8,13c906de50f28f449b55287e6af916c14d4c52c5924ab5a0580d3147c2070462,81d37a219a6b4141d0b433796711ab8af2ee2c3c668a28143a3ffe6a574ade98,19,2026-10-07T04:12:40.236534+00:00
10,1,3,177,ecc_mac_ib,True,0,True,False,1,True,,73967239,1,13,,2,5,4,FTDI-00FT46259002B,FI101-r1p0 (109762 v0100),0x504d574c,owner-verbal-2026-09-23,0f215ef53ddd602ced432ecefe2733a5ac3f025fe03bd192a05bd311b2d00dc8,13c906de50f28f449b55287e6af916c14d4c52c5924ab5a0580d3147c2070462,81d37a219a6b4141d0b433796711ab8af2ee2c3c668a28143a3ffe6a574ade98,19,2026-10-07T04:12:40.236534+00:00
10,1,4,178,ecc_mac_ab,True,0,True,False,1,True,,73967239,1,13,,2,5,4,FTDI-00FT46259002B,FI101-r1p0 (109762 v0100),0x504d574c,owner-verbal-2026-09-23,0f215ef53ddd602ced432ecefe2733a5ac3f025fe03bd192a05bd311b2d00dc8,13c906de50f28f449b55287e6af916c14d4c52c5924ab5a0580d3147c2070462,81d37a219a6b4141d0b433796711ab8af2ee2c3c668a28143a3ffe6a574ade98,19,2026-10-07T04:12:40.236534+00:00
10,1,5,179,ecc_ao_cb,True,0,True,False,1,True,,73967239,1,13,,2,5,4,FTDI-00FT46259002B,FI101-r1p0 (109762 v0100),0x504d574c,owner-verbal-2026-09-23,0f215ef53ddd602ced432ecefe2733a5ac3f025fe03bd192a05bd311b2d00dc8,13c906de50f28f449b55287e6af916c14d4c52c5924ab5a0580d3147c2070462,81d37a219a6b4141d0b433796711ab8af2ee2c3c668a28143a3ffe6a574ade98,19,2026-10-07T04:12:40.236534+00:00
10,1,6,180,ecc_ao_ob,True,0,True,False,1,True,,73967239,1,13,,2,5,4,FTDI-00FT46259002B,FI101-r1p0 (109762 v0100),0x504d574c,owner-verbal-2026-09-23,0f215ef53ddd602ced432ecefe2733a5ac3f025fe03bd192a05bd311b2d00dc8,13c906de50f28f449b55287e6af916c14d4c52c5924ab5a0580d3147c2070462,81d37a219a6b4141d0b433796711ab8af2ee2c3c668a28143a3ffe6a574ade98,19,2026-10-07T04:12:40.236534+00:00
10,1,7,181,ecc_ao_lut,True,0,True,False,1,True,,73967239,1,13,,2,5,4,FTDI-00FT46259002B,FI101-r1p0 (109762 v0100),0x504d574c,owner-verbal-2026-09-23,0f215ef53ddd602ced432ecefe2733a5ac3f025fe03bd192a05bd311b2d00dc8,13c906de50f28f449b55287e6af916c14d4c52c5924ab5a0580d3147c2070462,81d37a219a6b4141d0b433796711ab8af2ee2c3c668a28143a3ffe6a574ade98,19,2026-10-07T04:12:40.236534+00:00
10,2,0,165,axi_latency_512,True,20,True,False,1,True,,73954537,1,13,,2,5,4,FTDI-00FT46259002B,FI101-r1p0 (109762 v0100),0x504d574c,owner-verbal-2026-09-23,0f215ef53ddd602ced432ecefe2733a5ac3f025fe03bd192a05bd311b2d00dc8,13c906de50f28f449b55287e6af916c14d4c52c5924ab5a0580d3147c2070462,81d37a219a6b4141d0b433796711ab8af2ee2c3c668a28143a3ffe6a574ade98,19,2026-10-07T04:12:40.236534+00:00
10,2,1,166,axi_latency_1024,True,20,True,False,1,True,,73954537,1,13,,2,5,4,FTDI-00FT46259002B,FI101-r1p0 (109762 v0100),0x504d574c,owner-verbal-2026-09-23,0f215ef53ddd602ced432ecefe2733a5ac3f025fe03bd192a05bd311b2d00dc8,13c906de50f28f449b55287e6af916c14d4c52c5924ab5a0580d3147c2070462,81d37a219a6b4141d0b433796711ab8af2ee2c3c668a28143a3ffe6a574ade98,19,2026-10-07T04:12:40.236534+00:00
10,2,2,176,ecc_dma,True,0,True,False,1,True,,73954537,1,13,,2,5,4,FTDI-00FT46259002B,FI101-r1p0 (109762 v0100),0x504d574c,owner-verbal-2026-09-23,0f215ef53ddd602ced432ecefe2733a5ac3f025fe03bd192a05bd311b2d00dc8,13c906de50f28f449b55287e6af916c14d4c52c5924ab5a0580d3147c2070462,81d37a219a6b4141d0b433796711ab8af2ee2c3c668a28143a3ffe6a574ade98,19,2026-10-07T04:12:40.236534+00:00
10,2,3,177,ecc_mac_ib,True,0,True,False,1,True,,73954537,1,13,,2,5,4,FTDI-00FT46259002B,FI101-r1p0 (109762 v0100),0x504d574c,owner-verbal-2026-09-23,0f215ef53ddd602ced432ecefe2733a5ac3f025fe03bd192a05bd311b2d00dc8,13c906de50f28f449b55287e6af916c14d4c52c5924ab5a0580d3147c2070462,81d37a219a6b4141d0b433796711ab8af2ee2c3c668a28143a3ffe6a574ade98,19,2026-10-07T04:12:40.236534+00:00
10,2,4,178,ecc_mac_ab,True,0,True,False,1,True,,73954537,1,13,,2,5,4,FTDI-00FT46259002B,FI101-r1p0 (109762 v0100),0x504d574c,owner-verbal-2026-09-23,0f215ef53ddd602ced432ecefe2733a5ac3f025fe03bd192a05bd311b2d00dc8,13c906de50f28f449b55287e6af916c14d4c52c5924ab5a0580d3147c2070462,81d37a219a6b4141d0b433796711ab8af2ee2c3c668a28143a3ffe6a574ade98,19,2026-10-07T04:12:40.236534+00:00
10,2,5,179,ecc_ao_cb,True,0,True,False,1,True,,73954537,1,13,,2,5,4,FTDI-00FT46259002B,FI101-r1p0 (109762 v0100),0x504d574c,owner-verbal-2026-09-23,0f215ef53ddd602ced432ecefe2733a5ac3f025fe03bd192a05bd311b2d00dc8,13c906de50f28f449b55287e6af916c14d4c52c5924ab5a0580d3147c2070462,81d37a219a6b4141d0b433796711ab8af2ee2c3c668a28143a3ffe6a574ade98,19,2026-10-07T04:12:40.236534+00:00
10,2,6,180,ecc_ao_ob,True,0,True,False,1,True,,73954537,1,13,,2,5,4,FTDI-00FT46259002B,FI101-r1p0 (109762 v0100),0x504d574c,owner-verbal-2026-09-23,0f215ef53ddd602ced432ecefe2733a5ac3f025fe03bd192a05bd311b2d00dc8,13c906de50f28f449b55287e6af916c14d4c52c5924ab5a0580d3147c2070462,81d37a219a6b4141d0b433796711ab8af2ee2c3c668a28143a3ffe6a574ade98,19,2026-10-07T04:12:40.236534+00:00
10,2,7,181,ecc_ao_lut,True,0,True,False,1,True,,73954537,1,13,,2,5,4,FTDI-00FT46259002B,FI101-r1p0 (109762 v0100),0x504d574c,owner-verbal-2026-09-23,0f215ef53ddd602ced432ecefe2733a5ac3f025fe03bd192a05bd311b2d00dc8,13c906de50f28f449b55287e6af916c14d4c52c5924ab5a0580d3147c2070462,81d37a219a6b4141d0b433796711ab8af2ee2c3c668a28143a3ffe6a574ade98,19,2026-10-07T04:12:40.236534+00:00
10,3,0,165,axi_latency_512,True,20,True,False,1,True,,73961089,1,13,,2,5,4,FTDI-00FT46259002B,FI101-r1p0 (109762 v0100),0x504d574c,owner-verbal-2026-09-23,0f215ef53ddd602ced432ecefe2733a5ac3f025fe03bd192a05bd311b2d00dc8,13c906de50f28f449b55287e6af916c14d4c52c5924ab5a0580d3147c2070462,81d37a219a6b4141d0b433796711ab8af2ee2c3c668a28143a3ffe6a574ade98,19,2026-10-07T04:12:40.236534+00:00
10,3,1,166,axi_latency_1024,True,20,True,False,1,True,,73961089,1,13,,2,5,4,FTDI-00FT46259002B,FI101-r1p0 (109762 v0100),0x504d574c,owner-verbal-2026-09-23,0f215ef53ddd602ced432ecefe2733a5ac3f025fe03bd192a05bd311b2d00dc8,13c906de50f28f449b55287e6af916c14d4c52c5924ab5a0580d3147c2070462,81d37a219a6b4141d0b433796711ab8af2ee2c3c668a28143a3ffe6a574ade98,19,2026-10-07T04:12:40.236534+00:00
10,3,2,176,ecc_dma,True,0,True,False,1,True,,73961089,1,13,,2,5,4,FTDI-00FT46259002B,FI101-r1p0 (109762 v0100),0x504d574c,owner-verbal-2026-09-23,0f215ef53ddd602ced432ecefe2733a5ac3f025fe03bd192a05bd311b2d00dc8,13c906de50f28f449b55287e6af916c14d4c52c5924ab5a0580d3147c2070462,81d37a219a6b4141d0b433796711ab8af2ee2c3c668a28143a3ffe6a574ade98,19,2026-10-07T04:12:40.236534+00:00
10,3,3,177,ecc_mac_ib,True,0,True,False,1,True,,73961089,1,13,,2,5,4,FTDI-00FT46259002B,FI101-r1p0 (109762 v0100),0x504d574c,owner-verbal-2026-09-23,0f215ef53ddd602ced432ecefe2733a5ac3f025fe03bd192a05bd311b2d00dc8,13c906de50f28f449b55287e6af916c14d4c52c5924ab5a0580d3147c2070462,81d37a219a6b4141d0b433796711ab8af2ee2c3c668a28143a3ffe6a574ade98,19,2026-10-07T04:12:40.236534+00:00
10,3,4,178,ecc_mac_ab,True,0,True,False,1,True,,73961089,1,13,,2,5,4,FTDI-00FT46259002B,FI101-r1p0 (109762 v0100),0x504d574c,owner-verbal-2026-09-23,0f215ef53ddd602ced432ecefe2733a5ac3f025fe03bd192a05bd311b2d00dc8,13c906de50f28f449b55287e6af916c14d4c52c5924ab5a0580d3147c2070462,81d37a219a6b4141d0b433796711ab8af2ee2c3c668a28143a3ffe6a574ade98,19,2026-10-07T04:12:40.236534+00:00
10,3,5,179,ecc_ao_cb,True,0,True,False,1,True,,73961089,1,13,,2,5,4,FTDI-00FT46259002B,FI101-r1p0 (109762 v0100),0x504d574c,owner-verbal-2026-09-23,0f215ef53ddd602ced432ecefe2733a5ac3f025fe03bd192a05bd311b2d00dc8,13c906de50f28f449b55287e6af916c14d4c52c5924ab5a0580d3147c2070462,81d37a219a6b4141d0b433796711ab8af2ee2c3c668a28143a3ffe6a574ade98,19,2026-10-07T04:12:40.236534+00:00
10,3,6,180,ecc_ao_ob,True,0,True,False,1,True,,73961089,1,13,,2,5,4,FTDI-00FT46259002B,FI101-r1p0 (109762 v0100),0x504d574c,owner-verbal-2026-09-23,0f215ef53ddd602ced432ecefe2733a5ac3f025fe03bd192a05bd311b2d00dc8,13c906de50f28f449b55287e6af916c14d4c52c5924ab5a0580d3147c2070462,81d37a219a6b4141d0b433796711ab8af2ee2c3c668a28143a3ffe6a574ade98,19,2026-10-07T04:12:40.236534+00:00
10,3,7,181,ecc_ao_lut,True,0,True,False,1,True,,73961089,1,13,,2,5,4,FTDI-00FT46259002B,FI101-r1p0 (109762 v0100),0x504d574c,owner-verbal-2026-09-23,0f215ef53ddd602ced432ecefe2733a5ac3f025fe03bd192a05bd311b2d00dc8,13c906de50f28f449b55287e6af916c14d4c52c5924ab5a0580d3147c2070462,81d37a219a6b4141d0b433796711ab8af2ee2c3c668a28143a3ffe6a574ade98,19,2026-10-07T04:12:40.236534+00:00
11,1,0,384,ext_rd_trans_accepted,True,15722,True,False,1,True,,73961002,1,13,,2,5,4,FTDI-00FT46259002B,FI101-r1p0 (109762 v0100),0x504d574c,owner-verbal-2026-09-23,0f215ef53ddd602ced432ecefe2733a5ac3f025fe03bd192a05bd311b2d00dc8,13c906de50f28f449b55287e6af916c14d4c52c5924ab5a0580d3147c2070462,81d37a219a6b4141d0b433796711ab8af2ee2c3c668a28143a3ffe6a574ade98,19,2026-10-07T04:12:40.236534+00:00
11,1,1,385,ext_rd_trans_completed,True,15722,True,False,1,True,,73961002,1,13,,2,5,4,FTDI-00FT46259002B,FI101-r1p0 (109762 v0100),0x504d574c,owner-verbal-2026-09-23,0f215ef53ddd602ced432ecefe2733a5ac3f025fe03bd192a05bd311b2d00dc8,13c906de50f28f449b55287e6af916c14d4c52c5924ab5a0580d3147c2070462,81d37a219a6b4141d0b433796711ab8af2ee2c3c668a28143a3ffe6a574ade98,19,2026-10-07T04:12:40.236534+00:00
11,1,2,386,ext_rd_data_beat_received,True,223466,True,False,1,True,,73961002,1,13,,2,5,4,FTDI-00FT46259002B,FI101-r1p0 (109762 v0100),0x504d574c,owner-verbal-2026-09-23,0f215ef53ddd602ced432ecefe2733a5ac3f025fe03bd192a05bd311b2d00dc8,13c906de50f28f449b55287e6af916c14d4c52c5924ab5a0580d3147c2070462,81d37a219a6b4141d0b433796711ab8af2ee2c3c668a28143a3ffe6a574ade98,19,2026-10-07T04:12:40.236534+00:00
11,1,3,387,ext_rd_tran_req_stalled,True,2589258,True,False,1,True,,73961002,1,13,,2,5,4,FTDI-00FT46259002B,FI101-r1p0 (109762 v0100),0x504d574c,owner-verbal-2026-09-23,0f215ef53ddd602ced432ecefe2733a5ac3f025fe03bd192a05bd311b2d00dc8,13c906de50f28f449b55287e6af916c14d4c52c5924ab5a0580d3147c2070462,81d37a219a6b4141d0b433796711ab8af2ee2c3c668a28143a3ffe6a574ade98,19,2026-10-07T04:12:40.236534+00:00
11,1,4,388,ext_wr_trans_accepted,True,0,True,False,1,True,,73961002,1,13,,2,5,4,FTDI-00FT46259002B,FI101-r1p0 (109762 v0100),0x504d574c,owner-verbal-2026-09-23,0f215ef53ddd602ced432ecefe2733a5ac3f025fe03bd192a05bd311b2d00dc8,13c906de50f28f449b55287e6af916c14d4c52c5924ab5a0580d3147c2070462,81d37a219a6b4141d0b433796711ab8af2ee2c3c668a28143a3ffe6a574ade98,19,2026-10-07T04:12:40.236534+00:00
11,1,5,389,ext_wr_trans_completed_m,False,0,True,False,1,True,,73961002,1,13,,2,5,4,FTDI-00FT46259002B,FI101-r1p0 (109762 v0100),0x504d574c,owner-verbal-2026-09-23,0f215ef53ddd602ced432ecefe2733a5ac3f025fe03bd192a05bd311b2d00dc8,13c906de50f28f449b55287e6af916c14d4c52c5924ab5a0580d3147c2070462,81d37a219a6b4141d0b433796711ab8af2ee2c3c668a28143a3ffe6a574ade98,19,2026-10-07T04:12:40.236534+00:00
11,1,6,390,ext_wr_trans_completed_s,False,0,True,False,1,True,,73961002,1,13,,2,5,4,FTDI-00FT46259002B,FI101-r1p0 (109762 v0100),0x504d574c,owner-verbal-2026-09-23,0f215ef53ddd602ced432ecefe2733a5ac3f025fe03bd192a05bd311b2d00dc8,13c906de50f28f449b55287e6af916c14d4c52c5924ab5a0580d3147c2070462,81d37a219a6b4141d0b433796711ab8af2ee2c3c668a28143a3ffe6a574ade98,19,2026-10-07T04:12:40.236534+00:00
11,1,7,391,ext_wr_data_beat_written,True,0,True,False,1,True,,73961002,1,13,,2,5,4,FTDI-00FT46259002B,FI101-r1p0 (109762 v0100),0x504d574c,owner-verbal-2026-09-23,0f215ef53ddd602ced432ecefe2733a5ac3f025fe03bd192a05bd311b2d00dc8,13c906de50f28f449b55287e6af916c14d4c52c5924ab5a0580d3147c2070462,81d37a219a6b4141d0b433796711ab8af2ee2c3c668a28143a3ffe6a574ade98,19,2026-10-07T04:12:40.236534+00:00
11,2,0,384,ext_rd_trans_accepted,True,15722,True,False,1,True,,73955616,1,13,,2,5,4,FTDI-00FT46259002B,FI101-r1p0 (109762 v0100),0x504d574c,owner-verbal-2026-09-23,0f215ef53ddd602ced432ecefe2733a5ac3f025fe03bd192a05bd311b2d00dc8,13c906de50f28f449b55287e6af916c14d4c52c5924ab5a0580d3147c2070462,81d37a219a6b4141d0b433796711ab8af2ee2c3c668a28143a3ffe6a574ade98,19,2026-10-07T04:12:40.236534+00:00
11,2,1,385,ext_rd_trans_completed,True,15722,True,False,1,True,,73955616,1,13,,2,5,4,FTDI-00FT46259002B,FI101-r1p0 (109762 v0100),0x504d574c,owner-verbal-2026-09-23,0f215ef53ddd602ced432ecefe2733a5ac3f025fe03bd192a05bd311b2d00dc8,13c906de50f28f449b55287e6af916c14d4c52c5924ab5a0580d3147c2070462,81d37a219a6b4141d0b433796711ab8af2ee2c3c668a28143a3ffe6a574ade98,19,2026-10-07T04:12:40.236534+00:00
11,2,2,386,ext_rd_data_beat_received,True,223466,True,False,1,True,,73955616,1,13,,2,5,4,FTDI-00FT46259002B,FI101-r1p0 (109762 v0100),0x504d574c,owner-verbal-2026-09-23,0f215ef53ddd602ced432ecefe2733a5ac3f025fe03bd192a05bd311b2d00dc8,13c906de50f28f449b55287e6af916c14d4c52c5924ab5a0580d3147c2070462,81d37a219a6b4141d0b433796711ab8af2ee2c3c668a28143a3ffe6a574ade98,19,2026-10-07T04:12:40.236534+00:00
11,2,3,387,ext_rd_tran_req_stalled,True,2574231,True,False,1,True,,73955616,1,13,,2,5,4,FTDI-00FT46259002B,FI101-r1p0 (109762 v0100),0x504d574c,owner-verbal-2026-09-23,0f215ef53ddd602ced432ecefe2733a5ac3f025fe03bd192a05bd311b2d00dc8,13c906de50f28f449b55287e6af916c14d4c52c5924ab5a0580d3147c2070462,81d37a219a6b4141d0b433796711ab8af2ee2c3c668a28143a3ffe6a574ade98,19,2026-10-07T04:12:40.236534+00:00
11,2,4,388,ext_wr_trans_accepted,True,0,True,False,1,True,,73955616,1,13,,2,5,4,FTDI-00FT46259002B,FI101-r1p0 (109762 v0100),0x504d574c,owner-verbal-2026-09-23,0f215ef53ddd602ced432ecefe2733a5ac3f025fe03bd192a05bd311b2d00dc8,13c906de50f28f449b55287e6af916c14d4c52c5924ab5a0580d3147c2070462,81d37a219a6b4141d0b433796711ab8af2ee2c3c668a28143a3ffe6a574ade98,19,2026-10-07T04:12:40.236534+00:00
11,2,5,389,ext_wr_trans_completed_m,False,0,True,False,1,True,,73955616,1,13,,2,5,4,FTDI-00FT46259002B,FI101-r1p0 (109762 v0100),0x504d574c,owner-verbal-2026-09-23,0f215ef53ddd602ced432ecefe2733a5ac3f025fe03bd192a05bd311b2d00dc8,13c906de50f28f449b55287e6af916c14d4c52c5924ab5a0580d3147c2070462,81d37a219a6b4141d0b433796711ab8af2ee2c3c668a28143a3ffe6a574ade98,19,2026-10-07T04:12:40.236534+00:00
11,2,6,390,ext_wr_trans_completed_s,False,0,True,False,1,True,,73955616,1,13,,2,5,4,FTDI-00FT46259002B,FI101-r1p0 (109762 v0100),0x504d574c,owner-verbal-2026-09-23,0f215ef53ddd602ced432ecefe2733a5ac3f025fe03bd192a05bd311b2d00dc8,13c906de50f28f449b55287e6af916c14d4c52c5924ab5a0580d3147c2070462,81d37a219a6b4141d0b433796711ab8af2ee2c3c668a28143a3ffe6a574ade98,19,2026-10-07T04:12:40.236534+00:00
11,2,7,391,ext_wr_data_beat_written,True,0,True,False,1,True,,73955616,1,13,,2,5,4,FTDI-00FT46259002B,FI101-r1p0 (109762 v0100),0x504d574c,owner-verbal-2026-09-23,0f215ef53ddd602ced432ecefe2733a5ac3f025fe03bd192a05bd311b2d00dc8,13c906de50f28f449b55287e6af916c14d4c52c5924ab5a0580d3147c2070462,81d37a219a6b4141d0b433796711ab8af2ee2c3c668a28143a3ffe6a574ade98,19,2026-10-07T04:12:40.236534+00:00
11,3,0,384,ext_rd_trans_accepted,True,15722,True,False,1,True,,73953799,1,13,,2,5,4,FTDI-00FT46259002B,FI101-r1p0 (109762 v0100),0x504d574c,owner-verbal-2026-09-23,0f215ef53ddd602ced432ecefe2733a5ac3f025fe03bd192a05bd311b2d00dc8,13c906de50f28f449b55287e6af916c14d4c52c5924ab5a0580d3147c2070462,81d37a219a6b4141d0b433796711ab8af2ee2c3c668a28143a3ffe6a574ade98,19,2026-10-07T04:12:40.236534+00:00
11,3,1,385,ext_rd_trans_completed,True,15722,True,False,1,True,,73953799,1,13,,2,5,4,FTDI-00FT46259002B,FI101-r1p0 (109762 v0100),0x504d574c,owner-verbal-2026-09-23,0f215ef53ddd602ced432ecefe2733a5ac3f025fe03bd192a05bd311b2d00dc8,13c906de50f28f449b55287e6af916c14d4c52c5924ab5a0580d3147c2070462,81d37a219a6b4141d0b433796711ab8af2ee2c3c668a28143a3ffe6a574ade98,19,2026-10-07T04:12:40.236534+00:00
11,3,2,386,ext_rd_data_beat_received,True,223466,True,False,1,True,,73953799,1,13,,2,5,4,FTDI-00FT46259002B,FI101-r1p0 (109762 v0100),0x504d574c,owner-verbal-2026-09-23,0f215ef53ddd602ced432ecefe2733a5ac3f025fe03bd192a05bd311b2d00dc8,13c906de50f28f449b55287e6af916c14d4c52c5924ab5a0580d3147c2070462,81d37a219a6b4141d0b433796711ab8af2ee2c3c668a28143a3ffe6a574ade98,19,2026-10-07T04:12:40.236534+00:00
11,3,3,387,ext_rd_tran_req_stalled,True,2588671,True,False,1,True,,73953799,1,13,,2,5,4,FTDI-00FT46259002B,FI101-r1p0 (109762 v0100),0x504d574c,owner-verbal-2026-09-23,0f215ef53ddd602ced432ecefe2733a5ac3f025fe03bd192a05bd311b2d00dc8,13c906de50f28f449b55287e6af916c14d4c52c5924ab5a0580d3147c2070462,81d37a219a6b4141d0b433796711ab8af2ee2c3c668a28143a3ffe6a574ade98,19,2026-10-07T04:12:40.236534+00:00
11,3,4,388,ext_wr_trans_accepted,True,0,True,False,1,True,,73953799,1,13,,2,5,4,FTDI-00FT46259002B,FI101-r1p0 (109762 v0100),0x504d574c,owner-verbal-2026-09-23,0f215ef53ddd602ced432ecefe2733a5ac3f025fe03bd192a05bd311b2d00dc8,13c906de50f28f449b55287e6af916c14d4c52c5924ab5a0580d3147c2070462,81d37a219a6b4141d0b433796711ab8af2ee2c3c668a28143a3ffe6a574ade98,19,2026-10-07T04:12:40.236534+00:00
11,3,5,389,ext_wr_trans_completed_m,False,0,True,False,1,True,,73953799,1,13,,2,5,4,FTDI-00FT46259002B,FI101-r1p0 (109762 v0100),0x504d574c,owner-verbal-2026-09-23,0f215ef53ddd602ced432ecefe2733a5ac3f025fe03bd192a05bd311b2d00dc8,13c906de50f28f449b55287e6af916c14d4c52c5924ab5a0580d3147c2070462,81d37a219a6b4141d0b433796711ab8af2ee2c3c668a28143a3ffe6a574ade98,19,2026-10-07T04:12:40.236534+00:00
11,3,6,390,ext_wr_trans_completed_s,False,0,True,False,1,True,,73953799,1,13,,2,5,4,FTDI-00FT46259002B,FI101-r1p0 (109762 v0100),0x504d574c,owner-verbal-2026-09-23,0f215ef53ddd602ced432ecefe2733a5ac3f025fe03bd192a05bd311b2d00dc8,13c906de50f28f449b55287e6af916c14d4c52c5924ab5a0580d3147c2070462,81d37a219a6b4141d0b433796711ab8af2ee2c3c668a28143a3ffe6a574ade98,19,2026-10-07T04:12:40.236534+00:00
11,3,7,391,ext_wr_data_beat_written,True,0,True,False,1,True,,73953799,1,13,,2,5,4,FTDI-00FT46259002B,FI101-r1p0 (109762 v0100),0x504d574c,owner-verbal-2026-09-23,0f215ef53ddd602ced432ecefe2733a5ac3f025fe03bd192a05bd311b2d00dc8,13c906de50f28f449b55287e6af916c14d4c52c5924ab5a0580d3147c2070462,81d37a219a6b4141d0b433796711ab8af2ee2c3c668a28143a3ffe6a574ade98,19,2026-10-07T04:12:40.236534+00:00
12,1,0,392,ext_wr_tran_req_stalled,True,0,True,False,1,True,,73969578,1,13,,2,5,4,FTDI-00FT46259002B,FI101-r1p0 (109762 v0100),0x504d574c,owner-verbal-2026-09-23,0f215ef53ddd602ced432ecefe2733a5ac3f025fe03bd192a05bd311b2d00dc8,13c906de50f28f449b55287e6af916c14d4c52c5924ab5a0580d3147c2070462,81d37a219a6b4141d0b433796711ab8af2ee2c3c668a28143a3ffe6a574ade98,19,2026-10-07T04:12:40.236534+00:00
12,1,1,393,ext_wr_data_beat_stalled,True,0,True,False,1,True,,73969578,1,13,,2,5,4,FTDI-00FT46259002B,FI101-r1p0 (109762 v0100),0x504d574c,owner-verbal-2026-09-23,0f215ef53ddd602ced432ecefe2733a5ac3f025fe03bd192a05bd311b2d00dc8,13c906de50f28f449b55287e6af916c14d4c52c5924ab5a0580d3147c2070462,81d37a219a6b4141d0b433796711ab8af2ee2c3c668a28143a3ffe6a574ade98,19,2026-10-07T04:12:40.236534+00:00
12,1,2,396,ext_enabled_cycles,True,147939692,True,False,1,True,,73969578,1,13,,2,5,4,FTDI-00FT46259002B,FI101-r1p0 (109762 v0100),0x504d574c,owner-verbal-2026-09-23,0f215ef53ddd602ced432ecefe2733a5ac3f025fe03bd192a05bd311b2d00dc8,13c906de50f28f449b55287e6af916c14d4c52c5924ab5a0580d3147c2070462,81d37a219a6b4141d0b433796711ab8af2ee2c3c668a28143a3ffe6a574ade98,19,2026-10-07T04:12:40.236534+00:00
12,1,3,398,ext_rd_stall_limit,True,0,True,False,1,True,,73969578,1,13,,2,5,4,FTDI-00FT46259002B,FI101-r1p0 (109762 v0100),0x504d574c,owner-verbal-2026-09-23,0f215ef53ddd602ced432ecefe2733a5ac3f025fe03bd192a05bd311b2d00dc8,13c906de50f28f449b55287e6af916c14d4c52c5924ab5a0580d3147c2070462,81d37a219a6b4141d0b433796711ab8af2ee2c3c668a28143a3ffe6a574ade98,19,2026-10-07T04:12:40.236534+00:00
12,1,4,399,ext_wr_stall_limit,True,0,True,False,1,True,,73969578,1,13,,2,5,4,FTDI-00FT46259002B,FI101-r1p0 (109762 v0100),0x504d574c,owner-verbal-2026-09-23,0f215ef53ddd602ced432ecefe2733a5ac3f025fe03bd192a05bd311b2d00dc8,13c906de50f28f449b55287e6af916c14d4c52c5924ab5a0580d3147c2070462,81d37a219a6b4141d0b433796711ab8af2ee2c3c668a28143a3ffe6a574ade98,19,2026-10-07T04:12:40.236534+00:00
12,1,5,512,sram0_rd_trans_accepted,True,34438,True,False,1,True,,73969578,1,13,,2,5,4,FTDI-00FT46259002B,FI101-r1p0 (109762 v0100),0x504d574c,owner-verbal-2026-09-23,0f215ef53ddd602ced432ecefe2733a5ac3f025fe03bd192a05bd311b2d00dc8,13c906de50f28f449b55287e6af916c14d4c52c5924ab5a0580d3147c2070462,81d37a219a6b4141d0b433796711ab8af2ee2c3c668a28143a3ffe6a574ade98,19,2026-10-07T04:12:40.236534+00:00
12,1,6,513,sram0_rd_trans_completed,True,34438,True,False,1,True,,73969578,1,13,,2,5,4,FTDI-00FT46259002B,FI101-r1p0 (109762 v0100),0x504d574c,owner-verbal-2026-09-23,0f215ef53ddd602ced432ecefe2733a5ac3f025fe03bd192a05bd311b2d00dc8,13c906de50f28f449b55287e6af916c14d4c52c5924ab5a0580d3147c2070462,81d37a219a6b4141d0b433796711ab8af2ee2c3c668a28143a3ffe6a574ade98,19,2026-10-07T04:12:40.236534+00:00
12,1,7,514,sram0_rd_data_beat_received,True,359488,True,False,1,True,,73969578,1,13,,2,5,4,FTDI-00FT46259002B,FI101-r1p0 (109762 v0100),0x504d574c,owner-verbal-2026-09-23,0f215ef53ddd602ced432ecefe2733a5ac3f025fe03bd192a05bd311b2d00dc8,13c906de50f28f449b55287e6af916c14d4c52c5924ab5a0580d3147c2070462,81d37a219a6b4141d0b433796711ab8af2ee2c3c668a28143a3ffe6a574ade98,19,2026-10-07T04:12:40.236534+00:00
12,2,0,392,ext_wr_tran_req_stalled,True,0,True,False,1,True,,73954175,1,13,,2,5,4,FTDI-00FT46259002B,FI101-r1p0 (109762 v0100),0x504d574c,owner-verbal-2026-09-23,0f215ef53ddd602ced432ecefe2733a5ac3f025fe03bd192a05bd311b2d00dc8,13c906de50f28f449b55287e6af916c14d4c52c5924ab5a0580d3147c2070462,81d37a219a6b4141d0b433796711ab8af2ee2c3c668a28143a3ffe6a574ade98,19,2026-10-07T04:12:40.236534+00:00
12,2,1,393,ext_wr_data_beat_stalled,True,0,True,False,1,True,,73954175,1,13,,2,5,4,FTDI-00FT46259002B,FI101-r1p0 (109762 v0100),0x504d574c,owner-verbal-2026-09-23,0f215ef53ddd602ced432ecefe2733a5ac3f025fe03bd192a05bd311b2d00dc8,13c906de50f28f449b55287e6af916c14d4c52c5924ab5a0580d3147c2070462,81d37a219a6b4141d0b433796711ab8af2ee2c3c668a28143a3ffe6a574ade98,19,2026-10-07T04:12:40.236534+00:00
12,2,2,396,ext_enabled_cycles,True,147908886,True,False,1,True,,73954175,1,13,,2,5,4,FTDI-00FT46259002B,FI101-r1p0 (109762 v0100),0x504d574c,owner-verbal-2026-09-23,0f215ef53ddd602ced432ecefe2733a5ac3f025fe03bd192a05bd311b2d00dc8,13c906de50f28f449b55287e6af916c14d4c52c5924ab5a0580d3147c2070462,81d37a219a6b4141d0b433796711ab8af2ee2c3c668a28143a3ffe6a574ade98,19,2026-10-07T04:12:40.236534+00:00
12,2,3,398,ext_rd_stall_limit,True,0,True,False,1,True,,73954175,1,13,,2,5,4,FTDI-00FT46259002B,FI101-r1p0 (109762 v0100),0x504d574c,owner-verbal-2026-09-23,0f215ef53ddd602ced432ecefe2733a5ac3f025fe03bd192a05bd311b2d00dc8,13c906de50f28f449b55287e6af916c14d4c52c5924ab5a0580d3147c2070462,81d37a219a6b4141d0b433796711ab8af2ee2c3c668a28143a3ffe6a574ade98,19,2026-10-07T04:12:40.236534+00:00
12,2,4,399,ext_wr_stall_limit,True,0,True,False,1,True,,73954175,1,13,,2,5,4,FTDI-00FT46259002B,FI101-r1p0 (109762 v0100),0x504d574c,owner-verbal-2026-09-23,0f215ef53ddd602ced432ecefe2733a5ac3f025fe03bd192a05bd311b2d00dc8,13c906de50f28f449b55287e6af916c14d4c52c5924ab5a0580d3147c2070462,81d37a219a6b4141d0b433796711ab8af2ee2c3c668a28143a3ffe6a574ade98,19,2026-10-07T04:12:40.236534+00:00
12,2,5,512,sram0_rd_trans_accepted,True,34438,True,False,1,True,,73954175,1,13,,2,5,4,FTDI-00FT46259002B,FI101-r1p0 (109762 v0100),0x504d574c,owner-verbal-2026-09-23,0f215ef53ddd602ced432ecefe2733a5ac3f025fe03bd192a05bd311b2d00dc8,13c906de50f28f449b55287e6af916c14d4c52c5924ab5a0580d3147c2070462,81d37a219a6b4141d0b433796711ab8af2ee2c3c668a28143a3ffe6a574ade98,19,2026-10-07T04:12:40.236534+00:00
12,2,6,513,sram0_rd_trans_completed,True,34438,True,False,1,True,,73954175,1,13,,2,5,4,FTDI-00FT46259002B,FI101-r1p0 (109762 v0100),0x504d574c,owner-verbal-2026-09-23,0f215ef53ddd602ced432ecefe2733a5ac3f025fe03bd192a05bd311b2d00dc8,13c906de50f28f449b55287e6af916c14d4c52c5924ab5a0580d3147c2070462,81d37a219a6b4141d0b433796711ab8af2ee2c3c668a28143a3ffe6a574ade98,19,2026-10-07T04:12:40.236534+00:00
12,2,7,514,sram0_rd_data_beat_received,True,359488,True,False,1,True,,73954175,1,13,,2,5,4,FTDI-00FT46259002B,FI101-r1p0 (109762 v0100),0x504d574c,owner-verbal-2026-09-23,0f215ef53ddd602ced432ecefe2733a5ac3f025fe03bd192a05bd311b2d00dc8,13c906de50f28f449b55287e6af916c14d4c52c5924ab5a0580d3147c2070462,81d37a219a6b4141d0b433796711ab8af2ee2c3c668a28143a3ffe6a574ade98,19,2026-10-07T04:12:40.236534+00:00
12,3,0,392,ext_wr_tran_req_stalled,True,0,True,False,1,True,,73954486,1,13,,2,5,4,FTDI-00FT46259002B,FI101-r1p0 (109762 v0100),0x504d574c,owner-verbal-2026-09-23,0f215ef53ddd602ced432ecefe2733a5ac3f025fe03bd192a05bd311b2d00dc8,13c906de50f28f449b55287e6af916c14d4c52c5924ab5a0580d3147c2070462,81d37a219a6b4141d0b433796711ab8af2ee2c3c668a28143a3ffe6a574ade98,19,2026-10-07T04:12:40.236534+00:00
12,3,1,393,ext_wr_data_beat_stalled,True,0,True,False,1,True,,73954486,1,13,,2,5,4,FTDI-00FT46259002B,FI101-r1p0 (109762 v0100),0x504d574c,owner-verbal-2026-09-23,0f215ef53ddd602ced432ecefe2733a5ac3f025fe03bd192a05bd311b2d00dc8,13c906de50f28f449b55287e6af916c14d4c52c5924ab5a0580d3147c2070462,81d37a219a6b4141d0b433796711ab8af2ee2c3c668a28143a3ffe6a574ade98,19,2026-10-07T04:12:40.236534+00:00
12,3,2,396,ext_enabled_cycles,True,147909508,True,False,1,True,,73954486,1,13,,2,5,4,FTDI-00FT46259002B,FI101-r1p0 (109762 v0100),0x504d574c,owner-verbal-2026-09-23,0f215ef53ddd602ced432ecefe2733a5ac3f025fe03bd192a05bd311b2d00dc8,13c906de50f28f449b55287e6af916c14d4c52c5924ab5a0580d3147c2070462,81d37a219a6b4141d0b433796711ab8af2ee2c3c668a28143a3ffe6a574ade98,19,2026-10-07T04:12:40.236534+00:00
12,3,3,398,ext_rd_stall_limit,True,0,True,False,1,True,,73954486,1,13,,2,5,4,FTDI-00FT46259002B,FI101-r1p0 (109762 v0100),0x504d574c,owner-verbal-2026-09-23,0f215ef53ddd602ced432ecefe2733a5ac3f025fe03bd192a05bd311b2d00dc8,13c906de50f28f449b55287e6af916c14d4c52c5924ab5a0580d3147c2070462,81d37a219a6b4141d0b433796711ab8af2ee2c3c668a28143a3ffe6a574ade98,19,2026-10-07T04:12:40.236534+00:00
12,3,4,399,ext_wr_stall_limit,True,0,True,False,1,True,,73954486,1,13,,2,5,4,FTDI-00FT46259002B,FI101-r1p0 (109762 v0100),0x504d574c,owner-verbal-2026-09-23,0f215ef53ddd602ced432ecefe2733a5ac3f025fe03bd192a05bd311b2d00dc8,13c906de50f28f449b55287e6af916c14d4c52c5924ab5a0580d3147c2070462,81d37a219a6b4141d0b433796711ab8af2ee2c3c668a28143a3ffe6a574ade98,19,2026-10-07T04:12:40.236534+00:00
12,3,5,512,sram0_rd_trans_accepted,True,34438,True,False,1,True,,73954486,1,13,,2,5,4,FTDI-00FT46259002B,FI101-r1p0 (109762 v0100),0x504d574c,owner-verbal-2026-09-23,0f215ef53ddd602ced432ecefe2733a5ac3f025fe03bd192a05bd311b2d00dc8,13c906de50f28f449b55287e6af916c14d4c52c5924ab5a0580d3147c2070462,81d37a219a6b4141d0b433796711ab8af2ee2c3c668a28143a3ffe6a574ade98,19,2026-10-07T04:12:40.236534+00:00
12,3,6,513,sram0_rd_trans_completed,True,34438,True,False,1,True,,73954486,1,13,,2,5,4,FTDI-00FT46259002B,FI101-r1p0 (109762 v0100),0x504d574c,owner-verbal-2026-09-23,0f215ef53ddd602ced432ecefe2733a5ac3f025fe03bd192a05bd311b2d00dc8,13c906de50f28f449b55287e6af916c14d4c52c5924ab5a0580d3147c2070462,81d37a219a6b4141d0b433796711ab8af2ee2c3c668a28143a3ffe6a574ade98,19,2026-10-07T04:12:40.236534+00:00
12,3,7,514,sram0_rd_data_beat_received,True,359488,True,False,1,True,,73954486,1,13,,2,5,4,FTDI-00FT46259002B,FI101-r1p0 (109762 v0100),0x504d574c,owner-verbal-2026-09-23,0f215ef53ddd602ced432ecefe2733a5ac3f025fe03bd192a05bd311b2d00dc8,13c906de50f28f449b55287e6af916c14d4c52c5924ab5a0580d3147c2070462,81d37a219a6b4141d0b433796711ab8af2ee2c3c668a28143a3ffe6a574ade98,19,2026-10-07T04:12:40.236534+00:00
13,1,0,515,sram0_rd_tran_req_stalled,True,5736321,True,False,1,True,,73957726,1,13,,2,5,4,FTDI-00FT46259002B,FI101-r1p0 (109762 v0100),0x504d574c,owner-verbal-2026-09-23,0f215ef53ddd602ced432ecefe2733a5ac3f025fe03bd192a05bd311b2d00dc8,13c906de50f28f449b55287e6af916c14d4c52c5924ab5a0580d3147c2070462,81d37a219a6b4141d0b433796711ab8af2ee2c3c668a28143a3ffe6a574ade98,19,2026-10-07T04:12:40.236534+00:00
13,1,1,516,sram0_wr_trans_accepted,True,20971,True,False,1,True,,73957726,1,13,,2,5,4,FTDI-00FT46259002B,FI101-r1p0 (109762 v0100),0x504d574c,owner-verbal-2026-09-23,0f215ef53ddd602ced432ecefe2733a5ac3f025fe03bd192a05bd311b2d00dc8,13c906de50f28f449b55287e6af916c14d4c52c5924ab5a0580d3147c2070462,81d37a219a6b4141d0b433796711ab8af2ee2c3c668a28143a3ffe6a574ade98,19,2026-10-07T04:12:40.236534+00:00
13,1,2,517,sram0_wr_trans_completed_m,False,20971,True,False,1,True,,73957726,1,13,,2,5,4,FTDI-00FT46259002B,FI101-r1p0 (109762 v0100),0x504d574c,owner-verbal-2026-09-23,0f215ef53ddd602ced432ecefe2733a5ac3f025fe03bd192a05bd311b2d00dc8,13c906de50f28f449b55287e6af916c14d4c52c5924ab5a0580d3147c2070462,81d37a219a6b4141d0b433796711ab8af2ee2c3c668a28143a3ffe6a574ade98,19,2026-10-07T04:12:40.236534+00:00
13,1,3,518,sram0_wr_trans_completed_s,False,20971,True,False,1,True,,73957726,1,13,,2,5,4,FTDI-00FT46259002B,FI101-r1p0 (109762 v0100),0x504d574c,owner-verbal-2026-09-23,0f215ef53ddd602ced432ecefe2733a5ac3f025fe03bd192a05bd311b2d00dc8,13c906de50f28f449b55287e6af916c14d4c52c5924ab5a0580d3147c2070462,81d37a219a6b4141d0b433796711ab8af2ee2c3c668a28143a3ffe6a574ade98,19,2026-10-07T04:12:40.236534+00:00
13,1,4,519,sram0_wr_data_beat_written,True,230315,True,False,1,True,,73957726,1,13,,2,5,4,FTDI-00FT46259002B,FI101-r1p0 (109762 v0100),0x504d574c,owner-verbal-2026-09-23,0f215ef53ddd602ced432ecefe2733a5ac3f025fe03bd192a05bd311b2d00dc8,13c906de50f28f449b55287e6af916c14d4c52c5924ab5a0580d3147c2070462,81d37a219a6b4141d0b433796711ab8af2ee2c3c668a28143a3ffe6a574ade98,19,2026-10-07T04:12:40.236534+00:00
13,1,5,520,sram0_wr_tran_req_stalled,True,3873431,True,False,1,True,,73957726,1,13,,2,5,4,FTDI-00FT46259002B,FI101-r1p0 (109762 v0100),0x504d574c,owner-verbal-2026-09-23,0f215ef53ddd602ced432ecefe2733a5ac3f025fe03bd192a05bd311b2d00dc8,13c906de50f28f449b55287e6af916c14d4c52c5924ab5a0580d3147c2070462,81d37a219a6b4141d0b433796711ab8af2ee2c3c668a28143a3ffe6a574ade98,19,2026-10-07T04:12:40.236534+00:00
13,1,6,521,sram0_wr_data_beat_stalled,True,3853183,True,False,1,True,,73957726,1,13,,2,5,4,FTDI-00FT46259002B,FI101-r1p0 (109762 v0100),0x504d574c,owner-verbal-2026-09-23,0f215ef53ddd602ced432ecefe2733a5ac3f025fe03bd192a05bd311b2d00dc8,13c906de50f28f449b55287e6af916c14d4c52c5924ab5a0580d3147c2070462,81d37a219a6b4141d0b433796711ab8af2ee2c3c668a28143a3ffe6a574ade98,19,2026-10-07T04:12:40.236534+00:00
13,1,7,524,sram0_enabled_cycles,True,73958104,True,False,1,True,,73957726,1,13,,2,5,4,FTDI-00FT46259002B,FI101-r1p0 (109762 v0100),0x504d574c,owner-verbal-2026-09-23,0f215ef53ddd602ced432ecefe2733a5ac3f025fe03bd192a05bd311b2d00dc8,13c906de50f28f449b55287e6af916c14d4c52c5924ab5a0580d3147c2070462,81d37a219a6b4141d0b433796711ab8af2ee2c3c668a28143a3ffe6a574ade98,19,2026-10-07T04:12:40.236534+00:00
13,2,0,515,sram0_rd_tran_req_stalled,True,5705607,True,False,1,True,,73961247,1,13,,2,5,4,FTDI-00FT46259002B,FI101-r1p0 (109762 v0100),0x504d574c,owner-verbal-2026-09-23,0f215ef53ddd602ced432ecefe2733a5ac3f025fe03bd192a05bd311b2d00dc8,13c906de50f28f449b55287e6af916c14d4c52c5924ab5a0580d3147c2070462,81d37a219a6b4141d0b433796711ab8af2ee2c3c668a28143a3ffe6a574ade98,19,2026-10-07T04:12:40.236534+00:00
13,2,1,516,sram0_wr_trans_accepted,True,20971,True,False,1,True,,73961247,1,13,,2,5,4,FTDI-00FT46259002B,FI101-r1p0 (109762 v0100),0x504d574c,owner-verbal-2026-09-23,0f215ef53ddd602ced432ecefe2733a5ac3f025fe03bd192a05bd311b2d00dc8,13c906de50f28f449b55287e6af916c14d4c52c5924ab5a0580d3147c2070462,81d37a219a6b4141d0b433796711ab8af2ee2c3c668a28143a3ffe6a574ade98,19,2026-10-07T04:12:40.236534+00:00
13,2,2,517,sram0_wr_trans_completed_m,False,20971,True,False,1,True,,73961247,1,13,,2,5,4,FTDI-00FT46259002B,FI101-r1p0 (109762 v0100),0x504d574c,owner-verbal-2026-09-23,0f215ef53ddd602ced432ecefe2733a5ac3f025fe03bd192a05bd311b2d00dc8,13c906de50f28f449b55287e6af916c14d4c52c5924ab5a0580d3147c2070462,81d37a219a6b4141d0b433796711ab8af2ee2c3c668a28143a3ffe6a574ade98,19,2026-10-07T04:12:40.236534+00:00
13,2,3,518,sram0_wr_trans_completed_s,False,20971,True,False,1,True,,73961247,1,13,,2,5,4,FTDI-00FT46259002B,FI101-r1p0 (109762 v0100),0x504d574c,owner-verbal-2026-09-23,0f215ef53ddd602ced432ecefe2733a5ac3f025fe03bd192a05bd311b2d00dc8,13c906de50f28f449b55287e6af916c14d4c52c5924ab5a0580d3147c2070462,81d37a219a6b4141d0b433796711ab8af2ee2c3c668a28143a3ffe6a574ade98,19,2026-10-07T04:12:40.236534+00:00
13,2,4,519,sram0_wr_data_beat_written,True,230315,True,False,1,True,,73961247,1,13,,2,5,4,FTDI-00FT46259002B,FI101-r1p0 (109762 v0100),0x504d574c,owner-verbal-2026-09-23,0f215ef53ddd602ced432ecefe2733a5ac3f025fe03bd192a05bd311b2d00dc8,13c906de50f28f449b55287e6af916c14d4c52c5924ab5a0580d3147c2070462,81d37a219a6b4141d0b433796711ab8af2ee2c3c668a28143a3ffe6a574ade98,19,2026-10-07T04:12:40.236534+00:00
13,2,5,520,sram0_wr_tran_req_stalled,True,3810830,True,False,1,True,,73961247,1,13,,2,5,4,FTDI-00FT46259002B,FI101-r1p0 (109762 v0100),0x504d574c,owner-verbal-2026-09-23,0f215ef53ddd602ced432ecefe2733a5ac3f025fe03bd192a05bd311b2d00dc8,13c906de50f28f449b55287e6af916c14d4c52c5924ab5a0580d3147c2070462,81d37a219a6b4141d0b433796711ab8af2ee2c3c668a28143a3ffe6a574ade98,19,2026-10-07T04:12:40.236534+00:00
13,2,6,521,sram0_wr_data_beat_stalled,True,3791149,True,False,1,True,,73961247,1,13,,2,5,4,FTDI-00FT46259002B,FI101-r1p0 (109762 v0100),0x504d574c,owner-verbal-2026-09-23,0f215ef53ddd602ced432ecefe2733a5ac3f025fe03bd192a05bd311b2d00dc8,13c906de50f28f449b55287e6af916c14d4c52c5924ab5a0580d3147c2070462,81d37a219a6b4141d0b433796711ab8af2ee2c3c668a28143a3ffe6a574ade98,19,2026-10-07T04:12:40.236534+00:00
13,2,7,524,sram0_enabled_cycles,True,73961625,True,False,1,True,,73961247,1,13,,2,5,4,FTDI-00FT46259002B,FI101-r1p0 (109762 v0100),0x504d574c,owner-verbal-2026-09-23,0f215ef53ddd602ced432ecefe2733a5ac3f025fe03bd192a05bd311b2d00dc8,13c906de50f28f449b55287e6af916c14d4c52c5924ab5a0580d3147c2070462,81d37a219a6b4141d0b433796711ab8af2ee2c3c668a28143a3ffe6a574ade98,19,2026-10-07T04:12:40.236534+00:00
13,3,0,515,sram0_rd_tran_req_stalled,True,5601171,True,False,1,True,,73961286,1,13,,2,5,4,FTDI-00FT46259002B,FI101-r1p0 (109762 v0100),0x504d574c,owner-verbal-2026-09-23,0f215ef53ddd602ced432ecefe2733a5ac3f025fe03bd192a05bd311b2d00dc8,13c906de50f28f449b55287e6af916c14d4c52c5924ab5a0580d3147c2070462,81d37a219a6b4141d0b433796711ab8af2ee2c3c668a28143a3ffe6a574ade98,19,2026-10-07T04:12:40.236534+00:00
13,3,1,516,sram0_wr_trans_accepted,True,20971,True,False,1,True,,73961286,1,13,,2,5,4,FTDI-00FT46259002B,FI101-r1p0 (109762 v0100),0x504d574c,owner-verbal-2026-09-23,0f215ef53ddd602ced432ecefe2733a5ac3f025fe03bd192a05bd311b2d00dc8,13c906de50f28f449b55287e6af916c14d4c52c5924ab5a0580d3147c2070462,81d37a219a6b4141d0b433796711ab8af2ee2c3c668a28143a3ffe6a574ade98,19,2026-10-07T04:12:40.236534+00:00
13,3,2,517,sram0_wr_trans_completed_m,False,20971,True,False,1,True,,73961286,1,13,,2,5,4,FTDI-00FT46259002B,FI101-r1p0 (109762 v0100),0x504d574c,owner-verbal-2026-09-23,0f215ef53ddd602ced432ecefe2733a5ac3f025fe03bd192a05bd311b2d00dc8,13c906de50f28f449b55287e6af916c14d4c52c5924ab5a0580d3147c2070462,81d37a219a6b4141d0b433796711ab8af2ee2c3c668a28143a3ffe6a574ade98,19,2026-10-07T04:12:40.236534+00:00
13,3,3,518,sram0_wr_trans_completed_s,False,20971,True,False,1,True,,73961286,1,13,,2,5,4,FTDI-00FT46259002B,FI101-r1p0 (109762 v0100),0x504d574c,owner-verbal-2026-09-23,0f215ef53ddd602ced432ecefe2733a5ac3f025fe03bd192a05bd311b2d00dc8,13c906de50f28f449b55287e6af916c14d4c52c5924ab5a0580d3147c2070462,81d37a219a6b4141d0b433796711ab8af2ee2c3c668a28143a3ffe6a574ade98,19,2026-10-07T04:12:40.236534+00:00
13,3,4,519,sram0_wr_data_beat_written,True,230315,True,False,1,True,,73961286,1,13,,2,5,4,FTDI-00FT46259002B,FI101-r1p0 (109762 v0100),0x504d574c,owner-verbal-2026-09-23,0f215ef53ddd602ced432ecefe2733a5ac3f025fe03bd192a05bd311b2d00dc8,13c906de50f28f449b55287e6af916c14d4c52c5924ab5a0580d3147c2070462,81d37a219a6b4141d0b433796711ab8af2ee2c3c668a28143a3ffe6a574ade98,19,2026-10-07T04:12:40.236534+00:00
13,3,5,520,sram0_wr_tran_req_stalled,True,3792039,True,False,1,True,,73961286,1,13,,2,5,4,FTDI-00FT46259002B,FI101-r1p0 (109762 v0100),0x504d574c,owner-verbal-2026-09-23,0f215ef53ddd602ced432ecefe2733a5ac3f025fe03bd192a05bd311b2d00dc8,13c906de50f28f449b55287e6af916c14d4c52c5924ab5a0580d3147c2070462,81d37a219a6b4141d0b433796711ab8af2ee2c3c668a28143a3ffe6a574ade98,19,2026-10-07T04:12:40.236534+00:00
13,3,6,521,sram0_wr_data_beat_stalled,True,3771901,True,False,1,True,,73961286,1,13,,2,5,4,FTDI-00FT46259002B,FI101-r1p0 (109762 v0100),0x504d574c,owner-verbal-2026-09-23,0f215ef53ddd602ced432ecefe2733a5ac3f025fe03bd192a05bd311b2d00dc8,13c906de50f28f449b55287e6af916c14d4c52c5924ab5a0580d3147c2070462,81d37a219a6b4141d0b433796711ab8af2ee2c3c668a28143a3ffe6a574ade98,19,2026-10-07T04:12:40.236534+00:00
13,3,7,524,sram0_enabled_cycles,True,73961664,True,False,1,True,,73961286,1,13,,2,5,4,FTDI-00FT46259002B,FI101-r1p0 (109762 v0100),0x504d574c,owner-verbal-2026-09-23,0f215ef53ddd602ced432ecefe2733a5ac3f025fe03bd192a05bd311b2d00dc8,13c906de50f28f449b55287e6af916c14d4c52c5924ab5a0580d3147c2070462,81d37a219a6b4141d0b433796711ab8af2ee2c3c668a28143a3ffe6a574ade98,19,2026-10-07T04:12:40.236534+00:00
14,1,0,526,sram0_rd_stall_limit,True,0,True,False,1,True,,73957749,1,13,,2,5,4,FTDI-00FT46259002B,FI101-r1p0 (109762 v0100),0x504d574c,owner-verbal-2026-09-23,0f215ef53ddd602ced432ecefe2733a5ac3f025fe03bd192a05bd311b2d00dc8,13c906de50f28f449b55287e6af916c14d4c52c5924ab5a0580d3147c2070462,81d37a219a6b4141d0b433796711ab8af2ee2c3c668a28143a3ffe6a574ade98,19,2026-10-07T04:12:40.236534+00:00
14,1,1,527,sram0_wr_stall_limit,True,0,True,False,1,True,,73957749,1,13,,2,5,4,FTDI-00FT46259002B,FI101-r1p0 (109762 v0100),0x504d574c,owner-verbal-2026-09-23,0f215ef53ddd602ced432ecefe2733a5ac3f025fe03bd192a05bd311b2d00dc8,13c906de50f28f449b55287e6af916c14d4c52c5924ab5a0580d3147c2070462,81d37a219a6b4141d0b433796711ab8af2ee2c3c668a28143a3ffe6a574ade98,19,2026-10-07T04:12:40.236534+00:00
14,1,2,528,sram1_rd_trans_accepted,True,35288,True,False,1,True,,73957749,1,13,,2,5,4,FTDI-00FT46259002B,FI101-r1p0 (109762 v0100),0x504d574c,owner-verbal-2026-09-23,0f215ef53ddd602ced432ecefe2733a5ac3f025fe03bd192a05bd311b2d00dc8,13c906de50f28f449b55287e6af916c14d4c52c5924ab5a0580d3147c2070462,81d37a219a6b4141d0b433796711ab8af2ee2c3c668a28143a3ffe6a574ade98,19,2026-10-07T04:12:40.236534+00:00
14,1,3,529,sram1_rd_trans_completed,True,35288,True,False,1,True,,73957749,1,13,,2,5,4,FTDI-00FT46259002B,FI101-r1p0 (109762 v0100),0x504d574c,owner-verbal-2026-09-23,0f215ef53ddd602ced432ecefe2733a5ac3f025fe03bd192a05bd311b2d00dc8,13c906de50f28f449b55287e6af916c14d4c52c5924ab5a0580d3147c2070462,81d37a219a6b4141d0b433796711ab8af2ee2c3c668a28143a3ffe6a574ade98,19,2026-10-07T04:12:40.236534+00:00
14,1,4,530,sram1_rd_data_beat_received,True,362355,True,False,1,True,,73957749,1,13,,2,5,4,FTDI-00FT46259002B,FI101-r1p0 (109762 v0100),0x504d574c,owner-verbal-2026-09-23,0f215ef53ddd602ced432ecefe2733a5ac3f025fe03bd192a05bd311b2d00dc8,13c906de50f28f449b55287e6af916c14d4c52c5924ab5a0580d3147c2070462,81d37a219a6b4141d0b433796711ab8af2ee2c3c668a28143a3ffe6a574ade98,19,2026-10-07T04:12:40.236534+00:00
14,1,5,531,sram1_rd_tran_req_stalled,True,5962035,True,False,1,True,,73957749,1,13,,2,5,4,FTDI-00FT46259002B,FI101-r1p0 (109762 v0100),0x504d574c,owner-verbal-2026-09-23,0f215ef53ddd602ced432ecefe2733a5ac3f025fe03bd192a05bd311b2d00dc8,13c906de50f28f449b55287e6af916c14d4c52c5924ab5a0580d3147c2070462,81d37a219a6b4141d0b433796711ab8af2ee2c3c668a28143a3ffe6a574ade98,19,2026-10-07T04:12:40.236534+00:00
14,1,6,532,sram1_wr_trans_accepted,True,20908,True,False,1,True,,73957749,1,13,,2,5,4,FTDI-00FT46259002B,FI101-r1p0 (109762 v0100),0x504d574c,owner-verbal-2026-09-23,0f215ef53ddd602ced432ecefe2733a5ac3f025fe03bd192a05bd311b2d00dc8,13c906de50f28f449b55287e6af916c14d4c52c5924ab5a0580d3147c2070462,81d37a219a6b4141d0b433796711ab8af2ee2c3c668a28143a3ffe6a574ade98,19,2026-10-07T04:12:40.236534+00:00
14,1,7,533,sram1_wr_trans_completed_m,False,20908,True,False,1,True,,73957749,1,13,,2,5,4,FTDI-00FT46259002B,FI101-r1p0 (109762 v0100),0x504d574c,owner-verbal-2026-09-23,0f215ef53ddd602ced432ecefe2733a5ac3f025fe03bd192a05bd311b2d00dc8,13c906de50f28f449b55287e6af916c14d4c52c5924ab5a0580d3147c2070462,81d37a219a6b4141d0b433796711ab8af2ee2c3c668a28143a3ffe6a574ade98,19,2026-10-07T04:12:40.236534+00:00
14,2,0,526,sram0_rd_stall_limit,True,0,True,False,1,True,,73959551,1,13,,2,5,4,FTDI-00FT46259002B,FI101-r1p0 (109762 v0100),0x504d574c,owner-verbal-2026-09-23,0f215ef53ddd602ced432ecefe2733a5ac3f025fe03bd192a05bd311b2d00dc8,13c906de50f28f449b55287e6af916c14d4c52c5924ab5a0580d3147c2070462,81d37a219a6b4141d0b433796711ab8af2ee2c3c668a28143a3ffe6a574ade98,19,2026-10-07T04:12:40.236534+00:00
14,2,1,527,sram0_wr_stall_limit,True,0,True,False,1,True,,73959551,1,13,,2,5,4,FTDI-00FT46259002B,FI101-r1p0 (109762 v0100),0x504d574c,owner-verbal-2026-09-23,0f215ef53ddd602ced432ecefe2733a5ac3f025fe03bd192a05bd311b2d00dc8,13c906de50f28f449b55287e6af916c14d4c52c5924ab5a0580d3147c2070462,81d37a219a6b4141d0b433796711ab8af2ee2c3c668a28143a3ffe6a574ade98,19,2026-10-07T04:12:40.236534+00:00
14,2,2,528,sram1_rd_trans_accepted,True,35288,True,False,1,True,,73959551,1,13,,2,5,4,FTDI-00FT46259002B,FI101-r1p0 (109762 v0100),0x504d574c,owner-verbal-2026-09-23,0f215ef53ddd602ced432ecefe2733a5ac3f025fe03bd192a05bd311b2d00dc8,13c906de50f28f449b55287e6af916c14d4c52c5924ab5a0580d3147c2070462,81d37a219a6b4141d0b433796711ab8af2ee2c3c668a28143a3ffe6a574ade98,19,2026-10-07T04:12:40.236534+00:00
14,2,3,529,sram1_rd_trans_completed,True,35288,True,False,1,True,,73959551,1,13,,2,5,4,FTDI-00FT46259002B,FI101-r1p0 (109762 v0100),0x504d574c,owner-verbal-2026-09-23,0f215ef53ddd602ced432ecefe2733a5ac3f025fe03bd192a05bd311b2d00dc8,13c906de50f28f449b55287e6af916c14d4c52c5924ab5a0580d3147c2070462,81d37a219a6b4141d0b433796711ab8af2ee2c3c668a28143a3ffe6a574ade98,19,2026-10-07T04:12:40.236534+00:00
14,2,4,530,sram1_rd_data_beat_received,True,362355,True,False,1,True,,73959551,1,13,,2,5,4,FTDI-00FT46259002B,FI101-r1p0 (109762 v0100),0x504d574c,owner-verbal-2026-09-23,0f215ef53ddd602ced432ecefe2733a5ac3f025fe03bd192a05bd311b2d00dc8,13c906de50f28f449b55287e6af916c14d4c52c5924ab5a0580d3147c2070462,81d37a219a6b4141d0b433796711ab8af2ee2c3c668a28143a3ffe6a574ade98,19,2026-10-07T04:12:40.236534+00:00
14,2,5,531,sram1_rd_tran_req_stalled,True,5935560,True,False,1,True,,73959551,1,13,,2,5,4,FTDI-00FT46259002B,FI101-r1p0 (109762 v0100),0x504d574c,owner-verbal-2026-09-23,0f215ef53ddd602ced432ecefe2733a5ac3f025fe03bd192a05bd311b2d00dc8,13c906de50f28f449b55287e6af916c14d4c52c5924ab5a0580d3147c2070462,81d37a219a6b4141d0b433796711ab8af2ee2c3c668a28143a3ffe6a574ade98,19,2026-10-07T04:12:40.236534+00:00
14,2,6,532,sram1_wr_trans_accepted,True,20908,True,False,1,True,,73959551,1,13,,2,5,4,FTDI-00FT46259002B,FI101-r1p0 (109762 v0100),0x504d574c,owner-verbal-2026-09-23,0f215ef53ddd602ced432ecefe2733a5ac3f025fe03bd192a05bd311b2d00dc8,13c906de50f28f449b55287e6af916c14d4c52c5924ab5a0580d3147c2070462,81d37a219a6b4141d0b433796711ab8af2ee2c3c668a28143a3ffe6a574ade98,19,2026-10-07T04:12:40.236534+00:00
14,2,7,533,sram1_wr_trans_completed_m,False,20908,True,False,1,True,,73959551,1,13,,2,5,4,FTDI-00FT46259002B,FI101-r1p0 (109762 v0100),0x504d574c,owner-verbal-2026-09-23,0f215ef53ddd602ced432ecefe2733a5ac3f025fe03bd192a05bd311b2d00dc8,13c906de50f28f449b55287e6af916c14d4c52c5924ab5a0580d3147c2070462,81d37a219a6b4141d0b433796711ab8af2ee2c3c668a28143a3ffe6a574ade98,19,2026-10-07T04:12:40.236534+00:00
14,3,0,526,sram0_rd_stall_limit,True,0,True,False,1,True,,73961370,1,13,,2,5,4,FTDI-00FT46259002B,FI101-r1p0 (109762 v0100),0x504d574c,owner-verbal-2026-09-23,0f215ef53ddd602ced432ecefe2733a5ac3f025fe03bd192a05bd311b2d00dc8,13c906de50f28f449b55287e6af916c14d4c52c5924ab5a0580d3147c2070462,81d37a219a6b4141d0b433796711ab8af2ee2c3c668a28143a3ffe6a574ade98,19,2026-10-07T04:12:40.236534+00:00
14,3,1,527,sram0_wr_stall_limit,True,0,True,False,1,True,,73961370,1,13,,2,5,4,FTDI-00FT46259002B,FI101-r1p0 (109762 v0100),0x504d574c,owner-verbal-2026-09-23,0f215ef53ddd602ced432ecefe2733a5ac3f025fe03bd192a05bd311b2d00dc8,13c906de50f28f449b55287e6af916c14d4c52c5924ab5a0580d3147c2070462,81d37a219a6b4141d0b433796711ab8af2ee2c3c668a28143a3ffe6a574ade98,19,2026-10-07T04:12:40.236534+00:00
14,3,2,528,sram1_rd_trans_accepted,True,35288,True,False,1,True,,73961370,1,13,,2,5,4,FTDI-00FT46259002B,FI101-r1p0 (109762 v0100),0x504d574c,owner-verbal-2026-09-23,0f215ef53ddd602ced432ecefe2733a5ac3f025fe03bd192a05bd311b2d00dc8,13c906de50f28f449b55287e6af916c14d4c52c5924ab5a0580d3147c2070462,81d37a219a6b4141d0b433796711ab8af2ee2c3c668a28143a3ffe6a574ade98,19,2026-10-07T04:12:40.236534+00:00
14,3,3,529,sram1_rd_trans_completed,True,35288,True,False,1,True,,73961370,1,13,,2,5,4,FTDI-00FT46259002B,FI101-r1p0 (109762 v0100),0x504d574c,owner-verbal-2026-09-23,0f215ef53ddd602ced432ecefe2733a5ac3f025fe03bd192a05bd311b2d00dc8,13c906de50f28f449b55287e6af916c14d4c52c5924ab5a0580d3147c2070462,81d37a219a6b4141d0b433796711ab8af2ee2c3c668a28143a3ffe6a574ade98,19,2026-10-07T04:12:40.236534+00:00
14,3,4,530,sram1_rd_data_beat_received,True,362355,True,False,1,True,,73961370,1,13,,2,5,4,FTDI-00FT46259002B,FI101-r1p0 (109762 v0100),0x504d574c,owner-verbal-2026-09-23,0f215ef53ddd602ced432ecefe2733a5ac3f025fe03bd192a05bd311b2d00dc8,13c906de50f28f449b55287e6af916c14d4c52c5924ab5a0580d3147c2070462,81d37a219a6b4141d0b433796711ab8af2ee2c3c668a28143a3ffe6a574ade98,19,2026-10-07T04:12:40.236534+00:00
14,3,5,531,sram1_rd_tran_req_stalled,True,5940446,True,False,1,True,,73961370,1,13,,2,5,4,FTDI-00FT46259002B,FI101-r1p0 (109762 v0100),0x504d574c,owner-verbal-2026-09-23,0f215ef53ddd602ced432ecefe2733a5ac3f025fe03bd192a05bd311b2d00dc8,13c906de50f28f449b55287e6af916c14d4c52c5924ab5a0580d3147c2070462,81d37a219a6b4141d0b433796711ab8af2ee2c3c668a28143a3ffe6a574ade98,19,2026-10-07T04:12:40.236534+00:00
14,3,6,532,sram1_wr_trans_accepted,True,20908,True,False,1,True,,73961370,1,13,,2,5,4,FTDI-00FT46259002B,FI101-r1p0 (109762 v0100),0x504d574c,owner-verbal-2026-09-23,0f215ef53ddd602ced432ecefe2733a5ac3f025fe03bd192a05bd311b2d00dc8,13c906de50f28f449b55287e6af916c14d4c52c5924ab5a0580d3147c2070462,81d37a219a6b4141d0b433796711ab8af2ee2c3c668a28143a3ffe6a574ade98,19,2026-10-07T04:12:40.236534+00:00
14,3,7,533,sram1_wr_trans_completed_m,False,20908,True,False,1,True,,73961370,1,13,,2,5,4,FTDI-00FT46259002B,FI101-r1p0 (109762 v0100),0x504d574c,owner-verbal-2026-09-23,0f215ef53ddd602ced432ecefe2733a5ac3f025fe03bd192a05bd311b2d00dc8,13c906de50f28f449b55287e6af916c14d4c52c5924ab5a0580d3147c2070462,81d37a219a6b4141d0b433796711ab8af2ee2c3c668a28143a3ffe6a574ade98,19,2026-10-07T04:12:40.236534+00:00
15,1,0,534,sram1_wr_trans_completed_s,False,20908,True,False,1,True,,73966647,1,13,,2,5,4,FTDI-00FT46259002B,FI101-r1p0 (109762 v0100),0x504d574c,owner-verbal-2026-09-23,0f215ef53ddd602ced432ecefe2733a5ac3f025fe03bd192a05bd311b2d00dc8,13c906de50f28f449b55287e6af916c14d4c52c5924ab5a0580d3147c2070462,81d37a219a6b4141d0b433796711ab8af2ee2c3c668a28143a3ffe6a574ade98,19,2026-10-07T04:12:40.236534+00:00
15,1,1,535,sram1_wr_data_beat_written,True,230333,True,False,1,True,,73966647,1,13,,2,5,4,FTDI-00FT46259002B,FI101-r1p0 (109762 v0100),0x504d574c,owner-verbal-2026-09-23,0f215ef53ddd602ced432ecefe2733a5ac3f025fe03bd192a05bd311b2d00dc8,13c906de50f28f449b55287e6af916c14d4c52c5924ab5a0580d3147c2070462,81d37a219a6b4141d0b433796711ab8af2ee2c3c668a28143a3ffe6a574ade98,19,2026-10-07T04:12:40.236534+00:00
15,1,2,536,sram1_wr_tran_req_stalled,True,3399658,True,False,1,True,,73966647,1,13,,2,5,4,FTDI-00FT46259002B,FI101-r1p0 (109762 v0100),0x504d574c,owner-verbal-2026-09-23,0f215ef53ddd602ced432ecefe2733a5ac3f025fe03bd192a05bd311b2d00dc8,13c906de50f28f449b55287e6af916c14d4c52c5924ab5a0580d3147c2070462,81d37a219a6b4141d0b433796711ab8af2ee2c3c668a28143a3ffe6a574ade98,19,2026-10-07T04:12:40.236534+00:00
15,1,3,537,sram1_wr_data_beat_stalled,True,3381587,True,False,1,True,,73966647,1,13,,2,5,4,FTDI-00FT46259002B,FI101-r1p0 (109762 v0100),0x504d574c,owner-verbal-2026-09-23,0f215ef53ddd602ced432ecefe2733a5ac3f025fe03bd192a05bd311b2d00dc8,13c906de50f28f449b55287e6af916c14d4c52c5924ab5a0580d3147c2070462,81d37a219a6b4141d0b433796711ab8af2ee2c3c668a28143a3ffe6a574ade98,19,2026-10-07T04:12:40.236534+00:00
15,1,4,540,sram1_enabled_cycles,True,73966959,True,False,1,True,,73966647,1,13,,2,5,4,FTDI-00FT46259002B,FI101-r1p0 (109762 v0100),0x504d574c,owner-verbal-2026-09-23,0f215ef53ddd602ced432ecefe2733a5ac3f025fe03bd192a05bd311b2d00dc8,13c906de50f28f449b55287e6af916c14d4c52c5924ab5a0580d3147c2070462,81d37a219a6b4141d0b433796711ab8af2ee2c3c668a28143a3ffe6a574ade98,19,2026-10-07T04:12:40.236534+00:00
15,1,5,542,sram1_rd_stall_limit,True,0,True,False,1,True,,73966647,1,13,,2,5,4,FTDI-00FT46259002B,FI101-r1p0 (109762 v0100),0x504d574c,owner-verbal-2026-09-23,0f215ef53ddd602ced432ecefe2733a5ac3f025fe03bd192a05bd311b2d00dc8,13c906de50f28f449b55287e6af916c14d4c52c5924ab5a0580d3147c2070462,81d37a219a6b4141d0b433796711ab8af2ee2c3c668a28143a3ffe6a574ade98,19,2026-10-07T04:12:40.236534+00:00
15,1,6,543,sram1_wr_stall_limit,True,0,True,False,1,True,,73966647,1,13,,2,5,4,FTDI-00FT46259002B,FI101-r1p0 (109762 v0100),0x504d574c,owner-verbal-2026-09-23,0f215ef53ddd602ced432ecefe2733a5ac3f025fe03bd192a05bd311b2d00dc8,13c906de50f28f449b55287e6af916c14d4c52c5924ab5a0580d3147c2070462,81d37a219a6b4141d0b433796711ab8af2ee2c3c668a28143a3ffe6a574ade98,19,2026-10-07T04:12:40.236534+00:00
15,1,7,544,sram2_rd_trans_accepted,True,0,True,False,1,True,,73966647,1,13,,2,5,4,FTDI-00FT46259002B,FI101-r1p0 (109762 v0100),0x504d574c,owner-verbal-2026-09-23,0f215ef53ddd602ced432ecefe2733a5ac3f025fe03bd192a05bd311b2d00dc8,13c906de50f28f449b55287e6af916c14d4c52c5924ab5a0580d3147c2070462,81d37a219a6b4141d0b433796711ab8af2ee2c3c668a28143a3ffe6a574ade98,19,2026-10-07T04:12:40.236534+00:00
15,2,0,534,sram1_wr_trans_completed_s,False,20908,True,False,1,True,,73954536,1,13,,2,5,4,FTDI-00FT46259002B,FI101-r1p0 (109762 v0100),0x504d574c,owner-verbal-2026-09-23,0f215ef53ddd602ced432ecefe2733a5ac3f025fe03bd192a05bd311b2d00dc8,13c906de50f28f449b55287e6af916c14d4c52c5924ab5a0580d3147c2070462,81d37a219a6b4141d0b433796711ab8af2ee2c3c668a28143a3ffe6a574ade98,19,2026-10-07T04:12:40.236534+00:00
15,2,1,535,sram1_wr_data_beat_written,True,230333,True,False,1,True,,73954536,1,13,,2,5,4,FTDI-00FT46259002B,FI101-r1p0 (109762 v0100),0x504d574c,owner-verbal-2026-09-23,0f215ef53ddd602ced432ecefe2733a5ac3f025fe03bd192a05bd311b2d00dc8,13c906de50f28f449b55287e6af916c14d4c52c5924ab5a0580d3147c2070462,81d37a219a6b4141d0b433796711ab8af2ee2c3c668a28143a3ffe6a574ade98,19,2026-10-07T04:12:40.236534+00:00
15,2,2,536,sram1_wr_tran_req_stalled,True,3308013,True,False,1,True,,73954536,1,13,,2,5,4,FTDI-00FT46259002B,FI101-r1p0 (109762 v0100),0x504d574c,owner-verbal-2026-09-23,0f215ef53ddd602ced432ecefe2733a5ac3f025fe03bd192a05bd311b2d00dc8,13c906de50f28f449b55287e6af916c14d4c52c5924ab5a0580d3147c2070462,81d37a219a6b4141d0b433796711ab8af2ee2c3c668a28143a3ffe6a574ade98,19,2026-10-07T04:12:40.236534+00:00
15,2,3,537,sram1_wr_data_beat_stalled,True,3289202,True,False,1,True,,73954536,1,13,,2,5,4,FTDI-00FT46259002B,FI101-r1p0 (109762 v0100),0x504d574c,owner-verbal-2026-09-23,0f215ef53ddd602ced432ecefe2733a5ac3f025fe03bd192a05bd311b2d00dc8,13c906de50f28f449b55287e6af916c14d4c52c5924ab5a0580d3147c2070462,81d37a219a6b4141d0b433796711ab8af2ee2c3c668a28143a3ffe6a574ade98,19,2026-10-07T04:12:40.236534+00:00
15,2,4,540,sram1_enabled_cycles,True,73954848,True,False,1,True,,73954536,1,13,,2,5,4,FTDI-00FT46259002B,FI101-r1p0 (109762 v0100),0x504d574c,owner-verbal-2026-09-23,0f215ef53ddd602ced432ecefe2733a5ac3f025fe03bd192a05bd311b2d00dc8,13c906de50f28f449b55287e6af916c14d4c52c5924ab5a0580d3147c2070462,81d37a219a6b4141d0b433796711ab8af2ee2c3c668a28143a3ffe6a574ade98,19,2026-10-07T04:12:40.236534+00:00
15,2,5,542,sram1_rd_stall_limit,True,0,True,False,1,True,,73954536,1,13,,2,5,4,FTDI-00FT46259002B,FI101-r1p0 (109762 v0100),0x504d574c,owner-verbal-2026-09-23,0f215ef53ddd602ced432ecefe2733a5ac3f025fe03bd192a05bd311b2d00dc8,13c906de50f28f449b55287e6af916c14d4c52c5924ab5a0580d3147c2070462,81d37a219a6b4141d0b433796711ab8af2ee2c3c668a28143a3ffe6a574ade98,19,2026-10-07T04:12:40.236534+00:00
15,2,6,543,sram1_wr_stall_limit,True,0,True,False,1,True,,73954536,1,13,,2,5,4,FTDI-00FT46259002B,FI101-r1p0 (109762 v0100),0x504d574c,owner-verbal-2026-09-23,0f215ef53ddd602ced432ecefe2733a5ac3f025fe03bd192a05bd311b2d00dc8,13c906de50f28f449b55287e6af916c14d4c52c5924ab5a0580d3147c2070462,81d37a219a6b4141d0b433796711ab8af2ee2c3c668a28143a3ffe6a574ade98,19,2026-10-07T04:12:40.236534+00:00
15,2,7,544,sram2_rd_trans_accepted,True,0,True,False,1,True,,73954536,1,13,,2,5,4,FTDI-00FT46259002B,FI101-r1p0 (109762 v0100),0x504d574c,owner-verbal-2026-09-23,0f215ef53ddd602ced432ecefe2733a5ac3f025fe03bd192a05bd311b2d00dc8,13c906de50f28f449b55287e6af916c14d4c52c5924ab5a0580d3147c2070462,81d37a219a6b4141d0b433796711ab8af2ee2c3c668a28143a3ffe6a574ade98,19,2026-10-07T04:12:40.236534+00:00
15,3,0,534,sram1_wr_trans_completed_s,False,20908,True,False,1,True,,73954394,1,13,,2,5,4,FTDI-00FT46259002B,FI101-r1p0 (109762 v0100),0x504d574c,owner-verbal-2026-09-23,0f215ef53ddd602ced432ecefe2733a5ac3f025fe03bd192a05bd311b2d00dc8,13c906de50f28f449b55287e6af916c14d4c52c5924ab5a0580d3147c2070462,81d37a219a6b4141d0b433796711ab8af2ee2c3c668a28143a3ffe6a574ade98,19,2026-10-07T04:12:40.236534+00:00
15,3,1,535,sram1_wr_data_beat_written,True,230333,True,False,1,True,,73954394,1,13,,2,5,4,FTDI-00FT46259002B,FI101-r1p0 (109762 v0100),0x504d574c,owner-verbal-2026-09-23,0f215ef53ddd602ced432ecefe2733a5ac3f025fe03bd192a05bd311b2d00dc8,13c906de50f28f449b55287e6af916c14d4c52c5924ab5a0580d3147c2070462,81d37a219a6b4141d0b433796711ab8af2ee2c3c668a28143a3ffe6a574ade98,19,2026-10-07T04:12:40.236534+00:00
15,3,2,536,sram1_wr_tran_req_stalled,True,3386016,True,False,1,True,,73954394,1,13,,2,5,4,FTDI-00FT46259002B,FI101-r1p0 (109762 v0100),0x504d574c,owner-verbal-2026-09-23,0f215ef53ddd602ced432ecefe2733a5ac3f025fe03bd192a05bd311b2d00dc8,13c906de50f28f449b55287e6af916c14d4c52c5924ab5a0580d3147c2070462,81d37a219a6b4141d0b433796711ab8af2ee2c3c668a28143a3ffe6a574ade98,19,2026-10-07T04:12:40.236534+00:00
15,3,3,537,sram1_wr_data_beat_stalled,True,3368230,True,False,1,True,,73954394,1,13,,2,5,4,FTDI-00FT46259002B,FI101-r1p0 (109762 v0100),0x504d574c,owner-verbal-2026-09-23,0f215ef53ddd602ced432ecefe2733a5ac3f025fe03bd192a05bd311b2d00dc8,13c906de50f28f449b55287e6af916c14d4c52c5924ab5a0580d3147c2070462,81d37a219a6b4141d0b433796711ab8af2ee2c3c668a28143a3ffe6a574ade98,19,2026-10-07T04:12:40.236534+00:00
15,3,4,540,sram1_enabled_cycles,True,73954706,True,False,1,True,,73954394,1,13,,2,5,4,FTDI-00FT46259002B,FI101-r1p0 (109762 v0100),0x504d574c,owner-verbal-2026-09-23,0f215ef53ddd602ced432ecefe2733a5ac3f025fe03bd192a05bd311b2d00dc8,13c906de50f28f449b55287e6af916c14d4c52c5924ab5a0580d3147c2070462,81d37a219a6b4141d0b433796711ab8af2ee2c3c668a28143a3ffe6a574ade98,19,2026-10-07T04:12:40.236534+00:00
15,3,5,542,sram1_rd_stall_limit,True,0,True,False,1,True,,73954394,1,13,,2,5,4,FTDI-00FT46259002B,FI101-r1p0 (109762 v0100),0x504d574c,owner-verbal-2026-09-23,0f215ef53ddd602ced432ecefe2733a5ac3f025fe03bd192a05bd311b2d00dc8,13c906de50f28f449b55287e6af916c14d4c52c5924ab5a0580d3147c2070462,81d37a219a6b4141d0b433796711ab8af2ee2c3c668a28143a3ffe6a574ade98,19,2026-10-07T04:12:40.236534+00:00
15,3,6,543,sram1_wr_stall_limit,True,0,True,False,1,True,,73954394,1,13,,2,5,4,FTDI-00FT46259002B,FI101-r1p0 (109762 v0100),0x504d574c,owner-verbal-2026-09-23,0f215ef53ddd602ced432ecefe2733a5ac3f025fe03bd192a05bd311b2d00dc8,13c906de50f28f449b55287e6af916c14d4c52c5924ab5a0580d3147c2070462,81d37a219a6b4141d0b433796711ab8af2ee2c3c668a28143a3ffe6a574ade98,19,2026-10-07T04:12:40.236534+00:00
15,3,7,544,sram2_rd_trans_accepted,True,0,True,False,1,True,,73954394,1,13,,2,5,4,FTDI-00FT46259002B,FI101-r1p0 (109762 v0100),0x504d574c,owner-verbal-2026-09-23,0f215ef53ddd602ced432ecefe2733a5ac3f025fe03bd192a05bd311b2d00dc8,13c906de50f28f449b55287e6af916c14d4c52c5924ab5a0580d3147c2070462,81d37a219a6b4141d0b433796711ab8af2ee2c3c668a28143a3ffe6a574ade98,19,2026-10-07T04:12:40.236534+00:00
16,1,0,545,sram2_rd_trans_completed,True,0,True,False,1,True,,73952572,1,13,,2,5,4,FTDI-00FT46259002B,FI101-r1p0 (109762 v0100),0x504d574c,owner-verbal-2026-09-23,0f215ef53ddd602ced432ecefe2733a5ac3f025fe03bd192a05bd311b2d00dc8,13c906de50f28f449b55287e6af916c14d4c52c5924ab5a0580d3147c2070462,81d37a219a6b4141d0b433796711ab8af2ee2c3c668a28143a3ffe6a574ade98,19,2026-10-07T04:12:40.236534+00:00
16,1,1,546,sram2_rd_data_beat_received,True,0,True,False,1,True,,73952572,1,13,,2,5,4,FTDI-00FT46259002B,FI101-r1p0 (109762 v0100),0x504d574c,owner-verbal-2026-09-23,0f215ef53ddd602ced432ecefe2733a5ac3f025fe03bd192a05bd311b2d00dc8,13c906de50f28f449b55287e6af916c14d4c52c5924ab5a0580d3147c2070462,81d37a219a6b4141d0b433796711ab8af2ee2c3c668a28143a3ffe6a574ade98,19,2026-10-07T04:12:40.236534+00:00
16,1,2,547,sram2_rd_tran_req_stalled,True,0,True,False,1,True,,73952572,1,13,,2,5,4,FTDI-00FT46259002B,FI101-r1p0 (109762 v0100),0x504d574c,owner-verbal-2026-09-23,0f215ef53ddd602ced432ecefe2733a5ac3f025fe03bd192a05bd311b2d00dc8,13c906de50f28f449b55287e6af916c14d4c52c5924ab5a0580d3147c2070462,81d37a219a6b4141d0b433796711ab8af2ee2c3c668a28143a3ffe6a574ade98,19,2026-10-07T04:12:40.236534+00:00
16,1,3,548,sram2_wr_trans_accepted,True,0,True,False,1,True,,73952572,1,13,,2,5,4,FTDI-00FT46259002B,FI101-r1p0 (109762 v0100),0x504d574c,owner-verbal-2026-09-23,0f215ef53ddd602ced432ecefe2733a5ac3f025fe03bd192a05bd311b2d00dc8,13c906de50f28f449b55287e6af916c14d4c52c5924ab5a0580d3147c2070462,81d37a219a6b4141d0b433796711ab8af2ee2c3c668a28143a3ffe6a574ade98,19,2026-10-07T04:12:40.236534+00:00
16,1,4,549,sram2_wr_trans_completed_m,False,0,True,False,1,True,,73952572,1,13,,2,5,4,FTDI-00FT46259002B,FI101-r1p0 (109762 v0100),0x504d574c,owner-verbal-2026-09-23,0f215ef53ddd602ced432ecefe2733a5ac3f025fe03bd192a05bd311b2d00dc8,13c906de50f28f449b55287e6af916c14d4c52c5924ab5a0580d3147c2070462,81d37a219a6b4141d0b433796711ab8af2ee2c3c668a28143a3ffe6a574ade98,19,2026-10-07T04:12:40.236534+00:00
16,1,5,550,sram2_wr_trans_completed_s,False,0,True,False,1,True,,73952572,1,13,,2,5,4,FTDI-00FT46259002B,FI101-r1p0 (109762 v0100),0x504d574c,owner-verbal-2026-09-23,0f215ef53ddd602ced432ecefe2733a5ac3f025fe03bd192a05bd311b2d00dc8,13c906de50f28f449b55287e6af916c14d4c52c5924ab5a0580d3147c2070462,81d37a219a6b4141d0b433796711ab8af2ee2c3c668a28143a3ffe6a574ade98,19,2026-10-07T04:12:40.236534+00:00
16,1,6,551,sram2_wr_data_beat_written,True,0,True,False,1,True,,73952572,1,13,,2,5,4,FTDI-00FT46259002B,FI101-r1p0 (109762 v0100),0x504d574c,owner-verbal-2026-09-23,0f215ef53ddd602ced432ecefe2733a5ac3f025fe03bd192a05bd311b2d00dc8,13c906de50f28f449b55287e6af916c14d4c52c5924ab5a0580d3147c2070462,81d37a219a6b4141d0b433796711ab8af2ee2c3c668a28143a3ffe6a574ade98,19,2026-10-07T04:12:40.236534+00:00
16,1,7,552,sram2_wr_tran_req_stalled,True,0,True,False,1,True,,73952572,1,13,,2,5,4,FTDI-00FT46259002B,FI101-r1p0 (109762 v0100),0x504d574c,owner-verbal-2026-09-23,0f215ef53ddd602ced432ecefe2733a5ac3f025fe03bd192a05bd311b2d00dc8,13c906de50f28f449b55287e6af916c14d4c52c5924ab5a0580d3147c2070462,81d37a219a6b4141d0b433796711ab8af2ee2c3c668a28143a3ffe6a574ade98,19,2026-10-07T04:12:40.236534+00:00
16,2,0,545,sram2_rd_trans_completed,True,0,True,False,1,True,,73956584,1,13,,2,5,4,FTDI-00FT46259002B,FI101-r1p0 (109762 v0100),0x504d574c,owner-verbal-2026-09-23,0f215ef53ddd602ced432ecefe2733a5ac3f025fe03bd192a05bd311b2d00dc8,13c906de50f28f449b55287e6af916c14d4c52c5924ab5a0580d3147c2070462,81d37a219a6b4141d0b433796711ab8af2ee2c3c668a28143a3ffe6a574ade98,19,2026-10-07T04:12:40.236534+00:00
16,2,1,546,sram2_rd_data_beat_received,True,0,True,False,1,True,,73956584,1,13,,2,5,4,FTDI-00FT46259002B,FI101-r1p0 (109762 v0100),0x504d574c,owner-verbal-2026-09-23,0f215ef53ddd602ced432ecefe2733a5ac3f025fe03bd192a05bd311b2d00dc8,13c906de50f28f449b55287e6af916c14d4c52c5924ab5a0580d3147c2070462,81d37a219a6b4141d0b433796711ab8af2ee2c3c668a28143a3ffe6a574ade98,19,2026-10-07T04:12:40.236534+00:00
16,2,2,547,sram2_rd_tran_req_stalled,True,0,True,False,1,True,,73956584,1,13,,2,5,4,FTDI-00FT46259002B,FI101-r1p0 (109762 v0100),0x504d574c,owner-verbal-2026-09-23,0f215ef53ddd602ced432ecefe2733a5ac3f025fe03bd192a05bd311b2d00dc8,13c906de50f28f449b55287e6af916c14d4c52c5924ab5a0580d3147c2070462,81d37a219a6b4141d0b433796711ab8af2ee2c3c668a28143a3ffe6a574ade98,19,2026-10-07T04:12:40.236534+00:00
16,2,3,548,sram2_wr_trans_accepted,True,0,True,False,1,True,,73956584,1,13,,2,5,4,FTDI-00FT46259002B,FI101-r1p0 (109762 v0100),0x504d574c,owner-verbal-2026-09-23,0f215ef53ddd602ced432ecefe2733a5ac3f025fe03bd192a05bd311b2d00dc8,13c906de50f28f449b55287e6af916c14d4c52c5924ab5a0580d3147c2070462,81d37a219a6b4141d0b433796711ab8af2ee2c3c668a28143a3ffe6a574ade98,19,2026-10-07T04:12:40.236534+00:00
16,2,4,549,sram2_wr_trans_completed_m,False,0,True,False,1,True,,73956584,1,13,,2,5,4,FTDI-00FT46259002B,FI101-r1p0 (109762 v0100),0x504d574c,owner-verbal-2026-09-23,0f215ef53ddd602ced432ecefe2733a5ac3f025fe03bd192a05bd311b2d00dc8,13c906de50f28f449b55287e6af916c14d4c52c5924ab5a0580d3147c2070462,81d37a219a6b4141d0b433796711ab8af2ee2c3c668a28143a3ffe6a574ade98,19,2026-10-07T04:12:40.236534+00:00
16,2,5,550,sram2_wr_trans_completed_s,False,0,True,False,1,True,,73956584,1,13,,2,5,4,FTDI-00FT46259002B,FI101-r1p0 (109762 v0100),0x504d574c,owner-verbal-2026-09-23,0f215ef53ddd602ced432ecefe2733a5ac3f025fe03bd192a05bd311b2d00dc8,13c906de50f28f449b55287e6af916c14d4c52c5924ab5a0580d3147c2070462,81d37a219a6b4141d0b433796711ab8af2ee2c3c668a28143a3ffe6a574ade98,19,2026-10-07T04:12:40.236534+00:00
16,2,6,551,sram2_wr_data_beat_written,True,0,True,False,1,True,,73956584,1,13,,2,5,4,FTDI-00FT46259002B,FI101-r1p0 (109762 v0100),0x504d574c,owner-verbal-2026-09-23,0f215ef53ddd602ced432ecefe2733a5ac3f025fe03bd192a05bd311b2d00dc8,13c906de50f28f449b55287e6af916c14d4c52c5924ab5a0580d3147c2070462,81d37a219a6b4141d0b433796711ab8af2ee2c3c668a28143a3ffe6a574ade98,19,2026-10-07T04:12:40.236534+00:00
16,2,7,552,sram2_wr_tran_req_stalled,True,0,True,False,1,True,,73956584,1,13,,2,5,4,FTDI-00FT46259002B,FI101-r1p0 (109762 v0100),0x504d574c,owner-verbal-2026-09-23,0f215ef53ddd602ced432ecefe2733a5ac3f025fe03bd192a05bd311b2d00dc8,13c906de50f28f449b55287e6af916c14d4c52c5924ab5a0580d3147c2070462,81d37a219a6b4141d0b433796711ab8af2ee2c3c668a28143a3ffe6a574ade98,19,2026-10-07T04:12:40.236534+00:00
16,3,0,545,sram2_rd_trans_completed,True,0,True,False,1,True,,73960756,1,13,,2,5,4,FTDI-00FT46259002B,FI101-r1p0 (109762 v0100),0x504d574c,owner-verbal-2026-09-23,0f215ef53ddd602ced432ecefe2733a5ac3f025fe03bd192a05bd311b2d00dc8,13c906de50f28f449b55287e6af916c14d4c52c5924ab5a0580d3147c2070462,81d37a219a6b4141d0b433796711ab8af2ee2c3c668a28143a3ffe6a574ade98,19,2026-10-07T04:12:40.236534+00:00
16,3,1,546,sram2_rd_data_beat_received,True,0,True,False,1,True,,73960756,1,13,,2,5,4,FTDI-00FT46259002B,FI101-r1p0 (109762 v0100),0x504d574c,owner-verbal-2026-09-23,0f215ef53ddd602ced432ecefe2733a5ac3f025fe03bd192a05bd311b2d00dc8,13c906de50f28f449b55287e6af916c14d4c52c5924ab5a0580d3147c2070462,81d37a219a6b4141d0b433796711ab8af2ee2c3c668a28143a3ffe6a574ade98,19,2026-10-07T04:12:40.236534+00:00
16,3,2,547,sram2_rd_tran_req_stalled,True,0,True,False,1,True,,73960756,1,13,,2,5,4,FTDI-00FT46259002B,FI101-r1p0 (109762 v0100),0x504d574c,owner-verbal-2026-09-23,0f215ef53ddd602ced432ecefe2733a5ac3f025fe03bd192a05bd311b2d00dc8,13c906de50f28f449b55287e6af916c14d4c52c5924ab5a0580d3147c2070462,81d37a219a6b4141d0b433796711ab8af2ee2c3c668a28143a3ffe6a574ade98,19,2026-10-07T04:12:40.236534+00:00
16,3,3,548,sram2_wr_trans_accepted,True,0,True,False,1,True,,73960756,1,13,,2,5,4,FTDI-00FT46259002B,FI101-r1p0 (109762 v0100),0x504d574c,owner-verbal-2026-09-23,0f215ef53ddd602ced432ecefe2733a5ac3f025fe03bd192a05bd311b2d00dc8,13c906de50f28f449b55287e6af916c14d4c52c5924ab5a0580d3147c2070462,81d37a219a6b4141d0b433796711ab8af2ee2c3c668a28143a3ffe6a574ade98,19,2026-10-07T04:12:40.236534+00:00
16,3,4,549,sram2_wr_trans_completed_m,False,0,True,False,1,True,,73960756,1,13,,2,5,4,FTDI-00FT46259002B,FI101-r1p0 (109762 v0100),0x504d574c,owner-verbal-2026-09-23,0f215ef53ddd602ced432ecefe2733a5ac3f025fe03bd192a05bd311b2d00dc8,13c906de50f28f449b55287e6af916c14d4c52c5924ab5a0580d3147c2070462,81d37a219a6b4141d0b433796711ab8af2ee2c3c668a28143a3ffe6a574ade98,19,2026-10-07T04:12:40.236534+00:00
16,3,5,550,sram2_wr_trans_completed_s,False,0,True,False,1,True,,73960756,1,13,,2,5,4,FTDI-00FT46259002B,FI101-r1p0 (109762 v0100),0x504d574c,owner-verbal-2026-09-23,0f215ef53ddd602ced432ecefe2733a5ac3f025fe03bd192a05bd311b2d00dc8,13c906de50f28f449b55287e6af916c14d4c52c5924ab5a0580d3147c2070462,81d37a219a6b4141d0b433796711ab8af2ee2c3c668a28143a3ffe6a574ade98,19,2026-10-07T04:12:40.236534+00:00
16,3,6,551,sram2_wr_data_beat_written,True,0,True,False,1,True,,73960756,1,13,,2,5,4,FTDI-00FT46259002B,FI101-r1p0 (109762 v0100),0x504d574c,owner-verbal-2026-09-23,0f215ef53ddd602ced432ecefe2733a5ac3f025fe03bd192a05bd311b2d00dc8,13c906de50f28f449b55287e6af916c14d4c52c5924ab5a0580d3147c2070462,81d37a219a6b4141d0b433796711ab8af2ee2c3c668a28143a3ffe6a574ade98,19,2026-10-07T04:12:40.236534+00:00
16,3,7,552,sram2_wr_tran_req_stalled,True,0,True,False,1,True,,73960756,1,13,,2,5,4,FTDI-00FT46259002B,FI101-r1p0 (109762 v0100),0x504d574c,owner-verbal-2026-09-23,0f215ef53ddd602ced432ecefe2733a5ac3f025fe03bd192a05bd311b2d00dc8,13c906de50f28f449b55287e6af916c14d4c52c5924ab5a0580d3147c2070462,81d37a219a6b4141d0b433796711ab8af2ee2c3c668a28143a3ffe6a574ade98,19,2026-10-07T04:12:40.236534+00:00
17,1,0,553,sram2_wr_data_beat_stalled,True,0,True,False,1,True,,73960904,1,13,,2,5,4,FTDI-00FT46259002B,FI101-r1p0 (109762 v0100),0x504d574c,owner-verbal-2026-09-23,0f215ef53ddd602ced432ecefe2733a5ac3f025fe03bd192a05bd311b2d00dc8,13c906de50f28f449b55287e6af916c14d4c52c5924ab5a0580d3147c2070462,81d37a219a6b4141d0b433796711ab8af2ee2c3c668a28143a3ffe6a574ade98,19,2026-10-07T04:12:40.236534+00:00
17,1,1,556,sram2_enabled_cycles,True,0,True,False,1,True,,73960904,1,13,,2,5,4,FTDI-00FT46259002B,FI101-r1p0 (109762 v0100),0x504d574c,owner-verbal-2026-09-23,0f215ef53ddd602ced432ecefe2733a5ac3f025fe03bd192a05bd311b2d00dc8,13c906de50f28f449b55287e6af916c14d4c52c5924ab5a0580d3147c2070462,81d37a219a6b4141d0b433796711ab8af2ee2c3c668a28143a3ffe6a574ade98,19,2026-10-07T04:12:40.236534+00:00
17,1,2,558,sram2_rd_stall_limit,True,0,True,False,1,True,,73960904,1,13,,2,5,4,FTDI-00FT46259002B,FI101-r1p0 (109762 v0100),0x504d574c,owner-verbal-2026-09-23,0f215ef53ddd602ced432ecefe2733a5ac3f025fe03bd192a05bd311b2d00dc8,13c906de50f28f449b55287e6af916c14d4c52c5924ab5a0580d3147c2070462,81d37a219a6b4141d0b433796711ab8af2ee2c3c668a28143a3ffe6a574ade98,19,2026-10-07T04:12:40.236534+00:00
17,1,3,559,sram2_wr_stall_limit,True,0,True,False,1,True,,73960904,1,13,,2,5,4,FTDI-00FT46259002B,FI101-r1p0 (109762 v0100),0x504d574c,owner-verbal-2026-09-23,0f215ef53ddd602ced432ecefe2733a5ac3f025fe03bd192a05bd311b2d00dc8,13c906de50f28f449b55287e6af916c14d4c52c5924ab5a0580d3147c2070462,81d37a219a6b4141d0b433796711ab8af2ee2c3c668a28143a3ffe6a574ade98,19,2026-10-07T04:12:40.236534+00:00
17,1,4,560,sram3_rd_trans_accepted,True,0,True,False,1,True,,73960904,1,13,,2,5,4,FTDI-00FT46259002B,FI101-r1p0 (109762 v0100),0x504d574c,owner-verbal-2026-09-23,0f215ef53ddd602ced432ecefe2733a5ac3f025fe03bd192a05bd311b2d00dc8,13c906de50f28f449b55287e6af916c14d4c52c5924ab5a0580d3147c2070462,81d37a219a6b4141d0b433796711ab8af2ee2c3c668a28143a3ffe6a574ade98,19,2026-10-07T04:12:40.236534+00:00
17,1,5,561,sram3_rd_trans_completed,True,0,True,False,1,True,,73960904,1,13,,2,5,4,FTDI-00FT46259002B,FI101-r1p0 (109762 v0100),0x504d574c,owner-verbal-2026-09-23,0f215ef53ddd602ced432ecefe2733a5ac3f025fe03bd192a05bd311b2d00dc8,13c906de50f28f449b55287e6af916c14d4c52c5924ab5a0580d3147c2070462,81d37a219a6b4141d0b433796711ab8af2ee2c3c668a28143a3ffe6a574ade98,19,2026-10-07T04:12:40.236534+00:00
17,1,6,562,sram3_rd_data_beat_received,True,0,True,False,1,True,,73960904,1,13,,2,5,4,FTDI-00FT46259002B,FI101-r1p0 (109762 v0100),0x504d574c,owner-verbal-2026-09-23,0f215ef53ddd602ced432ecefe2733a5ac3f025fe03bd192a05bd311b2d00dc8,13c906de50f28f449b55287e6af916c14d4c52c5924ab5a0580d3147c2070462,81d37a219a6b4141d0b433796711ab8af2ee2c3c668a28143a3ffe6a574ade98,19,2026-10-07T04:12:40.236534+00:00
17,1,7,563,sram3_rd_tran_req_stalled,True,0,True,False,1,True,,73960904,1,13,,2,5,4,FTDI-00FT46259002B,FI101-r1p0 (109762 v0100),0x504d574c,owner-verbal-2026-09-23,0f215ef53ddd602ced432ecefe2733a5ac3f025fe03bd192a05bd311b2d00dc8,13c906de50f28f449b55287e6af916c14d4c52c5924ab5a0580d3147c2070462,81d37a219a6b4141d0b433796711ab8af2ee2c3c668a28143a3ffe6a574ade98,19,2026-10-07T04:12:40.236534+00:00
17,2,0,553,sram2_wr_data_beat_stalled,True,0,True,False,1,True,,73959685,1,13,,2,5,4,FTDI-00FT46259002B,FI101-r1p0 (109762 v0100),0x504d574c,owner-verbal-2026-09-23,0f215ef53ddd602ced432ecefe2733a5ac3f025fe03bd192a05bd311b2d00dc8,13c906de50f28f449b55287e6af916c14d4c52c5924ab5a0580d3147c2070462,81d37a219a6b4141d0b433796711ab8af2ee2c3c668a28143a3ffe6a574ade98,19,2026-10-07T04:12:40.236534+00:00
17,2,1,556,sram2_enabled_cycles,True,0,True,False,1,True,,73959685,1,13,,2,5,4,FTDI-00FT46259002B,FI101-r1p0 (109762 v0100),0x504d574c,owner-verbal-2026-09-23,0f215ef53ddd602ced432ecefe2733a5ac3f025fe03bd192a05bd311b2d00dc8,13c906de50f28f449b55287e6af916c14d4c52c5924ab5a0580d3147c2070462,81d37a219a6b4141d0b433796711ab8af2ee2c3c668a28143a3ffe6a574ade98,19,2026-10-07T04:12:40.236534+00:00
17,2,2,558,sram2_rd_stall_limit,True,0,True,False,1,True,,73959685,1,13,,2,5,4,FTDI-00FT46259002B,FI101-r1p0 (109762 v0100),0x504d574c,owner-verbal-2026-09-23,0f215ef53ddd602ced432ecefe2733a5ac3f025fe03bd192a05bd311b2d00dc8,13c906de50f28f449b55287e6af916c14d4c52c5924ab5a0580d3147c2070462,81d37a219a6b4141d0b433796711ab8af2ee2c3c668a28143a3ffe6a574ade98,19,2026-10-07T04:12:40.236534+00:00
17,2,3,559,sram2_wr_stall_limit,True,0,True,False,1,True,,73959685,1,13,,2,5,4,FTDI-00FT46259002B,FI101-r1p0 (109762 v0100),0x504d574c,owner-verbal-2026-09-23,0f215ef53ddd602ced432ecefe2733a5ac3f025fe03bd192a05bd311b2d00dc8,13c906de50f28f449b55287e6af916c14d4c52c5924ab5a0580d3147c2070462,81d37a219a6b4141d0b433796711ab8af2ee2c3c668a28143a3ffe6a574ade98,19,2026-10-07T04:12:40.236534+00:00
17,2,4,560,sram3_rd_trans_accepted,True,0,True,False,1,True,,73959685,1,13,,2,5,4,FTDI-00FT46259002B,FI101-r1p0 (109762 v0100),0x504d574c,owner-verbal-2026-09-23,0f215ef53ddd602ced432ecefe2733a5ac3f025fe03bd192a05bd311b2d00dc8,13c906de50f28f449b55287e6af916c14d4c52c5924ab5a0580d3147c2070462,81d37a219a6b4141d0b433796711ab8af2ee2c3c668a28143a3ffe6a574ade98,19,2026-10-07T04:12:40.236534+00:00
17,2,5,561,sram3_rd_trans_completed,True,0,True,False,1,True,,73959685,1,13,,2,5,4,FTDI-00FT46259002B,FI101-r1p0 (109762 v0100),0x504d574c,owner-verbal-2026-09-23,0f215ef53ddd602ced432ecefe2733a5ac3f025fe03bd192a05bd311b2d00dc8,13c906de50f28f449b55287e6af916c14d4c52c5924ab5a0580d3147c2070462,81d37a219a6b4141d0b433796711ab8af2ee2c3c668a28143a3ffe6a574ade98,19,2026-10-07T04:12:40.236534+00:00
17,2,6,562,sram3_rd_data_beat_received,True,0,True,False,1,True,,73959685,1,13,,2,5,4,FTDI-00FT46259002B,FI101-r1p0 (109762 v0100),0x504d574c,owner-verbal-2026-09-23,0f215ef53ddd602ced432ecefe2733a5ac3f025fe03bd192a05bd311b2d00dc8,13c906de50f28f449b55287e6af916c14d4c52c5924ab5a0580d3147c2070462,81d37a219a6b4141d0b433796711ab8af2ee2c3c668a28143a3ffe6a574ade98,19,2026-10-07T04:12:40.236534+00:00
17,2,7,563,sram3_rd_tran_req_stalled,True,0,True,False,1,True,,73959685,1,13,,2,5,4,FTDI-00FT46259002B,FI101-r1p0 (109762 v0100),0x504d574c,owner-verbal-2026-09-23,0f215ef53ddd602ced432ecefe2733a5ac3f025fe03bd192a05bd311b2d00dc8,13c906de50f28f449b55287e6af916c14d4c52c5924ab5a0580d3147c2070462,81d37a219a6b4141d0b433796711ab8af2ee2c3c668a28143a3ffe6a574ade98,19,2026-10-07T04:12:40.236534+00:00
17,3,0,553,sram2_wr_data_beat_stalled,True,0,True,False,1,True,,73957979,1,13,,2,5,4,FTDI-00FT46259002B,FI101-r1p0 (109762 v0100),0x504d574c,owner-verbal-2026-09-23,0f215ef53ddd602ced432ecefe2733a5ac3f025fe03bd192a05bd311b2d00dc8,13c906de50f28f449b55287e6af916c14d4c52c5924ab5a0580d3147c2070462,81d37a219a6b4141d0b433796711ab8af2ee2c3c668a28143a3ffe6a574ade98,19,2026-10-07T04:12:40.236534+00:00
17,3,1,556,sram2_enabled_cycles,True,0,True,False,1,True,,73957979,1,13,,2,5,4,FTDI-00FT46259002B,FI101-r1p0 (109762 v0100),0x504d574c,owner-verbal-2026-09-23,0f215ef53ddd602ced432ecefe2733a5ac3f025fe03bd192a05bd311b2d00dc8,13c906de50f28f449b55287e6af916c14d4c52c5924ab5a0580d3147c2070462,81d37a219a6b4141d0b433796711ab8af2ee2c3c668a28143a3ffe6a574ade98,19,2026-10-07T04:12:40.236534+00:00
17,3,2,558,sram2_rd_stall_limit,True,0,True,False,1,True,,73957979,1,13,,2,5,4,FTDI-00FT46259002B,FI101-r1p0 (109762 v0100),0x504d574c,owner-verbal-2026-09-23,0f215ef53ddd602ced432ecefe2733a5ac3f025fe03bd192a05bd311b2d00dc8,13c906de50f28f449b55287e6af916c14d4c52c5924ab5a0580d3147c2070462,81d37a219a6b4141d0b433796711ab8af2ee2c3c668a28143a3ffe6a574ade98,19,2026-10-07T04:12:40.236534+00:00
17,3,3,559,sram2_wr_stall_limit,True,0,True,False,1,True,,73957979,1,13,,2,5,4,FTDI-00FT46259002B,FI101-r1p0 (109762 v0100),0x504d574c,owner-verbal-2026-09-23,0f215ef53ddd602ced432ecefe2733a5ac3f025fe03bd192a05bd311b2d00dc8,13c906de50f28f449b55287e6af916c14d4c52c5924ab5a0580d3147c2070462,81d37a219a6b4141d0b433796711ab8af2ee2c3c668a28143a3ffe6a574ade98,19,2026-10-07T04:12:40.236534+00:00
17,3,4,560,sram3_rd_trans_accepted,True,0,True,False,1,True,,73957979,1,13,,2,5,4,FTDI-00FT46259002B,FI101-r1p0 (109762 v0100),0x504d574c,owner-verbal-2026-09-23,0f215ef53ddd602ced432ecefe2733a5ac3f025fe03bd192a05bd311b2d00dc8,13c906de50f28f449b55287e6af916c14d4c52c5924ab5a0580d3147c2070462,81d37a219a6b4141d0b433796711ab8af2ee2c3c668a28143a3ffe6a574ade98,19,2026-10-07T04:12:40.236534+00:00
17,3,5,561,sram3_rd_trans_completed,True,0,True,False,1,True,,73957979,1,13,,2,5,4,FTDI-00FT46259002B,FI101-r1p0 (109762 v0100),0x504d574c,owner-verbal-2026-09-23,0f215ef53ddd602ced432ecefe2733a5ac3f025fe03bd192a05bd311b2d00dc8,13c906de50f28f449b55287e6af916c14d4c52c5924ab5a0580d3147c2070462,81d37a219a6b4141d0b433796711ab8af2ee2c3c668a28143a3ffe6a574ade98,19,2026-10-07T04:12:40.236534+00:00
17,3,6,562,sram3_rd_data_beat_received,True,0,True,False,1,True,,73957979,1,13,,2,5,4,FTDI-00FT46259002B,FI101-r1p0 (109762 v0100),0x504d574c,owner-verbal-2026-09-23,0f215ef53ddd602ced432ecefe2733a5ac3f025fe03bd192a05bd311b2d00dc8,13c906de50f28f449b55287e6af916c14d4c52c5924ab5a0580d3147c2070462,81d37a219a6b4141d0b433796711ab8af2ee2c3c668a28143a3ffe6a574ade98,19,2026-10-07T04:12:40.236534+00:00
17,3,7,563,sram3_rd_tran_req_stalled,True,0,True,False,1,True,,73957979,1,13,,2,5,4,FTDI-00FT46259002B,FI101-r1p0 (109762 v0100),0x504d574c,owner-verbal-2026-09-23,0f215ef53ddd602ced432ecefe2733a5ac3f025fe03bd192a05bd311b2d00dc8,13c906de50f28f449b55287e6af916c14d4c52c5924ab5a0580d3147c2070462,81d37a219a6b4141d0b433796711ab8af2ee2c3c668a28143a3ffe6a574ade98,19,2026-10-07T04:12:40.236534+00:00
18,1,0,564,sram3_wr_trans_accepted,True,0,True,False,1,True,,73966117,1,13,,2,5,4,FTDI-00FT46259002B,FI101-r1p0 (109762 v0100),0x504d574c,owner-verbal-2026-09-23,0f215ef53ddd602ced432ecefe2733a5ac3f025fe03bd192a05bd311b2d00dc8,13c906de50f28f449b55287e6af916c14d4c52c5924ab5a0580d3147c2070462,81d37a219a6b4141d0b433796711ab8af2ee2c3c668a28143a3ffe6a574ade98,19,2026-10-07T04:12:40.236534+00:00
18,1,1,565,sram3_wr_trans_completed_m,False,0,True,False,1,True,,73966117,1,13,,2,5,4,FTDI-00FT46259002B,FI101-r1p0 (109762 v0100),0x504d574c,owner-verbal-2026-09-23,0f215ef53ddd602ced432ecefe2733a5ac3f025fe03bd192a05bd311b2d00dc8,13c906de50f28f449b55287e6af916c14d4c52c5924ab5a0580d3147c2070462,81d37a219a6b4141d0b433796711ab8af2ee2c3c668a28143a3ffe6a574ade98,19,2026-10-07T04:12:40.236534+00:00
18,1,2,566,sram3_wr_trans_completed_s,False,0,True,False,1,True,,73966117,1,13,,2,5,4,FTDI-00FT46259002B,FI101-r1p0 (109762 v0100),0x504d574c,owner-verbal-2026-09-23,0f215ef53ddd602ced432ecefe2733a5ac3f025fe03bd192a05bd311b2d00dc8,13c906de50f28f449b55287e6af916c14d4c52c5924ab5a0580d3147c2070462,81d37a219a6b4141d0b433796711ab8af2ee2c3c668a28143a3ffe6a574ade98,19,2026-10-07T04:12:40.236534+00:00
18,1,3,567,sram3_wr_data_beat_written,True,0,True,False,1,True,,73966117,1,13,,2,5,4,FTDI-00FT46259002B,FI101-r1p0 (109762 v0100),0x504d574c,owner-verbal-2026-09-23,0f215ef53ddd602ced432ecefe2733a5ac3f025fe03bd192a05bd311b2d00dc8,13c906de50f28f449b55287e6af916c14d4c52c5924ab5a0580d3147c2070462,81d37a219a6b4141d0b433796711ab8af2ee2c3c668a28143a3ffe6a574ade98,19,2026-10-07T04:12:40.236534+00:00
18,1,4,568,sram3_wr_tran_req_stalled,True,0,True,False,1,True,,73966117,1,13,,2,5,4,FTDI-00FT46259002B,FI101-r1p0 (109762 v0100),0x504d574c,owner-verbal-2026-09-23,0f215ef53ddd602ced432ecefe2733a5ac3f025fe03bd192a05bd311b2d00dc8,13c906de50f28f449b55287e6af916c14d4c52c5924ab5a0580d3147c2070462,81d37a219a6b4141d0b433796711ab8af2ee2c3c668a28143a3ffe6a574ade98,19,2026-10-07T04:12:40.236534+00:00
18,1,5,569,sram3_wr_data_beat_stalled,True,0,True,False,1,True,,73966117,1,13,,2,5,4,FTDI-00FT46259002B,FI101-r1p0 (109762 v0100),0x504d574c,owner-verbal-2026-09-23,0f215ef53ddd602ced432ecefe2733a5ac3f025fe03bd192a05bd311b2d00dc8,13c906de50f28f449b55287e6af916c14d4c52c5924ab5a0580d3147c2070462,81d37a219a6b4141d0b433796711ab8af2ee2c3c668a28143a3ffe6a574ade98,19,2026-10-07T04:12:40.236534+00:00
18,1,6,572,sram3_enabled_cycles,True,0,True,False,1,True,,73966117,1,13,,2,5,4,FTDI-00FT46259002B,FI101-r1p0 (109762 v0100),0x504d574c,owner-verbal-2026-09-23,0f215ef53ddd602ced432ecefe2733a5ac3f025fe03bd192a05bd311b2d00dc8,13c906de50f28f449b55287e6af916c14d4c52c5924ab5a0580d3147c2070462,81d37a219a6b4141d0b433796711ab8af2ee2c3c668a28143a3ffe6a574ade98,19,2026-10-07T04:12:40.236534+00:00
18,1,7,574,sram3_rd_stall_limit,True,0,True,False,1,True,,73966117,1,13,,2,5,4,FTDI-00FT46259002B,FI101-r1p0 (109762 v0100),0x504d574c,owner-verbal-2026-09-23,0f215ef53ddd602ced432ecefe2733a5ac3f025fe03bd192a05bd311b2d00dc8,13c906de50f28f449b55287e6af916c14d4c52c5924ab5a0580d3147c2070462,81d37a219a6b4141d0b433796711ab8af2ee2c3c668a28143a3ffe6a574ade98,19,2026-10-07T04:12:40.236534+00:00
18,2,0,564,sram3_wr_trans_accepted,True,0,True,False,1,True,,73953827,1,13,,2,5,4,FTDI-00FT46259002B,FI101-r1p0 (109762 v0100),0x504d574c,owner-verbal-2026-09-23,0f215ef53ddd602ced432ecefe2733a5ac3f025fe03bd192a05bd311b2d00dc8,13c906de50f28f449b55287e6af916c14d4c52c5924ab5a0580d3147c2070462,81d37a219a6b4141d0b433796711ab8af2ee2c3c668a28143a3ffe6a574ade98,19,2026-10-07T04:12:40.236534+00:00
18,2,1,565,sram3_wr_trans_completed_m,False,0,True,False,1,True,,73953827,1,13,,2,5,4,FTDI-00FT46259002B,FI101-r1p0 (109762 v0100),0x504d574c,owner-verbal-2026-09-23,0f215ef53ddd602ced432ecefe2733a5ac3f025fe03bd192a05bd311b2d00dc8,13c906de50f28f449b55287e6af916c14d4c52c5924ab5a0580d3147c2070462,81d37a219a6b4141d0b433796711ab8af2ee2c3c668a28143a3ffe6a574ade98,19,2026-10-07T04:12:40.236534+00:00
18,2,2,566,sram3_wr_trans_completed_s,False,0,True,False,1,True,,73953827,1,13,,2,5,4,FTDI-00FT46259002B,FI101-r1p0 (109762 v0100),0x504d574c,owner-verbal-2026-09-23,0f215ef53ddd602ced432ecefe2733a5ac3f025fe03bd192a05bd311b2d00dc8,13c906de50f28f449b55287e6af916c14d4c52c5924ab5a0580d3147c2070462,81d37a219a6b4141d0b433796711ab8af2ee2c3c668a28143a3ffe6a574ade98,19,2026-10-07T04:12:40.236534+00:00
18,2,3,567,sram3_wr_data_beat_written,True,0,True,False,1,True,,73953827,1,13,,2,5,4,FTDI-00FT46259002B,FI101-r1p0 (109762 v0100),0x504d574c,owner-verbal-2026-09-23,0f215ef53ddd602ced432ecefe2733a5ac3f025fe03bd192a05bd311b2d00dc8,13c906de50f28f449b55287e6af916c14d4c52c5924ab5a0580d3147c2070462,81d37a219a6b4141d0b433796711ab8af2ee2c3c668a28143a3ffe6a574ade98,19,2026-10-07T04:12:40.236534+00:00
18,2,4,568,sram3_wr_tran_req_stalled,True,0,True,False,1,True,,73953827,1,13,,2,5,4,FTDI-00FT46259002B,FI101-r1p0 (109762 v0100),0x504d574c,owner-verbal-2026-09-23,0f215ef53ddd602ced432ecefe2733a5ac3f025fe03bd192a05bd311b2d00dc8,13c906de50f28f449b55287e6af916c14d4c52c5924ab5a0580d3147c2070462,81d37a219a6b4141d0b433796711ab8af2ee2c3c668a28143a3ffe6a574ade98,19,2026-10-07T04:12:40.236534+00:00
18,2,5,569,sram3_wr_data_beat_stalled,True,0,True,False,1,True,,73953827,1,13,,2,5,4,FTDI-00FT46259002B,FI101-r1p0 (109762 v0100),0x504d574c,owner-verbal-2026-09-23,0f215ef53ddd602ced432ecefe2733a5ac3f025fe03bd192a05bd311b2d00dc8,13c906de50f28f449b55287e6af916c14d4c52c5924ab5a0580d3147c2070462,81d37a219a6b4141d0b433796711ab8af2ee2c3c668a28143a3ffe6a574ade98,19,2026-10-07T04:12:40.236534+00:00
18,2,6,572,sram3_enabled_cycles,True,0,True,False,1,True,,73953827,1,13,,2,5,4,FTDI-00FT46259002B,FI101-r1p0 (109762 v0100),0x504d574c,owner-verbal-2026-09-23,0f215ef53ddd602ced432ecefe2733a5ac3f025fe03bd192a05bd311b2d00dc8,13c906de50f28f449b55287e6af916c14d4c52c5924ab5a0580d3147c2070462,81d37a219a6b4141d0b433796711ab8af2ee2c3c668a28143a3ffe6a574ade98,19,2026-10-07T04:12:40.236534+00:00
18,2,7,574,sram3_rd_stall_limit,True,0,True,False,1,True,,73953827,1,13,,2,5,4,FTDI-00FT46259002B,FI101-r1p0 (109762 v0100),0x504d574c,owner-verbal-2026-09-23,0f215ef53ddd602ced432ecefe2733a5ac3f025fe03bd192a05bd311b2d00dc8,13c906de50f28f449b55287e6af916c14d4c52c5924ab5a0580d3147c2070462,81d37a219a6b4141d0b433796711ab8af2ee2c3c668a28143a3ffe6a574ade98,19,2026-10-07T04:12:40.236534+00:00
18,3,0,564,sram3_wr_trans_accepted,True,0,True,False,1,True,,73953863,1,13,,2,5,4,FTDI-00FT46259002B,FI101-r1p0 (109762 v0100),0x504d574c,owner-verbal-2026-09-23,0f215ef53ddd602ced432ecefe2733a5ac3f025fe03bd192a05bd311b2d00dc8,13c906de50f28f449b55287e6af916c14d4c52c5924ab5a0580d3147c2070462,81d37a219a6b4141d0b433796711ab8af2ee2c3c668a28143a3ffe6a574ade98,19,2026-10-07T04:12:40.236534+00:00
18,3,1,565,sram3_wr_trans_completed_m,False,0,True,False,1,True,,73953863,1,13,,2,5,4,FTDI-00FT46259002B,FI101-r1p0 (109762 v0100),0x504d574c,owner-verbal-2026-09-23,0f215ef53ddd602ced432ecefe2733a5ac3f025fe03bd192a05bd311b2d00dc8,13c906de50f28f449b55287e6af916c14d4c52c5924ab5a0580d3147c2070462,81d37a219a6b4141d0b433796711ab8af2ee2c3c668a28143a3ffe6a574ade98,19,2026-10-07T04:12:40.236534+00:00
18,3,2,566,sram3_wr_trans_completed_s,False,0,True,False,1,True,,73953863,1,13,,2,5,4,FTDI-00FT46259002B,FI101-r1p0 (109762 v0100),0x504d574c,owner-verbal-2026-09-23,0f215ef53ddd602ced432ecefe2733a5ac3f025fe03bd192a05bd311b2d00dc8,13c906de50f28f449b55287e6af916c14d4c52c5924ab5a0580d3147c2070462,81d37a219a6b4141d0b433796711ab8af2ee2c3c668a28143a3ffe6a574ade98,19,2026-10-07T04:12:40.236534+00:00
18,3,3,567,sram3_wr_data_beat_written,True,0,True,False,1,True,,73953863,1,13,,2,5,4,FTDI-00FT46259002B,FI101-r1p0 (109762 v0100),0x504d574c,owner-verbal-2026-09-23,0f215ef53ddd602ced432ecefe2733a5ac3f025fe03bd192a05bd311b2d00dc8,13c906de50f28f449b55287e6af916c14d4c52c5924ab5a0580d3147c2070462,81d37a219a6b4141d0b433796711ab8af2ee2c3c668a28143a3ffe6a574ade98,19,2026-10-07T04:12:40.236534+00:00
18,3,4,568,sram3_wr_tran_req_stalled,True,0,True,False,1,True,,73953863,1,13,,2,5,4,FTDI-00FT46259002B,FI101-r1p0 (109762 v0100),0x504d574c,owner-verbal-2026-09-23,0f215ef53ddd602ced432ecefe2733a5ac3f025fe03bd192a05bd311b2d00dc8,13c906de50f28f449b55287e6af916c14d4c52c5924ab5a0580d3147c2070462,81d37a219a6b4141d0b433796711ab8af2ee2c3c668a28143a3ffe6a574ade98,19,2026-10-07T04:12:40.236534+00:00
18,3,5,569,sram3_wr_data_beat_stalled,True,0,True,False,1,True,,73953863,1,13,,2,5,4,FTDI-00FT46259002B,FI101-r1p0 (109762 v0100),0x504d574c,owner-verbal-2026-09-23,0f215ef53ddd602ced432ecefe2733a5ac3f025fe03bd192a05bd311b2d00dc8,13c906de50f28f449b55287e6af916c14d4c52c5924ab5a0580d3147c2070462,81d37a219a6b4141d0b433796711ab8af2ee2c3c668a28143a3ffe6a574ade98,19,2026-10-07T04:12:40.236534+00:00
18,3,6,572,sram3_enabled_cycles,True,0,True,False,1,True,,73953863,1,13,,2,5,4,FTDI-00FT46259002B,FI101-r1p0 (109762 v0100),0x504d574c,owner-verbal-2026-09-23,0f215ef53ddd602ced432ecefe2733a5ac3f025fe03bd192a05bd311b2d00dc8,13c906de50f28f449b55287e6af916c14d4c52c5924ab5a0580d3147c2070462,81d37a219a6b4141d0b433796711ab8af2ee2c3c668a28143a3ffe6a574ade98,19,2026-10-07T04:12:40.236534+00:00
18,3,7,574,sram3_rd_stall_limit,True,0,True,False,1,True,,73953863,1,13,,2,5,4,FTDI-00FT46259002B,FI101-r1p0 (109762 v0100),0x504d574c,owner-verbal-2026-09-23,0f215ef53ddd602ced432ecefe2733a5ac3f025fe03bd192a05bd311b2d00dc8,13c906de50f28f449b55287e6af916c14d4c52c5924ab5a0580d3147c2070462,81d37a219a6b4141d0b433796711ab8af2ee2c3c668a28143a3ffe6a574ade98,19,2026-10-07T04:12:40.236534+00:00
19,1,0,575,sram3_wr_stall_limit,True,0,True,False,1,True,,73953375,1,13,,2,5,4,FTDI-00FT46259002B,FI101-r1p0 (109762 v0100),0x504d574c,owner-verbal-2026-09-23,0f215ef53ddd602ced432ecefe2733a5ac3f025fe03bd192a05bd311b2d00dc8,13c906de50f28f449b55287e6af916c14d4c52c5924ab5a0580d3147c2070462,81d37a219a6b4141d0b433796711ab8af2ee2c3c668a28143a3ffe6a574ade98,19,2026-10-07T04:12:40.236534+00:00
19,1,1,640,ext0_rd_trans_accepted,True,7855,True,False,1,True,,73953375,1,13,,2,5,4,FTDI-00FT46259002B,FI101-r1p0 (109762 v0100),0x504d574c,owner-verbal-2026-09-23,0f215ef53ddd602ced432ecefe2733a5ac3f025fe03bd192a05bd311b2d00dc8,13c906de50f28f449b55287e6af916c14d4c52c5924ab5a0580d3147c2070462,81d37a219a6b4141d0b433796711ab8af2ee2c3c668a28143a3ffe6a574ade98,19,2026-10-07T04:12:40.236534+00:00
19,1,2,641,ext0_rd_trans_completed,True,7855,True,False,1,True,,73953375,1,13,,2,5,4,FTDI-00FT46259002B,FI101-r1p0 (109762 v0100),0x504d574c,owner-verbal-2026-09-23,0f215ef53ddd602ced432ecefe2733a5ac3f025fe03bd192a05bd311b2d00dc8,13c906de50f28f449b55287e6af916c14d4c52c5924ab5a0580d3147c2070462,81d37a219a6b4141d0b433796711ab8af2ee2c3c668a28143a3ffe6a574ade98,19,2026-10-07T04:12:40.236534+00:00
19,1,3,642,ext0_rd_data_beat_received,True,111734,True,False,1,True,,73953375,1,13,,2,5,4,FTDI-00FT46259002B,FI101-r1p0 (109762 v0100),0x504d574c,owner-verbal-2026-09-23,0f215ef53ddd602ced432ecefe2733a5ac3f025fe03bd192a05bd311b2d00dc8,13c906de50f28f449b55287e6af916c14d4c52c5924ab5a0580d3147c2070462,81d37a219a6b4141d0b433796711ab8af2ee2c3c668a28143a3ffe6a574ade98,19,2026-10-07T04:12:40.236534+00:00
19,1,4,643,ext0_rd_tran_req_stalled,True,1222673,True,False,1,True,,73953375,1,13,,2,5,4,FTDI-00FT46259002B,FI101-r1p0 (109762 v0100),0x504d574c,owner-verbal-2026-09-23,0f215ef53ddd602ced432ecefe2733a5ac3f025fe03bd192a05bd311b2d00dc8,13c906de50f28f449b55287e6af916c14d4c52c5924ab5a0580d3147c2070462,81d37a219a6b4141d0b433796711ab8af2ee2c3c668a28143a3ffe6a574ade98,19,2026-10-07T04:12:40.236534+00:00
19,1,5,644,ext0_wr_trans_accepted,True,0,True,False,1,True,,73953375,1,13,,2,5,4,FTDI-00FT46259002B,FI101-r1p0 (109762 v0100),0x504d574c,owner-verbal-2026-09-23,0f215ef53ddd602ced432ecefe2733a5ac3f025fe03bd192a05bd311b2d00dc8,13c906de50f28f449b55287e6af916c14d4c52c5924ab5a0580d3147c2070462,81d37a219a6b4141d0b433796711ab8af2ee2c3c668a28143a3ffe6a574ade98,19,2026-10-07T04:12:40.236534+00:00
19,1,6,645,ext0_wr_trans_completed_m,False,0,True,False,1,True,,73953375,1,13,,2,5,4,FTDI-00FT46259002B,FI101-r1p0 (109762 v0100),0x504d574c,owner-verbal-2026-09-23,0f215ef53ddd602ced432ecefe2733a5ac3f025fe03bd192a05bd311b2d00dc8,13c906de50f28f449b55287e6af916c14d4c52c5924ab5a0580d3147c2070462,81d37a219a6b4141d0b433796711ab8af2ee2c3c668a28143a3ffe6a574ade98,19,2026-10-07T04:12:40.236534+00:00
19,1,7,646,ext0_wr_trans_completed_s,False,0,True,False,1,True,,73953375,1,13,,2,5,4,FTDI-00FT46259002B,FI101-r1p0 (109762 v0100),0x504d574c,owner-verbal-2026-09-23,0f215ef53ddd602ced432ecefe2733a5ac3f025fe03bd192a05bd311b2d00dc8,13c906de50f28f449b55287e6af916c14d4c52c5924ab5a0580d3147c2070462,81d37a219a6b4141d0b433796711ab8af2ee2c3c668a28143a3ffe6a574ade98,19,2026-10-07T04:12:40.236534+00:00
19,2,0,575,sram3_wr_stall_limit,True,0,True,False,1,True,,73958644,1,13,,2,5,4,FTDI-00FT46259002B,FI101-r1p0 (109762 v0100),0x504d574c,owner-verbal-2026-09-23,0f215ef53ddd602ced432ecefe2733a5ac3f025fe03bd192a05bd311b2d00dc8,13c906de50f28f449b55287e6af916c14d4c52c5924ab5a0580d3147c2070462,81d37a219a6b4141d0b433796711ab8af2ee2c3c668a28143a3ffe6a574ade98,19,2026-10-07T04:12:40.236534+00:00
19,2,1,640,ext0_rd_trans_accepted,True,7855,True,False,1,True,,73958644,1,13,,2,5,4,FTDI-00FT46259002B,FI101-r1p0 (109762 v0100),0x504d574c,owner-verbal-2026-09-23,0f215ef53ddd602ced432ecefe2733a5ac3f025fe03bd192a05bd311b2d00dc8,13c906de50f28f449b55287e6af916c14d4c52c5924ab5a0580d3147c2070462,81d37a219a6b4141d0b433796711ab8af2ee2c3c668a28143a3ffe6a574ade98,19,2026-10-07T04:12:40.236534+00:00
19,2,2,641,ext0_rd_trans_completed,True,7855,True,False,1,True,,73958644,1,13,,2,5,4,FTDI-00FT46259002B,FI101-r1p0 (109762 v0100),0x504d574c,owner-verbal-2026-09-23,0f215ef53ddd602ced432ecefe2733a5ac3f025fe03bd192a05bd311b2d00dc8,13c906de50f28f449b55287e6af916c14d4c52c5924ab5a0580d3147c2070462,81d37a219a6b4141d0b433796711ab8af2ee2c3c668a28143a3ffe6a574ade98,19,2026-10-07T04:12:40.236534+00:00
19,2,3,642,ext0_rd_data_beat_received,True,111734,True,False,1,True,,73958644,1,13,,2,5,4,FTDI-00FT46259002B,FI101-r1p0 (109762 v0100),0x504d574c,owner-verbal-2026-09-23,0f215ef53ddd602ced432ecefe2733a5ac3f025fe03bd192a05bd311b2d00dc8,13c906de50f28f449b55287e6af916c14d4c52c5924ab5a0580d3147c2070462,81d37a219a6b4141d0b433796711ab8af2ee2c3c668a28143a3ffe6a574ade98,19,2026-10-07T04:12:40.236534+00:00
19,2,4,643,ext0_rd_tran_req_stalled,True,1226745,True,False,1,True,,73958644,1,13,,2,5,4,FTDI-00FT46259002B,FI101-r1p0 (109762 v0100),0x504d574c,owner-verbal-2026-09-23,0f215ef53ddd602ced432ecefe2733a5ac3f025fe03bd192a05bd311b2d00dc8,13c906de50f28f449b55287e6af916c14d4c52c5924ab5a0580d3147c2070462,81d37a219a6b4141d0b433796711ab8af2ee2c3c668a28143a3ffe6a574ade98,19,2026-10-07T04:12:40.236534+00:00
19,2,5,644,ext0_wr_trans_accepted,True,0,True,False,1,True,,73958644,1,13,,2,5,4,FTDI-00FT46259002B,FI101-r1p0 (109762 v0100),0x504d574c,owner-verbal-2026-09-23,0f215ef53ddd602ced432ecefe2733a5ac3f025fe03bd192a05bd311b2d00dc8,13c906de50f28f449b55287e6af916c14d4c52c5924ab5a0580d3147c2070462,81d37a219a6b4141d0b433796711ab8af2ee2c3c668a28143a3ffe6a574ade98,19,2026-10-07T04:12:40.236534+00:00
19,2,6,645,ext0_wr_trans_completed_m,False,0,True,False,1,True,,73958644,1,13,,2,5,4,FTDI-00FT46259002B,FI101-r1p0 (109762 v0100),0x504d574c,owner-verbal-2026-09-23,0f215ef53ddd602ced432ecefe2733a5ac3f025fe03bd192a05bd311b2d00dc8,13c906de50f28f449b55287e6af916c14d4c52c5924ab5a0580d3147c2070462,81d37a219a6b4141d0b433796711ab8af2ee2c3c668a28143a3ffe6a574ade98,19,2026-10-07T04:12:40.236534+00:00
19,2,7,646,ext0_wr_trans_completed_s,False,0,True,False,1,True,,73958644,1,13,,2,5,4,FTDI-00FT46259002B,FI101-r1p0 (109762 v0100),0x504d574c,owner-verbal-2026-09-23,0f215ef53ddd602ced432ecefe2733a5ac3f025fe03bd192a05bd311b2d00dc8,13c906de50f28f449b55287e6af916c14d4c52c5924ab5a0580d3147c2070462,81d37a219a6b4141d0b433796711ab8af2ee2c3c668a28143a3ffe6a574ade98,19,2026-10-07T04:12:40.236534+00:00
19,3,0,575,sram3_wr_stall_limit,True,0,True,False,1,True,,73955664,1,13,,2,5,4,FTDI-00FT46259002B,FI101-r1p0 (109762 v0100),0x504d574c,owner-verbal-2026-09-23,0f215ef53ddd602ced432ecefe2733a5ac3f025fe03bd192a05bd311b2d00dc8,13c906de50f28f449b55287e6af916c14d4c52c5924ab5a0580d3147c2070462,81d37a219a6b4141d0b433796711ab8af2ee2c3c668a28143a3ffe6a574ade98,19,2026-10-07T04:12:40.236534+00:00
19,3,1,640,ext0_rd_trans_accepted,True,7855,True,False,1,True,,73955664,1,13,,2,5,4,FTDI-00FT46259002B,FI101-r1p0 (109762 v0100),0x504d574c,owner-verbal-2026-09-23,0f215ef53ddd602ced432ecefe2733a5ac3f025fe03bd192a05bd311b2d00dc8,13c906de50f28f449b55287e6af916c14d4c52c5924ab5a0580d3147c2070462,81d37a219a6b4141d0b433796711ab8af2ee2c3c668a28143a3ffe6a574ade98,19,2026-10-07T04:12:40.236534+00:00
19,3,2,641,ext0_rd_trans_completed,True,7855,True,False,1,True,,73955664,1,13,,2,5,4,FTDI-00FT46259002B,FI101-r1p0 (109762 v0100),0x504d574c,owner-verbal-2026-09-23,0f215ef53ddd602ced432ecefe2733a5ac3f025fe03bd192a05bd311b2d00dc8,13c906de50f28f449b55287e6af916c14d4c52c5924ab5a0580d3147c2070462,81d37a219a6b4141d0b433796711ab8af2ee2c3c668a28143a3ffe6a574ade98,19,2026-10-07T04:12:40.236534+00:00
19,3,3,642,ext0_rd_data_beat_received,True,111734,True,False,1,True,,73955664,1,13,,2,5,4,FTDI-00FT46259002B,FI101-r1p0 (109762 v0100),0x504d574c,owner-verbal-2026-09-23,0f215ef53ddd602ced432ecefe2733a5ac3f025fe03bd192a05bd311b2d00dc8,13c906de50f28f449b55287e6af916c14d4c52c5924ab5a0580d3147c2070462,81d37a219a6b4141d0b433796711ab8af2ee2c3c668a28143a3ffe6a574ade98,19,2026-10-07T04:12:40.236534+00:00
19,3,4,643,ext0_rd_tran_req_stalled,True,1233141,True,False,1,True,,73955664,1,13,,2,5,4,FTDI-00FT46259002B,FI101-r1p0 (109762 v0100),0x504d574c,owner-verbal-2026-09-23,0f215ef53ddd602ced432ecefe2733a5ac3f025fe03bd192a05bd311b2d00dc8,13c906de50f28f449b55287e6af916c14d4c52c5924ab5a0580d3147c2070462,81d37a219a6b4141d0b433796711ab8af2ee2c3c668a28143a3ffe6a574ade98,19,2026-10-07T04:12:40.236534+00:00
19,3,5,644,ext0_wr_trans_accepted,True,0,True,False,1,True,,73955664,1,13,,2,5,4,FTDI-00FT46259002B,FI101-r1p0 (109762 v0100),0x504d574c,owner-verbal-2026-09-23,0f215ef53ddd602ced432ecefe2733a5ac3f025fe03bd192a05bd311b2d00dc8,13c906de50f28f449b55287e6af916c14d4c52c5924ab5a0580d3147c2070462,81d37a219a6b4141d0b433796711ab8af2ee2c3c668a28143a3ffe6a574ade98,19,2026-10-07T04:12:40.236534+00:00
19,3,6,645,ext0_wr_trans_completed_m,False,0,True,False,1,True,,73955664,1,13,,2,5,4,FTDI-00FT46259002B,FI101-r1p0 (109762 v0100),0x504d574c,owner-verbal-2026-09-23,0f215ef53ddd602ced432ecefe2733a5ac3f025fe03bd192a05bd311b2d00dc8,13c906de50f28f449b55287e6af916c14d4c52c5924ab5a0580d3147c2070462,81d37a219a6b4141d0b433796711ab8af2ee2c3c668a28143a3ffe6a574ade98,19,2026-10-07T04:12:40.236534+00:00
19,3,7,646,ext0_wr_trans_completed_s,False,0,True,False,1,True,,73955664,1,13,,2,5,4,FTDI-00FT46259002B,FI101-r1p0 (109762 v0100),0x504d574c,owner-verbal-2026-09-23,0f215ef53ddd602ced432ecefe2733a5ac3f025fe03bd192a05bd311b2d00dc8,13c906de50f28f449b55287e6af916c14d4c52c5924ab5a0580d3147c2070462,81d37a219a6b4141d0b433796711ab8af2ee2c3c668a28143a3ffe6a574ade98,19,2026-10-07T04:12:40.236534+00:00
20,1,0,647,ext0_wr_data_beat_written,True,0,True,False,1,True,,73961204,1,13,,2,5,4,FTDI-00FT46259002B,FI101-r1p0 (109762 v0100),0x504d574c,owner-verbal-2026-09-23,0f215ef53ddd602ced432ecefe2733a5ac3f025fe03bd192a05bd311b2d00dc8,13c906de50f28f449b55287e6af916c14d4c52c5924ab5a0580d3147c2070462,81d37a219a6b4141d0b433796711ab8af2ee2c3c668a28143a3ffe6a574ade98,19,2026-10-07T04:12:40.236534+00:00
20,1,1,648,ext0_wr_tran_req_stalled,True,0,True,False,1,True,,73961204,1,13,,2,5,4,FTDI-00FT46259002B,FI101-r1p0 (109762 v0100),0x504d574c,owner-verbal-2026-09-23,0f215ef53ddd602ced432ecefe2733a5ac3f025fe03bd192a05bd311b2d00dc8,13c906de50f28f449b55287e6af916c14d4c52c5924ab5a0580d3147c2070462,81d37a219a6b4141d0b433796711ab8af2ee2c3c668a28143a3ffe6a574ade98,19,2026-10-07T04:12:40.236534+00:00
20,1,2,649,ext0_wr_data_beat_stalled,True,0,True,False,1,True,,73961204,1,13,,2,5,4,FTDI-00FT46259002B,FI101-r1p0 (109762 v0100),0x504d574c,owner-verbal-2026-09-23,0f215ef53ddd602ced432ecefe2733a5ac3f025fe03bd192a05bd311b2d00dc8,13c906de50f28f449b55287e6af916c14d4c52c5924ab5a0580d3147c2070462,81d37a219a6b4141d0b433796711ab8af2ee2c3c668a28143a3ffe6a574ade98,19,2026-10-07T04:12:40.236534+00:00
20,1,3,652,ext0_enabled_cycles,True,73961494,True,False,1,True,,73961204,1,13,,2,5,4,FTDI-00FT46259002B,FI101-r1p0 (109762 v0100),0x504d574c,owner-verbal-2026-09-23,0f215ef53ddd602ced432ecefe2733a5ac3f025fe03bd192a05bd311b2d00dc8,13c906de50f28f449b55287e6af916c14d4c52c5924ab5a0580d3147c2070462,81d37a219a6b4141d0b433796711ab8af2ee2c3c668a28143a3ffe6a574ade98,19,2026-10-07T04:12:40.236534+00:00
20,1,4,654,ext0_rd_stall_limit,True,0,True,False,1,True,,73961204,1,13,,2,5,4,FTDI-00FT46259002B,FI101-r1p0 (109762 v0100),0x504d574c,owner-verbal-2026-09-23,0f215ef53ddd602ced432ecefe2733a5ac3f025fe03bd192a05bd311b2d00dc8,13c906de50f28f449b55287e6af916c14d4c52c5924ab5a0580d3147c2070462,81d37a219a6b4141d0b433796711ab8af2ee2c3c668a28143a3ffe6a574ade98,19,2026-10-07T04:12:40.236534+00:00
20,1,5,655,ext0_wr_stall_limit,True,0,True,False,1,True,,73961204,1,13,,2,5,4,FTDI-00FT46259002B,FI101-r1p0 (109762 v0100),0x504d574c,owner-verbal-2026-09-23,0f215ef53ddd602ced432ecefe2733a5ac3f025fe03bd192a05bd311b2d00dc8,13c906de50f28f449b55287e6af916c14d4c52c5924ab5a0580d3147c2070462,81d37a219a6b4141d0b433796711ab8af2ee2c3c668a28143a3ffe6a574ade98,19,2026-10-07T04:12:40.236534+00:00
20,1,6,656,ext1_rd_trans_accepted,True,7867,True,False,1,True,,73961204,1,13,,2,5,4,FTDI-00FT46259002B,FI101-r1p0 (109762 v0100),0x504d574c,owner-verbal-2026-09-23,0f215ef53ddd602ced432ecefe2733a5ac3f025fe03bd192a05bd311b2d00dc8,13c906de50f28f449b55287e6af916c14d4c52c5924ab5a0580d3147c2070462,81d37a219a6b4141d0b433796711ab8af2ee2c3c668a28143a3ffe6a574ade98,19,2026-10-07T04:12:40.236534+00:00
20,1,7,657,ext1_rd_trans_completed,True,7867,True,False,1,True,,73961204,1,13,,2,5,4,FTDI-00FT46259002B,FI101-r1p0 (109762 v0100),0x504d574c,owner-verbal-2026-09-23,0f215ef53ddd602ced432ecefe2733a5ac3f025fe03bd192a05bd311b2d00dc8,13c906de50f28f449b55287e6af916c14d4c52c5924ab5a0580d3147c2070462,81d37a219a6b4141d0b433796711ab8af2ee2c3c668a28143a3ffe6a574ade98,19,2026-10-07T04:12:40.236534+00:00
20,2,0,647,ext0_wr_data_beat_written,True,0,True,False,1,True,,73954354,1,13,,2,5,4,FTDI-00FT46259002B,FI101-r1p0 (109762 v0100),0x504d574c,owner-verbal-2026-09-23,0f215ef53ddd602ced432ecefe2733a5ac3f025fe03bd192a05bd311b2d00dc8,13c906de50f28f449b55287e6af916c14d4c52c5924ab5a0580d3147c2070462,81d37a219a6b4141d0b433796711ab8af2ee2c3c668a28143a3ffe6a574ade98,19,2026-10-07T04:12:40.236534+00:00
20,2,1,648,ext0_wr_tran_req_stalled,True,0,True,False,1,True,,73954354,1,13,,2,5,4,FTDI-00FT46259002B,FI101-r1p0 (109762 v0100),0x504d574c,owner-verbal-2026-09-23,0f215ef53ddd602ced432ecefe2733a5ac3f025fe03bd192a05bd311b2d00dc8,13c906de50f28f449b55287e6af916c14d4c52c5924ab5a0580d3147c2070462,81d37a219a6b4141d0b433796711ab8af2ee2c3c668a28143a3ffe6a574ade98,19,2026-10-07T04:12:40.236534+00:00
20,2,2,649,ext0_wr_data_beat_stalled,True,0,True,False,1,True,,73954354,1,13,,2,5,4,FTDI-00FT46259002B,FI101-r1p0 (109762 v0100),0x504d574c,owner-verbal-2026-09-23,0f215ef53ddd602ced432ecefe2733a5ac3f025fe03bd192a05bd311b2d00dc8,13c906de50f28f449b55287e6af916c14d4c52c5924ab5a0580d3147c2070462,81d37a219a6b4141d0b433796711ab8af2ee2c3c668a28143a3ffe6a574ade98,19,2026-10-07T04:12:40.236534+00:00
20,2,3,652,ext0_enabled_cycles,True,73954644,True,False,1,True,,73954354,1,13,,2,5,4,FTDI-00FT46259002B,FI101-r1p0 (109762 v0100),0x504d574c,owner-verbal-2026-09-23,0f215ef53ddd602ced432ecefe2733a5ac3f025fe03bd192a05bd311b2d00dc8,13c906de50f28f449b55287e6af916c14d4c52c5924ab5a0580d3147c2070462,81d37a219a6b4141d0b433796711ab8af2ee2c3c668a28143a3ffe6a574ade98,19,2026-10-07T04:12:40.236534+00:00
20,2,4,654,ext0_rd_stall_limit,True,0,True,False,1,True,,73954354,1,13,,2,5,4,FTDI-00FT46259002B,FI101-r1p0 (109762 v0100),0x504d574c,owner-verbal-2026-09-23,0f215ef53ddd602ced432ecefe2733a5ac3f025fe03bd192a05bd311b2d00dc8,13c906de50f28f449b55287e6af916c14d4c52c5924ab5a0580d3147c2070462,81d37a219a6b4141d0b433796711ab8af2ee2c3c668a28143a3ffe6a574ade98,19,2026-10-07T04:12:40.236534+00:00
20,2,5,655,ext0_wr_stall_limit,True,0,True,False,1,True,,73954354,1,13,,2,5,4,FTDI-00FT46259002B,FI101-r1p0 (109762 v0100),0x504d574c,owner-verbal-2026-09-23,0f215ef53ddd602ced432ecefe2733a5ac3f025fe03bd192a05bd311b2d00dc8,13c906de50f28f449b55287e6af916c14d4c52c5924ab5a0580d3147c2070462,81d37a219a6b4141d0b433796711ab8af2ee2c3c668a28143a3ffe6a574ade98,19,2026-10-07T04:12:40.236534+00:00
20,2,6,656,ext1_rd_trans_accepted,True,7867,True,False,1,True,,73954354,1,13,,2,5,4,FTDI-00FT46259002B,FI101-r1p0 (109762 v0100),0x504d574c,owner-verbal-2026-09-23,0f215ef53ddd602ced432ecefe2733a5ac3f025fe03bd192a05bd311b2d00dc8,13c906de50f28f449b55287e6af916c14d4c52c5924ab5a0580d3147c2070462,81d37a219a6b4141d0b433796711ab8af2ee2c3c668a28143a3ffe6a574ade98,19,2026-10-07T04:12:40.236534+00:00
20,2,7,657,ext1_rd_trans_completed,True,7867,True,False,1,True,,73954354,1,13,,2,5,4,FTDI-00FT46259002B,FI101-r1p0 (109762 v0100),0x504d574c,owner-verbal-2026-09-23,0f215ef53ddd602ced432ecefe2733a5ac3f025fe03bd192a05bd311b2d00dc8,13c906de50f28f449b55287e6af916c14d4c52c5924ab5a0580d3147c2070462,81d37a219a6b4141d0b433796711ab8af2ee2c3c668a28143a3ffe6a574ade98,19,2026-10-07T04:12:40.236534+00:00
20,3,0,647,ext0_wr_data_beat_written,True,0,True,False,1,True,,73959809,1,13,,2,5,4,FTDI-00FT46259002B,FI101-r1p0 (109762 v0100),0x504d574c,owner-verbal-2026-09-23,0f215ef53ddd602ced432ecefe2733a5ac3f025fe03bd192a05bd311b2d00dc8,13c906de50f28f449b55287e6af916c14d4c52c5924ab5a0580d3147c2070462,81d37a219a6b4141d0b433796711ab8af2ee2c3c668a28143a3ffe6a574ade98,19,2026-10-07T04:12:40.236534+00:00
20,3,1,648,ext0_wr_tran_req_stalled,True,0,True,False,1,True,,73959809,1,13,,2,5,4,FTDI-00FT46259002B,FI101-r1p0 (109762 v0100),0x504d574c,owner-verbal-2026-09-23,0f215ef53ddd602ced432ecefe2733a5ac3f025fe03bd192a05bd311b2d00dc8,13c906de50f28f449b55287e6af916c14d4c52c5924ab5a0580d3147c2070462,81d37a219a6b4141d0b433796711ab8af2ee2c3c668a28143a3ffe6a574ade98,19,2026-10-07T04:12:40.236534+00:00
20,3,2,649,ext0_wr_data_beat_stalled,True,0,True,False,1,True,,73959809,1,13,,2,5,4,FTDI-00FT46259002B,FI101-r1p0 (109762 v0100),0x504d574c,owner-verbal-2026-09-23,0f215ef53ddd602ced432ecefe2733a5ac3f025fe03bd192a05bd311b2d00dc8,13c906de50f28f449b55287e6af916c14d4c52c5924ab5a0580d3147c2070462,81d37a219a6b4141d0b433796711ab8af2ee2c3c668a28143a3ffe6a574ade98,19,2026-10-07T04:12:40.236534+00:00
20,3,3,652,ext0_enabled_cycles,True,73960099,True,False,1,True,,73959809,1,13,,2,5,4,FTDI-00FT46259002B,FI101-r1p0 (109762 v0100),0x504d574c,owner-verbal-2026-09-23,0f215ef53ddd602ced432ecefe2733a5ac3f025fe03bd192a05bd311b2d00dc8,13c906de50f28f449b55287e6af916c14d4c52c5924ab5a0580d3147c2070462,81d37a219a6b4141d0b433796711ab8af2ee2c3c668a28143a3ffe6a574ade98,19,2026-10-07T04:12:40.236534+00:00
20,3,4,654,ext0_rd_stall_limit,True,0,True,False,1,True,,73959809,1,13,,2,5,4,FTDI-00FT46259002B,FI101-r1p0 (109762 v0100),0x504d574c,owner-verbal-2026-09-23,0f215ef53ddd602ced432ecefe2733a5ac3f025fe03bd192a05bd311b2d00dc8,13c906de50f28f449b55287e6af916c14d4c52c5924ab5a0580d3147c2070462,81d37a219a6b4141d0b433796711ab8af2ee2c3c668a28143a3ffe6a574ade98,19,2026-10-07T04:12:40.236534+00:00
20,3,5,655,ext0_wr_stall_limit,True,0,True,False,1,True,,73959809,1,13,,2,5,4,FTDI-00FT46259002B,FI101-r1p0 (109762 v0100),0x504d574c,owner-verbal-2026-09-23,0f215ef53ddd602ced432ecefe2733a5ac3f025fe03bd192a05bd311b2d00dc8,13c906de50f28f449b55287e6af916c14d4c52c5924ab5a0580d3147c2070462,81d37a219a6b4141d0b433796711ab8af2ee2c3c668a28143a3ffe6a574ade98,19,2026-10-07T04:12:40.236534+00:00
20,3,6,656,ext1_rd_trans_accepted,True,7867,True,False,1,True,,73959809,1,13,,2,5,4,FTDI-00FT46259002B,FI101-r1p0 (109762 v0100),0x504d574c,owner-verbal-2026-09-23,0f215ef53ddd602ced432ecefe2733a5ac3f025fe03bd192a05bd311b2d00dc8,13c906de50f28f449b55287e6af916c14d4c52c5924ab5a0580d3147c2070462,81d37a219a6b4141d0b433796711ab8af2ee2c3c668a28143a3ffe6a574ade98,19,2026-10-07T04:12:40.236534+00:00
20,3,7,657,ext1_rd_trans_completed,True,7867,True,False,1,True,,73959809,1,13,,2,5,4,FTDI-00FT46259002B,FI101-r1p0 (109762 v0100),0x504d574c,owner-verbal-2026-09-23,0f215ef53ddd602ced432ecefe2733a5ac3f025fe03bd192a05bd311b2d00dc8,13c906de50f28f449b55287e6af916c14d4c52c5924ab5a0580d3147c2070462,81d37a219a6b4141d0b433796711ab8af2ee2c3c668a28143a3ffe6a574ade98,19,2026-10-07T04:12:40.236534+00:00
21,1,0,658,ext1_rd_data_beat_received,True,111732,True,False,1,True,,73964733,1,13,,2,5,4,FTDI-00FT46259002B,FI101-r1p0 (109762 v0100),0x504d574c,owner-verbal-2026-09-23,0f215ef53ddd602ced432ecefe2733a5ac3f025fe03bd192a05bd311b2d00dc8,13c906de50f28f449b55287e6af916c14d4c52c5924ab5a0580d3147c2070462,81d37a219a6b4141d0b433796711ab8af2ee2c3c668a28143a3ffe6a574ade98,19,2026-10-07T04:12:40.236534+00:00
21,1,1,659,ext1_rd_tran_req_stalled,True,1376158,True,False,1,True,,73964733,1,13,,2,5,4,FTDI-00FT46259002B,FI101-r1p0 (109762 v0100),0x504d574c,owner-verbal-2026-09-23,0f215ef53ddd602ced432ecefe2733a5ac3f025fe03bd192a05bd311b2d00dc8,13c906de50f28f449b55287e6af916c14d4c52c5924ab5a0580d3147c2070462,81d37a219a6b4141d0b433796711ab8af2ee2c3c668a28143a3ffe6a574ade98,19,2026-10-07T04:12:40.236534+00:00
21,1,2,660,ext1_wr_trans_accepted,True,0,True,False,1,True,,73964733,1,13,,2,5,4,FTDI-00FT46259002B,FI101-r1p0 (109762 v0100),0x504d574c,owner-verbal-2026-09-23,0f215ef53ddd602ced432ecefe2733a5ac3f025fe03bd192a05bd311b2d00dc8,13c906de50f28f449b55287e6af916c14d4c52c5924ab5a0580d3147c2070462,81d37a219a6b4141d0b433796711ab8af2ee2c3c668a28143a3ffe6a574ade98,19,2026-10-07T04:12:40.236534+00:00
21,1,3,661,ext1_wr_trans_completed_m,False,0,True,False,1,True,,73964733,1,13,,2,5,4,FTDI-00FT46259002B,FI101-r1p0 (109762 v0100),0x504d574c,owner-verbal-2026-09-23,0f215ef53ddd602ced432ecefe2733a5ac3f025fe03bd192a05bd311b2d00dc8,13c906de50f28f449b55287e6af916c14d4c52c5924ab5a0580d3147c2070462,81d37a219a6b4141d0b433796711ab8af2ee2c3c668a28143a3ffe6a574ade98,19,2026-10-07T04:12:40.236534+00:00
21,1,4,662,ext1_wr_trans_completed_s,False,0,True,False,1,True,,73964733,1,13,,2,5,4,FTDI-00FT46259002B,FI101-r1p0 (109762 v0100),0x504d574c,owner-verbal-2026-09-23,0f215ef53ddd602ced432ecefe2733a5ac3f025fe03bd192a05bd311b2d00dc8,13c906de50f28f449b55287e6af916c14d4c52c5924ab5a0580d3147c2070462,81d37a219a6b4141d0b433796711ab8af2ee2c3c668a28143a3ffe6a574ade98,19,2026-10-07T04:12:40.236534+00:00
21,1,5,663,ext1_wr_data_beat_written,True,0,True,False,1,True,,73964733,1,13,,2,5,4,FTDI-00FT46259002B,FI101-r1p0 (109762 v0100),0x504d574c,owner-verbal-2026-09-23,0f215ef53ddd602ced432ecefe2733a5ac3f025fe03bd192a05bd311b2d00dc8,13c906de50f28f449b55287e6af916c14d4c52c5924ab5a0580d3147c2070462,81d37a219a6b4141d0b433796711ab8af2ee2c3c668a28143a3ffe6a574ade98,19,2026-10-07T04:12:40.236534+00:00
21,1,6,664,ext1_wr_tran_req_stalled,True,0,True,False,1,True,,73964733,1,13,,2,5,4,FTDI-00FT46259002B,FI101-r1p0 (109762 v0100),0x504d574c,owner-verbal-2026-09-23,0f215ef53ddd602ced432ecefe2733a5ac3f025fe03bd192a05bd311b2d00dc8,13c906de50f28f449b55287e6af916c14d4c52c5924ab5a0580d3147c2070462,81d37a219a6b4141d0b433796711ab8af2ee2c3c668a28143a3ffe6a574ade98,19,2026-10-07T04:12:40.236534+00:00
21,1,7,665,ext1_wr_data_beat_stalled,True,0,True,False,1,True,,73964733,1,13,,2,5,4,FTDI-00FT46259002B,FI101-r1p0 (109762 v0100),0x504d574c,owner-verbal-2026-09-23,0f215ef53ddd602ced432ecefe2733a5ac3f025fe03bd192a05bd311b2d00dc8,13c906de50f28f449b55287e6af916c14d4c52c5924ab5a0580d3147c2070462,81d37a219a6b4141d0b433796711ab8af2ee2c3c668a28143a3ffe6a574ade98,19,2026-10-07T04:12:40.236534+00:00
21,2,0,658,ext1_rd_data_beat_received,True,111732,True,False,1,True,,73959788,1,13,,2,5,4,FTDI-00FT46259002B,FI101-r1p0 (109762 v0100),0x504d574c,owner-verbal-2026-09-23,0f215ef53ddd602ced432ecefe2733a5ac3f025fe03bd192a05bd311b2d00dc8,13c906de50f28f449b55287e6af916c14d4c52c5924ab5a0580d3147c2070462,81d37a219a6b4141d0b433796711ab8af2ee2c3c668a28143a3ffe6a574ade98,19,2026-10-07T04:12:40.236534+00:00
21,2,1,659,ext1_rd_tran_req_stalled,True,1328910,True,False,1,True,,73959788,1,13,,2,5,4,FTDI-00FT46259002B,FI101-r1p0 (109762 v0100),0x504d574c,owner-verbal-2026-09-23,0f215ef53ddd602ced432ecefe2733a5ac3f025fe03bd192a05bd311b2d00dc8,13c906de50f28f449b55287e6af916c14d4c52c5924ab5a0580d3147c2070462,81d37a219a6b4141d0b433796711ab8af2ee2c3c668a28143a3ffe6a574ade98,19,2026-10-07T04:12:40.236534+00:00
21,2,2,660,ext1_wr_trans_accepted,True,0,True,False,1,True,,73959788,1,13,,2,5,4,FTDI-00FT46259002B,FI101-r1p0 (109762 v0100),0x504d574c,owner-verbal-2026-09-23,0f215ef53ddd602ced432ecefe2733a5ac3f025fe03bd192a05bd311b2d00dc8,13c906de50f28f449b55287e6af916c14d4c52c5924ab5a0580d3147c2070462,81d37a219a6b4141d0b433796711ab8af2ee2c3c668a28143a3ffe6a574ade98,19,2026-10-07T04:12:40.236534+00:00
21,2,3,661,ext1_wr_trans_completed_m,False,0,True,False,1,True,,73959788,1,13,,2,5,4,FTDI-00FT46259002B,FI101-r1p0 (109762 v0100),0x504d574c,owner-verbal-2026-09-23,0f215ef53ddd602ced432ecefe2733a5ac3f025fe03bd192a05bd311b2d00dc8,13c906de50f28f449b55287e6af916c14d4c52c5924ab5a0580d3147c2070462,81d37a219a6b4141d0b433796711ab8af2ee2c3c668a28143a3ffe6a574ade98,19,2026-10-07T04:12:40.236534+00:00
21,2,4,662,ext1_wr_trans_completed_s,False,0,True,False,1,True,,73959788,1,13,,2,5,4,FTDI-00FT46259002B,FI101-r1p0 (109762 v0100),0x504d574c,owner-verbal-2026-09-23,0f215ef53ddd602ced432ecefe2733a5ac3f025fe03bd192a05bd311b2d00dc8,13c906de50f28f449b55287e6af916c14d4c52c5924ab5a0580d3147c2070462,81d37a219a6b4141d0b433796711ab8af2ee2c3c668a28143a3ffe6a574ade98,19,2026-10-07T04:12:40.236534+00:00
21,2,5,663,ext1_wr_data_beat_written,True,0,True,False,1,True,,73959788,1,13,,2,5,4,FTDI-00FT46259002B,FI101-r1p0 (109762 v0100),0x504d574c,owner-verbal-2026-09-23,0f215ef53ddd602ced432ecefe2733a5ac3f025fe03bd192a05bd311b2d00dc8,13c906de50f28f449b55287e6af916c14d4c52c5924ab5a0580d3147c2070462,81d37a219a6b4141d0b433796711ab8af2ee2c3c668a28143a3ffe6a574ade98,19,2026-10-07T04:12:40.236534+00:00
21,2,6,664,ext1_wr_tran_req_stalled,True,0,True,False,1,True,,73959788,1,13,,2,5,4,FTDI-00FT46259002B,FI101-r1p0 (109762 v0100),0x504d574c,owner-verbal-2026-09-23,0f215ef53ddd602ced432ecefe2733a5ac3f025fe03bd192a05bd311b2d00dc8,13c906de50f28f449b55287e6af916c14d4c52c5924ab5a0580d3147c2070462,81d37a219a6b4141d0b433796711ab8af2ee2c3c668a28143a3ffe6a574ade98,19,2026-10-07T04:12:40.236534+00:00
21,2,7,665,ext1_wr_data_beat_stalled,True,0,True,False,1,True,,73959788,1,13,,2,5,4,FTDI-00FT46259002B,FI101-r1p0 (109762 v0100),0x504d574c,owner-verbal-2026-09-23,0f215ef53ddd602ced432ecefe2733a5ac3f025fe03bd192a05bd311b2d00dc8,13c906de50f28f449b55287e6af916c14d4c52c5924ab5a0580d3147c2070462,81d37a219a6b4141d0b433796711ab8af2ee2c3c668a28143a3ffe6a574ade98,19,2026-10-07T04:12:40.236534+00:00
21,3,0,658,ext1_rd_data_beat_received,True,111732,True,False,1,True,,73953116,1,13,,2,5,4,FTDI-00FT46259002B,FI101-r1p0 (109762 v0100),0x504d574c,owner-verbal-2026-09-23,0f215ef53ddd602ced432ecefe2733a5ac3f025fe03bd192a05bd311b2d00dc8,13c906de50f28f449b55287e6af916c14d4c52c5924ab5a0580d3147c2070462,81d37a219a6b4141d0b433796711ab8af2ee2c3c668a28143a3ffe6a574ade98,19,2026-10-07T04:12:40.236534+00:00
21,3,1,659,ext1_rd_tran_req_stalled,True,1345380,True,False,1,True,,73953116,1,13,,2,5,4,FTDI-00FT46259002B,FI101-r1p0 (109762 v0100),0x504d574c,owner-verbal-2026-09-23,0f215ef53ddd602ced432ecefe2733a5ac3f025fe03bd192a05bd311b2d00dc8,13c906de50f28f449b55287e6af916c14d4c52c5924ab5a0580d3147c2070462,81d37a219a6b4141d0b433796711ab8af2ee2c3c668a28143a3ffe6a574ade98,19,2026-10-07T04:12:40.236534+00:00
21,3,2,660,ext1_wr_trans_accepted,True,0,True,False,1,True,,73953116,1,13,,2,5,4,FTDI-00FT46259002B,FI101-r1p0 (109762 v0100),0x504d574c,owner-verbal-2026-09-23,0f215ef53ddd602ced432ecefe2733a5ac3f025fe03bd192a05bd311b2d00dc8,13c906de50f28f449b55287e6af916c14d4c52c5924ab5a0580d3147c2070462,81d37a219a6b4141d0b433796711ab8af2ee2c3c668a28143a3ffe6a574ade98,19,2026-10-07T04:12:40.236534+00:00
21,3,3,661,ext1_wr_trans_completed_m,False,0,True,False,1,True,,73953116,1,13,,2,5,4,FTDI-00FT46259002B,FI101-r1p0 (109762 v0100),0x504d574c,owner-verbal-2026-09-23,0f215ef53ddd602ced432ecefe2733a5ac3f025fe03bd192a05bd311b2d00dc8,13c906de50f28f449b55287e6af916c14d4c52c5924ab5a0580d3147c2070462,81d37a219a6b4141d0b433796711ab8af2ee2c3c668a28143a3ffe6a574ade98,19,2026-10-07T04:12:40.236534+00:00
21,3,4,662,ext1_wr_trans_completed_s,False,0,True,False,1,True,,73953116,1,13,,2,5,4,FTDI-00FT46259002B,FI101-r1p0 (109762 v0100),0x504d574c,owner-verbal-2026-09-23,0f215ef53ddd602ced432ecefe2733a5ac3f025fe03bd192a05bd311b2d00dc8,13c906de50f28f449b55287e6af916c14d4c52c5924ab5a0580d3147c2070462,81d37a219a6b4141d0b433796711ab8af2ee2c3c668a28143a3ffe6a574ade98,19,2026-10-07T04:12:40.236534+00:00
21,3,5,663,ext1_wr_data_beat_written,True,0,True,False,1,True,,73953116,1,13,,2,5,4,FTDI-00FT46259002B,FI101-r1p0 (109762 v0100),0x504d574c,owner-verbal-2026-09-23,0f215ef53ddd602ced432ecefe2733a5ac3f025fe03bd192a05bd311b2d00dc8,13c906de50f28f449b55287e6af916c14d4c52c5924ab5a0580d3147c2070462,81d37a219a6b4141d0b433796711ab8af2ee2c3c668a28143a3ffe6a574ade98,19,2026-10-07T04:12:40.236534+00:00
21,3,6,664,ext1_wr_tran_req_stalled,True,0,True,False,1,True,,73953116,1,13,,2,5,4,FTDI-00FT46259002B,FI101-r1p0 (109762 v0100),0x504d574c,owner-verbal-2026-09-23,0f215ef53ddd602ced432ecefe2733a5ac3f025fe03bd192a05bd311b2d00dc8,13c906de50f28f449b55287e6af916c14d4c52c5924ab5a0580d3147c2070462,81d37a219a6b4141d0b433796711ab8af2ee2c3c668a28143a3ffe6a574ade98,19,2026-10-07T04:12:40.236534+00:00
21,3,7,665,ext1_wr_data_beat_stalled,True,0,True,False,1,True,,73953116,1,13,,2,5,4,FTDI-00FT46259002B,FI101-r1p0 (109762 v0100),0x504d574c,owner-verbal-2026-09-23,0f215ef53ddd602ced432ecefe2733a5ac3f025fe03bd192a05bd311b2d00dc8,13c906de50f28f449b55287e6af916c14d4c52c5924ab5a0580d3147c2070462,81d37a219a6b4141d0b433796711ab8af2ee2c3c668a28143a3ffe6a574ade98,19,2026-10-07T04:12:40.236534+00:00
22,1,0,668,ext1_enabled_cycles,True,73962149,True,False,1,True,,73961916,1,13,,2,5,4,FTDI-00FT46259002B,FI101-r1p0 (109762 v0100),0x504d574c,owner-verbal-2026-09-23,0f215ef53ddd602ced432ecefe2733a5ac3f025fe03bd192a05bd311b2d00dc8,13c906de50f28f449b55287e6af916c14d4c52c5924ab5a0580d3147c2070462,81d37a219a6b4141d0b433796711ab8af2ee2c3c668a28143a3ffe6a574ade98,19,2026-10-07T04:12:40.236534+00:00
22,1,1,670,ext1_rd_stall_limit,True,0,True,False,1,True,,73961916,1,13,,2,5,4,FTDI-00FT46259002B,FI101-r1p0 (109762 v0100),0x504d574c,owner-verbal-2026-09-23,0f215ef53ddd602ced432ecefe2733a5ac3f025fe03bd192a05bd311b2d00dc8,13c906de50f28f449b55287e6af916c14d4c52c5924ab5a0580d3147c2070462,81d37a219a6b4141d0b433796711ab8af2ee2c3c668a28143a3ffe6a574ade98,19,2026-10-07T04:12:40.236534+00:00
22,1,2,671,ext1_wr_stall_limit,True,0,True,False,1,True,,73961916,1,13,,2,5,4,FTDI-00FT46259002B,FI101-r1p0 (109762 v0100),0x504d574c,owner-verbal-2026-09-23,0f215ef53ddd602ced432ecefe2733a5ac3f025fe03bd192a05bd311b2d00dc8,13c906de50f28f449b55287e6af916c14d4c52c5924ab5a0580d3147c2070462,81d37a219a6b4141d0b433796711ab8af2ee2c3c668a28143a3ffe6a574ade98,19,2026-10-07T04:12:40.236534+00:00
22,2,0,668,ext1_enabled_cycles,True,73955912,True,False,1,True,,73955679,1,13,,2,5,4,FTDI-00FT46259002B,FI101-r1p0 (109762 v0100),0x504d574c,owner-verbal-2026-09-23,0f215ef53ddd602ced432ecefe2733a5ac3f025fe03bd192a05bd311b2d00dc8,13c906de50f28f449b55287e6af916c14d4c52c5924ab5a0580d3147c2070462,81d37a219a6b4141d0b433796711ab8af2ee2c3c668a28143a3ffe6a574ade98,19,2026-10-07T04:12:40.236534+00:00
22,2,1,670,ext1_rd_stall_limit,True,0,True,False,1,True,,73955679,1,13,,2,5,4,FTDI-00FT46259002B,FI101-r1p0 (109762 v0100),0x504d574c,owner-verbal-2026-09-23,0f215ef53ddd602ced432ecefe2733a5ac3f025fe03bd192a05bd311b2d00dc8,13c906de50f28f449b55287e6af916c14d4c52c5924ab5a0580d3147c2070462,81d37a219a6b4141d0b433796711ab8af2ee2c3c668a28143a3ffe6a574ade98,19,2026-10-07T04:12:40.236534+00:00
22,2,2,671,ext1_wr_stall_limit,True,0,True,False,1,True,,73955679,1,13,,2,5,4,FTDI-00FT46259002B,FI101-r1p0 (109762 v0100),0x504d574c,owner-verbal-2026-09-23,0f215ef53ddd602ced432ecefe2733a5ac3f025fe03bd192a05bd311b2d00dc8,13c906de50f28f449b55287e6af916c14d4c52c5924ab5a0580d3147c2070462,81d37a219a6b4141d0b433796711ab8af2ee2c3c668a28143a3ffe6a574ade98,19,2026-10-07T04:12:40.236534+00:00
22,3,0,668,ext1_enabled_cycles,True,73956672,True,False,1,True,,73956439,1,13,,2,5,4,FTDI-00FT46259002B,FI101-r1p0 (109762 v0100),0x504d574c,owner-verbal-2026-09-23,0f215ef53ddd602ced432ecefe2733a5ac3f025fe03bd192a05bd311b2d00dc8,13c906de50f28f449b55287e6af916c14d4c52c5924ab5a0580d3147c2070462,81d37a219a6b4141d0b433796711ab8af2ee2c3c668a28143a3ffe6a574ade98,19,2026-10-07T04:12:40.236534+00:00
22,3,1,670,ext1_rd_stall_limit,True,0,True,False,1,True,,73956439,1,13,,2,5,4,FTDI-00FT46259002B,FI101-r1p0 (109762 v0100),0x504d574c,owner-verbal-2026-09-23,0f215ef53ddd602ced432ecefe2733a5ac3f025fe03bd192a05bd311b2d00dc8,13c906de50f28f449b55287e6af916c14d4c52c5924ab5a0580d3147c2070462,81d37a219a6b4141d0b433796711ab8af2ee2c3c668a28143a3ffe6a574ade98,19,2026-10-07T04:12:40.236534+00:00
22,3,2,671,ext1_wr_stall_limit,True,0,True,False,1,True,,73956439,1,13,,2,5,4,FTDI-00FT46259002B,FI101-r1p0 (109762 v0100),0x504d574c,owner-verbal-2026-09-23,0f215ef53ddd602ced432ecefe2733a5ac3f025fe03bd192a05bd311b2d00dc8,13c906de50f28f449b55287e6af916c14d4c52c5924ab5a0580d3147c2070462,81d37a219a6b4141d0b433796711ab8af2ee2c3c668a28143a3ffe6a574ade98,19,2026-10-07T04:12:40.236534+00:00
