EVSWEEP-HDR,45565357,00004000,2000251a,8
EV,0,0,0,00000000
EV,0,0,1,00000001
EV,0,0,2,00000002
EV,0,0,3,00000003
EV,0,0,4,00000004
EV,0,0,5,00000005
EV,0,0,6,00000006
EV,0,0,7,00000007
EV,0,0,8,00000008
EV,0,0,9,00000009
EV,0,0,10,0000000a
EV,0,0,11,0000000b
EV,0,0,12,0000000c
EV,0,0,13,0000000d
EV,0,0,14,0000000e
EV,0,0,15,0000000f
EV,0,0,16,00000010
EV,0,0,17,00000011
EV,0,0,18,00000012
EV,0,0,19,00000013
EV,0,0,20,00000014
EV,0,0,21,00000015
EV,0,0,22,00000016
EV,0,0,23,00000017
EV,0,0,24,00000018
EV,0,0,25,00000019
EV,0,0,26,0000001a
EV,0,0,27,0000001b
EV,0,0,28,0000001c
EV,0,0,29,0000001d
EV,0,0,30,0000001e
EV,0,0,31,0000001f
EV,0,0,32,00000020
EV,0,0,33,00000021
EV,0,0,34,00000022
EV,0,0,35,00000023
EV,0,0,36,00000024
EV,0,0,37,00000025
EV,0,0,38,00000026
EV,0,0,39,00000027
EV,0,0,40,00000028
EV,0,0,41,00000029
EV,0,0,42,0000002a
EV,0,0,43,0000002b
EV,0,0,44,0000002c
EV,0,0,45,0000002d
EV,0,0,46,0000002e
EV,0,0,47,0000002f
EV,0,0,48,00000030
EV,0,0,49,00000031
EV,0,0,50,00000032
EV,0,0,51,00000033
EV,0,0,52,00000034
EV,0,0,53,00000035
EV,0,0,54,00000036
EV,0,0,55,00000037
EV,0,0,56,00000038
EV,0,0,57,00000039
EV,0,0,58,0000003a
EV,0,0,59,0000003b
EV,0,0,60,0000003c
EV,0,0,61,0000003d
EV,0,0,62,0000003e
EV,0,0,63,0000003f
EV,0,0,64,00000040
EV,0,0,65,00000041
EV,0,0,66,00000042
EV,0,0,67,00000043
EV,0,0,68,00000044
EV,0,0,69,00000045
EV,0,0,70,00000046
EV,0,0,71,00000047
EV,0,0,72,00000048
EV,0,0,73,00000049
EV,0,0,74,0000004a
EV,0,0,75,0000004b
EV,0,0,76,0000004c
EV,0,0,77,0000004d
EV,0,0,78,0000004e
EV,0,0,79,0000004f
EV,0,0,80,00000050
EV,0,0,81,00000051
EV,0,0,82,00000052
EV,0,0,83,00000053
EV,0,0,84,00000054
EV,0,0,85,00000055
EV,0,0,86,00000056
EV,0,0,87,00000057
EV,0,0,88,00000058
EV,0,0,89,00000059
EV,0,0,90,0000005a
EV,0,0,91,0000005b
EV,0,0,92,0000005c
EV,0,0,93,0000005d
EV,0,0,94,0000005e
EV,0,0,95,0000005f
EV,0,0,96,00000060
EV,0,0,97,00000061
EV,0,0,98,00000062
EV,0,0,99,00000063
EV,0,0,100,00000064
EV,0,0,101,00000065
EV,0,0,102,00000066
EV,0,0,103,00000067
EV,0,0,104,00000068
EV,0,0,105,00000069
EV,0,0,106,0000006a
EV,0,0,107,0000006b
EV,0,0,108,0000006c
EV,0,0,109,0000006d
EV,0,0,110,0000006e
EV,0,0,111,0000006f
EV,0,0,112,00000070
EV,0,0,113,00000071
EV,0,0,114,00000072
EV,0,0,115,00000073
EV,0,0,116,00000074
EV,0,0,117,00000075
EV,0,0,118,00000076
EV,0,0,119,00000077
EV,0,0,120,00000078
EV,0,0,121,00000079
EV,0,0,122,0000007a
EV,0,0,123,0000007b
EV,0,0,124,0000007c
EV,0,0,125,0000007d
EV,0,0,126,0000007e
EV,0,0,127,0000007f
EV,0,0,128,00000080
EV,0,0,129,00000081
EV,0,0,130,00000082
EV,0,0,131,00000083
EV,0,0,132,00000084
EV,0,0,133,00000085
EV,0,0,134,00000086
EV,0,0,135,00000087
EV,0,0,136,00000088
EV,0,0,137,00000089
EV,0,0,138,0000008a
EV,0,0,139,0000008b
EV,0,0,140,0000008c
EV,0,0,141,0000008d
EV,0,0,142,0000008e
EV,0,0,143,0000008f
EV,0,0,144,00000090
EV,0,0,145,00000091
EV,0,0,146,00000092
EV,0,0,147,00000093
EV,0,0,148,00000094
EV,0,0,149,00000095
EV,0,0,150,00000096
EV,0,0,151,00000097
EV,0,0,152,00000098
EV,0,0,153,00000099
EV,0,0,154,0000009a
EV,0,0,155,0000009b
EV,0,0,156,0000009c
EV,0,0,157,0000009d
EV,0,0,158,0000009e
EV,0,0,159,0000009f
EV,0,0,160,000000a0
EV,0,0,161,000000a1
EV,0,0,162,000000a2
EV,0,0,163,000000a3
EV,0,0,164,000000a4
EV,0,0,165,000000a5
EV,0,0,166,000000a6
EV,0,0,167,000000a7
EV,0,0,168,000000a8
EV,0,0,169,000000a9
EV,0,0,170,000000aa
EV,0,0,171,000000ab
EV,0,0,172,000000ac
EV,0,0,173,000000ad
EV,0,0,174,000000ae
EV,0,0,175,000000af
EV,0,0,176,000000b0
EV,0,0,177,000000b1
EV,0,0,178,000000b2
EV,0,0,179,000000b3
EV,0,0,180,000000b4
EV,0,0,181,000000b5
EV,0,0,182,000000b6
EV,0,0,183,000000b7
EV,0,0,184,000000b8
EV,0,0,185,000000b9
EV,0,0,186,000000ba
EV,0,0,187,000000bb
EV,0,0,188,000000bc
EV,0,0,189,000000bd
EV,0,0,190,000000be
EV,0,0,191,000000bf
EV,0,0,192,000000c0
EV,0,0,193,000000c1
EV,0,0,194,000000c2
EV,0,0,195,000000c3
EV,0,0,196,000000c4
EV,0,0,197,000000c5
EV,0,0,198,000000c6
EV,0,0,199,000000c7
EV,0,0,200,000000c8
EV,0,0,201,000000c9
EV,0,0,202,000000ca
EV,0,0,203,000000cb
EV,0,0,204,000000cc
EV,0,0,205,000000cd
EV,0,0,206,000000ce
EV,0,0,207,000000cf
EV,0,0,208,000000d0
EV,0,0,209,000000d1
EV,0,0,210,000000d2
EV,0,0,211,000000d3
EV,0,0,212,000000d4
EV,0,0,213,000000d5
EV,0,0,214,000000d6
EV,0,0,215,000000d7
EV,0,0,216,000000d8
EV,0,0,217,000000d9
EV,0,0,218,000000da
EV,0,0,219,000000db
EV,0,0,220,000000dc
EV,0,0,221,000000dd
EV,0,0,222,000000de
EV,0,0,223,000000df
EV,0,0,224,000000e0
EV,0,0,225,000000e1
EV,0,0,226,000000e2
EV,0,0,227,000000e3
EV,0,0,228,000000e4
EV,0,0,229,000000e5
EV,0,0,230,000000e6
EV,0,0,231,000000e7
EV,0,0,232,000000e8
EV,0,0,233,000000e9
EV,0,0,234,000000ea
EV,0,0,235,000000eb
EV,0,0,236,000000ec
EV,0,0,237,000000ed
EV,0,0,238,000000ee
EV,0,0,239,000000ef
EV,0,0,240,000000f0
EV,0,0,241,000000f1
EV,0,0,242,000000f2
EV,0,0,243,000000f3
EV,0,0,244,000000f4
EV,0,0,245,000000f5
EV,0,0,246,000000f6
EV,0,0,247,000000f7
EV,0,0,248,000000f8
EV,0,0,249,000000f9
EV,0,0,250,000000fa
EV,0,0,251,000000fb
EV,0,0,252,000000fc
EV,0,0,253,000000fd
EV,0,0,254,000000fe
EV,0,0,255,000000ff
EV,0,0,256,00000100
EV,0,0,257,00000101
EV,0,0,258,00000102
EV,0,0,259,00000103
EV,0,0,260,00000104
EV,0,0,261,00000105
EV,0,0,262,00000106
EV,0,0,263,00000107
EV,0,0,264,00000108
EV,0,0,265,00000109
EV,0,0,266,0000010a
EV,0,0,267,0000010b
EV,0,0,268,0000010c
EV,0,0,269,0000010d
EV,0,0,270,0000010e
EV,0,0,271,0000010f
EV,0,0,272,00000110
EV,0,0,273,00000111
EV,0,0,274,00000112
EV,0,0,275,00000113
EV,0,0,276,00000114
EV,0,0,277,00000115
EV,0,0,278,00000116
EV,0,0,279,00000117
EV,0,0,280,00000118
EV,0,0,281,00000119
EV,0,0,282,0000011a
EV,0,0,283,0000011b
EV,0,0,284,0000011c
EV,0,0,285,0000011d
EV,0,0,286,0000011e
EV,0,0,287,0000011f
EV,0,0,288,00000120
EV,0,0,289,00000121
EV,0,0,290,00000122
EV,0,0,291,00000123
EV,0,0,292,00000124
EV,0,0,293,00000125
EV,0,0,294,00000126
EV,0,0,295,00000127
EV,0,0,296,00000128
EV,0,0,297,00000129
EV,0,0,298,0000012a
EV,0,0,299,0000012b
EV,0,0,300,0000012c
EV,0,0,301,0000012d
EV,0,0,302,0000012e
EV,0,0,303,0000012f
EV,0,0,304,00000130
EV,0,0,305,00000131
EV,0,0,306,00000132
EV,0,0,307,00000133
EV,0,0,308,00000134
EV,0,0,309,00000135
EV,0,0,310,00000136
EV,0,0,311,00000137
EV,0,0,312,00000138
EV,0,0,313,00000139
EV,0,0,314,0000013a
EV,0,0,315,0000013b
EV,0,0,316,0000013c
EV,0,0,317,0000013d
EV,0,0,318,0000013e
EV,0,0,319,0000013f
EV,0,0,320,00000140
EV,0,0,321,00000141
EV,0,0,322,00000142
EV,0,0,323,00000143
EV,0,0,324,00000144
EV,0,0,325,00000145
EV,0,0,326,00000146
EV,0,0,327,00000147
EV,0,0,328,00000148
EV,0,0,329,00000149
EV,0,0,330,0000014a
EV,0,0,331,0000014b
EV,0,0,332,0000014c
EV,0,0,333,0000014d
EV,0,0,334,0000014e
EV,0,0,335,0000014f
EV,0,0,336,00000150
EV,0,0,337,00000151
EV,0,0,338,00000152
EV,0,0,339,00000153
EV,0,0,340,00000154
EV,0,0,341,00000155
EV,0,0,342,00000156
EV,0,0,343,00000157
EV,0,0,344,00000158
EV,0,0,345,00000159
EV,0,0,346,0000015a
EV,0,0,347,0000015b
EV,0,0,348,0000015c
EV,0,0,349,0000015d
EV,0,0,350,0000015e
EV,0,0,351,0000015f
EV,0,0,352,00000160
EV,0,0,353,00000161
EV,0,0,354,00000162
EV,0,0,355,00000163
EV,0,0,356,00000164
EV,0,0,357,00000165
EV,0,0,358,00000166
EV,0,0,359,00000167
EV,0,0,360,00000168
EV,0,0,361,00000169
EV,0,0,362,0000016a
EV,0,0,363,0000016b
EV,0,0,364,0000016c
EV,0,0,365,0000016d
EV,0,0,366,0000016e
EV,0,0,367,0000016f
EV,0,0,368,00000170
EV,0,0,369,00000171
EV,0,0,370,00000172
EV,0,0,371,00000173
EV,0,0,372,00000174
EV,0,0,373,00000175
EV,0,0,374,00000176
EV,0,0,375,00000177
EV,0,0,376,00000178
EV,0,0,377,00000179
EV,0,0,378,0000017a
EV,0,0,379,0000017b
EV,0,0,380,0000017c
EV,0,0,381,0000017d
EV,0,0,382,0000017e
EV,0,0,383,0000017f
EV,0,0,384,00000180
EV,0,0,385,00000181
EV,0,0,386,00000182
EV,0,0,387,00000183
EV,0,0,388,00000184
EV,0,0,389,00000185
EV,0,0,390,00000186
EV,0,0,391,00000187
EV,0,0,392,00000188
EV,0,0,393,00000189
EV,0,0,394,0000018a
EV,0,0,395,0000018b
EV,0,0,396,0000018c
EV,0,0,397,0000018d
EV,0,0,398,0000018e
EV,0,0,399,0000018f
EV,0,0,400,00000190
EV,0,0,401,00000191
EV,0,0,402,00000192
EV,0,0,403,00000193
EV,0,0,404,00000194
EV,0,0,405,00000195
EV,0,0,406,00000196
EV,0,0,407,00000197
EV,0,0,408,00000198
EV,0,0,409,00000199
EV,0,0,410,0000019a
EV,0,0,411,0000019b
EV,0,0,412,0000019c
EV,0,0,413,0000019d
EV,0,0,414,0000019e
EV,0,0,415,0000019f
EV,0,0,416,000001a0
EV,0,0,417,000001a1
EV,0,0,418,000001a2
EV,0,0,419,000001a3
EV,0,0,420,000001a4
EV,0,0,421,000001a5
EV,0,0,422,000001a6
EV,0,0,423,000001a7
EV,0,0,424,000001a8
EV,0,0,425,000001a9
EV,0,0,426,000001aa
EV,0,0,427,000001ab
EV,0,0,428,000001ac
EV,0,0,429,000001ad
EV,0,0,430,000001ae
EV,0,0,431,000001af
EV,0,0,432,000001b0
EV,0,0,433,000001b1
EV,0,0,434,000001b2
EV,0,0,435,000001b3
EV,0,0,436,000001b4
EV,0,0,437,000001b5
EV,0,0,438,000001b6
EV,0,0,439,000001b7
EV,0,0,440,000001b8
EV,0,0,441,000001b9
EV,0,0,442,000001ba
EV,0,0,443,000001bb
EV,0,0,444,000001bc
EV,0,0,445,000001bd
EV,0,0,446,000001be
EV,0,0,447,000001bf
EV,0,0,448,000001c0
EV,0,0,449,000001c1
EV,0,0,450,000001c2
EV,0,0,451,000001c3
EV,0,0,452,000001c4
EV,0,0,453,000001c5
EV,0,0,454,000001c6
EV,0,0,455,000001c7
EV,0,0,456,000001c8
EV,0,0,457,000001c9
EV,0,0,458,000001ca
EV,0,0,459,000001cb
EV,0,0,460,000001cc
EV,0,0,461,000001cd
EV,0,0,462,000001ce
EV,0,0,463,000001cf
EV,0,0,464,000001d0
EV,0,0,465,000001d1
EV,0,0,466,000001d2
EV,0,0,467,000001d3
EV,0,0,468,000001d4
EV,0,0,469,000001d5
EV,0,0,470,000001d6
EV,0,0,471,000001d7
EV,0,0,472,000001d8
EV,0,0,473,000001d9
EV,0,0,474,000001da
EV,0,0,475,000001db
EV,0,0,476,000001dc
EV,0,0,477,000001dd
EV,0,0,478,000001de
EV,0,0,479,000001df
EV,0,0,480,000001e0
EV,0,0,481,000001e1
EV,0,0,482,000001e2
EV,0,0,483,000001e3
EV,0,0,484,000001e4
EV,0,0,485,000001e5
EV,0,0,486,000001e6
EV,0,0,487,000001e7
EV,0,0,488,000001e8
EV,0,0,489,000001e9
EV,0,0,490,000001ea
EV,0,0,491,000001eb
EV,0,0,492,000001ec
EV,0,0,493,000001ed
EV,0,0,494,000001ee
EV,0,0,495,000001ef
EV,0,0,496,000001f0
EV,0,0,497,000001f1
EV,0,0,498,000001f2
EV,0,0,499,000001f3
EV,0,0,500,000001f4
EV,0,0,501,000001f5
EV,0,0,502,000001f6
EV,0,0,503,000001f7
EV,0,0,504,000001f8
EV,0,0,505,000001f9
EV,0,0,506,000001fa
EV,0,0,507,000001fb
EV,0,0,508,000001fc
EV,0,0,509,000001fd
EV,0,0,510,000001fe
EV,0,0,511,000001ff
EV,0,0,512,00000200
EV,0,0,513,00000201
EV,0,0,514,00000202
EV,0,0,515,00000203
EV,0,0,516,00000204
EV,0,0,517,00000205
EV,0,0,518,00000206
EV,0,0,519,00000207
EV,0,0,520,00000208
EV,0,0,521,00000209
EV,0,0,522,0000020a
EV,0,0,523,0000020b
EV,0,0,524,0000020c
EV,0,0,525,0000020d
EV,0,0,526,0000020e
EV,0,0,527,0000020f
EV,0,0,528,00000210
EV,0,0,529,00000211
EV,0,0,530,00000212
EV,0,0,531,00000213
EV,0,0,532,00000214
EV,0,0,533,00000215
EV,0,0,534,00000216
EV,0,0,535,00000217
EV,0,0,536,00000218
EV,0,0,537,00000219
EV,0,0,538,0000021a
EV,0,0,539,0000021b
EV,0,0,540,0000021c
EV,0,0,541,0000021d
EV,0,0,542,0000021e
EV,0,0,543,0000021f
EV,0,0,544,00000220
EV,0,0,545,00000221
EV,0,0,546,00000222
EV,0,0,547,00000223
EV,0,0,548,00000224
EV,0,0,549,00000225
EV,0,0,550,00000226
EV,0,0,551,00000227
EV,0,0,552,00000228
EV,0,0,553,00000229
EV,0,0,554,0000022a
EV,0,0,555,0000022b
EV,0,0,556,0000022c
EV,0,0,557,0000022d
EV,0,0,558,0000022e
EV,0,0,559,0000022f
EV,0,0,560,00000230
EV,0,0,561,00000231
EV,0,0,562,00000232
EV,0,0,563,00000233
EV,0,0,564,00000234
EV,0,0,565,00000235
EV,0,0,566,00000236
EV,0,0,567,00000237
EV,0,0,568,00000238
EV,0,0,569,00000239
EV,0,0,570,0000023a
EV,0,0,571,0000023b
EV,0,0,572,0000023c
EV,0,0,573,0000023d
EV,0,0,574,0000023e
EV,0,0,575,0000023f
EV,0,0,576,00000240
EV,0,0,577,00000241
EV,0,0,578,00000242
EV,0,0,579,00000243
EV,0,0,580,00000244
EV,0,0,581,00000245
EV,0,0,582,00000246
EV,0,0,583,00000247
EV,0,0,584,00000248
EV,0,0,585,00000249
EV,0,0,586,0000024a
EV,0,0,587,0000024b
EV,0,0,588,0000024c
EV,0,0,589,0000024d
EV,0,0,590,0000024e
EV,0,0,591,0000024f
EV,0,0,592,00000250
EV,0,0,593,00000251
EV,0,0,594,00000252
EV,0,0,595,00000253
EV,0,0,596,00000254
EV,0,0,597,00000255
EV,0,0,598,00000256
EV,0,0,599,00000257
EV,0,0,600,00000258
EV,0,0,601,00000259
EV,0,0,602,0000025a
EV,0,0,603,0000025b
EV,0,0,604,0000025c
EV,0,0,605,0000025d
EV,0,0,606,0000025e
EV,0,0,607,0000025f
EV,0,0,608,00000260
EV,0,0,609,00000261
EV,0,0,610,00000262
EV,0,0,611,00000263
EV,0,0,612,00000264
EV,0,0,613,00000265
EV,0,0,614,00000266
EV,0,0,615,00000267
EV,0,0,616,00000268
EV,0,0,617,00000269
EV,0,0,618,0000026a
EV,0,0,619,0000026b
EV,0,0,620,0000026c
EV,0,0,621,0000026d
EV,0,0,622,0000026e
EV,0,0,623,0000026f
EV,0,0,624,00000270
EV,0,0,625,00000271
EV,0,0,626,00000272
EV,0,0,627,00000273
EV,0,0,628,00000274
EV,0,0,629,00000275
EV,0,0,630,00000276
EV,0,0,631,00000277
EV,0,0,632,00000278
EV,0,0,633,00000279
EV,0,0,634,0000027a
EV,0,0,635,0000027b
EV,0,0,636,0000027c
EV,0,0,637,0000027d
EV,0,0,638,0000027e
EV,0,0,639,0000027f
EV,0,0,640,00000280
EV,0,0,641,00000281
EV,0,0,642,00000282
EV,0,0,643,00000283
EV,0,0,644,00000284
EV,0,0,645,00000285
EV,0,0,646,00000286
EV,0,0,647,00000287
EV,0,0,648,00000288
EV,0,0,649,00000289
EV,0,0,650,0000028a
EV,0,0,651,0000028b
EV,0,0,652,0000028c
EV,0,0,653,0000028d
EV,0,0,654,0000028e
EV,0,0,655,0000028f
EV,0,0,656,00000290
EV,0,0,657,00000291
EV,0,0,658,00000292
EV,0,0,659,00000293
EV,0,0,660,00000294
EV,0,0,661,00000295
EV,0,0,662,00000296
EV,0,0,663,00000297
EV,0,0,664,00000298
EV,0,0,665,00000299
EV,0,0,666,0000029a
EV,0,0,667,0000029b
EV,0,0,668,0000029c
EV,0,0,669,0000029d
EV,0,0,670,0000029e
EV,0,0,671,0000029f
EV,0,0,672,000002a0
EV,0,0,673,000002a1
EV,0,0,674,000002a2
EV,0,0,675,000002a3
EV,0,0,676,000002a4
EV,0,0,677,000002a5
EV,0,0,678,000002a6
EV,0,0,679,000002a7
EV,0,0,680,000002a8
EV,0,0,681,000002a9
EV,0,0,682,000002aa
EV,0,0,683,000002ab
EV,0,0,684,000002ac
EV,0,0,685,000002ad
EV,0,0,686,000002ae
EV,0,0,687,000002af
EV,0,0,688,000002b0
EV,0,0,689,000002b1
EV,0,0,690,000002b2
EV,0,0,691,000002b3
EV,0,0,692,000002b4
EV,0,0,693,000002b5
EV,0,0,694,000002b6
EV,0,0,695,000002b7
EV,0,0,696,000002b8
EV,0,0,697,000002b9
EV,0,0,698,000002ba
EV,0,0,699,000002bb
EV,0,0,700,000002bc
EV,0,0,701,000002bd
EV,0,0,702,000002be
EV,0,0,703,000002bf
EV,0,0,704,000002c0
EV,0,0,705,000002c1
EV,0,0,706,000002c2
EV,0,0,707,000002c3
EV,0,0,708,000002c4
EV,0,0,709,000002c5
EV,0,0,710,000002c6
EV,0,0,711,000002c7
EV,0,0,712,000002c8
EV,0,0,713,000002c9
EV,0,0,714,000002ca
EV,0,0,715,000002cb
EV,0,0,716,000002cc
EV,0,0,717,000002cd
EV,0,0,718,000002ce
EV,0,0,719,000002cf
EV,0,0,720,000002d0
EV,0,0,721,000002d1
EV,0,0,722,000002d2
EV,0,0,723,000002d3
EV,0,0,724,000002d4
EV,0,0,725,000002d5
EV,0,0,726,000002d6
EV,0,0,727,000002d7
EV,0,0,728,000002d8
EV,0,0,729,000002d9
EV,0,0,730,000002da
EV,0,0,731,000002db
EV,0,0,732,000002dc
EV,0,0,733,000002dd
EV,0,0,734,000002de
EV,0,0,735,000002df
EV,0,0,736,000002e0
EV,0,0,737,000002e1
EV,0,0,738,000002e2
EV,0,0,739,000002e3
EV,0,0,740,000002e4
EV,0,0,741,000002e5
EV,0,0,742,000002e6
EV,0,0,743,000002e7
EV,0,0,744,000002e8
EV,0,0,745,000002e9
EV,0,0,746,000002ea
EV,0,0,747,000002eb
EV,0,0,748,000002ec
EV,0,0,749,000002ed
EV,0,0,750,000002ee
EV,0,0,751,000002ef
EV,0,0,752,000002f0
EV,0,0,753,000002f1
EV,0,0,754,000002f2
EV,0,0,755,000002f3
EV,0,0,756,000002f4
EV,0,0,757,000002f5
EV,0,0,758,000002f6
EV,0,0,759,000002f7
EV,0,0,760,000002f8
EV,0,0,761,000002f9
EV,0,0,762,000002fa
EV,0,0,763,000002fb
EV,0,0,764,000002fc
EV,0,0,765,000002fd
EV,0,0,766,000002fe
EV,0,0,767,000002ff
EV,0,0,768,00000300
EV,0,0,769,00000301
EV,0,0,770,00000302
EV,0,0,771,00000303
EV,0,0,772,00000304
EV,0,0,773,00000305
EV,0,0,774,00000306
EV,0,0,775,00000307
EV,0,0,776,00000308
EV,0,0,777,00000309
EV,0,0,778,0000030a
EV,0,0,779,0000030b
EV,0,0,780,0000030c
EV,0,0,781,0000030d
EV,0,0,782,0000030e
EV,0,0,783,0000030f
EV,0,0,784,00000310
EV,0,0,785,00000311
EV,0,0,786,00000312
EV,0,0,787,00000313
EV,0,0,788,00000314
EV,0,0,789,00000315
EV,0,0,790,00000316
EV,0,0,791,00000317
EV,0,0,792,00000318
EV,0,0,793,00000319
EV,0,0,794,0000031a
EV,0,0,795,0000031b
EV,0,0,796,0000031c
EV,0,0,797,0000031d
EV,0,0,798,0000031e
EV,0,0,799,0000031f
EV,0,0,800,00000320
EV,0,0,801,00000321
EV,0,0,802,00000322
EV,0,0,803,00000323
EV,0,0,804,00000324
EV,0,0,805,00000325
EV,0,0,806,00000326
EV,0,0,807,00000327
EV,0,0,808,00000328
EV,0,0,809,00000329
EV,0,0,810,0000032a
EV,0,0,811,0000032b
EV,0,0,812,0000032c
EV,0,0,813,0000032d
EV,0,0,814,0000032e
EV,0,0,815,0000032f
EV,0,0,816,00000330
EV,0,0,817,00000331
EV,0,0,818,00000332
EV,0,0,819,00000333
EV,0,0,820,00000334
EV,0,0,821,00000335
EV,0,0,822,00000336
EV,0,0,823,00000337
EV,0,0,824,00000338
EV,0,0,825,00000339
EV,0,0,826,0000033a
EV,0,0,827,0000033b
EV,0,0,828,0000033c
EV,0,0,829,0000033d
EV,0,0,830,0000033e
EV,0,0,831,0000033f
EV,0,0,832,00000340
EV,0,0,833,00000341
EV,0,0,834,00000342
EV,0,0,835,00000343
EV,0,0,836,00000344
EV,0,0,837,00000345
EV,0,0,838,00000346
EV,0,0,839,00000347
EV,0,0,840,00000348
EV,0,0,841,00000349
EV,0,0,842,0000034a
EV,0,0,843,0000034b
EV,0,0,844,0000034c
EV,0,0,845,0000034d
EV,0,0,846,0000034e
EV,0,0,847,0000034f
EV,0,0,848,00000350
EV,0,0,849,00000351
EV,0,0,850,00000352
EV,0,0,851,00000353
EV,0,0,852,00000354
EV,0,0,853,00000355
EV,0,0,854,00000356
EV,0,0,855,00000357
EV,0,0,856,00000358
EV,0,0,857,00000359
EV,0,0,858,0000035a
EV,0,0,859,0000035b
EV,0,0,860,0000035c
EV,0,0,861,0000035d
EV,0,0,862,0000035e
EV,0,0,863,0000035f
EV,0,0,864,00000360
EV,0,0,865,00000361
EV,0,0,866,00000362
EV,0,0,867,00000363
EV,0,0,868,00000364
EV,0,0,869,00000365
EV,0,0,870,00000366
EV,0,0,871,00000367
EV,0,0,872,00000368
EV,0,0,873,00000369
EV,0,0,874,0000036a
EV,0,0,875,0000036b
EV,0,0,876,0000036c
EV,0,0,877,0000036d
EV,0,0,878,0000036e
EV,0,0,879,0000036f
EV,0,0,880,00000370
EV,0,0,881,00000371
EV,0,0,882,00000372
EV,0,0,883,00000373
EV,0,0,884,00000374
EV,0,0,885,00000375
EV,0,0,886,00000376
EV,0,0,887,00000377
EV,0,0,888,00000378
EV,0,0,889,00000379
EV,0,0,890,0000037a
EV,0,0,891,0000037b
EV,0,0,892,0000037c
EV,0,0,893,0000037d
EV,0,0,894,0000037e
EV,0,0,895,0000037f
EV,0,0,896,00000380
EV,0,0,897,00000381
EV,0,0,898,00000382
EV,0,0,899,00000383
EV,0,0,900,00000384
EV,0,0,901,00000385
EV,0,0,902,00000386
EV,0,0,903,00000387
EV,0,0,904,00000388
EV,0,0,905,00000389
EV,0,0,906,0000038a
EV,0,0,907,0000038b
EV,0,0,908,0000038c
EV,0,0,909,0000038d
EV,0,0,910,0000038e
EV,0,0,911,0000038f
EV,0,0,912,00000390
EV,0,0,913,00000391
EV,0,0,914,00000392
EV,0,0,915,00000393
EV,0,0,916,00000394
EV,0,0,917,00000395
EV,0,0,918,00000396
EV,0,0,919,00000397
EV,0,0,920,00000398
EV,0,0,921,00000399
EV,0,0,922,0000039a
EV,0,0,923,0000039b
EV,0,0,924,0000039c
EV,0,0,925,0000039d
EV,0,0,926,0000039e
EV,0,0,927,0000039f
EV,0,0,928,000003a0
EV,0,0,929,000003a1
EV,0,0,930,000003a2
EV,0,0,931,000003a3
EV,0,0,932,000003a4
EV,0,0,933,000003a5
EV,0,0,934,000003a6
EV,0,0,935,000003a7
EV,0,0,936,000003a8
EV,0,0,937,000003a9
EV,0,0,938,000003aa
EV,0,0,939,000003ab
EV,0,0,940,000003ac
EV,0,0,941,000003ad
EV,0,0,942,000003ae
EV,0,0,943,000003af
EV,0,0,944,000003b0
EV,0,0,945,000003b1
EV,0,0,946,000003b2
EV,0,0,947,000003b3
EV,0,0,948,000003b4
EV,0,0,949,000003b5
EV,0,0,950,000003b6
EV,0,0,951,000003b7
EV,0,0,952,000003b8
EV,0,0,953,000003b9
EV,0,0,954,000003ba
EV,0,0,955,000003bb
EV,0,0,956,000003bc
EV,0,0,957,000003bd
EV,0,0,958,000003be
EV,0,0,959,000003bf
EV,0,0,960,000003c0
EV,0,0,961,000003c1
EV,0,0,962,000003c2
EV,0,0,963,000003c3
EV,0,0,964,000003c4
EV,0,0,965,000003c5
EV,0,0,966,000003c6
EV,0,0,967,000003c7
EV,0,0,968,000003c8
EV,0,0,969,000003c9
EV,0,0,970,000003ca
EV,0,0,971,000003cb
EV,0,0,972,000003cc
EV,0,0,973,000003cd
EV,0,0,974,000003ce
EV,0,0,975,000003cf
EV,0,0,976,000003d0
EV,0,0,977,000003d1
EV,0,0,978,000003d2
EV,0,0,979,000003d3
EV,0,0,980,000003d4
EV,0,0,981,000003d5
EV,0,0,982,000003d6
EV,0,0,983,000003d7
EV,0,0,984,000003d8
EV,0,0,985,000003d9
EV,0,0,986,000003da
EV,0,0,987,000003db
EV,0,0,988,000003dc
EV,0,0,989,000003dd
EV,0,0,990,000003de
EV,0,0,991,000003df
EV,0,0,992,000003e0
EV,0,0,993,000003e1
EV,0,0,994,000003e2
EV,0,0,995,000003e3
EV,0,0,996,000003e4
EV,0,0,997,000003e5
EV,0,0,998,000003e6
EV,0,0,999,000003e7
EV,0,0,1000,000003e8
EV,0,0,1001,000003e9
EV,0,0,1002,000003ea
EV,0,0,1003,000003eb
EV,0,0,1004,000003ec
EV,0,0,1005,000003ed
EV,0,0,1006,000003ee
EV,0,0,1007,000003ef
EV,0,0,1008,000003f0
EV,0,0,1009,000003f1
EV,0,0,1010,000003f2
EV,0,0,1011,000003f3
EV,0,0,1012,000003f4
EV,0,0,1013,000003f5
EV,0,0,1014,000003f6
EV,0,0,1015,000003f7
EV,0,0,1016,000003f8
EV,0,0,1017,000003f9
EV,0,0,1018,000003fa
EV,0,0,1019,000003fb
EV,0,0,1020,000003fc
EV,0,0,1021,000003fd
EV,0,0,1022,000003fe
EV,0,0,1023,000003ff
EV,1,0,0,00000000
EV,1,0,1,00000001
EV,1,0,2,00000002
EV,1,0,3,00000003
EV,1,0,4,00000004
EV,1,0,5,00000005
EV,1,0,6,00000006
EV,1,0,7,00000007
EV,1,0,8,00000008
EV,1,0,9,00000009
EV,1,0,10,0000000a
EV,1,0,11,0000000b
EV,1,0,12,0000000c
EV,1,0,13,0000000d
EV,1,0,14,0000000e
EV,1,0,15,0000000f
EV,1,0,16,00000010
EV,1,0,17,00000011
EV,1,0,18,00000012
EV,1,0,19,00000013
EV,1,0,20,00000014
EV,1,0,21,00000015
EV,1,0,22,00000016
EV,1,0,23,00000017
EV,1,0,24,00000018
EV,1,0,25,00000019
EV,1,0,26,0000001a
EV,1,0,27,0000001b
EV,1,0,28,0000001c
EV,1,0,29,0000001d
EV,1,0,30,0000001e
EV,1,0,31,0000001f
EV,1,0,32,00000020
EV,1,0,33,00000021
EV,1,0,34,00000022
EV,1,0,35,00000023
EV,1,0,36,00000024
EV,1,0,37,00000025
EV,1,0,38,00000026
EV,1,0,39,00000027
EV,1,0,40,00000028
EV,1,0,41,00000029
EV,1,0,42,0000002a
EV,1,0,43,0000002b
EV,1,0,44,0000002c
EV,1,0,45,0000002d
EV,1,0,46,0000002e
EV,1,0,47,0000002f
EV,1,0,48,00000030
EV,1,0,49,00000031
EV,1,0,50,00000032
EV,1,0,51,00000033
EV,1,0,52,00000034
EV,1,0,53,00000035
EV,1,0,54,00000036
EV,1,0,55,00000037
EV,1,0,56,00000038
EV,1,0,57,00000039
EV,1,0,58,0000003a
EV,1,0,59,0000003b
EV,1,0,60,0000003c
EV,1,0,61,0000003d
EV,1,0,62,0000003e
EV,1,0,63,0000003f
EV,1,0,64,00000040
EV,1,0,65,00000041
EV,1,0,66,00000042
EV,1,0,67,00000043
EV,1,0,68,00000044
EV,1,0,69,00000045
EV,1,0,70,00000046
EV,1,0,71,00000047
EV,1,0,72,00000048
EV,1,0,73,00000049
EV,1,0,74,0000004a
EV,1,0,75,0000004b
EV,1,0,76,0000004c
EV,1,0,77,0000004d
EV,1,0,78,0000004e
EV,1,0,79,0000004f
EV,1,0,80,00000050
EV,1,0,81,00000051
EV,1,0,82,00000052
EV,1,0,83,00000053
EV,1,0,84,00000054
EV,1,0,85,00000055
EV,1,0,86,00000056
EV,1,0,87,00000057
EV,1,0,88,00000058
EV,1,0,89,00000059
EV,1,0,90,0000005a
EV,1,0,91,0000005b
EV,1,0,92,0000005c
EV,1,0,93,0000005d
EV,1,0,94,0000005e
EV,1,0,95,0000005f
EV,1,0,96,00000060
EV,1,0,97,00000061
EV,1,0,98,00000062
EV,1,0,99,00000063
EV,1,0,100,00000064
EV,1,0,101,00000065
EV,1,0,102,00000066
EV,1,0,103,00000067
EV,1,0,104,00000068
EV,1,0,105,00000069
EV,1,0,106,0000006a
EV,1,0,107,0000006b
EV,1,0,108,0000006c
EV,1,0,109,0000006d
EV,1,0,110,0000006e
EV,1,0,111,0000006f
EV,1,0,112,00000070
EV,1,0,113,00000071
EV,1,0,114,00000072
EV,1,0,115,00000073
EV,1,0,116,00000074
EV,1,0,117,00000075
EV,1,0,118,00000076
EV,1,0,119,00000077
EV,1,0,120,00000078
EV,1,0,121,00000079
EV,1,0,122,0000007a
EV,1,0,123,0000007b
EV,1,0,124,0000007c
EV,1,0,125,0000007d
EV,1,0,126,0000007e
EV,1,0,127,0000007f
EV,1,0,128,00000080
EV,1,0,129,00000081
EV,1,0,130,00000082
EV,1,0,131,00000083
EV,1,0,132,00000084
EV,1,0,133,00000085
EV,1,0,134,00000086
EV,1,0,135,00000087
EV,1,0,136,00000088
EV,1,0,137,00000089
EV,1,0,138,0000008a
EV,1,0,139,0000008b
EV,1,0,140,0000008c
EV,1,0,141,0000008d
EV,1,0,142,0000008e
EV,1,0,143,0000008f
EV,1,0,144,00000090
EV,1,0,145,00000091
EV,1,0,146,00000092
EV,1,0,147,00000093
EV,1,0,148,00000094
EV,1,0,149,00000095
EV,1,0,150,00000096
EV,1,0,151,00000097
EV,1,0,152,00000098
EV,1,0,153,00000099
EV,1,0,154,0000009a
EV,1,0,155,0000009b
EV,1,0,156,0000009c
EV,1,0,157,0000009d
EV,1,0,158,0000009e
EV,1,0,159,0000009f
EV,1,0,160,000000a0
EV,1,0,161,000000a1
EV,1,0,162,000000a2
EV,1,0,163,000000a3
EV,1,0,164,000000a4
EV,1,0,165,000000a5
EV,1,0,166,000000a6
EV,1,0,167,000000a7
EV,1,0,168,000000a8
EV,1,0,169,000000a9
EV,1,0,170,000000aa
EV,1,0,171,000000ab
EV,1,0,172,000000ac
EV,1,0,173,000000ad
EV,1,0,174,000000ae
EV,1,0,175,000000af
EV,1,0,176,000000b0
EV,1,0,177,000000b1
EV,1,0,178,000000b2
EV,1,0,179,000000b3
EV,1,0,180,000000b4
EV,1,0,181,000000b5
EV,1,0,182,000000b6
EV,1,0,183,000000b7
EV,1,0,184,000000b8
EV,1,0,185,000000b9
EV,1,0,186,000000ba
EV,1,0,187,000000bb
EV,1,0,188,000000bc
EV,1,0,189,000000bd
EV,1,0,190,000000be
EV,1,0,191,000000bf
EV,1,0,192,000000c0
EV,1,0,193,000000c1
EV,1,0,194,000000c2
EV,1,0,195,000000c3
EV,1,0,196,000000c4
EV,1,0,197,000000c5
EV,1,0,198,000000c6
EV,1,0,199,000000c7
EV,1,0,200,000000c8
EV,1,0,201,000000c9
EV,1,0,202,000000ca
EV,1,0,203,000000cb
EV,1,0,204,000000cc
EV,1,0,205,000000cd
EV,1,0,206,000000ce
EV,1,0,207,000000cf
EV,1,0,208,000000d0
EV,1,0,209,000000d1
EV,1,0,210,000000d2
EV,1,0,211,000000d3
EV,1,0,212,000000d4
EV,1,0,213,000000d5
EV,1,0,214,000000d6
EV,1,0,215,000000d7
EV,1,0,216,000000d8
EV,1,0,217,000000d9
EV,1,0,218,000000da
EV,1,0,219,000000db
EV,1,0,220,000000dc
EV,1,0,221,000000dd
EV,1,0,222,000000de
EV,1,0,223,000000df
EV,1,0,224,000000e0
EV,1,0,225,000000e1
EV,1,0,226,000000e2
EV,1,0,227,000000e3
EV,1,0,228,000000e4
EV,1,0,229,000000e5
EV,1,0,230,000000e6
EV,1,0,231,000000e7
EV,1,0,232,000000e8
EV,1,0,233,000000e9
EV,1,0,234,000000ea
EV,1,0,235,000000eb
EV,1,0,236,000000ec
EV,1,0,237,000000ed
EV,1,0,238,000000ee
EV,1,0,239,000000ef
EV,1,0,240,000000f0
EV,1,0,241,000000f1
EV,1,0,242,000000f2
EV,1,0,243,000000f3
EV,1,0,244,000000f4
EV,1,0,245,000000f5
EV,1,0,246,000000f6
EV,1,0,247,000000f7
EV,1,0,248,000000f8
EV,1,0,249,000000f9
EV,1,0,250,000000fa
EV,1,0,251,000000fb
EV,1,0,252,000000fc
EV,1,0,253,000000fd
EV,1,0,254,000000fe
EV,1,0,255,000000ff
EV,1,0,256,00000100
EV,1,0,257,00000101
EV,1,0,258,00000102
EV,1,0,259,00000103
EV,1,0,260,00000104
EV,1,0,261,00000105
EV,1,0,262,00000106
EV,1,0,263,00000107
EV,1,0,264,00000108
EV,1,0,265,00000109
EV,1,0,266,0000010a
EV,1,0,267,0000010b
EV,1,0,268,0000010c
EV,1,0,269,0000010d
EV,1,0,270,0000010e
EV,1,0,271,0000010f
EV,1,0,272,00000110
EV,1,0,273,00000111
EV,1,0,274,00000112
EV,1,0,275,00000113
EV,1,0,276,00000114
EV,1,0,277,00000115
EV,1,0,278,00000116
EV,1,0,279,00000117
EV,1,0,280,00000118
EV,1,0,281,00000119
EV,1,0,282,0000011a
EV,1,0,283,0000011b
EV,1,0,284,0000011c
EV,1,0,285,0000011d
EV,1,0,286,0000011e
EV,1,0,287,0000011f
EV,1,0,288,00000120
EV,1,0,289,00000121
EV,1,0,290,00000122
EV,1,0,291,00000123
EV,1,0,292,00000124
EV,1,0,293,00000125
EV,1,0,294,00000126
EV,1,0,295,00000127
EV,1,0,296,00000128
EV,1,0,297,00000129
EV,1,0,298,0000012a
EV,1,0,299,0000012b
EV,1,0,300,0000012c
EV,1,0,301,0000012d
EV,1,0,302,0000012e
EV,1,0,303,0000012f
EV,1,0,304,00000130
EV,1,0,305,00000131
EV,1,0,306,00000132
EV,1,0,307,00000133
EV,1,0,308,00000134
EV,1,0,309,00000135
EV,1,0,310,00000136
EV,1,0,311,00000137
EV,1,0,312,00000138
EV,1,0,313,00000139
EV,1,0,314,0000013a
EV,1,0,315,0000013b
EV,1,0,316,0000013c
EV,1,0,317,0000013d
EV,1,0,318,0000013e
EV,1,0,319,0000013f
EV,1,0,320,00000140
EV,1,0,321,00000141
EV,1,0,322,00000142
EV,1,0,323,00000143
EV,1,0,324,00000144
EV,1,0,325,00000145
EV,1,0,326,00000146
EV,1,0,327,00000147
EV,1,0,328,00000148
EV,1,0,329,00000149
EV,1,0,330,0000014a
EV,1,0,331,0000014b
EV,1,0,332,0000014c
EV,1,0,333,0000014d
EV,1,0,334,0000014e
EV,1,0,335,0000014f
EV,1,0,336,00000150
EV,1,0,337,00000151
EV,1,0,338,00000152
EV,1,0,339,00000153
EV,1,0,340,00000154
EV,1,0,341,00000155
EV,1,0,342,00000156
EV,1,0,343,00000157
EV,1,0,344,00000158
EV,1,0,345,00000159
EV,1,0,346,0000015a
EV,1,0,347,0000015b
EV,1,0,348,0000015c
EV,1,0,349,0000015d
EV,1,0,350,0000015e
EV,1,0,351,0000015f
EV,1,0,352,00000160
EV,1,0,353,00000161
EV,1,0,354,00000162
EV,1,0,355,00000163
EV,1,0,356,00000164
EV,1,0,357,00000165
EV,1,0,358,00000166
EV,1,0,359,00000167
EV,1,0,360,00000168
EV,1,0,361,00000169
EV,1,0,362,0000016a
EV,1,0,363,0000016b
EV,1,0,364,0000016c
EV,1,0,365,0000016d
EV,1,0,366,0000016e
EV,1,0,367,0000016f
EV,1,0,368,00000170
EV,1,0,369,00000171
EV,1,0,370,00000172
EV,1,0,371,00000173
EV,1,0,372,00000174
EV,1,0,373,00000175
EV,1,0,374,00000176
EV,1,0,375,00000177
EV,1,0,376,00000178
EV,1,0,377,00000179
EV,1,0,378,0000017a
EV,1,0,379,0000017b
EV,1,0,380,0000017c
EV,1,0,381,0000017d
EV,1,0,382,0000017e
EV,1,0,383,0000017f
EV,1,0,384,00000180
EV,1,0,385,00000181
EV,1,0,386,00000182
EV,1,0,387,00000183
EV,1,0,388,00000184
EV,1,0,389,00000185
EV,1,0,390,00000186
EV,1,0,391,00000187
EV,1,0,392,00000188
EV,1,0,393,00000189
EV,1,0,394,0000018a
EV,1,0,395,0000018b
EV,1,0,396,0000018c
EV,1,0,397,0000018d
EV,1,0,398,0000018e
EV,1,0,399,0000018f
EV,1,0,400,00000190
EV,1,0,401,00000191
EV,1,0,402,00000192
EV,1,0,403,00000193
EV,1,0,404,00000194
EV,1,0,405,00000195
EV,1,0,406,00000196
EV,1,0,407,00000197
EV,1,0,408,00000198
EV,1,0,409,00000199
EV,1,0,410,0000019a
EV,1,0,411,0000019b
EV,1,0,412,0000019c
EV,1,0,413,0000019d
EV,1,0,414,0000019e
EV,1,0,415,0000019f
EV,1,0,416,000001a0
EV,1,0,417,000001a1
EV,1,0,418,000001a2
EV,1,0,419,000001a3
EV,1,0,420,000001a4
EV,1,0,421,000001a5
EV,1,0,422,000001a6
EV,1,0,423,000001a7
EV,1,0,424,000001a8
EV,1,0,425,000001a9
EV,1,0,426,000001aa
EV,1,0,427,000001ab
EV,1,0,428,000001ac
EV,1,0,429,000001ad
EV,1,0,430,000001ae
EV,1,0,431,000001af
EV,1,0,432,000001b0
EV,1,0,433,000001b1
EV,1,0,434,000001b2
EV,1,0,435,000001b3
EV,1,0,436,000001b4
EV,1,0,437,000001b5
EV,1,0,438,000001b6
EV,1,0,439,000001b7
EV,1,0,440,000001b8
EV,1,0,441,000001b9
EV,1,0,442,000001ba
EV,1,0,443,000001bb
EV,1,0,444,000001bc
EV,1,0,445,000001bd
EV,1,0,446,000001be
EV,1,0,447,000001bf
EV,1,0,448,000001c0
EV,1,0,449,000001c1
EV,1,0,450,000001c2
EV,1,0,451,000001c3
EV,1,0,452,000001c4
EV,1,0,453,000001c5
EV,1,0,454,000001c6
EV,1,0,455,000001c7
EV,1,0,456,000001c8
EV,1,0,457,000001c9
EV,1,0,458,000001ca
EV,1,0,459,000001cb
EV,1,0,460,000001cc
EV,1,0,461,000001cd
EV,1,0,462,000001ce
EV,1,0,463,000001cf
EV,1,0,464,000001d0
EV,1,0,465,000001d1
EV,1,0,466,000001d2
EV,1,0,467,000001d3
EV,1,0,468,000001d4
EV,1,0,469,000001d5
EV,1,0,470,000001d6
EV,1,0,471,000001d7
EV,1,0,472,000001d8
EV,1,0,473,000001d9
EV,1,0,474,000001da
EV,1,0,475,000001db
EV,1,0,476,000001dc
EV,1,0,477,000001dd
EV,1,0,478,000001de
EV,1,0,479,000001df
EV,1,0,480,000001e0
EV,1,0,481,000001e1
EV,1,0,482,000001e2
EV,1,0,483,000001e3
EV,1,0,484,000001e4
EV,1,0,485,000001e5
EV,1,0,486,000001e6
EV,1,0,487,000001e7
EV,1,0,488,000001e8
EV,1,0,489,000001e9
EV,1,0,490,000001ea
EV,1,0,491,000001eb
EV,1,0,492,000001ec
EV,1,0,493,000001ed
EV,1,0,494,000001ee
EV,1,0,495,000001ef
EV,1,0,496,000001f0
EV,1,0,497,000001f1
EV,1,0,498,000001f2
EV,1,0,499,000001f3
EV,1,0,500,000001f4
EV,1,0,501,000001f5
EV,1,0,502,000001f6
EV,1,0,503,000001f7
EV,1,0,504,000001f8
EV,1,0,505,000001f9
EV,1,0,506,000001fa
EV,1,0,507,000001fb
EV,1,0,508,000001fc
EV,1,0,509,000001fd
EV,1,0,510,000001fe
EV,1,0,511,000001ff
EV,1,0,512,00000200
EV,1,0,513,00000201
EV,1,0,514,00000202
EV,1,0,515,00000203
EV,1,0,516,00000204
EV,1,0,517,00000205
EV,1,0,518,00000206
EV,1,0,519,00000207
EV,1,0,520,00000208
EV,1,0,521,00000209
EV,1,0,522,0000020a
EV,1,0,523,0000020b
EV,1,0,524,0000020c
EV,1,0,525,0000020d
EV,1,0,526,0000020e
EV,1,0,527,0000020f
EV,1,0,528,00000210
EV,1,0,529,00000211
EV,1,0,530,00000212
EV,1,0,531,00000213
EV,1,0,532,00000214
EV,1,0,533,00000215
EV,1,0,534,00000216
EV,1,0,535,00000217
EV,1,0,536,00000218
EV,1,0,537,00000219
EV,1,0,538,0000021a
EV,1,0,539,0000021b
EV,1,0,540,0000021c
EV,1,0,541,0000021d
EV,1,0,542,0000021e
EV,1,0,543,0000021f
EV,1,0,544,00000220
EV,1,0,545,00000221
EV,1,0,546,00000222
EV,1,0,547,00000223
EV,1,0,548,00000224
EV,1,0,549,00000225
EV,1,0,550,00000226
EV,1,0,551,00000227
EV,1,0,552,00000228
EV,1,0,553,00000229
EV,1,0,554,0000022a
EV,1,0,555,0000022b
EV,1,0,556,0000022c
EV,1,0,557,0000022d
EV,1,0,558,0000022e
EV,1,0,559,0000022f
EV,1,0,560,00000230
EV,1,0,561,00000231
EV,1,0,562,00000232
EV,1,0,563,00000233
EV,1,0,564,00000234
EV,1,0,565,00000235
EV,1,0,566,00000236
EV,1,0,567,00000237
EV,1,0,568,00000238
EV,1,0,569,00000239
EV,1,0,570,0000023a
EV,1,0,571,0000023b
EV,1,0,572,0000023c
EV,1,0,573,0000023d
EV,1,0,574,0000023e
EV,1,0,575,0000023f
EV,1,0,576,00000240
EV,1,0,577,00000241
EV,1,0,578,00000242
EV,1,0,579,00000243
EV,1,0,580,00000244
EV,1,0,581,00000245
EV,1,0,582,00000246
EV,1,0,583,00000247
EV,1,0,584,00000248
EV,1,0,585,00000249
EV,1,0,586,0000024a
EV,1,0,587,0000024b
EV,1,0,588,0000024c
EV,1,0,589,0000024d
EV,1,0,590,0000024e
EV,1,0,591,0000024f
EV,1,0,592,00000250
EV,1,0,593,00000251
EV,1,0,594,00000252
EV,1,0,595,00000253
EV,1,0,596,00000254
EV,1,0,597,00000255
EV,1,0,598,00000256
EV,1,0,599,00000257
EV,1,0,600,00000258
EV,1,0,601,00000259
EV,1,0,602,0000025a
EV,1,0,603,0000025b
EV,1,0,604,0000025c
EV,1,0,605,0000025d
EV,1,0,606,0000025e
EV,1,0,607,0000025f
EV,1,0,608,00000260
EV,1,0,609,00000261
EV,1,0,610,00000262
EV,1,0,611,00000263
EV,1,0,612,00000264
EV,1,0,613,00000265
EV,1,0,614,00000266
EV,1,0,615,00000267
EV,1,0,616,00000268
EV,1,0,617,00000269
EV,1,0,618,0000026a
EV,1,0,619,0000026b
EV,1,0,620,0000026c
EV,1,0,621,0000026d
EV,1,0,622,0000026e
EV,1,0,623,0000026f
EV,1,0,624,00000270
EV,1,0,625,00000271
EV,1,0,626,00000272
EV,1,0,627,00000273
EV,1,0,628,00000274
EV,1,0,629,00000275
EV,1,0,630,00000276
EV,1,0,631,00000277
EV,1,0,632,00000278
EV,1,0,633,00000279
EV,1,0,634,0000027a
EV,1,0,635,0000027b
EV,1,0,636,0000027c
EV,1,0,637,0000027d
EV,1,0,638,0000027e
EV,1,0,639,0000027f
EV,1,0,640,00000280
EV,1,0,641,00000281
EV,1,0,642,00000282
EV,1,0,643,00000283
EV,1,0,644,00000284
EV,1,0,645,00000285
EV,1,0,646,00000286
EV,1,0,647,00000287
EV,1,0,648,00000288
EV,1,0,649,00000289
EV,1,0,650,0000028a
EV,1,0,651,0000028b
EV,1,0,652,0000028c
EV,1,0,653,0000028d
EV,1,0,654,0000028e
EV,1,0,655,0000028f
EV,1,0,656,00000290
EV,1,0,657,00000291
EV,1,0,658,00000292
EV,1,0,659,00000293
EV,1,0,660,00000294
EV,1,0,661,00000295
EV,1,0,662,00000296
EV,1,0,663,00000297
EV,1,0,664,00000298
EV,1,0,665,00000299
EV,1,0,666,0000029a
EV,1,0,667,0000029b
EV,1,0,668,0000029c
EV,1,0,669,0000029d
EV,1,0,670,0000029e
EV,1,0,671,0000029f
EV,1,0,672,000002a0
EV,1,0,673,000002a1
EV,1,0,674,000002a2
EV,1,0,675,000002a3
EV,1,0,676,000002a4
EV,1,0,677,000002a5
EV,1,0,678,000002a6
EV,1,0,679,000002a7
EV,1,0,680,000002a8
EV,1,0,681,000002a9
EV,1,0,682,000002aa
EV,1,0,683,000002ab
EV,1,0,684,000002ac
EV,1,0,685,000002ad
EV,1,0,686,000002ae
EV,1,0,687,000002af
EV,1,0,688,000002b0
EV,1,0,689,000002b1
EV,1,0,690,000002b2
EV,1,0,691,000002b3
EV,1,0,692,000002b4
EV,1,0,693,000002b5
EV,1,0,694,000002b6
EV,1,0,695,000002b7
EV,1,0,696,000002b8
EV,1,0,697,000002b9
EV,1,0,698,000002ba
EV,1,0,699,000002bb
EV,1,0,700,000002bc
EV,1,0,701,000002bd
EV,1,0,702,000002be
EV,1,0,703,000002bf
EV,1,0,704,000002c0
EV,1,0,705,000002c1
EV,1,0,706,000002c2
EV,1,0,707,000002c3
EV,1,0,708,000002c4
EV,1,0,709,000002c5
EV,1,0,710,000002c6
EV,1,0,711,000002c7
EV,1,0,712,000002c8
EV,1,0,713,000002c9
EV,1,0,714,000002ca
EV,1,0,715,000002cb
EV,1,0,716,000002cc
EV,1,0,717,000002cd
EV,1,0,718,000002ce
EV,1,0,719,000002cf
EV,1,0,720,000002d0
EV,1,0,721,000002d1
EV,1,0,722,000002d2
EV,1,0,723,000002d3
EV,1,0,724,000002d4
EV,1,0,725,000002d5
EV,1,0,726,000002d6
EV,1,0,727,000002d7
EV,1,0,728,000002d8
EV,1,0,729,000002d9
EV,1,0,730,000002da
EV,1,0,731,000002db
EV,1,0,732,000002dc
EV,1,0,733,000002dd
EV,1,0,734,000002de
EV,1,0,735,000002df
EV,1,0,736,000002e0
EV,1,0,737,000002e1
EV,1,0,738,000002e2
EV,1,0,739,000002e3
EV,1,0,740,000002e4
EV,1,0,741,000002e5
EV,1,0,742,000002e6
EV,1,0,743,000002e7
EV,1,0,744,000002e8
EV,1,0,745,000002e9
EV,1,0,746,000002ea
EV,1,0,747,000002eb
EV,1,0,748,000002ec
EV,1,0,749,000002ed
EV,1,0,750,000002ee
EV,1,0,751,000002ef
EV,1,0,752,000002f0
EV,1,0,753,000002f1
EV,1,0,754,000002f2
EV,1,0,755,000002f3
EV,1,0,756,000002f4
EV,1,0,757,000002f5
EV,1,0,758,000002f6
EV,1,0,759,000002f7
EV,1,0,760,000002f8
EV,1,0,761,000002f9
EV,1,0,762,000002fa
EV,1,0,763,000002fb
EV,1,0,764,000002fc
EV,1,0,765,000002fd
EV,1,0,766,000002fe
EV,1,0,767,000002ff
EV,1,0,768,00000300
EV,1,0,769,00000301
EV,1,0,770,00000302
EV,1,0,771,00000303
EV,1,0,772,00000304
EV,1,0,773,00000305
EV,1,0,774,00000306
EV,1,0,775,00000307
EV,1,0,776,00000308
EV,1,0,777,00000309
EV,1,0,778,0000030a
EV,1,0,779,0000030b
EV,1,0,780,0000030c
EV,1,0,781,0000030d
EV,1,0,782,0000030e
EV,1,0,783,0000030f
EV,1,0,784,00000310
EV,1,0,785,00000311
EV,1,0,786,00000312
EV,1,0,787,00000313
EV,1,0,788,00000314
EV,1,0,789,00000315
EV,1,0,790,00000316
EV,1,0,791,00000317
EV,1,0,792,00000318
EV,1,0,793,00000319
EV,1,0,794,0000031a
EV,1,0,795,0000031b
EV,1,0,796,0000031c
EV,1,0,797,0000031d
EV,1,0,798,0000031e
EV,1,0,799,0000031f
EV,1,0,800,00000320
EV,1,0,801,00000321
EV,1,0,802,00000322
EV,1,0,803,00000323
EV,1,0,804,00000324
EV,1,0,805,00000325
EV,1,0,806,00000326
EV,1,0,807,00000327
EV,1,0,808,00000328
EV,1,0,809,00000329
EV,1,0,810,0000032a
EV,1,0,811,0000032b
EV,1,0,812,0000032c
EV,1,0,813,0000032d
EV,1,0,814,0000032e
EV,1,0,815,0000032f
EV,1,0,816,00000330
EV,1,0,817,00000331
EV,1,0,818,00000332
EV,1,0,819,00000333
EV,1,0,820,00000334
EV,1,0,821,00000335
EV,1,0,822,00000336
EV,1,0,823,00000337
EV,1,0,824,00000338
EV,1,0,825,00000339
EV,1,0,826,0000033a
EV,1,0,827,0000033b
EV,1,0,828,0000033c
EV,1,0,829,0000033d
EV,1,0,830,0000033e
EV,1,0,831,0000033f
EV,1,0,832,00000340
EV,1,0,833,00000341
EV,1,0,834,00000342
EV,1,0,835,00000343
EV,1,0,836,00000344
EV,1,0,837,00000345
EV,1,0,838,00000346
EV,1,0,839,00000347
EV,1,0,840,00000348
EV,1,0,841,00000349
EV,1,0,842,0000034a
EV,1,0,843,0000034b
EV,1,0,844,0000034c
EV,1,0,845,0000034d
EV,1,0,846,0000034e
EV,1,0,847,0000034f
EV,1,0,848,00000350
EV,1,0,849,00000351
EV,1,0,850,00000352
EV,1,0,851,00000353
EV,1,0,852,00000354
EV,1,0,853,00000355
EV,1,0,854,00000356
EV,1,0,855,00000357
EV,1,0,856,00000358
EV,1,0,857,00000359
EV,1,0,858,0000035a
EV,1,0,859,0000035b
EV,1,0,860,0000035c
EV,1,0,861,0000035d
EV,1,0,862,0000035e
EV,1,0,863,0000035f
EV,1,0,864,00000360
EV,1,0,865,00000361
EV,1,0,866,00000362
EV,1,0,867,00000363
EV,1,0,868,00000364
EV,1,0,869,00000365
EV,1,0,870,00000366
EV,1,0,871,00000367
EV,1,0,872,00000368
EV,1,0,873,00000369
EV,1,0,874,0000036a
EV,1,0,875,0000036b
EV,1,0,876,0000036c
EV,1,0,877,0000036d
EV,1,0,878,0000036e
EV,1,0,879,0000036f
EV,1,0,880,00000370
EV,1,0,881,00000371
EV,1,0,882,00000372
EV,1,0,883,00000373
EV,1,0,884,00000374
EV,1,0,885,00000375
EV,1,0,886,00000376
EV,1,0,887,00000377
EV,1,0,888,00000378
EV,1,0,889,00000379
EV,1,0,890,0000037a
EV,1,0,891,0000037b
EV,1,0,892,0000037c
EV,1,0,893,0000037d
EV,1,0,894,0000037e
EV,1,0,895,0000037f
EV,1,0,896,00000380
EV,1,0,897,00000381
EV,1,0,898,00000382
EV,1,0,899,00000383
EV,1,0,900,00000384
EV,1,0,901,00000385
EV,1,0,902,00000386
EV,1,0,903,00000387
EV,1,0,904,00000388
EV,1,0,905,00000389
EV,1,0,906,0000038a
EV,1,0,907,0000038b
EV,1,0,908,0000038c
EV,1,0,909,0000038d
EV,1,0,910,0000038e
EV,1,0,911,0000038f
EV,1,0,912,00000390
EV,1,0,913,00000391
EV,1,0,914,00000392
EV,1,0,915,00000393
EV,1,0,916,00000394
EV,1,0,917,00000395
EV,1,0,918,00000396
EV,1,0,919,00000397
EV,1,0,920,00000398
EV,1,0,921,00000399
EV,1,0,922,0000039a
EV,1,0,923,0000039b
EV,1,0,924,0000039c
EV,1,0,925,0000039d
EV,1,0,926,0000039e
EV,1,0,927,0000039f
EV,1,0,928,000003a0
EV,1,0,929,000003a1
EV,1,0,930,000003a2
EV,1,0,931,000003a3
EV,1,0,932,000003a4
EV,1,0,933,000003a5
EV,1,0,934,000003a6
EV,1,0,935,000003a7
EV,1,0,936,000003a8
EV,1,0,937,000003a9
EV,1,0,938,000003aa
EV,1,0,939,000003ab
EV,1,0,940,000003ac
EV,1,0,941,000003ad
EV,1,0,942,000003ae
EV,1,0,943,000003af
EV,1,0,944,000003b0
EV,1,0,945,000003b1
EV,1,0,946,000003b2
EV,1,0,947,000003b3
EV,1,0,948,000003b4
EV,1,0,949,000003b5
EV,1,0,950,000003b6
EV,1,0,951,000003b7
EV,1,0,952,000003b8
EV,1,0,953,000003b9
EV,1,0,954,000003ba
EV,1,0,955,000003bb
EV,1,0,956,000003bc
EV,1,0,957,000003bd
EV,1,0,958,000003be
EV,1,0,959,000003bf
EV,1,0,960,000003c0
EV,1,0,961,000003c1
EV,1,0,962,000003c2
EV,1,0,963,000003c3
EV,1,0,964,000003c4
EV,1,0,965,000003c5
EV,1,0,966,000003c6
EV,1,0,967,000003c7
EV,1,0,968,000003c8
EV,1,0,969,000003c9
EV,1,0,970,000003ca
EV,1,0,971,000003cb
EV,1,0,972,000003cc
EV,1,0,973,000003cd
EV,1,0,974,000003ce
EV,1,0,975,000003cf
EV,1,0,976,000003d0
EV,1,0,977,000003d1
EV,1,0,978,000003d2
EV,1,0,979,000003d3
EV,1,0,980,000003d4
EV,1,0,981,000003d5
EV,1,0,982,000003d6
EV,1,0,983,000003d7
EV,1,0,984,000003d8
EV,1,0,985,000003d9
EV,1,0,986,000003da
EV,1,0,987,000003db
EV,1,0,988,000003dc
EV,1,0,989,000003dd
EV,1,0,990,000003de
EV,1,0,991,000003df
EV,1,0,992,000003e0
EV,1,0,993,000003e1
EV,1,0,994,000003e2
EV,1,0,995,000003e3
EV,1,0,996,000003e4
EV,1,0,997,000003e5
EV,1,0,998,000003e6
EV,1,0,999,000003e7
EV,1,0,1000,000003e8
EV,1,0,1001,000003e9
EV,1,0,1002,000003ea
EV,1,0,1003,000003eb
EV,1,0,1004,000003ec
EV,1,0,1005,000003ed
EV,1,0,1006,000003ee
EV,1,0,1007,000003ef
EV,1,0,1008,000003f0
EV,1,0,1009,000003f1
EV,1,0,1010,000003f2
EV,1,0,1011,000003f3
EV,1,0,1012,000003f4
EV,1,0,1013,000003f5
EV,1,0,1014,000003f6
EV,1,0,1015,000003f7
EV,1,0,1016,000003f8
EV,1,0,1017,000003f9
EV,1,0,1018,000003fa
EV,1,0,1019,000003fb
EV,1,0,1020,000003fc
EV,1,0,1021,000003fd
EV,1,0,1022,000003fe
EV,1,0,1023,000003ff
EV,1,1,0,00000000
EV,1,1,1,00000001
EV,1,1,2,00000002
EV,1,1,3,00000003
EV,1,1,4,00000004
EV,1,1,5,00000005
EV,1,1,6,00000006
EV,1,1,7,00000007
EV,1,1,8,00000008
EV,1,1,9,00000009
EV,1,1,10,0000000a
EV,1,1,11,0000000b
EV,1,1,12,0000000c
EV,1,1,13,0000000d
EV,1,1,14,0000000e
EV,1,1,15,0000000f
EV,1,1,16,00000010
EV,1,1,17,00000011
EV,1,1,18,00000012
EV,1,1,19,00000013
EV,1,1,20,00000014
EV,1,1,21,00000015
EV,1,1,22,00000016
EV,1,1,23,00000017
EV,1,1,24,00000018
EV,1,1,25,00000019
EV,1,1,26,0000001a
EV,1,1,27,0000001b
EV,1,1,28,0000001c
EV,1,1,29,0000001d
EV,1,1,30,0000001e
EV,1,1,31,0000001f
EV,1,1,32,00000020
EV,1,1,33,00000021
EV,1,1,34,00000022
EV,1,1,35,00000023
EV,1,1,36,00000024
EV,1,1,37,00000025
EV,1,1,38,00000026
EV,1,1,39,00000027
EV,1,1,40,00000028
EV,1,1,41,00000029
EV,1,1,42,0000002a
EV,1,1,43,0000002b
EV,1,1,44,0000002c
EV,1,1,45,0000002d
EV,1,1,46,0000002e
EV,1,1,47,0000002f
EV,1,1,48,00000030
EV,1,1,49,00000031
EV,1,1,50,00000032
EV,1,1,51,00000033
EV,1,1,52,00000034
EV,1,1,53,00000035
EV,1,1,54,00000036
EV,1,1,55,00000037
EV,1,1,56,00000038
EV,1,1,57,00000039
EV,1,1,58,0000003a
EV,1,1,59,0000003b
EV,1,1,60,0000003c
EV,1,1,61,0000003d
EV,1,1,62,0000003e
EV,1,1,63,0000003f
EV,1,1,64,00000040
EV,1,1,65,00000041
EV,1,1,66,00000042
EV,1,1,67,00000043
EV,1,1,68,00000044
EV,1,1,69,00000045
EV,1,1,70,00000046
EV,1,1,71,00000047
EV,1,1,72,00000048
EV,1,1,73,00000049
EV,1,1,74,0000004a
EV,1,1,75,0000004b
EV,1,1,76,0000004c
EV,1,1,77,0000004d
EV,1,1,78,0000004e
EV,1,1,79,0000004f
EV,1,1,80,00000050
EV,1,1,81,00000051
EV,1,1,82,00000052
EV,1,1,83,00000053
EV,1,1,84,00000054
EV,1,1,85,00000055
EV,1,1,86,00000056
EV,1,1,87,00000057
EV,1,1,88,00000058
EV,1,1,89,00000059
EV,1,1,90,0000005a
EV,1,1,91,0000005b
EV,1,1,92,0000005c
EV,1,1,93,0000005d
EV,1,1,94,0000005e
EV,1,1,95,0000005f
EV,1,1,96,00000060
EV,1,1,97,00000061
EV,1,1,98,00000062
EV,1,1,99,00000063
EV,1,1,100,00000064
EV,1,1,101,00000065
EV,1,1,102,00000066
EV,1,1,103,00000067
EV,1,1,104,00000068
EV,1,1,105,00000069
EV,1,1,106,0000006a
EV,1,1,107,0000006b
EV,1,1,108,0000006c
EV,1,1,109,0000006d
EV,1,1,110,0000006e
EV,1,1,111,0000006f
EV,1,1,112,00000070
EV,1,1,113,00000071
EV,1,1,114,00000072
EV,1,1,115,00000073
EV,1,1,116,00000074
EV,1,1,117,00000075
EV,1,1,118,00000076
EV,1,1,119,00000077
EV,1,1,120,00000078
EV,1,1,121,00000079
EV,1,1,122,0000007a
EV,1,1,123,0000007b
EV,1,1,124,0000007c
EV,1,1,125,0000007d
EV,1,1,126,0000007e
EV,1,1,127,0000007f
EV,1,1,128,00000080
EV,1,1,129,00000081
EV,1,1,130,00000082
EV,1,1,131,00000083
EV,1,1,132,00000084
EV,1,1,133,00000085
EV,1,1,134,00000086
EV,1,1,135,00000087
EV,1,1,136,00000088
EV,1,1,137,00000089
EV,1,1,138,0000008a
EV,1,1,139,0000008b
EV,1,1,140,0000008c
EV,1,1,141,0000008d
EV,1,1,142,0000008e
EV,1,1,143,0000008f
EV,1,1,144,00000090
EV,1,1,145,00000091
EV,1,1,146,00000092
EV,1,1,147,00000093
EV,1,1,148,00000094
EV,1,1,149,00000095
EV,1,1,150,00000096
EV,1,1,151,00000097
EV,1,1,152,00000098
EV,1,1,153,00000099
EV,1,1,154,0000009a
EV,1,1,155,0000009b
EV,1,1,156,0000009c
EV,1,1,157,0000009d
EV,1,1,158,0000009e
EV,1,1,159,0000009f
EV,1,1,160,000000a0
EV,1,1,161,000000a1
EV,1,1,162,000000a2
EV,1,1,163,000000a3
EV,1,1,164,000000a4
EV,1,1,165,000000a5
EV,1,1,166,000000a6
EV,1,1,167,000000a7
EV,1,1,168,000000a8
EV,1,1,169,000000a9
EV,1,1,170,000000aa
EV,1,1,171,000000ab
EV,1,1,172,000000ac
EV,1,1,173,000000ad
EV,1,1,174,000000ae
EV,1,1,175,000000af
EV,1,1,176,000000b0
EV,1,1,177,000000b1
EV,1,1,178,000000b2
EV,1,1,179,000000b3
EV,1,1,180,000000b4
EV,1,1,181,000000b5
EV,1,1,182,000000b6
EV,1,1,183,000000b7
EV,1,1,184,000000b8
EV,1,1,185,000000b9
EV,1,1,186,000000ba
EV,1,1,187,000000bb
EV,1,1,188,000000bc
EV,1,1,189,000000bd
EV,1,1,190,000000be
EV,1,1,191,000000bf
EV,1,1,192,000000c0
EV,1,1,193,000000c1
EV,1,1,194,000000c2
EV,1,1,195,000000c3
EV,1,1,196,000000c4
EV,1,1,197,000000c5
EV,1,1,198,000000c6
EV,1,1,199,000000c7
EV,1,1,200,000000c8
EV,1,1,201,000000c9
EV,1,1,202,000000ca
EV,1,1,203,000000cb
EV,1,1,204,000000cc
EV,1,1,205,000000cd
EV,1,1,206,000000ce
EV,1,1,207,000000cf
EV,1,1,208,000000d0
EV,1,1,209,000000d1
EV,1,1,210,000000d2
EV,1,1,211,000000d3
EV,1,1,212,000000d4
EV,1,1,213,000000d5
EV,1,1,214,000000d6
EV,1,1,215,000000d7
EV,1,1,216,000000d8
EV,1,1,217,000000d9
EV,1,1,218,000000da
EV,1,1,219,000000db
EV,1,1,220,000000dc
EV,1,1,221,000000dd
EV,1,1,222,000000de
EV,1,1,223,000000df
EV,1,1,224,000000e0
EV,1,1,225,000000e1
EV,1,1,226,000000e2
EV,1,1,227,000000e3
EV,1,1,228,000000e4
EV,1,1,229,000000e5
EV,1,1,230,000000e6
EV,1,1,231,000000e7
EV,1,1,232,000000e8
EV,1,1,233,000000e9
EV,1,1,234,000000ea
EV,1,1,235,000000eb
EV,1,1,236,000000ec
EV,1,1,237,000000ed
EV,1,1,238,000000ee
EV,1,1,239,000000ef
EV,1,1,240,000000f0
EV,1,1,241,000000f1
EV,1,1,242,000000f2
EV,1,1,243,000000f3
EV,1,1,244,000000f4
EV,1,1,245,000000f5
EV,1,1,246,000000f6
EV,1,1,247,000000f7
EV,1,1,248,000000f8
EV,1,1,249,000000f9
EV,1,1,250,000000fa
EV,1,1,251,000000fb
EV,1,1,252,000000fc
EV,1,1,253,000000fd
EV,1,1,254,000000fe
EV,1,1,255,000000ff
EV,1,1,256,00000100
EV,1,1,257,00000101
EV,1,1,258,00000102
EV,1,1,259,00000103
EV,1,1,260,00000104
EV,1,1,261,00000105
EV,1,1,262,00000106
EV,1,1,263,00000107
EV,1,1,264,00000108
EV,1,1,265,00000109
EV,1,1,266,0000010a
EV,1,1,267,0000010b
EV,1,1,268,0000010c
EV,1,1,269,0000010d
EV,1,1,270,0000010e
EV,1,1,271,0000010f
EV,1,1,272,00000110
EV,1,1,273,00000111
EV,1,1,274,00000112
EV,1,1,275,00000113
EV,1,1,276,00000114
EV,1,1,277,00000115
EV,1,1,278,00000116
EV,1,1,279,00000117
EV,1,1,280,00000118
EV,1,1,281,00000119
EV,1,1,282,0000011a
EV,1,1,283,0000011b
EV,1,1,284,0000011c
EV,1,1,285,0000011d
EV,1,1,286,0000011e
EV,1,1,287,0000011f
EV,1,1,288,00000120
EV,1,1,289,00000121
EV,1,1,290,00000122
EV,1,1,291,00000123
EV,1,1,292,00000124
EV,1,1,293,00000125
EV,1,1,294,00000126
EV,1,1,295,00000127
EV,1,1,296,00000128
EV,1,1,297,00000129
EV,1,1,298,0000012a
EV,1,1,299,0000012b
EV,1,1,300,0000012c
EV,1,1,301,0000012d
EV,1,1,302,0000012e
EV,1,1,303,0000012f
EV,1,1,304,00000130
EV,1,1,305,00000131
EV,1,1,306,00000132
EV,1,1,307,00000133
EV,1,1,308,00000134
EV,1,1,309,00000135
EV,1,1,310,00000136
EV,1,1,311,00000137
EV,1,1,312,00000138
EV,1,1,313,00000139
EV,1,1,314,0000013a
EV,1,1,315,0000013b
EV,1,1,316,0000013c
EV,1,1,317,0000013d
EV,1,1,318,0000013e
EV,1,1,319,0000013f
EV,1,1,320,00000140
EV,1,1,321,00000141
EV,1,1,322,00000142
EV,1,1,323,00000143
EV,1,1,324,00000144
EV,1,1,325,00000145
EV,1,1,326,00000146
EV,1,1,327,00000147
EV,1,1,328,00000148
EV,1,1,329,00000149
EV,1,1,330,0000014a
EV,1,1,331,0000014b
EV,1,1,332,0000014c
EV,1,1,333,0000014d
EV,1,1,334,0000014e
EV,1,1,335,0000014f
EV,1,1,336,00000150
EV,1,1,337,00000151
EV,1,1,338,00000152
EV,1,1,339,00000153
EV,1,1,340,00000154
EV,1,1,341,00000155
EV,1,1,342,00000156
EV,1,1,343,00000157
EV,1,1,344,00000158
EV,1,1,345,00000159
EV,1,1,346,0000015a
EV,1,1,347,0000015b
EV,1,1,348,0000015c
EV,1,1,349,0000015d
EV,1,1,350,0000015e
EV,1,1,351,0000015f
EV,1,1,352,00000160
EV,1,1,353,00000161
EV,1,1,354,00000162
EV,1,1,355,00000163
EV,1,1,356,00000164
EV,1,1,357,00000165
EV,1,1,358,00000166
EV,1,1,359,00000167
EV,1,1,360,00000168
EV,1,1,361,00000169
EV,1,1,362,0000016a
EV,1,1,363,0000016b
EV,1,1,364,0000016c
EV,1,1,365,0000016d
EV,1,1,366,0000016e
EV,1,1,367,0000016f
EV,1,1,368,00000170
EV,1,1,369,00000171
EV,1,1,370,00000172
EV,1,1,371,00000173
EV,1,1,372,00000174
EV,1,1,373,00000175
EV,1,1,374,00000176
EV,1,1,375,00000177
EV,1,1,376,00000178
EV,1,1,377,00000179
EV,1,1,378,0000017a
EV,1,1,379,0000017b
EV,1,1,380,0000017c
EV,1,1,381,0000017d
EV,1,1,382,0000017e
EV,1,1,383,0000017f
EV,1,1,384,00000180
EV,1,1,385,00000181
EV,1,1,386,00000182
EV,1,1,387,00000183
EV,1,1,388,00000184
EV,1,1,389,00000185
EV,1,1,390,00000186
EV,1,1,391,00000187
EV,1,1,392,00000188
EV,1,1,393,00000189
EV,1,1,394,0000018a
EV,1,1,395,0000018b
EV,1,1,396,0000018c
EV,1,1,397,0000018d
EV,1,1,398,0000018e
EV,1,1,399,0000018f
EV,1,1,400,00000190
EV,1,1,401,00000191
EV,1,1,402,00000192
EV,1,1,403,00000193
EV,1,1,404,00000194
EV,1,1,405,00000195
EV,1,1,406,00000196
EV,1,1,407,00000197
EV,1,1,408,00000198
EV,1,1,409,00000199
EV,1,1,410,0000019a
EV,1,1,411,0000019b
EV,1,1,412,0000019c
EV,1,1,413,0000019d
EV,1,1,414,0000019e
EV,1,1,415,0000019f
EV,1,1,416,000001a0
EV,1,1,417,000001a1
EV,1,1,418,000001a2
EV,1,1,419,000001a3
EV,1,1,420,000001a4
EV,1,1,421,000001a5
EV,1,1,422,000001a6
EV,1,1,423,000001a7
EV,1,1,424,000001a8
EV,1,1,425,000001a9
EV,1,1,426,000001aa
EV,1,1,427,000001ab
EV,1,1,428,000001ac
EV,1,1,429,000001ad
EV,1,1,430,000001ae
EV,1,1,431,000001af
EV,1,1,432,000001b0
EV,1,1,433,000001b1
EV,1,1,434,000001b2
EV,1,1,435,000001b3
EV,1,1,436,000001b4
EV,1,1,437,000001b5
EV,1,1,438,000001b6
EV,1,1,439,000001b7
EV,1,1,440,000001b8
EV,1,1,441,000001b9
EV,1,1,442,000001ba
EV,1,1,443,000001bb
EV,1,1,444,000001bc
EV,1,1,445,000001bd
EV,1,1,446,000001be
EV,1,1,447,000001bf
EV,1,1,448,000001c0
EV,1,1,449,000001c1
EV,1,1,450,000001c2
EV,1,1,451,000001c3
EV,1,1,452,000001c4
EV,1,1,453,000001c5
EV,1,1,454,000001c6
EV,1,1,455,000001c7
EV,1,1,456,000001c8
EV,1,1,457,000001c9
EV,1,1,458,000001ca
EV,1,1,459,000001cb
EV,1,1,460,000001cc
EV,1,1,461,000001cd
EV,1,1,462,000001ce
EV,1,1,463,000001cf
EV,1,1,464,000001d0
EV,1,1,465,000001d1
EV,1,1,466,000001d2
EV,1,1,467,000001d3
EV,1,1,468,000001d4
EV,1,1,469,000001d5
EV,1,1,470,000001d6
EV,1,1,471,000001d7
EV,1,1,472,000001d8
EV,1,1,473,000001d9
EV,1,1,474,000001da
EV,1,1,475,000001db
EV,1,1,476,000001dc
EV,1,1,477,000001dd
EV,1,1,478,000001de
EV,1,1,479,000001df
EV,1,1,480,000001e0
EV,1,1,481,000001e1
EV,1,1,482,000001e2
EV,1,1,483,000001e3
EV,1,1,484,000001e4
EV,1,1,485,000001e5
EV,1,1,486,000001e6
EV,1,1,487,000001e7
EV,1,1,488,000001e8
EV,1,1,489,000001e9
EV,1,1,490,000001ea
EV,1,1,491,000001eb
EV,1,1,492,000001ec
EV,1,1,493,000001ed
EV,1,1,494,000001ee
EV,1,1,495,000001ef
EV,1,1,496,000001f0
EV,1,1,497,000001f1
EV,1,1,498,000001f2
EV,1,1,499,000001f3
EV,1,1,500,000001f4
EV,1,1,501,000001f5
EV,1,1,502,000001f6
EV,1,1,503,000001f7
EV,1,1,504,000001f8
EV,1,1,505,000001f9
EV,1,1,506,000001fa
EV,1,1,507,000001fb
EV,1,1,508,000001fc
EV,1,1,509,000001fd
EV,1,1,510,000001fe
EV,1,1,511,000001ff
EV,1,1,512,00000200
EV,1,1,513,00000201
EV,1,1,514,00000202
EV,1,1,515,00000203
EV,1,1,516,00000204
EV,1,1,517,00000205
EV,1,1,518,00000206
EV,1,1,519,00000207
EV,1,1,520,00000208
EV,1,1,521,00000209
EV,1,1,522,0000020a
EV,1,1,523,0000020b
EV,1,1,524,0000020c
EV,1,1,525,0000020d
EV,1,1,526,0000020e
EV,1,1,527,0000020f
EV,1,1,528,00000210
EV,1,1,529,00000211
EV,1,1,530,00000212
EV,1,1,531,00000213
EV,1,1,532,00000214
EV,1,1,533,00000215
EV,1,1,534,00000216
EV,1,1,535,00000217
EV,1,1,536,00000218
EV,1,1,537,00000219
EV,1,1,538,0000021a
EV,1,1,539,0000021b
EV,1,1,540,0000021c
EV,1,1,541,0000021d
EV,1,1,542,0000021e
EV,1,1,543,0000021f
EV,1,1,544,00000220
EV,1,1,545,00000221
EV,1,1,546,00000222
EV,1,1,547,00000223
EV,1,1,548,00000224
EV,1,1,549,00000225
EV,1,1,550,00000226
EV,1,1,551,00000227
EV,1,1,552,00000228
EV,1,1,553,00000229
EV,1,1,554,0000022a
EV,1,1,555,0000022b
EV,1,1,556,0000022c
EV,1,1,557,0000022d
EV,1,1,558,0000022e
EV,1,1,559,0000022f
EV,1,1,560,00000230
EV,1,1,561,00000231
EV,1,1,562,00000232
EV,1,1,563,00000233
EV,1,1,564,00000234
EV,1,1,565,00000235
EV,1,1,566,00000236
EV,1,1,567,00000237
EV,1,1,568,00000238
EV,1,1,569,00000239
EV,1,1,570,0000023a
EV,1,1,571,0000023b
EV,1,1,572,0000023c
EV,1,1,573,0000023d
EV,1,1,574,0000023e
EV,1,1,575,0000023f
EV,1,1,576,00000240
EV,1,1,577,00000241
EV,1,1,578,00000242
EV,1,1,579,00000243
EV,1,1,580,00000244
EV,1,1,581,00000245
EV,1,1,582,00000246
EV,1,1,583,00000247
EV,1,1,584,00000248
EV,1,1,585,00000249
EV,1,1,586,0000024a
EV,1,1,587,0000024b
EV,1,1,588,0000024c
EV,1,1,589,0000024d
EV,1,1,590,0000024e
EV,1,1,591,0000024f
EV,1,1,592,00000250
EV,1,1,593,00000251
EV,1,1,594,00000252
EV,1,1,595,00000253
EV,1,1,596,00000254
EV,1,1,597,00000255
EV,1,1,598,00000256
EV,1,1,599,00000257
EV,1,1,600,00000258
EV,1,1,601,00000259
EV,1,1,602,0000025a
EV,1,1,603,0000025b
EV,1,1,604,0000025c
EV,1,1,605,0000025d
EV,1,1,606,0000025e
EV,1,1,607,0000025f
EV,1,1,608,00000260
EV,1,1,609,00000261
EV,1,1,610,00000262
EV,1,1,611,00000263
EV,1,1,612,00000264
EV,1,1,613,00000265
EV,1,1,614,00000266
EV,1,1,615,00000267
EV,1,1,616,00000268
EV,1,1,617,00000269
EV,1,1,618,0000026a
EV,1,1,619,0000026b
EV,1,1,620,0000026c
EV,1,1,621,0000026d
EV,1,1,622,0000026e
EV,1,1,623,0000026f
EV,1,1,624,00000270
EV,1,1,625,00000271
EV,1,1,626,00000272
EV,1,1,627,00000273
EV,1,1,628,00000274
EV,1,1,629,00000275
EV,1,1,630,00000276
EV,1,1,631,00000277
EV,1,1,632,00000278
EV,1,1,633,00000279
EV,1,1,634,0000027a
EV,1,1,635,0000027b
EV,1,1,636,0000027c
EV,1,1,637,0000027d
EV,1,1,638,0000027e
EV,1,1,639,0000027f
EV,1,1,640,00000280
EV,1,1,641,00000281
EV,1,1,642,00000282
EV,1,1,643,00000283
EV,1,1,644,00000284
EV,1,1,645,00000285
EV,1,1,646,00000286
EV,1,1,647,00000287
EV,1,1,648,00000288
EV,1,1,649,00000289
EV,1,1,650,0000028a
EV,1,1,651,0000028b
EV,1,1,652,0000028c
EV,1,1,653,0000028d
EV,1,1,654,0000028e
EV,1,1,655,0000028f
EV,1,1,656,00000290
EV,1,1,657,00000291
EV,1,1,658,00000292
EV,1,1,659,00000293
EV,1,1,660,00000294
EV,1,1,661,00000295
EV,1,1,662,00000296
EV,1,1,663,00000297
EV,1,1,664,00000298
EV,1,1,665,00000299
EV,1,1,666,0000029a
EV,1,1,667,0000029b
EV,1,1,668,0000029c
EV,1,1,669,0000029d
EV,1,1,670,0000029e
EV,1,1,671,0000029f
EV,1,1,672,000002a0
EV,1,1,673,000002a1
EV,1,1,674,000002a2
EV,1,1,675,000002a3
EV,1,1,676,000002a4
EV,1,1,677,000002a5
EV,1,1,678,000002a6
EV,1,1,679,000002a7
EV,1,1,680,000002a8
EV,1,1,681,000002a9
EV,1,1,682,000002aa
EV,1,1,683,000002ab
EV,1,1,684,000002ac
EV,1,1,685,000002ad
EV,1,1,686,000002ae
EV,1,1,687,000002af
EV,1,1,688,000002b0
EV,1,1,689,000002b1
EV,1,1,690,000002b2
EV,1,1,691,000002b3
EV,1,1,692,000002b4
EV,1,1,693,000002b5
EV,1,1,694,000002b6
EV,1,1,695,000002b7
EV,1,1,696,000002b8
EV,1,1,697,000002b9
EV,1,1,698,000002ba
EV,1,1,699,000002bb
EV,1,1,700,000002bc
EV,1,1,701,000002bd
EV,1,1,702,000002be
EV,1,1,703,000002bf
EV,1,1,704,000002c0
EV,1,1,705,000002c1
EV,1,1,706,000002c2
EV,1,1,707,000002c3
EV,1,1,708,000002c4
EV,1,1,709,000002c5
EV,1,1,710,000002c6
EV,1,1,711,000002c7
EV,1,1,712,000002c8
EV,1,1,713,000002c9
EV,1,1,714,000002ca
EV,1,1,715,000002cb
EV,1,1,716,000002cc
EV,1,1,717,000002cd
EV,1,1,718,000002ce
EV,1,1,719,000002cf
EV,1,1,720,000002d0
EV,1,1,721,000002d1
EV,1,1,722,000002d2
EV,1,1,723,000002d3
EV,1,1,724,000002d4
EV,1,1,725,000002d5
EV,1,1,726,000002d6
EV,1,1,727,000002d7
EV,1,1,728,000002d8
EV,1,1,729,000002d9
EV,1,1,730,000002da
EV,1,1,731,000002db
EV,1,1,732,000002dc
EV,1,1,733,000002dd
EV,1,1,734,000002de
EV,1,1,735,000002df
EV,1,1,736,000002e0
EV,1,1,737,000002e1
EV,1,1,738,000002e2
EV,1,1,739,000002e3
EV,1,1,740,000002e4
EV,1,1,741,000002e5
EV,1,1,742,000002e6
EV,1,1,743,000002e7
EV,1,1,744,000002e8
EV,1,1,745,000002e9
EV,1,1,746,000002ea
EV,1,1,747,000002eb
EV,1,1,748,000002ec
EV,1,1,749,000002ed
EV,1,1,750,000002ee
EV,1,1,751,000002ef
EV,1,1,752,000002f0
EV,1,1,753,000002f1
EV,1,1,754,000002f2
EV,1,1,755,000002f3
EV,1,1,756,000002f4
EV,1,1,757,000002f5
EV,1,1,758,000002f6
EV,1,1,759,000002f7
EV,1,1,760,000002f8
EV,1,1,761,000002f9
EV,1,1,762,000002fa
EV,1,1,763,000002fb
EV,1,1,764,000002fc
EV,1,1,765,000002fd
EV,1,1,766,000002fe
EV,1,1,767,000002ff
EV,1,1,768,00000300
EV,1,1,769,00000301
EV,1,1,770,00000302
EV,1,1,771,00000303
EV,1,1,772,00000304
EV,1,1,773,00000305
EV,1,1,774,00000306
EV,1,1,775,00000307
EV,1,1,776,00000308
EV,1,1,777,00000309
EV,1,1,778,0000030a
EV,1,1,779,0000030b
EV,1,1,780,0000030c
EV,1,1,781,0000030d
EV,1,1,782,0000030e
EV,1,1,783,0000030f
EV,1,1,784,00000310
EV,1,1,785,00000311
EV,1,1,786,00000312
EV,1,1,787,00000313
EV,1,1,788,00000314
EV,1,1,789,00000315
EV,1,1,790,00000316
EV,1,1,791,00000317
EV,1,1,792,00000318
EV,1,1,793,00000319
EV,1,1,794,0000031a
EV,1,1,795,0000031b
EV,1,1,796,0000031c
EV,1,1,797,0000031d
EV,1,1,798,0000031e
EV,1,1,799,0000031f
EV,1,1,800,00000320
EV,1,1,801,00000321
EV,1,1,802,00000322
EV,1,1,803,00000323
EV,1,1,804,00000324
EV,1,1,805,00000325
EV,1,1,806,00000326
EV,1,1,807,00000327
EV,1,1,808,00000328
EV,1,1,809,00000329
EV,1,1,810,0000032a
EV,1,1,811,0000032b
EV,1,1,812,0000032c
EV,1,1,813,0000032d
EV,1,1,814,0000032e
EV,1,1,815,0000032f
EV,1,1,816,00000330
EV,1,1,817,00000331
EV,1,1,818,00000332
EV,1,1,819,00000333
EV,1,1,820,00000334
EV,1,1,821,00000335
EV,1,1,822,00000336
EV,1,1,823,00000337
EV,1,1,824,00000338
EV,1,1,825,00000339
EV,1,1,826,0000033a
EV,1,1,827,0000033b
EV,1,1,828,0000033c
EV,1,1,829,0000033d
EV,1,1,830,0000033e
EV,1,1,831,0000033f
EV,1,1,832,00000340
EV,1,1,833,00000341
EV,1,1,834,00000342
EV,1,1,835,00000343
EV,1,1,836,00000344
EV,1,1,837,00000345
EV,1,1,838,00000346
EV,1,1,839,00000347
EV,1,1,840,00000348
EV,1,1,841,00000349
EV,1,1,842,0000034a
EV,1,1,843,0000034b
EV,1,1,844,0000034c
EV,1,1,845,0000034d
EV,1,1,846,0000034e
EV,1,1,847,0000034f
EV,1,1,848,00000350
EV,1,1,849,00000351
EV,1,1,850,00000352
EV,1,1,851,00000353
EV,1,1,852,00000354
EV,1,1,853,00000355
EV,1,1,854,00000356
EV,1,1,855,00000357
EV,1,1,856,00000358
EV,1,1,857,00000359
EV,1,1,858,0000035a
EV,1,1,859,0000035b
EV,1,1,860,0000035c
EV,1,1,861,0000035d
EV,1,1,862,0000035e
EV,1,1,863,0000035f
EV,1,1,864,00000360
EV,1,1,865,00000361
EV,1,1,866,00000362
EV,1,1,867,00000363
EV,1,1,868,00000364
EV,1,1,869,00000365
EV,1,1,870,00000366
EV,1,1,871,00000367
EV,1,1,872,00000368
EV,1,1,873,00000369
EV,1,1,874,0000036a
EV,1,1,875,0000036b
EV,1,1,876,0000036c
EV,1,1,877,0000036d
EV,1,1,878,0000036e
EV,1,1,879,0000036f
EV,1,1,880,00000370
EV,1,1,881,00000371
EV,1,1,882,00000372
EV,1,1,883,00000373
EV,1,1,884,00000374
EV,1,1,885,00000375
EV,1,1,886,00000376
EV,1,1,887,00000377
EV,1,1,888,00000378
EV,1,1,889,00000379
EV,1,1,890,0000037a
EV,1,1,891,0000037b
EV,1,1,892,0000037c
EV,1,1,893,0000037d
EV,1,1,894,0000037e
EV,1,1,895,0000037f
EV,1,1,896,00000380
EV,1,1,897,00000381
EV,1,1,898,00000382
EV,1,1,899,00000383
EV,1,1,900,00000384
EV,1,1,901,00000385
EV,1,1,902,00000386
EV,1,1,903,00000387
EV,1,1,904,00000388
EV,1,1,905,00000389
EV,1,1,906,0000038a
EV,1,1,907,0000038b
EV,1,1,908,0000038c
EV,1,1,909,0000038d
EV,1,1,910,0000038e
EV,1,1,911,0000038f
EV,1,1,912,00000390
EV,1,1,913,00000391
EV,1,1,914,00000392
EV,1,1,915,00000393
EV,1,1,916,00000394
EV,1,1,917,00000395
EV,1,1,918,00000396
EV,1,1,919,00000397
EV,1,1,920,00000398
EV,1,1,921,00000399
EV,1,1,922,0000039a
EV,1,1,923,0000039b
EV,1,1,924,0000039c
EV,1,1,925,0000039d
EV,1,1,926,0000039e
EV,1,1,927,0000039f
EV,1,1,928,000003a0
EV,1,1,929,000003a1
EV,1,1,930,000003a2
EV,1,1,931,000003a3
EV,1,1,932,000003a4
EV,1,1,933,000003a5
EV,1,1,934,000003a6
EV,1,1,935,000003a7
EV,1,1,936,000003a8
EV,1,1,937,000003a9
EV,1,1,938,000003aa
EV,1,1,939,000003ab
EV,1,1,940,000003ac
EV,1,1,941,000003ad
EV,1,1,942,000003ae
EV,1,1,943,000003af
EV,1,1,944,000003b0
EV,1,1,945,000003b1
EV,1,1,946,000003b2
EV,1,1,947,000003b3
EV,1,1,948,000003b4
EV,1,1,949,000003b5
EV,1,1,950,000003b6
EV,1,1,951,000003b7
EV,1,1,952,000003b8
EV,1,1,953,000003b9
EV,1,1,954,000003ba
EV,1,1,955,000003bb
EV,1,1,956,000003bc
EV,1,1,957,000003bd
EV,1,1,958,000003be
EV,1,1,959,000003bf
EV,1,1,960,000003c0
EV,1,1,961,000003c1
EV,1,1,962,000003c2
EV,1,1,963,000003c3
EV,1,1,964,000003c4
EV,1,1,965,000003c5
EV,1,1,966,000003c6
EV,1,1,967,000003c7
EV,1,1,968,000003c8
EV,1,1,969,000003c9
EV,1,1,970,000003ca
EV,1,1,971,000003cb
EV,1,1,972,000003cc
EV,1,1,973,000003cd
EV,1,1,974,000003ce
EV,1,1,975,000003cf
EV,1,1,976,000003d0
EV,1,1,977,000003d1
EV,1,1,978,000003d2
EV,1,1,979,000003d3
EV,1,1,980,000003d4
EV,1,1,981,000003d5
EV,1,1,982,000003d6
EV,1,1,983,000003d7
EV,1,1,984,000003d8
EV,1,1,985,000003d9
EV,1,1,986,000003da
EV,1,1,987,000003db
EV,1,1,988,000003dc
EV,1,1,989,000003dd
EV,1,1,990,000003de
EV,1,1,991,000003df
EV,1,1,992,000003e0
EV,1,1,993,000003e1
EV,1,1,994,000003e2
EV,1,1,995,000003e3
EV,1,1,996,000003e4
EV,1,1,997,000003e5
EV,1,1,998,000003e6
EV,1,1,999,000003e7
EV,1,1,1000,000003e8
EV,1,1,1001,000003e9
EV,1,1,1002,000003ea
EV,1,1,1003,000003eb
EV,1,1,1004,000003ec
EV,1,1,1005,000003ed
EV,1,1,1006,000003ee
EV,1,1,1007,000003ef
EV,1,1,1008,000003f0
EV,1,1,1009,000003f1
EV,1,1,1010,000003f2
EV,1,1,1011,000003f3
EV,1,1,1012,000003f4
EV,1,1,1013,000003f5
EV,1,1,1014,000003f6
EV,1,1,1015,000003f7
EV,1,1,1016,000003f8
EV,1,1,1017,000003f9
EV,1,1,1018,000003fa
EV,1,1,1019,000003fb
EV,1,1,1020,000003fc
EV,1,1,1021,000003fd
EV,1,1,1022,000003fe
EV,1,1,1023,000003ff
EV,1,2,0,00000000
EV,1,2,1,00000001
EV,1,2,2,00000002
EV,1,2,3,00000003
EV,1,2,4,00000004
EV,1,2,5,00000005
EV,1,2,6,00000006
EV,1,2,7,00000007
EV,1,2,8,00000008
EV,1,2,9,00000009
EV,1,2,10,0000000a
EV,1,2,11,0000000b
EV,1,2,12,0000000c
EV,1,2,13,0000000d
EV,1,2,14,0000000e
EV,1,2,15,0000000f
EV,1,2,16,00000010
EV,1,2,17,00000011
EV,1,2,18,00000012
EV,1,2,19,00000013
EV,1,2,20,00000014
EV,1,2,21,00000015
EV,1,2,22,00000016
EV,1,2,23,00000017
EV,1,2,24,00000018
EV,1,2,25,00000019
EV,1,2,26,0000001a
EV,1,2,27,0000001b
EV,1,2,28,0000001c
EV,1,2,29,0000001d
EV,1,2,30,0000001e
EV,1,2,31,0000001f
EV,1,2,32,00000020
EV,1,2,33,00000021
EV,1,2,34,00000022
EV,1,2,35,00000023
EV,1,2,36,00000024
EV,1,2,37,00000025
EV,1,2,38,00000026
EV,1,2,39,00000027
EV,1,2,40,00000028
EV,1,2,41,00000029
EV,1,2,42,0000002a
EV,1,2,43,0000002b
EV,1,2,44,0000002c
EV,1,2,45,0000002d
EV,1,2,46,0000002e
EV,1,2,47,0000002f
EV,1,2,48,00000030
EV,1,2,49,00000031
EV,1,2,50,00000032
EV,1,2,51,00000033
EV,1,2,52,00000034
EV,1,2,53,00000035
EV,1,2,54,00000036
EV,1,2,55,00000037
EV,1,2,56,00000038
EV,1,2,57,00000039
EV,1,2,58,0000003a
EV,1,2,59,0000003b
EV,1,2,60,0000003c
EV,1,2,61,0000003d
EV,1,2,62,0000003e
EV,1,2,63,0000003f
EV,1,2,64,00000040
EV,1,2,65,00000041
EV,1,2,66,00000042
EV,1,2,67,00000043
EV,1,2,68,00000044
EV,1,2,69,00000045
EV,1,2,70,00000046
EV,1,2,71,00000047
EV,1,2,72,00000048
EV,1,2,73,00000049
EV,1,2,74,0000004a
EV,1,2,75,0000004b
EV,1,2,76,0000004c
EV,1,2,77,0000004d
EV,1,2,78,0000004e
EV,1,2,79,0000004f
EV,1,2,80,00000050
EV,1,2,81,00000051
EV,1,2,82,00000052
EV,1,2,83,00000053
EV,1,2,84,00000054
EV,1,2,85,00000055
EV,1,2,86,00000056
EV,1,2,87,00000057
EV,1,2,88,00000058
EV,1,2,89,00000059
EV,1,2,90,0000005a
EV,1,2,91,0000005b
EV,1,2,92,0000005c
EV,1,2,93,0000005d
EV,1,2,94,0000005e
EV,1,2,95,0000005f
EV,1,2,96,00000060
EV,1,2,97,00000061
EV,1,2,98,00000062
EV,1,2,99,00000063
EV,1,2,100,00000064
EV,1,2,101,00000065
EV,1,2,102,00000066
EV,1,2,103,00000067
EV,1,2,104,00000068
EV,1,2,105,00000069
EV,1,2,106,0000006a
EV,1,2,107,0000006b
EV,1,2,108,0000006c
EV,1,2,109,0000006d
EV,1,2,110,0000006e
EV,1,2,111,0000006f
EV,1,2,112,00000070
EV,1,2,113,00000071
EV,1,2,114,00000072
EV,1,2,115,00000073
EV,1,2,116,00000074
EV,1,2,117,00000075
EV,1,2,118,00000076
EV,1,2,119,00000077
EV,1,2,120,00000078
EV,1,2,121,00000079
EV,1,2,122,0000007a
EV,1,2,123,0000007b
EV,1,2,124,0000007c
EV,1,2,125,0000007d
EV,1,2,126,0000007e
EV,1,2,127,0000007f
EV,1,2,128,00000080
EV,1,2,129,00000081
EV,1,2,130,00000082
EV,1,2,131,00000083
EV,1,2,132,00000084
EV,1,2,133,00000085
EV,1,2,134,00000086
EV,1,2,135,00000087
EV,1,2,136,00000088
EV,1,2,137,00000089
EV,1,2,138,0000008a
EV,1,2,139,0000008b
EV,1,2,140,0000008c
EV,1,2,141,0000008d
EV,1,2,142,0000008e
EV,1,2,143,0000008f
EV,1,2,144,00000090
EV,1,2,145,00000091
EV,1,2,146,00000092
EV,1,2,147,00000093
EV,1,2,148,00000094
EV,1,2,149,00000095
EV,1,2,150,00000096
EV,1,2,151,00000097
EV,1,2,152,00000098
EV,1,2,153,00000099
EV,1,2,154,0000009a
EV,1,2,155,0000009b
EV,1,2,156,0000009c
EV,1,2,157,0000009d
EV,1,2,158,0000009e
EV,1,2,159,0000009f
EV,1,2,160,000000a0
EV,1,2,161,000000a1
EV,1,2,162,000000a2
EV,1,2,163,000000a3
EV,1,2,164,000000a4
EV,1,2,165,000000a5
EV,1,2,166,000000a6
EV,1,2,167,000000a7
EV,1,2,168,000000a8
EV,1,2,169,000000a9
EV,1,2,170,000000aa
EV,1,2,171,000000ab
EV,1,2,172,000000ac
EV,1,2,173,000000ad
EV,1,2,174,000000ae
EV,1,2,175,000000af
EV,1,2,176,000000b0
EV,1,2,177,000000b1
EV,1,2,178,000000b2
EV,1,2,179,000000b3
EV,1,2,180,000000b4
EV,1,2,181,000000b5
EV,1,2,182,000000b6
EV,1,2,183,000000b7
EV,1,2,184,000000b8
EV,1,2,185,000000b9
EV,1,2,186,000000ba
EV,1,2,187,000000bb
EV,1,2,188,000000bc
EV,1,2,189,000000bd
EV,1,2,190,000000be
EV,1,2,191,000000bf
EV,1,2,192,000000c0
EV,1,2,193,000000c1
EV,1,2,194,000000c2
EV,1,2,195,000000c3
EV,1,2,196,000000c4
EV,1,2,197,000000c5
EV,1,2,198,000000c6
EV,1,2,199,000000c7
EV,1,2,200,000000c8
EV,1,2,201,000000c9
EV,1,2,202,000000ca
EV,1,2,203,000000cb
EV,1,2,204,000000cc
EV,1,2,205,000000cd
EV,1,2,206,000000ce
EV,1,2,207,000000cf
EV,1,2,208,000000d0
EV,1,2,209,000000d1
EV,1,2,210,000000d2
EV,1,2,211,000000d3
EV,1,2,212,000000d4
EV,1,2,213,000000d5
EV,1,2,214,000000d6
EV,1,2,215,000000d7
EV,1,2,216,000000d8
EV,1,2,217,000000d9
EV,1,2,218,000000da
EV,1,2,219,000000db
EV,1,2,220,000000dc
EV,1,2,221,000000dd
EV,1,2,222,000000de
EV,1,2,223,000000df
EV,1,2,224,000000e0
EV,1,2,225,000000e1
EV,1,2,226,000000e2
EV,1,2,227,000000e3
EV,1,2,228,000000e4
EV,1,2,229,000000e5
EV,1,2,230,000000e6
EV,1,2,231,000000e7
EV,1,2,232,000000e8
EV,1,2,233,000000e9
EV,1,2,234,000000ea
EV,1,2,235,000000eb
EV,1,2,236,000000ec
EV,1,2,237,000000ed
EV,1,2,238,000000ee
EV,1,2,239,000000ef
EV,1,2,240,000000f0
EV,1,2,241,000000f1
EV,1,2,242,000000f2
EV,1,2,243,000000f3
EV,1,2,244,000000f4
EV,1,2,245,000000f5
EV,1,2,246,000000f6
EV,1,2,247,000000f7
EV,1,2,248,000000f8
EV,1,2,249,000000f9
EV,1,2,250,000000fa
EV,1,2,251,000000fb
EV,1,2,252,000000fc
EV,1,2,253,000000fd
EV,1,2,254,000000fe
EV,1,2,255,000000ff
EV,1,2,256,00000100
EV,1,2,257,00000101
EV,1,2,258,00000102
EV,1,2,259,00000103
EV,1,2,260,00000104
EV,1,2,261,00000105
EV,1,2,262,00000106
EV,1,2,263,00000107
EV,1,2,264,00000108
EV,1,2,265,00000109
EV,1,2,266,0000010a
EV,1,2,267,0000010b
EV,1,2,268,0000010c
EV,1,2,269,0000010d
EV,1,2,270,0000010e
EV,1,2,271,0000010f
EV,1,2,272,00000110
EV,1,2,273,00000111
EV,1,2,274,00000112
EV,1,2,275,00000113
EV,1,2,276,00000114
EV,1,2,277,00000115
EV,1,2,278,00000116
EV,1,2,279,00000117
EV,1,2,280,00000118
EV,1,2,281,00000119
EV,1,2,282,0000011a
EV,1,2,283,0000011b
EV,1,2,284,0000011c
EV,1,2,285,0000011d
EV,1,2,286,0000011e
EV,1,2,287,0000011f
EV,1,2,288,00000120
EV,1,2,289,00000121
EV,1,2,290,00000122
EV,1,2,291,00000123
EV,1,2,292,00000124
EV,1,2,293,00000125
EV,1,2,294,00000126
EV,1,2,295,00000127
EV,1,2,296,00000128
EV,1,2,297,00000129
EV,1,2,298,0000012a
EV,1,2,299,0000012b
EV,1,2,300,0000012c
EV,1,2,301,0000012d
EV,1,2,302,0000012e
EV,1,2,303,0000012f
EV,1,2,304,00000130
EV,1,2,305,00000131
EV,1,2,306,00000132
EV,1,2,307,00000133
EV,1,2,308,00000134
EV,1,2,309,00000135
EV,1,2,310,00000136
EV,1,2,311,00000137
EV,1,2,312,00000138
EV,1,2,313,00000139
EV,1,2,314,0000013a
EV,1,2,315,0000013b
EV,1,2,316,0000013c
EV,1,2,317,0000013d
EV,1,2,318,0000013e
EV,1,2,319,0000013f
EV,1,2,320,00000140
EV,1,2,321,00000141
EV,1,2,322,00000142
EV,1,2,323,00000143
EV,1,2,324,00000144
EV,1,2,325,00000145
EV,1,2,326,00000146
EV,1,2,327,00000147
EV,1,2,328,00000148
EV,1,2,329,00000149
EV,1,2,330,0000014a
EV,1,2,331,0000014b
EV,1,2,332,0000014c
EV,1,2,333,0000014d
EV,1,2,334,0000014e
EV,1,2,335,0000014f
EV,1,2,336,00000150
EV,1,2,337,00000151
EV,1,2,338,00000152
EV,1,2,339,00000153
EV,1,2,340,00000154
EV,1,2,341,00000155
EV,1,2,342,00000156
EV,1,2,343,00000157
EV,1,2,344,00000158
EV,1,2,345,00000159
EV,1,2,346,0000015a
EV,1,2,347,0000015b
EV,1,2,348,0000015c
EV,1,2,349,0000015d
EV,1,2,350,0000015e
EV,1,2,351,0000015f
EV,1,2,352,00000160
EV,1,2,353,00000161
EV,1,2,354,00000162
EV,1,2,355,00000163
EV,1,2,356,00000164
EV,1,2,357,00000165
EV,1,2,358,00000166
EV,1,2,359,00000167
EV,1,2,360,00000168
EV,1,2,361,00000169
EV,1,2,362,0000016a
EV,1,2,363,0000016b
EV,1,2,364,0000016c
EV,1,2,365,0000016d
EV,1,2,366,0000016e
EV,1,2,367,0000016f
EV,1,2,368,00000170
EV,1,2,369,00000171
EV,1,2,370,00000172
EV,1,2,371,00000173
EV,1,2,372,00000174
EV,1,2,373,00000175
EV,1,2,374,00000176
EV,1,2,375,00000177
EV,1,2,376,00000178
EV,1,2,377,00000179
EV,1,2,378,0000017a
EV,1,2,379,0000017b
EV,1,2,380,0000017c
EV,1,2,381,0000017d
EV,1,2,382,0000017e
EV,1,2,383,0000017f
EV,1,2,384,00000180
EV,1,2,385,00000181
EV,1,2,386,00000182
EV,1,2,387,00000183
EV,1,2,388,00000184
EV,1,2,389,00000185
EV,1,2,390,00000186
EV,1,2,391,00000187
EV,1,2,392,00000188
EV,1,2,393,00000189
EV,1,2,394,0000018a
EV,1,2,395,0000018b
EV,1,2,396,0000018c
EV,1,2,397,0000018d
EV,1,2,398,0000018e
EV,1,2,399,0000018f
EV,1,2,400,00000190
EV,1,2,401,00000191
EV,1,2,402,00000192
EV,1,2,403,00000193
EV,1,2,404,00000194
EV,1,2,405,00000195
EV,1,2,406,00000196
EV,1,2,407,00000197
EV,1,2,408,00000198
EV,1,2,409,00000199
EV,1,2,410,0000019a
EV,1,2,411,0000019b
EV,1,2,412,0000019c
EV,1,2,413,0000019d
EV,1,2,414,0000019e
EV,1,2,415,0000019f
EV,1,2,416,000001a0
EV,1,2,417,000001a1
EV,1,2,418,000001a2
EV,1,2,419,000001a3
EV,1,2,420,000001a4
EV,1,2,421,000001a5
EV,1,2,422,000001a6
EV,1,2,423,000001a7
EV,1,2,424,000001a8
EV,1,2,425,000001a9
EV,1,2,426,000001aa
EV,1,2,427,000001ab
EV,1,2,428,000001ac
EV,1,2,429,000001ad
EV,1,2,430,000001ae
EV,1,2,431,000001af
EV,1,2,432,000001b0
EV,1,2,433,000001b1
EV,1,2,434,000001b2
EV,1,2,435,000001b3
EV,1,2,436,000001b4
EV,1,2,437,000001b5
EV,1,2,438,000001b6
EV,1,2,439,000001b7
EV,1,2,440,000001b8
EV,1,2,441,000001b9
EV,1,2,442,000001ba
EV,1,2,443,000001bb
EV,1,2,444,000001bc
EV,1,2,445,000001bd
EV,1,2,446,000001be
EV,1,2,447,000001bf
EV,1,2,448,000001c0
EV,1,2,449,000001c1
EV,1,2,450,000001c2
EV,1,2,451,000001c3
EV,1,2,452,000001c4
EV,1,2,453,000001c5
EV,1,2,454,000001c6
EV,1,2,455,000001c7
EV,1,2,456,000001c8
EV,1,2,457,000001c9
EV,1,2,458,000001ca
EV,1,2,459,000001cb
EV,1,2,460,000001cc
EV,1,2,461,000001cd
EV,1,2,462,000001ce
EV,1,2,463,000001cf
EV,1,2,464,000001d0
EV,1,2,465,000001d1
EV,1,2,466,000001d2
EV,1,2,467,000001d3
EV,1,2,468,000001d4
EV,1,2,469,000001d5
EV,1,2,470,000001d6
EV,1,2,471,000001d7
EV,1,2,472,000001d8
EV,1,2,473,000001d9
EV,1,2,474,000001da
EV,1,2,475,000001db
EV,1,2,476,000001dc
EV,1,2,477,000001dd
EV,1,2,478,000001de
EV,1,2,479,000001df
EV,1,2,480,000001e0
EV,1,2,481,000001e1
EV,1,2,482,000001e2
EV,1,2,483,000001e3
EV,1,2,484,000001e4
EV,1,2,485,000001e5
EV,1,2,486,000001e6
EV,1,2,487,000001e7
EV,1,2,488,000001e8
EV,1,2,489,000001e9
EV,1,2,490,000001ea
EV,1,2,491,000001eb
EV,1,2,492,000001ec
EV,1,2,493,000001ed
EV,1,2,494,000001ee
EV,1,2,495,000001ef
EV,1,2,496,000001f0
EV,1,2,497,000001f1
EV,1,2,498,000001f2
EV,1,2,499,000001f3
EV,1,2,500,000001f4
EV,1,2,501,000001f5
EV,1,2,502,000001f6
EV,1,2,503,000001f7
EV,1,2,504,000001f8
EV,1,2,505,000001f9
EV,1,2,506,000001fa
EV,1,2,507,000001fb
EV,1,2,508,000001fc
EV,1,2,509,000001fd
EV,1,2,510,000001fe
EV,1,2,511,000001ff
EV,1,2,512,00000200
EV,1,2,513,00000201
EV,1,2,514,00000202
EV,1,2,515,00000203
EV,1,2,516,00000204
EV,1,2,517,00000205
EV,1,2,518,00000206
EV,1,2,519,00000207
EV,1,2,520,00000208
EV,1,2,521,00000209
EV,1,2,522,0000020a
EV,1,2,523,0000020b
EV,1,2,524,0000020c
EV,1,2,525,0000020d
EV,1,2,526,0000020e
EV,1,2,527,0000020f
EV,1,2,528,00000210
EV,1,2,529,00000211
EV,1,2,530,00000212
EV,1,2,531,00000213
EV,1,2,532,00000214
EV,1,2,533,00000215
EV,1,2,534,00000216
EV,1,2,535,00000217
EV,1,2,536,00000218
EV,1,2,537,00000219
EV,1,2,538,0000021a
EV,1,2,539,0000021b
EV,1,2,540,0000021c
EV,1,2,541,0000021d
EV,1,2,542,0000021e
EV,1,2,543,0000021f
EV,1,2,544,00000220
EV,1,2,545,00000221
EV,1,2,546,00000222
EV,1,2,547,00000223
EV,1,2,548,00000224
EV,1,2,549,00000225
EV,1,2,550,00000226
EV,1,2,551,00000227
EV,1,2,552,00000228
EV,1,2,553,00000229
EV,1,2,554,0000022a
EV,1,2,555,0000022b
EV,1,2,556,0000022c
EV,1,2,557,0000022d
EV,1,2,558,0000022e
EV,1,2,559,0000022f
EV,1,2,560,00000230
EV,1,2,561,00000231
EV,1,2,562,00000232
EV,1,2,563,00000233
EV,1,2,564,00000234
EV,1,2,565,00000235
EV,1,2,566,00000236
EV,1,2,567,00000237
EV,1,2,568,00000238
EV,1,2,569,00000239
EV,1,2,570,0000023a
EV,1,2,571,0000023b
EV,1,2,572,0000023c
EV,1,2,573,0000023d
EV,1,2,574,0000023e
EV,1,2,575,0000023f
EV,1,2,576,00000240
EV,1,2,577,00000241
EV,1,2,578,00000242
EV,1,2,579,00000243
EV,1,2,580,00000244
EV,1,2,581,00000245
EV,1,2,582,00000246
EV,1,2,583,00000247
EV,1,2,584,00000248
EV,1,2,585,00000249
EV,1,2,586,0000024a
EV,1,2,587,0000024b
EV,1,2,588,0000024c
EV,1,2,589,0000024d
EV,1,2,590,0000024e
EV,1,2,591,0000024f
EV,1,2,592,00000250
EV,1,2,593,00000251
EV,1,2,594,00000252
EV,1,2,595,00000253
EV,1,2,596,00000254
EV,1,2,597,00000255
EV,1,2,598,00000256
EV,1,2,599,00000257
EV,1,2,600,00000258
EV,1,2,601,00000259
EV,1,2,602,0000025a
EV,1,2,603,0000025b
EV,1,2,604,0000025c
EV,1,2,605,0000025d
EV,1,2,606,0000025e
EV,1,2,607,0000025f
EV,1,2,608,00000260
EV,1,2,609,00000261
EV,1,2,610,00000262
EV,1,2,611,00000263
EV,1,2,612,00000264
EV,1,2,613,00000265
EV,1,2,614,00000266
EV,1,2,615,00000267
EV,1,2,616,00000268
EV,1,2,617,00000269
EV,1,2,618,0000026a
EV,1,2,619,0000026b
EV,1,2,620,0000026c
EV,1,2,621,0000026d
EV,1,2,622,0000026e
EV,1,2,623,0000026f
EV,1,2,624,00000270
EV,1,2,625,00000271
EV,1,2,626,00000272
EV,1,2,627,00000273
EV,1,2,628,00000274
EV,1,2,629,00000275
EV,1,2,630,00000276
EV,1,2,631,00000277
EV,1,2,632,00000278
EV,1,2,633,00000279
EV,1,2,634,0000027a
EV,1,2,635,0000027b
EV,1,2,636,0000027c
EV,1,2,637,0000027d
EV,1,2,638,0000027e
EV,1,2,639,0000027f
EV,1,2,640,00000280
EV,1,2,641,00000281
EV,1,2,642,00000282
EV,1,2,643,00000283
EV,1,2,644,00000284
EV,1,2,645,00000285
EV,1,2,646,00000286
EV,1,2,647,00000287
EV,1,2,648,00000288
EV,1,2,649,00000289
EV,1,2,650,0000028a
EV,1,2,651,0000028b
EV,1,2,652,0000028c
EV,1,2,653,0000028d
EV,1,2,654,0000028e
EV,1,2,655,0000028f
EV,1,2,656,00000290
EV,1,2,657,00000291
EV,1,2,658,00000292
EV,1,2,659,00000293
EV,1,2,660,00000294
EV,1,2,661,00000295
EV,1,2,662,00000296
EV,1,2,663,00000297
EV,1,2,664,00000298
EV,1,2,665,00000299
EV,1,2,666,0000029a
EV,1,2,667,0000029b
EV,1,2,668,0000029c
EV,1,2,669,0000029d
EV,1,2,670,0000029e
EV,1,2,671,0000029f
EV,1,2,672,000002a0
EV,1,2,673,000002a1
EV,1,2,674,000002a2
EV,1,2,675,000002a3
EV,1,2,676,000002a4
EV,1,2,677,000002a5
EV,1,2,678,000002a6
EV,1,2,679,000002a7
EV,1,2,680,000002a8
EV,1,2,681,000002a9
EV,1,2,682,000002aa
EV,1,2,683,000002ab
EV,1,2,684,000002ac
EV,1,2,685,000002ad
EV,1,2,686,000002ae
EV,1,2,687,000002af
EV,1,2,688,000002b0
EV,1,2,689,000002b1
EV,1,2,690,000002b2
EV,1,2,691,000002b3
EV,1,2,692,000002b4
EV,1,2,693,000002b5
EV,1,2,694,000002b6
EV,1,2,695,000002b7
EV,1,2,696,000002b8
EV,1,2,697,000002b9
EV,1,2,698,000002ba
EV,1,2,699,000002bb
EV,1,2,700,000002bc
EV,1,2,701,000002bd
EV,1,2,702,000002be
EV,1,2,703,000002bf
EV,1,2,704,000002c0
EV,1,2,705,000002c1
EV,1,2,706,000002c2
EV,1,2,707,000002c3
EV,1,2,708,000002c4
EV,1,2,709,000002c5
EV,1,2,710,000002c6
EV,1,2,711,000002c7
EV,1,2,712,000002c8
EV,1,2,713,000002c9
EV,1,2,714,000002ca
EV,1,2,715,000002cb
EV,1,2,716,000002cc
EV,1,2,717,000002cd
EV,1,2,718,000002ce
EV,1,2,719,000002cf
EV,1,2,720,000002d0
EV,1,2,721,000002d1
EV,1,2,722,000002d2
EV,1,2,723,000002d3
EV,1,2,724,000002d4
EV,1,2,725,000002d5
EV,1,2,726,000002d6
EV,1,2,727,000002d7
EV,1,2,728,000002d8
EV,1,2,729,000002d9
EV,1,2,730,000002da
EV,1,2,731,000002db
EV,1,2,732,000002dc
EV,1,2,733,000002dd
EV,1,2,734,000002de
EV,1,2,735,000002df
EV,1,2,736,000002e0
EV,1,2,737,000002e1
EV,1,2,738,000002e2
EV,1,2,739,000002e3
EV,1,2,740,000002e4
EV,1,2,741,000002e5
EV,1,2,742,000002e6
EV,1,2,743,000002e7
EV,1,2,744,000002e8
EV,1,2,745,000002e9
EV,1,2,746,000002ea
EV,1,2,747,000002eb
EV,1,2,748,000002ec
EV,1,2,749,000002ed
EV,1,2,750,000002ee
EV,1,2,751,000002ef
EV,1,2,752,000002f0
EV,1,2,753,000002f1
EV,1,2,754,000002f2
EV,1,2,755,000002f3
EV,1,2,756,000002f4
EV,1,2,757,000002f5
EV,1,2,758,000002f6
EV,1,2,759,000002f7
EV,1,2,760,000002f8
EV,1,2,761,000002f9
EV,1,2,762,000002fa
EV,1,2,763,000002fb
EV,1,2,764,000002fc
EV,1,2,765,000002fd
EV,1,2,766,000002fe
EV,1,2,767,000002ff
EV,1,2,768,00000300
EV,1,2,769,00000301
EV,1,2,770,00000302
EV,1,2,771,00000303
EV,1,2,772,00000304
EV,1,2,773,00000305
EV,1,2,774,00000306
EV,1,2,775,00000307
EV,1,2,776,00000308
EV,1,2,777,00000309
EV,1,2,778,0000030a
EV,1,2,779,0000030b
EV,1,2,780,0000030c
EV,1,2,781,0000030d
EV,1,2,782,0000030e
EV,1,2,783,0000030f
EV,1,2,784,00000310
EV,1,2,785,00000311
EV,1,2,786,00000312
EV,1,2,787,00000313
EV,1,2,788,00000314
EV,1,2,789,00000315
EV,1,2,790,00000316
EV,1,2,791,00000317
EV,1,2,792,00000318
EV,1,2,793,00000319
EV,1,2,794,0000031a
EV,1,2,795,0000031b
EV,1,2,796,0000031c
EV,1,2,797,0000031d
EV,1,2,798,0000031e
EV,1,2,799,0000031f
EV,1,2,800,00000320
EV,1,2,801,00000321
EV,1,2,802,00000322
EV,1,2,803,00000323
EV,1,2,804,00000324
EV,1,2,805,00000325
EV,1,2,806,00000326
EV,1,2,807,00000327
EV,1,2,808,00000328
EV,1,2,809,00000329
EV,1,2,810,0000032a
EV,1,2,811,0000032b
EV,1,2,812,0000032c
EV,1,2,813,0000032d
EV,1,2,814,0000032e
EV,1,2,815,0000032f
EV,1,2,816,00000330
EV,1,2,817,00000331
EV,1,2,818,00000332
EV,1,2,819,00000333
EV,1,2,820,00000334
EV,1,2,821,00000335
EV,1,2,822,00000336
EV,1,2,823,00000337
EV,1,2,824,00000338
EV,1,2,825,00000339
EV,1,2,826,0000033a
EV,1,2,827,0000033b
EV,1,2,828,0000033c
EV,1,2,829,0000033d
EV,1,2,830,0000033e
EV,1,2,831,0000033f
EV,1,2,832,00000340
EV,1,2,833,00000341
EV,1,2,834,00000342
EV,1,2,835,00000343
EV,1,2,836,00000344
EV,1,2,837,00000345
EV,1,2,838,00000346
EV,1,2,839,00000347
EV,1,2,840,00000348
EV,1,2,841,00000349
EV,1,2,842,0000034a
EV,1,2,843,0000034b
EV,1,2,844,0000034c
EV,1,2,845,0000034d
EV,1,2,846,0000034e
EV,1,2,847,0000034f
EV,1,2,848,00000350
EV,1,2,849,00000351
EV,1,2,850,00000352
EV,1,2,851,00000353
EV,1,2,852,00000354
EV,1,2,853,00000355
EV,1,2,854,00000356
EV,1,2,855,00000357
EV,1,2,856,00000358
EV,1,2,857,00000359
EV,1,2,858,0000035a
EV,1,2,859,0000035b
EV,1,2,860,0000035c
EV,1,2,861,0000035d
EV,1,2,862,0000035e
EV,1,2,863,0000035f
EV,1,2,864,00000360
EV,1,2,865,00000361
EV,1,2,866,00000362
EV,1,2,867,00000363
EV,1,2,868,00000364
EV,1,2,869,00000365
EV,1,2,870,00000366
EV,1,2,871,00000367
EV,1,2,872,00000368
EV,1,2,873,00000369
EV,1,2,874,0000036a
EV,1,2,875,0000036b
EV,1,2,876,0000036c
EV,1,2,877,0000036d
EV,1,2,878,0000036e
EV,1,2,879,0000036f
EV,1,2,880,00000370
EV,1,2,881,00000371
EV,1,2,882,00000372
EV,1,2,883,00000373
EV,1,2,884,00000374
EV,1,2,885,00000375
EV,1,2,886,00000376
EV,1,2,887,00000377
EV,1,2,888,00000378
EV,1,2,889,00000379
EV,1,2,890,0000037a
EV,1,2,891,0000037b
EV,1,2,892,0000037c
EV,1,2,893,0000037d
EV,1,2,894,0000037e
EV,1,2,895,0000037f
EV,1,2,896,00000380
EV,1,2,897,00000381
EV,1,2,898,00000382
EV,1,2,899,00000383
EV,1,2,900,00000384
EV,1,2,901,00000385
EV,1,2,902,00000386
EV,1,2,903,00000387
EV,1,2,904,00000388
EV,1,2,905,00000389
EV,1,2,906,0000038a
EV,1,2,907,0000038b
EV,1,2,908,0000038c
EV,1,2,909,0000038d
EV,1,2,910,0000038e
EV,1,2,911,0000038f
EV,1,2,912,00000390
EV,1,2,913,00000391
EV,1,2,914,00000392
EV,1,2,915,00000393
EV,1,2,916,00000394
EV,1,2,917,00000395
EV,1,2,918,00000396
EV,1,2,919,00000397
EV,1,2,920,00000398
EV,1,2,921,00000399
EV,1,2,922,0000039a
EV,1,2,923,0000039b
EV,1,2,924,0000039c
EV,1,2,925,0000039d
EV,1,2,926,0000039e
EV,1,2,927,0000039f
EV,1,2,928,000003a0
EV,1,2,929,000003a1
EV,1,2,930,000003a2
EV,1,2,931,000003a3
EV,1,2,932,000003a4
EV,1,2,933,000003a5
EV,1,2,934,000003a6
EV,1,2,935,000003a7
EV,1,2,936,000003a8
EV,1,2,937,000003a9
EV,1,2,938,000003aa
EV,1,2,939,000003ab
EV,1,2,940,000003ac
EV,1,2,941,000003ad
EV,1,2,942,000003ae
EV,1,2,943,000003af
EV,1,2,944,000003b0
EV,1,2,945,000003b1
EV,1,2,946,000003b2
EV,1,2,947,000003b3
EV,1,2,948,000003b4
EV,1,2,949,000003b5
EV,1,2,950,000003b6
EV,1,2,951,000003b7
EV,1,2,952,000003b8
EV,1,2,953,000003b9
EV,1,2,954,000003ba
EV,1,2,955,000003bb
EV,1,2,956,000003bc
EV,1,2,957,000003bd
EV,1,2,958,000003be
EV,1,2,959,000003bf
EV,1,2,960,000003c0
EV,1,2,961,000003c1
EV,1,2,962,000003c2
EV,1,2,963,000003c3
EV,1,2,964,000003c4
EV,1,2,965,000003c5
EV,1,2,966,000003c6
EV,1,2,967,000003c7
EV,1,2,968,000003c8
EV,1,2,969,000003c9
EV,1,2,970,000003ca
EV,1,2,971,000003cb
EV,1,2,972,000003cc
EV,1,2,973,000003cd
EV,1,2,974,000003ce
EV,1,2,975,000003cf
EV,1,2,976,000003d0
EV,1,2,977,000003d1
EV,1,2,978,000003d2
EV,1,2,979,000003d3
EV,1,2,980,000003d4
EV,1,2,981,000003d5
EV,1,2,982,000003d6
EV,1,2,983,000003d7
EV,1,2,984,000003d8
EV,1,2,985,000003d9
EV,1,2,986,000003da
EV,1,2,987,000003db
EV,1,2,988,000003dc
EV,1,2,989,000003dd
EV,1,2,990,000003de
EV,1,2,991,000003df
EV,1,2,992,000003e0
EV,1,2,993,000003e1
EV,1,2,994,000003e2
EV,1,2,995,000003e3
EV,1,2,996,000003e4
EV,1,2,997,000003e5
EV,1,2,998,000003e6
EV,1,2,999,000003e7
EV,1,2,1000,000003e8
EV,1,2,1001,000003e9
EV,1,2,1002,000003ea
EV,1,2,1003,000003eb
EV,1,2,1004,000003ec
EV,1,2,1005,000003ed
EV,1,2,1006,000003ee
EV,1,2,1007,000003ef
EV,1,2,1008,000003f0
EV,1,2,1009,000003f1
EV,1,2,1010,000003f2
EV,1,2,1011,000003f3
EV,1,2,1012,000003f4
EV,1,2,1013,000003f5
EV,1,2,1014,000003f6
EV,1,2,1015,000003f7
EV,1,2,1016,000003f8
EV,1,2,1017,000003f9
EV,1,2,1018,000003fa
EV,1,2,1019,000003fb
EV,1,2,1020,000003fc
EV,1,2,1021,000003fd
EV,1,2,1022,000003fe
EV,1,2,1023,000003ff
EV,1,3,0,00000000
EV,1,3,1,00000001
EV,1,3,2,00000002
EV,1,3,3,00000003
EV,1,3,4,00000004
EV,1,3,5,00000005
EV,1,3,6,00000006
EV,1,3,7,00000007
EV,1,3,8,00000008
EV,1,3,9,00000009
EV,1,3,10,0000000a
EV,1,3,11,0000000b
EV,1,3,12,0000000c
EV,1,3,13,0000000d
EV,1,3,14,0000000e
EV,1,3,15,0000000f
EV,1,3,16,00000010
EV,1,3,17,00000011
EV,1,3,18,00000012
EV,1,3,19,00000013
EV,1,3,20,00000014
EV,1,3,21,00000015
EV,1,3,22,00000016
EV,1,3,23,00000017
EV,1,3,24,00000018
EV,1,3,25,00000019
EV,1,3,26,0000001a
EV,1,3,27,0000001b
EV,1,3,28,0000001c
EV,1,3,29,0000001d
EV,1,3,30,0000001e
EV,1,3,31,0000001f
EV,1,3,32,00000020
EV,1,3,33,00000021
EV,1,3,34,00000022
EV,1,3,35,00000023
EV,1,3,36,00000024
EV,1,3,37,00000025
EV,1,3,38,00000026
EV,1,3,39,00000027
EV,1,3,40,00000028
EV,1,3,41,00000029
EV,1,3,42,0000002a
EV,1,3,43,0000002b
EV,1,3,44,0000002c
EV,1,3,45,0000002d
EV,1,3,46,0000002e
EV,1,3,47,0000002f
EV,1,3,48,00000030
EV,1,3,49,00000031
EV,1,3,50,00000032
EV,1,3,51,00000033
EV,1,3,52,00000034
EV,1,3,53,00000035
EV,1,3,54,00000036
EV,1,3,55,00000037
EV,1,3,56,00000038
EV,1,3,57,00000039
EV,1,3,58,0000003a
EV,1,3,59,0000003b
EV,1,3,60,0000003c
EV,1,3,61,0000003d
EV,1,3,62,0000003e
EV,1,3,63,0000003f
EV,1,3,64,00000040
EV,1,3,65,00000041
EV,1,3,66,00000042
EV,1,3,67,00000043
EV,1,3,68,00000044
EV,1,3,69,00000045
EV,1,3,70,00000046
EV,1,3,71,00000047
EV,1,3,72,00000048
EV,1,3,73,00000049
EV,1,3,74,0000004a
EV,1,3,75,0000004b
EV,1,3,76,0000004c
EV,1,3,77,0000004d
EV,1,3,78,0000004e
EV,1,3,79,0000004f
EV,1,3,80,00000050
EV,1,3,81,00000051
EV,1,3,82,00000052
EV,1,3,83,00000053
EV,1,3,84,00000054
EV,1,3,85,00000055
EV,1,3,86,00000056
EV,1,3,87,00000057
EV,1,3,88,00000058
EV,1,3,89,00000059
EV,1,3,90,0000005a
EV,1,3,91,0000005b
EV,1,3,92,0000005c
EV,1,3,93,0000005d
EV,1,3,94,0000005e
EV,1,3,95,0000005f
EV,1,3,96,00000060
EV,1,3,97,00000061
EV,1,3,98,00000062
EV,1,3,99,00000063
EV,1,3,100,00000064
EV,1,3,101,00000065
EV,1,3,102,00000066
EV,1,3,103,00000067
EV,1,3,104,00000068
EV,1,3,105,00000069
EV,1,3,106,0000006a
EV,1,3,107,0000006b
EV,1,3,108,0000006c
EV,1,3,109,0000006d
EV,1,3,110,0000006e
EV,1,3,111,0000006f
EV,1,3,112,00000070
EV,1,3,113,00000071
EV,1,3,114,00000072
EV,1,3,115,00000073
EV,1,3,116,00000074
EV,1,3,117,00000075
EV,1,3,118,00000076
EV,1,3,119,00000077
EV,1,3,120,00000078
EV,1,3,121,00000079
EV,1,3,122,0000007a
EV,1,3,123,0000007b
EV,1,3,124,0000007c
EV,1,3,125,0000007d
EV,1,3,126,0000007e
EV,1,3,127,0000007f
EV,1,3,128,00000080
EV,1,3,129,00000081
EV,1,3,130,00000082
EV,1,3,131,00000083
EV,1,3,132,00000084
EV,1,3,133,00000085
EV,1,3,134,00000086
EV,1,3,135,00000087
EV,1,3,136,00000088
EV,1,3,137,00000089
EV,1,3,138,0000008a
EV,1,3,139,0000008b
EV,1,3,140,0000008c
EV,1,3,141,0000008d
EV,1,3,142,0000008e
EV,1,3,143,0000008f
EV,1,3,144,00000090
EV,1,3,145,00000091
EV,1,3,146,00000092
EV,1,3,147,00000093
EV,1,3,148,00000094
EV,1,3,149,00000095
EV,1,3,150,00000096
EV,1,3,151,00000097
EV,1,3,152,00000098
EV,1,3,153,00000099
EV,1,3,154,0000009a
EV,1,3,155,0000009b
EV,1,3,156,0000009c
EV,1,3,157,0000009d
EV,1,3,158,0000009e
EV,1,3,159,0000009f
EV,1,3,160,000000a0
EV,1,3,161,000000a1
EV,1,3,162,000000a2
EV,1,3,163,000000a3
EV,1,3,164,000000a4
EV,1,3,165,000000a5
EV,1,3,166,000000a6
EV,1,3,167,000000a7
EV,1,3,168,000000a8
EV,1,3,169,000000a9
EV,1,3,170,000000aa
EV,1,3,171,000000ab
EV,1,3,172,000000ac
EV,1,3,173,000000ad
EV,1,3,174,000000ae
EV,1,3,175,000000af
EV,1,3,176,000000b0
EV,1,3,177,000000b1
EV,1,3,178,000000b2
EV,1,3,179,000000b3
EV,1,3,180,000000b4
EV,1,3,181,000000b5
EV,1,3,182,000000b6
EV,1,3,183,000000b7
EV,1,3,184,000000b8
EV,1,3,185,000000b9
EV,1,3,186,000000ba
EV,1,3,187,000000bb
EV,1,3,188,000000bc
EV,1,3,189,000000bd
EV,1,3,190,000000be
EV,1,3,191,000000bf
EV,1,3,192,000000c0
EV,1,3,193,000000c1
EV,1,3,194,000000c2
EV,1,3,195,000000c3
EV,1,3,196,000000c4
EV,1,3,197,000000c5
EV,1,3,198,000000c6
EV,1,3,199,000000c7
EV,1,3,200,000000c8
EV,1,3,201,000000c9
EV,1,3,202,000000ca
EV,1,3,203,000000cb
EV,1,3,204,000000cc
EV,1,3,205,000000cd
EV,1,3,206,000000ce
EV,1,3,207,000000cf
EV,1,3,208,000000d0
EV,1,3,209,000000d1
EV,1,3,210,000000d2
EV,1,3,211,000000d3
EV,1,3,212,000000d4
EV,1,3,213,000000d5
EV,1,3,214,000000d6
EV,1,3,215,000000d7
EV,1,3,216,000000d8
EV,1,3,217,000000d9
EV,1,3,218,000000da
EV,1,3,219,000000db
EV,1,3,220,000000dc
EV,1,3,221,000000dd
EV,1,3,222,000000de
EV,1,3,223,000000df
EV,1,3,224,000000e0
EV,1,3,225,000000e1
EV,1,3,226,000000e2
EV,1,3,227,000000e3
EV,1,3,228,000000e4
EV,1,3,229,000000e5
EV,1,3,230,000000e6
EV,1,3,231,000000e7
EV,1,3,232,000000e8
EV,1,3,233,000000e9
EV,1,3,234,000000ea
EV,1,3,235,000000eb
EV,1,3,236,000000ec
EV,1,3,237,000000ed
EV,1,3,238,000000ee
EV,1,3,239,000000ef
EV,1,3,240,000000f0
EV,1,3,241,000000f1
EV,1,3,242,000000f2
EV,1,3,243,000000f3
EV,1,3,244,000000f4
EV,1,3,245,000000f5
EV,1,3,246,000000f6
EV,1,3,247,000000f7
EV,1,3,248,000000f8
EV,1,3,249,000000f9
EV,1,3,250,000000fa
EV,1,3,251,000000fb
EV,1,3,252,000000fc
EV,1,3,253,000000fd
EV,1,3,254,000000fe
EV,1,3,255,000000ff
EV,1,3,256,00000100
EV,1,3,257,00000101
EV,1,3,258,00000102
EV,1,3,259,00000103
EV,1,3,260,00000104
EV,1,3,261,00000105
EV,1,3,262,00000106
EV,1,3,263,00000107
EV,1,3,264,00000108
EV,1,3,265,00000109
EV,1,3,266,0000010a
EV,1,3,267,0000010b
EV,1,3,268,0000010c
EV,1,3,269,0000010d
EV,1,3,270,0000010e
EV,1,3,271,0000010f
EV,1,3,272,00000110
EV,1,3,273,00000111
EV,1,3,274,00000112
EV,1,3,275,00000113
EV,1,3,276,00000114
EV,1,3,277,00000115
EV,1,3,278,00000116
EV,1,3,279,00000117
EV,1,3,280,00000118
EV,1,3,281,00000119
EV,1,3,282,0000011a
EV,1,3,283,0000011b
EV,1,3,284,0000011c
EV,1,3,285,0000011d
EV,1,3,286,0000011e
EV,1,3,287,0000011f
EV,1,3,288,00000120
EV,1,3,289,00000121
EV,1,3,290,00000122
EV,1,3,291,00000123
EV,1,3,292,00000124
EV,1,3,293,00000125
EV,1,3,294,00000126
EV,1,3,295,00000127
EV,1,3,296,00000128
EV,1,3,297,00000129
EV,1,3,298,0000012a
EV,1,3,299,0000012b
EV,1,3,300,0000012c
EV,1,3,301,0000012d
EV,1,3,302,0000012e
EV,1,3,303,0000012f
EV,1,3,304,00000130
EV,1,3,305,00000131
EV,1,3,306,00000132
EV,1,3,307,00000133
EV,1,3,308,00000134
EV,1,3,309,00000135
EV,1,3,310,00000136
EV,1,3,311,00000137
EV,1,3,312,00000138
EV,1,3,313,00000139
EV,1,3,314,0000013a
EV,1,3,315,0000013b
EV,1,3,316,0000013c
EV,1,3,317,0000013d
EV,1,3,318,0000013e
EV,1,3,319,0000013f
EV,1,3,320,00000140
EV,1,3,321,00000141
EV,1,3,322,00000142
EV,1,3,323,00000143
EV,1,3,324,00000144
EV,1,3,325,00000145
EV,1,3,326,00000146
EV,1,3,327,00000147
EV,1,3,328,00000148
EV,1,3,329,00000149
EV,1,3,330,0000014a
EV,1,3,331,0000014b
EV,1,3,332,0000014c
EV,1,3,333,0000014d
EV,1,3,334,0000014e
EV,1,3,335,0000014f
EV,1,3,336,00000150
EV,1,3,337,00000151
EV,1,3,338,00000152
EV,1,3,339,00000153
EV,1,3,340,00000154
EV,1,3,341,00000155
EV,1,3,342,00000156
EV,1,3,343,00000157
EV,1,3,344,00000158
EV,1,3,345,00000159
EV,1,3,346,0000015a
EV,1,3,347,0000015b
EV,1,3,348,0000015c
EV,1,3,349,0000015d
EV,1,3,350,0000015e
EV,1,3,351,0000015f
EV,1,3,352,00000160
EV,1,3,353,00000161
EV,1,3,354,00000162
EV,1,3,355,00000163
EV,1,3,356,00000164
EV,1,3,357,00000165
EV,1,3,358,00000166
EV,1,3,359,00000167
EV,1,3,360,00000168
EV,1,3,361,00000169
EV,1,3,362,0000016a
EV,1,3,363,0000016b
EV,1,3,364,0000016c
EV,1,3,365,0000016d
EV,1,3,366,0000016e
EV,1,3,367,0000016f
EV,1,3,368,00000170
EV,1,3,369,00000171
EV,1,3,370,00000172
EV,1,3,371,00000173
EV,1,3,372,00000174
EV,1,3,373,00000175
EV,1,3,374,00000176
EV,1,3,375,00000177
EV,1,3,376,00000178
EV,1,3,377,00000179
EV,1,3,378,0000017a
EV,1,3,379,0000017b
EV,1,3,380,0000017c
EV,1,3,381,0000017d
EV,1,3,382,0000017e
EV,1,3,383,0000017f
EV,1,3,384,00000180
EV,1,3,385,00000181
EV,1,3,386,00000182
EV,1,3,387,00000183
EV,1,3,388,00000184
EV,1,3,389,00000185
EV,1,3,390,00000186
EV,1,3,391,00000187
EV,1,3,392,00000188
EV,1,3,393,00000189
EV,1,3,394,0000018a
EV,1,3,395,0000018b
EV,1,3,396,0000018c
EV,1,3,397,0000018d
EV,1,3,398,0000018e
EV,1,3,399,0000018f
EV,1,3,400,00000190
EV,1,3,401,00000191
EV,1,3,402,00000192
EV,1,3,403,00000193
EV,1,3,404,00000194
EV,1,3,405,00000195
EV,1,3,406,00000196
EV,1,3,407,00000197
EV,1,3,408,00000198
EV,1,3,409,00000199
EV,1,3,410,0000019a
EV,1,3,411,0000019b
EV,1,3,412,0000019c
EV,1,3,413,0000019d
EV,1,3,414,0000019e
EV,1,3,415,0000019f
EV,1,3,416,000001a0
EV,1,3,417,000001a1
EV,1,3,418,000001a2
EV,1,3,419,000001a3
EV,1,3,420,000001a4
EV,1,3,421,000001a5
EV,1,3,422,000001a6
EV,1,3,423,000001a7
EV,1,3,424,000001a8
EV,1,3,425,000001a9
EV,1,3,426,000001aa
EV,1,3,427,000001ab
EV,1,3,428,000001ac
EV,1,3,429,000001ad
EV,1,3,430,000001ae
EV,1,3,431,000001af
EV,1,3,432,000001b0
EV,1,3,433,000001b1
EV,1,3,434,000001b2
EV,1,3,435,000001b3
EV,1,3,436,000001b4
EV,1,3,437,000001b5
EV,1,3,438,000001b6
EV,1,3,439,000001b7
EV,1,3,440,000001b8
EV,1,3,441,000001b9
EV,1,3,442,000001ba
EV,1,3,443,000001bb
EV,1,3,444,000001bc
EV,1,3,445,000001bd
EV,1,3,446,000001be
EV,1,3,447,000001bf
EV,1,3,448,000001c0
EV,1,3,449,000001c1
EV,1,3,450,000001c2
EV,1,3,451,000001c3
EV,1,3,452,000001c4
EV,1,3,453,000001c5
EV,1,3,454,000001c6
EV,1,3,455,000001c7
EV,1,3,456,000001c8
EV,1,3,457,000001c9
EV,1,3,458,000001ca
EV,1,3,459,000001cb
EV,1,3,460,000001cc
EV,1,3,461,000001cd
EV,1,3,462,000001ce
EV,1,3,463,000001cf
EV,1,3,464,000001d0
EV,1,3,465,000001d1
EV,1,3,466,000001d2
EV,1,3,467,000001d3
EV,1,3,468,000001d4
EV,1,3,469,000001d5
EV,1,3,470,000001d6
EV,1,3,471,000001d7
EV,1,3,472,000001d8
EV,1,3,473,000001d9
EV,1,3,474,000001da
EV,1,3,475,000001db
EV,1,3,476,000001dc
EV,1,3,477,000001dd
EV,1,3,478,000001de
EV,1,3,479,000001df
EV,1,3,480,000001e0
EV,1,3,481,000001e1
EV,1,3,482,000001e2
EV,1,3,483,000001e3
EV,1,3,484,000001e4
EV,1,3,485,000001e5
EV,1,3,486,000001e6
EV,1,3,487,000001e7
EV,1,3,488,000001e8
EV,1,3,489,000001e9
EV,1,3,490,000001ea
EV,1,3,491,000001eb
EV,1,3,492,000001ec
EV,1,3,493,000001ed
EV,1,3,494,000001ee
EV,1,3,495,000001ef
EV,1,3,496,000001f0
EV,1,3,497,000001f1
EV,1,3,498,000001f2
EV,1,3,499,000001f3
EV,1,3,500,000001f4
EV,1,3,501,000001f5
EV,1,3,502,000001f6
EV,1,3,503,000001f7
EV,1,3,504,000001f8
EV,1,3,505,000001f9
EV,1,3,506,000001fa
EV,1,3,507,000001fb
EV,1,3,508,000001fc
EV,1,3,509,000001fd
EV,1,3,510,000001fe
EV,1,3,511,000001ff
EV,1,3,512,00000200
EV,1,3,513,00000201
EV,1,3,514,00000202
EV,1,3,515,00000203
EV,1,3,516,00000204
EV,1,3,517,00000205
EV,1,3,518,00000206
EV,1,3,519,00000207
EV,1,3,520,00000208
EV,1,3,521,00000209
EV,1,3,522,0000020a
EV,1,3,523,0000020b
EV,1,3,524,0000020c
EV,1,3,525,0000020d
EV,1,3,526,0000020e
EV,1,3,527,0000020f
EV,1,3,528,00000210
EV,1,3,529,00000211
EV,1,3,530,00000212
EV,1,3,531,00000213
EV,1,3,532,00000214
EV,1,3,533,00000215
EV,1,3,534,00000216
EV,1,3,535,00000217
EV,1,3,536,00000218
EV,1,3,537,00000219
EV,1,3,538,0000021a
EV,1,3,539,0000021b
EV,1,3,540,0000021c
EV,1,3,541,0000021d
EV,1,3,542,0000021e
EV,1,3,543,0000021f
EV,1,3,544,00000220
EV,1,3,545,00000221
EV,1,3,546,00000222
EV,1,3,547,00000223
EV,1,3,548,00000224
EV,1,3,549,00000225
EV,1,3,550,00000226
EV,1,3,551,00000227
EV,1,3,552,00000228
EV,1,3,553,00000229
EV,1,3,554,0000022a
EV,1,3,555,0000022b
EV,1,3,556,0000022c
EV,1,3,557,0000022d
EV,1,3,558,0000022e
EV,1,3,559,0000022f
EV,1,3,560,00000230
EV,1,3,561,00000231
EV,1,3,562,00000232
EV,1,3,563,00000233
EV,1,3,564,00000234
EV,1,3,565,00000235
EV,1,3,566,00000236
EV,1,3,567,00000237
EV,1,3,568,00000238
EV,1,3,569,00000239
EV,1,3,570,0000023a
EV,1,3,571,0000023b
EV,1,3,572,0000023c
EV,1,3,573,0000023d
EV,1,3,574,0000023e
EV,1,3,575,0000023f
EV,1,3,576,00000240
EV,1,3,577,00000241
EV,1,3,578,00000242
EV,1,3,579,00000243
EV,1,3,580,00000244
EV,1,3,581,00000245
EV,1,3,582,00000246
EV,1,3,583,00000247
EV,1,3,584,00000248
EV,1,3,585,00000249
EV,1,3,586,0000024a
EV,1,3,587,0000024b
EV,1,3,588,0000024c
EV,1,3,589,0000024d
EV,1,3,590,0000024e
EV,1,3,591,0000024f
EV,1,3,592,00000250
EV,1,3,593,00000251
EV,1,3,594,00000252
EV,1,3,595,00000253
EV,1,3,596,00000254
EV,1,3,597,00000255
EV,1,3,598,00000256
EV,1,3,599,00000257
EV,1,3,600,00000258
EV,1,3,601,00000259
EV,1,3,602,0000025a
EV,1,3,603,0000025b
EV,1,3,604,0000025c
EV,1,3,605,0000025d
EV,1,3,606,0000025e
EV,1,3,607,0000025f
EV,1,3,608,00000260
EV,1,3,609,00000261
EV,1,3,610,00000262
EV,1,3,611,00000263
EV,1,3,612,00000264
EV,1,3,613,00000265
EV,1,3,614,00000266
EV,1,3,615,00000267
EV,1,3,616,00000268
EV,1,3,617,00000269
EV,1,3,618,0000026a
EV,1,3,619,0000026b
EV,1,3,620,0000026c
EV,1,3,621,0000026d
EV,1,3,622,0000026e
EV,1,3,623,0000026f
EV,1,3,624,00000270
EV,1,3,625,00000271
EV,1,3,626,00000272
EV,1,3,627,00000273
EV,1,3,628,00000274
EV,1,3,629,00000275
EV,1,3,630,00000276
EV,1,3,631,00000277
EV,1,3,632,00000278
EV,1,3,633,00000279
EV,1,3,634,0000027a
EV,1,3,635,0000027b
EV,1,3,636,0000027c
EV,1,3,637,0000027d
EV,1,3,638,0000027e
EV,1,3,639,0000027f
EV,1,3,640,00000280
EV,1,3,641,00000281
EV,1,3,642,00000282
EV,1,3,643,00000283
EV,1,3,644,00000284
EV,1,3,645,00000285
EV,1,3,646,00000286
EV,1,3,647,00000287
EV,1,3,648,00000288
EV,1,3,649,00000289
EV,1,3,650,0000028a
EV,1,3,651,0000028b
EV,1,3,652,0000028c
EV,1,3,653,0000028d
EV,1,3,654,0000028e
EV,1,3,655,0000028f
EV,1,3,656,00000290
EV,1,3,657,00000291
EV,1,3,658,00000292
EV,1,3,659,00000293
EV,1,3,660,00000294
EV,1,3,661,00000295
EV,1,3,662,00000296
EV,1,3,663,00000297
EV,1,3,664,00000298
EV,1,3,665,00000299
EV,1,3,666,0000029a
EV,1,3,667,0000029b
EV,1,3,668,0000029c
EV,1,3,669,0000029d
EV,1,3,670,0000029e
EV,1,3,671,0000029f
EV,1,3,672,000002a0
EV,1,3,673,000002a1
EV,1,3,674,000002a2
EV,1,3,675,000002a3
EV,1,3,676,000002a4
EV,1,3,677,000002a5
EV,1,3,678,000002a6
EV,1,3,679,000002a7
EV,1,3,680,000002a8
EV,1,3,681,000002a9
EV,1,3,682,000002aa
EV,1,3,683,000002ab
EV,1,3,684,000002ac
EV,1,3,685,000002ad
EV,1,3,686,000002ae
EV,1,3,687,000002af
EV,1,3,688,000002b0
EV,1,3,689,000002b1
EV,1,3,690,000002b2
EV,1,3,691,000002b3
EV,1,3,692,000002b4
EV,1,3,693,000002b5
EV,1,3,694,000002b6
EV,1,3,695,000002b7
EV,1,3,696,000002b8
EV,1,3,697,000002b9
EV,1,3,698,000002ba
EV,1,3,699,000002bb
EV,1,3,700,000002bc
EV,1,3,701,000002bd
EV,1,3,702,000002be
EV,1,3,703,000002bf
EV,1,3,704,000002c0
EV,1,3,705,000002c1
EV,1,3,706,000002c2
EV,1,3,707,000002c3
EV,1,3,708,000002c4
EV,1,3,709,000002c5
EV,1,3,710,000002c6
EV,1,3,711,000002c7
EV,1,3,712,000002c8
EV,1,3,713,000002c9
EV,1,3,714,000002ca
EV,1,3,715,000002cb
EV,1,3,716,000002cc
EV,1,3,717,000002cd
EV,1,3,718,000002ce
EV,1,3,719,000002cf
EV,1,3,720,000002d0
EV,1,3,721,000002d1
EV,1,3,722,000002d2
EV,1,3,723,000002d3
EV,1,3,724,000002d4
EV,1,3,725,000002d5
EV,1,3,726,000002d6
EV,1,3,727,000002d7
EV,1,3,728,000002d8
EV,1,3,729,000002d9
EV,1,3,730,000002da
EV,1,3,731,000002db
EV,1,3,732,000002dc
EV,1,3,733,000002dd
EV,1,3,734,000002de
EV,1,3,735,000002df
EV,1,3,736,000002e0
EV,1,3,737,000002e1
EV,1,3,738,000002e2
EV,1,3,739,000002e3
EV,1,3,740,000002e4
EV,1,3,741,000002e5
EV,1,3,742,000002e6
EV,1,3,743,000002e7
EV,1,3,744,000002e8
EV,1,3,745,000002e9
EV,1,3,746,000002ea
EV,1,3,747,000002eb
EV,1,3,748,000002ec
EV,1,3,749,000002ed
EV,1,3,750,000002ee
EV,1,3,751,000002ef
EV,1,3,752,000002f0
EV,1,3,753,000002f1
EV,1,3,754,000002f2
EV,1,3,755,000002f3
EV,1,3,756,000002f4
EV,1,3,757,000002f5
EV,1,3,758,000002f6
EV,1,3,759,000002f7
EV,1,3,760,000002f8
EV,1,3,761,000002f9
EV,1,3,762,000002fa
EV,1,3,763,000002fb
EV,1,3,764,000002fc
EV,1,3,765,000002fd
EV,1,3,766,000002fe
EV,1,3,767,000002ff
EV,1,3,768,00000300
EV,1,3,769,00000301
EV,1,3,770,00000302
EV,1,3,771,00000303
EV,1,3,772,00000304
EV,1,3,773,00000305
EV,1,3,774,00000306
EV,1,3,775,00000307
EV,1,3,776,00000308
EV,1,3,777,00000309
EV,1,3,778,0000030a
EV,1,3,779,0000030b
EV,1,3,780,0000030c
EV,1,3,781,0000030d
EV,1,3,782,0000030e
EV,1,3,783,0000030f
EV,1,3,784,00000310
EV,1,3,785,00000311
EV,1,3,786,00000312
EV,1,3,787,00000313
EV,1,3,788,00000314
EV,1,3,789,00000315
EV,1,3,790,00000316
EV,1,3,791,00000317
EV,1,3,792,00000318
EV,1,3,793,00000319
EV,1,3,794,0000031a
EV,1,3,795,0000031b
EV,1,3,796,0000031c
EV,1,3,797,0000031d
EV,1,3,798,0000031e
EV,1,3,799,0000031f
EV,1,3,800,00000320
EV,1,3,801,00000321
EV,1,3,802,00000322
EV,1,3,803,00000323
EV,1,3,804,00000324
EV,1,3,805,00000325
EV,1,3,806,00000326
EV,1,3,807,00000327
EV,1,3,808,00000328
EV,1,3,809,00000329
EV,1,3,810,0000032a
EV,1,3,811,0000032b
EV,1,3,812,0000032c
EV,1,3,813,0000032d
EV,1,3,814,0000032e
EV,1,3,815,0000032f
EV,1,3,816,00000330
EV,1,3,817,00000331
EV,1,3,818,00000332
EV,1,3,819,00000333
EV,1,3,820,00000334
EV,1,3,821,00000335
EV,1,3,822,00000336
EV,1,3,823,00000337
EV,1,3,824,00000338
EV,1,3,825,00000339
EV,1,3,826,0000033a
EV,1,3,827,0000033b
EV,1,3,828,0000033c
EV,1,3,829,0000033d
EV,1,3,830,0000033e
EV,1,3,831,0000033f
EV,1,3,832,00000340
EV,1,3,833,00000341
EV,1,3,834,00000342
EV,1,3,835,00000343
EV,1,3,836,00000344
EV,1,3,837,00000345
EV,1,3,838,00000346
EV,1,3,839,00000347
EV,1,3,840,00000348
EV,1,3,841,00000349
EV,1,3,842,0000034a
EV,1,3,843,0000034b
EV,1,3,844,0000034c
EV,1,3,845,0000034d
EV,1,3,846,0000034e
EV,1,3,847,0000034f
EV,1,3,848,00000350
EV,1,3,849,00000351
EV,1,3,850,00000352
EV,1,3,851,00000353
EV,1,3,852,00000354
EV,1,3,853,00000355
EV,1,3,854,00000356
EV,1,3,855,00000357
EV,1,3,856,00000358
EV,1,3,857,00000359
EV,1,3,858,0000035a
EV,1,3,859,0000035b
EV,1,3,860,0000035c
EV,1,3,861,0000035d
EV,1,3,862,0000035e
EV,1,3,863,0000035f
EV,1,3,864,00000360
EV,1,3,865,00000361
EV,1,3,866,00000362
EV,1,3,867,00000363
EV,1,3,868,00000364
EV,1,3,869,00000365
EV,1,3,870,00000366
EV,1,3,871,00000367
EV,1,3,872,00000368
EV,1,3,873,00000369
EV,1,3,874,0000036a
EV,1,3,875,0000036b
EV,1,3,876,0000036c
EV,1,3,877,0000036d
EV,1,3,878,0000036e
EV,1,3,879,0000036f
EV,1,3,880,00000370
EV,1,3,881,00000371
EV,1,3,882,00000372
EV,1,3,883,00000373
EV,1,3,884,00000374
EV,1,3,885,00000375
EV,1,3,886,00000376
EV,1,3,887,00000377
EV,1,3,888,00000378
EV,1,3,889,00000379
EV,1,3,890,0000037a
EV,1,3,891,0000037b
EV,1,3,892,0000037c
EV,1,3,893,0000037d
EV,1,3,894,0000037e
EV,1,3,895,0000037f
EV,1,3,896,00000380
EV,1,3,897,00000381
EV,1,3,898,00000382
EV,1,3,899,00000383
EV,1,3,900,00000384
EV,1,3,901,00000385
EV,1,3,902,00000386
EV,1,3,903,00000387
EV,1,3,904,00000388
EV,1,3,905,00000389
EV,1,3,906,0000038a
EV,1,3,907,0000038b
EV,1,3,908,0000038c
EV,1,3,909,0000038d
EV,1,3,910,0000038e
EV,1,3,911,0000038f
EV,1,3,912,00000390
EV,1,3,913,00000391
EV,1,3,914,00000392
EV,1,3,915,00000393
EV,1,3,916,00000394
EV,1,3,917,00000395
EV,1,3,918,00000396
EV,1,3,919,00000397
EV,1,3,920,00000398
EV,1,3,921,00000399
EV,1,3,922,0000039a
EV,1,3,923,0000039b
EV,1,3,924,0000039c
EV,1,3,925,0000039d
EV,1,3,926,0000039e
EV,1,3,927,0000039f
EV,1,3,928,000003a0
EV,1,3,929,000003a1
EV,1,3,930,000003a2
EV,1,3,931,000003a3
EV,1,3,932,000003a4
EV,1,3,933,000003a5
EV,1,3,934,000003a6
EV,1,3,935,000003a7
EV,1,3,936,000003a8
EV,1,3,937,000003a9
EV,1,3,938,000003aa
EV,1,3,939,000003ab
EV,1,3,940,000003ac
EV,1,3,941,000003ad
EV,1,3,942,000003ae
EV,1,3,943,000003af
EV,1,3,944,000003b0
EV,1,3,945,000003b1
EV,1,3,946,000003b2
EV,1,3,947,000003b3
EV,1,3,948,000003b4
EV,1,3,949,000003b5
EV,1,3,950,000003b6
EV,1,3,951,000003b7
EV,1,3,952,000003b8
EV,1,3,953,000003b9
EV,1,3,954,000003ba
EV,1,3,955,000003bb
EV,1,3,956,000003bc
EV,1,3,957,000003bd
EV,1,3,958,000003be
EV,1,3,959,000003bf
EV,1,3,960,000003c0
EV,1,3,961,000003c1
EV,1,3,962,000003c2
EV,1,3,963,000003c3
EV,1,3,964,000003c4
EV,1,3,965,000003c5
EV,1,3,966,000003c6
EV,1,3,967,000003c7
EV,1,3,968,000003c8
EV,1,3,969,000003c9
EV,1,3,970,000003ca
EV,1,3,971,000003cb
EV,1,3,972,000003cc
EV,1,3,973,000003cd
EV,1,3,974,000003ce
EV,1,3,975,000003cf
EV,1,3,976,000003d0
EV,1,3,977,000003d1
EV,1,3,978,000003d2
EV,1,3,979,000003d3
EV,1,3,980,000003d4
EV,1,3,981,000003d5
EV,1,3,982,000003d6
EV,1,3,983,000003d7
EV,1,3,984,000003d8
EV,1,3,985,000003d9
EV,1,3,986,000003da
EV,1,3,987,000003db
EV,1,3,988,000003dc
EV,1,3,989,000003dd
EV,1,3,990,000003de
EV,1,3,991,000003df
EV,1,3,992,000003e0
EV,1,3,993,000003e1
EV,1,3,994,000003e2
EV,1,3,995,000003e3
EV,1,3,996,000003e4
EV,1,3,997,000003e5
EV,1,3,998,000003e6
EV,1,3,999,000003e7
EV,1,3,1000,000003e8
EV,1,3,1001,000003e9
EV,1,3,1002,000003ea
EV,1,3,1003,000003eb
EV,1,3,1004,000003ec
EV,1,3,1005,000003ed
EV,1,3,1006,000003ee
EV,1,3,1007,000003ef
EV,1,3,1008,000003f0
EV,1,3,1009,000003f1
EV,1,3,1010,000003f2
EV,1,3,1011,000003f3
EV,1,3,1012,000003f4
EV,1,3,1013,000003f5
EV,1,3,1014,000003f6
EV,1,3,1015,000003f7
EV,1,3,1016,000003f8
EV,1,3,1017,000003f9
EV,1,3,1018,000003fa
EV,1,3,1019,000003fb
EV,1,3,1020,000003fc
EV,1,3,1021,000003fd
EV,1,3,1022,000003fe
EV,1,3,1023,000003ff
EV,1,4,0,00000000
EV,1,4,1,00000001
EV,1,4,2,00000002
EV,1,4,3,00000003
EV,1,4,4,00000004
EV,1,4,5,00000005
EV,1,4,6,00000006
EV,1,4,7,00000007
EV,1,4,8,00000008
EV,1,4,9,00000009
EV,1,4,10,0000000a
EV,1,4,11,0000000b
EV,1,4,12,0000000c
EV,1,4,13,0000000d
EV,1,4,14,0000000e
EV,1,4,15,0000000f
EV,1,4,16,00000010
EV,1,4,17,00000011
EV,1,4,18,00000012
EV,1,4,19,00000013
EV,1,4,20,00000014
EV,1,4,21,00000015
EV,1,4,22,00000016
EV,1,4,23,00000017
EV,1,4,24,00000018
EV,1,4,25,00000019
EV,1,4,26,0000001a
EV,1,4,27,0000001b
EV,1,4,28,0000001c
EV,1,4,29,0000001d
EV,1,4,30,0000001e
EV,1,4,31,0000001f
EV,1,4,32,00000020
EV,1,4,33,00000021
EV,1,4,34,00000022
EV,1,4,35,00000023
EV,1,4,36,00000024
EV,1,4,37,00000025
EV,1,4,38,00000026
EV,1,4,39,00000027
EV,1,4,40,00000028
EV,1,4,41,00000029
EV,1,4,42,0000002a
EV,1,4,43,0000002b
EV,1,4,44,0000002c
EV,1,4,45,0000002d
EV,1,4,46,0000002e
EV,1,4,47,0000002f
EV,1,4,48,00000030
EV,1,4,49,00000031
EV,1,4,50,00000032
EV,1,4,51,00000033
EV,1,4,52,00000034
EV,1,4,53,00000035
EV,1,4,54,00000036
EV,1,4,55,00000037
EV,1,4,56,00000038
EV,1,4,57,00000039
EV,1,4,58,0000003a
EV,1,4,59,0000003b
EV,1,4,60,0000003c
EV,1,4,61,0000003d
EV,1,4,62,0000003e
EV,1,4,63,0000003f
EV,1,4,64,00000040
EV,1,4,65,00000041
EV,1,4,66,00000042
EV,1,4,67,00000043
EV,1,4,68,00000044
EV,1,4,69,00000045
EV,1,4,70,00000046
EV,1,4,71,00000047
EV,1,4,72,00000048
EV,1,4,73,00000049
EV,1,4,74,0000004a
EV,1,4,75,0000004b
EV,1,4,76,0000004c
EV,1,4,77,0000004d
EV,1,4,78,0000004e
EV,1,4,79,0000004f
EV,1,4,80,00000050
EV,1,4,81,00000051
EV,1,4,82,00000052
EV,1,4,83,00000053
EV,1,4,84,00000054
EV,1,4,85,00000055
EV,1,4,86,00000056
EV,1,4,87,00000057
EV,1,4,88,00000058
EV,1,4,89,00000059
EV,1,4,90,0000005a
EV,1,4,91,0000005b
EV,1,4,92,0000005c
EV,1,4,93,0000005d
EV,1,4,94,0000005e
EV,1,4,95,0000005f
EV,1,4,96,00000060
EV,1,4,97,00000061
EV,1,4,98,00000062
EV,1,4,99,00000063
EV,1,4,100,00000064
EV,1,4,101,00000065
EV,1,4,102,00000066
EV,1,4,103,00000067
EV,1,4,104,00000068
EV,1,4,105,00000069
EV,1,4,106,0000006a
EV,1,4,107,0000006b
EV,1,4,108,0000006c
EV,1,4,109,0000006d
EV,1,4,110,0000006e
EV,1,4,111,0000006f
EV,1,4,112,00000070
EV,1,4,113,00000071
EV,1,4,114,00000072
EV,1,4,115,00000073
EV,1,4,116,00000074
EV,1,4,117,00000075
EV,1,4,118,00000076
EV,1,4,119,00000077
EV,1,4,120,00000078
EV,1,4,121,00000079
EV,1,4,122,0000007a
EV,1,4,123,0000007b
EV,1,4,124,0000007c
EV,1,4,125,0000007d
EV,1,4,126,0000007e
EV,1,4,127,0000007f
EV,1,4,128,00000080
EV,1,4,129,00000081
EV,1,4,130,00000082
EV,1,4,131,00000083
EV,1,4,132,00000084
EV,1,4,133,00000085
EV,1,4,134,00000086
EV,1,4,135,00000087
EV,1,4,136,00000088
EV,1,4,137,00000089
EV,1,4,138,0000008a
EV,1,4,139,0000008b
EV,1,4,140,0000008c
EV,1,4,141,0000008d
EV,1,4,142,0000008e
EV,1,4,143,0000008f
EV,1,4,144,00000090
EV,1,4,145,00000091
EV,1,4,146,00000092
EV,1,4,147,00000093
EV,1,4,148,00000094
EV,1,4,149,00000095
EV,1,4,150,00000096
EV,1,4,151,00000097
EV,1,4,152,00000098
EV,1,4,153,00000099
EV,1,4,154,0000009a
EV,1,4,155,0000009b
EV,1,4,156,0000009c
EV,1,4,157,0000009d
EV,1,4,158,0000009e
EV,1,4,159,0000009f
EV,1,4,160,000000a0
EV,1,4,161,000000a1
EV,1,4,162,000000a2
EV,1,4,163,000000a3
EV,1,4,164,000000a4
EV,1,4,165,000000a5
EV,1,4,166,000000a6
EV,1,4,167,000000a7
EV,1,4,168,000000a8
EV,1,4,169,000000a9
EV,1,4,170,000000aa
EV,1,4,171,000000ab
EV,1,4,172,000000ac
EV,1,4,173,000000ad
EV,1,4,174,000000ae
EV,1,4,175,000000af
EV,1,4,176,000000b0
EV,1,4,177,000000b1
EV,1,4,178,000000b2
EV,1,4,179,000000b3
EV,1,4,180,000000b4
EV,1,4,181,000000b5
EV,1,4,182,000000b6
EV,1,4,183,000000b7
EV,1,4,184,000000b8
EV,1,4,185,000000b9
EV,1,4,186,000000ba
EV,1,4,187,000000bb
EV,1,4,188,000000bc
EV,1,4,189,000000bd
EV,1,4,190,000000be
EV,1,4,191,000000bf
EV,1,4,192,000000c0
EV,1,4,193,000000c1
EV,1,4,194,000000c2
EV,1,4,195,000000c3
EV,1,4,196,000000c4
EV,1,4,197,000000c5
EV,1,4,198,000000c6
EV,1,4,199,000000c7
EV,1,4,200,000000c8
EV,1,4,201,000000c9
EV,1,4,202,000000ca
EV,1,4,203,000000cb
EV,1,4,204,000000cc
EV,1,4,205,000000cd
EV,1,4,206,000000ce
EV,1,4,207,000000cf
EV,1,4,208,000000d0
EV,1,4,209,000000d1
EV,1,4,210,000000d2
EV,1,4,211,000000d3
EV,1,4,212,000000d4
EV,1,4,213,000000d5
EV,1,4,214,000000d6
EV,1,4,215,000000d7
EV,1,4,216,000000d8
EV,1,4,217,000000d9
EV,1,4,218,000000da
EV,1,4,219,000000db
EV,1,4,220,000000dc
EV,1,4,221,000000dd
EV,1,4,222,000000de
EV,1,4,223,000000df
EV,1,4,224,000000e0
EV,1,4,225,000000e1
EV,1,4,226,000000e2
EV,1,4,227,000000e3
EV,1,4,228,000000e4
EV,1,4,229,000000e5
EV,1,4,230,000000e6
EV,1,4,231,000000e7
EV,1,4,232,000000e8
EV,1,4,233,000000e9
EV,1,4,234,000000ea
EV,1,4,235,000000eb
EV,1,4,236,000000ec
EV,1,4,237,000000ed
EV,1,4,238,000000ee
EV,1,4,239,000000ef
EV,1,4,240,000000f0
EV,1,4,241,000000f1
EV,1,4,242,000000f2
EV,1,4,243,000000f3
EV,1,4,244,000000f4
EV,1,4,245,000000f5
EV,1,4,246,000000f6
EV,1,4,247,000000f7
EV,1,4,248,000000f8
EV,1,4,249,000000f9
EV,1,4,250,000000fa
EV,1,4,251,000000fb
EV,1,4,252,000000fc
EV,1,4,253,000000fd
EV,1,4,254,000000fe
EV,1,4,255,000000ff
EV,1,4,256,00000100
EV,1,4,257,00000101
EV,1,4,258,00000102
EV,1,4,259,00000103
EV,1,4,260,00000104
EV,1,4,261,00000105
EV,1,4,262,00000106
EV,1,4,263,00000107
EV,1,4,264,00000108
EV,1,4,265,00000109
EV,1,4,266,0000010a
EV,1,4,267,0000010b
EV,1,4,268,0000010c
EV,1,4,269,0000010d
EV,1,4,270,0000010e
EV,1,4,271,0000010f
EV,1,4,272,00000110
EV,1,4,273,00000111
EV,1,4,274,00000112
EV,1,4,275,00000113
EV,1,4,276,00000114
EV,1,4,277,00000115
EV,1,4,278,00000116
EV,1,4,279,00000117
EV,1,4,280,00000118
EV,1,4,281,00000119
EV,1,4,282,0000011a
EV,1,4,283,0000011b
EV,1,4,284,0000011c
EV,1,4,285,0000011d
EV,1,4,286,0000011e
EV,1,4,287,0000011f
EV,1,4,288,00000120
EV,1,4,289,00000121
EV,1,4,290,00000122
EV,1,4,291,00000123
EV,1,4,292,00000124
EV,1,4,293,00000125
EV,1,4,294,00000126
EV,1,4,295,00000127
EV,1,4,296,00000128
EV,1,4,297,00000129
EV,1,4,298,0000012a
EV,1,4,299,0000012b
EV,1,4,300,0000012c
EV,1,4,301,0000012d
EV,1,4,302,0000012e
EV,1,4,303,0000012f
EV,1,4,304,00000130
EV,1,4,305,00000131
EV,1,4,306,00000132
EV,1,4,307,00000133
EV,1,4,308,00000134
EV,1,4,309,00000135
EV,1,4,310,00000136
EV,1,4,311,00000137
EV,1,4,312,00000138
EV,1,4,313,00000139
EV,1,4,314,0000013a
EV,1,4,315,0000013b
EV,1,4,316,0000013c
EV,1,4,317,0000013d
EV,1,4,318,0000013e
EV,1,4,319,0000013f
EV,1,4,320,00000140
EV,1,4,321,00000141
EV,1,4,322,00000142
EV,1,4,323,00000143
EV,1,4,324,00000144
EV,1,4,325,00000145
EV,1,4,326,00000146
EV,1,4,327,00000147
EV,1,4,328,00000148
EV,1,4,329,00000149
EV,1,4,330,0000014a
EV,1,4,331,0000014b
EV,1,4,332,0000014c
EV,1,4,333,0000014d
EV,1,4,334,0000014e
EV,1,4,335,0000014f
EV,1,4,336,00000150
EV,1,4,337,00000151
EV,1,4,338,00000152
EV,1,4,339,00000153
EV,1,4,340,00000154
EV,1,4,341,00000155
EV,1,4,342,00000156
EV,1,4,343,00000157
EV,1,4,344,00000158
EV,1,4,345,00000159
EV,1,4,346,0000015a
EV,1,4,347,0000015b
EV,1,4,348,0000015c
EV,1,4,349,0000015d
EV,1,4,350,0000015e
EV,1,4,351,0000015f
EV,1,4,352,00000160
EV,1,4,353,00000161
EV,1,4,354,00000162
EV,1,4,355,00000163
EV,1,4,356,00000164
EV,1,4,357,00000165
EV,1,4,358,00000166
EV,1,4,359,00000167
EV,1,4,360,00000168
EV,1,4,361,00000169
EV,1,4,362,0000016a
EV,1,4,363,0000016b
EV,1,4,364,0000016c
EV,1,4,365,0000016d
EV,1,4,366,0000016e
EV,1,4,367,0000016f
EV,1,4,368,00000170
EV,1,4,369,00000171
EV,1,4,370,00000172
EV,1,4,371,00000173
EV,1,4,372,00000174
EV,1,4,373,00000175
EV,1,4,374,00000176
EV,1,4,375,00000177
EV,1,4,376,00000178
EV,1,4,377,00000179
EV,1,4,378,0000017a
EV,1,4,379,0000017b
EV,1,4,380,0000017c
EV,1,4,381,0000017d
EV,1,4,382,0000017e
EV,1,4,383,0000017f
EV,1,4,384,00000180
EV,1,4,385,00000181
EV,1,4,386,00000182
EV,1,4,387,00000183
EV,1,4,388,00000184
EV,1,4,389,00000185
EV,1,4,390,00000186
EV,1,4,391,00000187
EV,1,4,392,00000188
EV,1,4,393,00000189
EV,1,4,394,0000018a
EV,1,4,395,0000018b
EV,1,4,396,0000018c
EV,1,4,397,0000018d
EV,1,4,398,0000018e
EV,1,4,399,0000018f
EV,1,4,400,00000190
EV,1,4,401,00000191
EV,1,4,402,00000192
EV,1,4,403,00000193
EV,1,4,404,00000194
EV,1,4,405,00000195
EV,1,4,406,00000196
EV,1,4,407,00000197
EV,1,4,408,00000198
EV,1,4,409,00000199
EV,1,4,410,0000019a
EV,1,4,411,0000019b
EV,1,4,412,0000019c
EV,1,4,413,0000019d
EV,1,4,414,0000019e
EV,1,4,415,0000019f
EV,1,4,416,000001a0
EV,1,4,417,000001a1
EV,1,4,418,000001a2
EV,1,4,419,000001a3
EV,1,4,420,000001a4
EV,1,4,421,000001a5
EV,1,4,422,000001a6
EV,1,4,423,000001a7
EV,1,4,424,000001a8
EV,1,4,425,000001a9
EV,1,4,426,000001aa
EV,1,4,427,000001ab
EV,1,4,428,000001ac
EV,1,4,429,000001ad
EV,1,4,430,000001ae
EV,1,4,431,000001af
EV,1,4,432,000001b0
EV,1,4,433,000001b1
EV,1,4,434,000001b2
EV,1,4,435,000001b3
EV,1,4,436,000001b4
EV,1,4,437,000001b5
EV,1,4,438,000001b6
EV,1,4,439,000001b7
EV,1,4,440,000001b8
EV,1,4,441,000001b9
EV,1,4,442,000001ba
EV,1,4,443,000001bb
EV,1,4,444,000001bc
EV,1,4,445,000001bd
EV,1,4,446,000001be
EV,1,4,447,000001bf
EV,1,4,448,000001c0
EV,1,4,449,000001c1
EV,1,4,450,000001c2
EV,1,4,451,000001c3
EV,1,4,452,000001c4
EV,1,4,453,000001c5
EV,1,4,454,000001c6
EV,1,4,455,000001c7
EV,1,4,456,000001c8
EV,1,4,457,000001c9
EV,1,4,458,000001ca
EV,1,4,459,000001cb
EV,1,4,460,000001cc
EV,1,4,461,000001cd
EV,1,4,462,000001ce
EV,1,4,463,000001cf
EV,1,4,464,000001d0
EV,1,4,465,000001d1
EV,1,4,466,000001d2
EV,1,4,467,000001d3
EV,1,4,468,000001d4
EV,1,4,469,000001d5
EV,1,4,470,000001d6
EV,1,4,471,000001d7
EV,1,4,472,000001d8
EV,1,4,473,000001d9
EV,1,4,474,000001da
EV,1,4,475,000001db
EV,1,4,476,000001dc
EV,1,4,477,000001dd
EV,1,4,478,000001de
EV,1,4,479,000001df
EV,1,4,480,000001e0
EV,1,4,481,000001e1
EV,1,4,482,000001e2
EV,1,4,483,000001e3
EV,1,4,484,000001e4
EV,1,4,485,000001e5
EV,1,4,486,000001e6
EV,1,4,487,000001e7
EV,1,4,488,000001e8
EV,1,4,489,000001e9
EV,1,4,490,000001ea
EV,1,4,491,000001eb
EV,1,4,492,000001ec
EV,1,4,493,000001ed
EV,1,4,494,000001ee
EV,1,4,495,000001ef
EV,1,4,496,000001f0
EV,1,4,497,000001f1
EV,1,4,498,000001f2
EV,1,4,499,000001f3
EV,1,4,500,000001f4
EV,1,4,501,000001f5
EV,1,4,502,000001f6
EV,1,4,503,000001f7
EV,1,4,504,000001f8
EV,1,4,505,000001f9
EV,1,4,506,000001fa
EV,1,4,507,000001fb
EV,1,4,508,000001fc
EV,1,4,509,000001fd
EV,1,4,510,000001fe
EV,1,4,511,000001ff
EV,1,4,512,00000200
EV,1,4,513,00000201
EV,1,4,514,00000202
EV,1,4,515,00000203
EV,1,4,516,00000204
EV,1,4,517,00000205
EV,1,4,518,00000206
EV,1,4,519,00000207
EV,1,4,520,00000208
EV,1,4,521,00000209
EV,1,4,522,0000020a
EV,1,4,523,0000020b
EV,1,4,524,0000020c
EV,1,4,525,0000020d
EV,1,4,526,0000020e
EV,1,4,527,0000020f
EV,1,4,528,00000210
EV,1,4,529,00000211
EV,1,4,530,00000212
EV,1,4,531,00000213
EV,1,4,532,00000214
EV,1,4,533,00000215
EV,1,4,534,00000216
EV,1,4,535,00000217
EV,1,4,536,00000218
EV,1,4,537,00000219
EV,1,4,538,0000021a
EV,1,4,539,0000021b
EV,1,4,540,0000021c
EV,1,4,541,0000021d
EV,1,4,542,0000021e
EV,1,4,543,0000021f
EV,1,4,544,00000220
EV,1,4,545,00000221
EV,1,4,546,00000222
EV,1,4,547,00000223
EV,1,4,548,00000224
EV,1,4,549,00000225
EV,1,4,550,00000226
EV,1,4,551,00000227
EV,1,4,552,00000228
EV,1,4,553,00000229
EV,1,4,554,0000022a
EV,1,4,555,0000022b
EV,1,4,556,0000022c
EV,1,4,557,0000022d
EV,1,4,558,0000022e
EV,1,4,559,0000022f
EV,1,4,560,00000230
EV,1,4,561,00000231
EV,1,4,562,00000232
EV,1,4,563,00000233
EV,1,4,564,00000234
EV,1,4,565,00000235
EV,1,4,566,00000236
EV,1,4,567,00000237
EV,1,4,568,00000238
EV,1,4,569,00000239
EV,1,4,570,0000023a
EV,1,4,571,0000023b
EV,1,4,572,0000023c
EV,1,4,573,0000023d
EV,1,4,574,0000023e
EV,1,4,575,0000023f
EV,1,4,576,00000240
EV,1,4,577,00000241
EV,1,4,578,00000242
EV,1,4,579,00000243
EV,1,4,580,00000244
EV,1,4,581,00000245
EV,1,4,582,00000246
EV,1,4,583,00000247
EV,1,4,584,00000248
EV,1,4,585,00000249
EV,1,4,586,0000024a
EV,1,4,587,0000024b
EV,1,4,588,0000024c
EV,1,4,589,0000024d
EV,1,4,590,0000024e
EV,1,4,591,0000024f
EV,1,4,592,00000250
EV,1,4,593,00000251
EV,1,4,594,00000252
EV,1,4,595,00000253
EV,1,4,596,00000254
EV,1,4,597,00000255
EV,1,4,598,00000256
EV,1,4,599,00000257
EV,1,4,600,00000258
EV,1,4,601,00000259
EV,1,4,602,0000025a
EV,1,4,603,0000025b
EV,1,4,604,0000025c
EV,1,4,605,0000025d
EV,1,4,606,0000025e
EV,1,4,607,0000025f
EV,1,4,608,00000260
EV,1,4,609,00000261
EV,1,4,610,00000262
EV,1,4,611,00000263
EV,1,4,612,00000264
EV,1,4,613,00000265
EV,1,4,614,00000266
EV,1,4,615,00000267
EV,1,4,616,00000268
EV,1,4,617,00000269
EV,1,4,618,0000026a
EV,1,4,619,0000026b
EV,1,4,620,0000026c
EV,1,4,621,0000026d
EV,1,4,622,0000026e
EV,1,4,623,0000026f
EV,1,4,624,00000270
EV,1,4,625,00000271
EV,1,4,626,00000272
EV,1,4,627,00000273
EV,1,4,628,00000274
EV,1,4,629,00000275
EV,1,4,630,00000276
EV,1,4,631,00000277
EV,1,4,632,00000278
EV,1,4,633,00000279
EV,1,4,634,0000027a
EV,1,4,635,0000027b
EV,1,4,636,0000027c
EV,1,4,637,0000027d
EV,1,4,638,0000027e
EV,1,4,639,0000027f
EV,1,4,640,00000280
EV,1,4,641,00000281
EV,1,4,642,00000282
EV,1,4,643,00000283
EV,1,4,644,00000284
EV,1,4,645,00000285
EV,1,4,646,00000286
EV,1,4,647,00000287
EV,1,4,648,00000288
EV,1,4,649,00000289
EV,1,4,650,0000028a
EV,1,4,651,0000028b
EV,1,4,652,0000028c
EV,1,4,653,0000028d
EV,1,4,654,0000028e
EV,1,4,655,0000028f
EV,1,4,656,00000290
EV,1,4,657,00000291
EV,1,4,658,00000292
EV,1,4,659,00000293
EV,1,4,660,00000294
EV,1,4,661,00000295
EV,1,4,662,00000296
EV,1,4,663,00000297
EV,1,4,664,00000298
EV,1,4,665,00000299
EV,1,4,666,0000029a
EV,1,4,667,0000029b
EV,1,4,668,0000029c
EV,1,4,669,0000029d
EV,1,4,670,0000029e
EV,1,4,671,0000029f
EV,1,4,672,000002a0
EV,1,4,673,000002a1
EV,1,4,674,000002a2
EV,1,4,675,000002a3
EV,1,4,676,000002a4
EV,1,4,677,000002a5
EV,1,4,678,000002a6
EV,1,4,679,000002a7
EV,1,4,680,000002a8
EV,1,4,681,000002a9
EV,1,4,682,000002aa
EV,1,4,683,000002ab
EV,1,4,684,000002ac
EV,1,4,685,000002ad
EV,1,4,686,000002ae
EV,1,4,687,000002af
EV,1,4,688,000002b0
EV,1,4,689,000002b1
EV,1,4,690,000002b2
EV,1,4,691,000002b3
EV,1,4,692,000002b4
EV,1,4,693,000002b5
EV,1,4,694,000002b6
EV,1,4,695,000002b7
EV,1,4,696,000002b8
EV,1,4,697,000002b9
EV,1,4,698,000002ba
EV,1,4,699,000002bb
EV,1,4,700,000002bc
EV,1,4,701,000002bd
EV,1,4,702,000002be
EV,1,4,703,000002bf
EV,1,4,704,000002c0
EV,1,4,705,000002c1
EV,1,4,706,000002c2
EV,1,4,707,000002c3
EV,1,4,708,000002c4
EV,1,4,709,000002c5
EV,1,4,710,000002c6
EV,1,4,711,000002c7
EV,1,4,712,000002c8
EV,1,4,713,000002c9
EV,1,4,714,000002ca
EV,1,4,715,000002cb
EV,1,4,716,000002cc
EV,1,4,717,000002cd
EV,1,4,718,000002ce
EV,1,4,719,000002cf
EV,1,4,720,000002d0
EV,1,4,721,000002d1
EV,1,4,722,000002d2
EV,1,4,723,000002d3
EV,1,4,724,000002d4
EV,1,4,725,000002d5
EV,1,4,726,000002d6
EV,1,4,727,000002d7
EV,1,4,728,000002d8
EV,1,4,729,000002d9
EV,1,4,730,000002da
EV,1,4,731,000002db
EV,1,4,732,000002dc
EV,1,4,733,000002dd
EV,1,4,734,000002de
EV,1,4,735,000002df
EV,1,4,736,000002e0
EV,1,4,737,000002e1
EV,1,4,738,000002e2
EV,1,4,739,000002e3
EV,1,4,740,000002e4
EV,1,4,741,000002e5
EV,1,4,742,000002e6
EV,1,4,743,000002e7
EV,1,4,744,000002e8
EV,1,4,745,000002e9
EV,1,4,746,000002ea
EV,1,4,747,000002eb
EV,1,4,748,000002ec
EV,1,4,749,000002ed
EV,1,4,750,000002ee
EV,1,4,751,000002ef
EV,1,4,752,000002f0
EV,1,4,753,000002f1
EV,1,4,754,000002f2
EV,1,4,755,000002f3
EV,1,4,756,000002f4
EV,1,4,757,000002f5
EV,1,4,758,000002f6
EV,1,4,759,000002f7
EV,1,4,760,000002f8
EV,1,4,761,000002f9
EV,1,4,762,000002fa
EV,1,4,763,000002fb
EV,1,4,764,000002fc
EV,1,4,765,000002fd
EV,1,4,766,000002fe
EV,1,4,767,000002ff
EV,1,4,768,00000300
EV,1,4,769,00000301
EV,1,4,770,00000302
EV,1,4,771,00000303
EV,1,4,772,00000304
EV,1,4,773,00000305
EV,1,4,774,00000306
EV,1,4,775,00000307
EV,1,4,776,00000308
EV,1,4,777,00000309
EV,1,4,778,0000030a
EV,1,4,779,0000030b
EV,1,4,780,0000030c
EV,1,4,781,0000030d
EV,1,4,782,0000030e
EV,1,4,783,0000030f
EV,1,4,784,00000310
EV,1,4,785,00000311
EV,1,4,786,00000312
EV,1,4,787,00000313
EV,1,4,788,00000314
EV,1,4,789,00000315
EV,1,4,790,00000316
EV,1,4,791,00000317
EV,1,4,792,00000318
EV,1,4,793,00000319
EV,1,4,794,0000031a
EV,1,4,795,0000031b
EV,1,4,796,0000031c
EV,1,4,797,0000031d
EV,1,4,798,0000031e
EV,1,4,799,0000031f
EV,1,4,800,00000320
EV,1,4,801,00000321
EV,1,4,802,00000322
EV,1,4,803,00000323
EV,1,4,804,00000324
EV,1,4,805,00000325
EV,1,4,806,00000326
EV,1,4,807,00000327
EV,1,4,808,00000328
EV,1,4,809,00000329
EV,1,4,810,0000032a
EV,1,4,811,0000032b
EV,1,4,812,0000032c
EV,1,4,813,0000032d
EV,1,4,814,0000032e
EV,1,4,815,0000032f
EV,1,4,816,00000330
EV,1,4,817,00000331
EV,1,4,818,00000332
EV,1,4,819,00000333
EV,1,4,820,00000334
EV,1,4,821,00000335
EV,1,4,822,00000336
EV,1,4,823,00000337
EV,1,4,824,00000338
EV,1,4,825,00000339
EV,1,4,826,0000033a
EV,1,4,827,0000033b
EV,1,4,828,0000033c
EV,1,4,829,0000033d
EV,1,4,830,0000033e
EV,1,4,831,0000033f
EV,1,4,832,00000340
EV,1,4,833,00000341
EV,1,4,834,00000342
EV,1,4,835,00000343
EV,1,4,836,00000344
EV,1,4,837,00000345
EV,1,4,838,00000346
EV,1,4,839,00000347
EV,1,4,840,00000348
EV,1,4,841,00000349
EV,1,4,842,0000034a
EV,1,4,843,0000034b
EV,1,4,844,0000034c
EV,1,4,845,0000034d
EV,1,4,846,0000034e
EV,1,4,847,0000034f
EV,1,4,848,00000350
EV,1,4,849,00000351
EV,1,4,850,00000352
EV,1,4,851,00000353
EV,1,4,852,00000354
EV,1,4,853,00000355
EV,1,4,854,00000356
EV,1,4,855,00000357
EV,1,4,856,00000358
EV,1,4,857,00000359
EV,1,4,858,0000035a
EV,1,4,859,0000035b
EV,1,4,860,0000035c
EV,1,4,861,0000035d
EV,1,4,862,0000035e
EV,1,4,863,0000035f
EV,1,4,864,00000360
EV,1,4,865,00000361
EV,1,4,866,00000362
EV,1,4,867,00000363
EV,1,4,868,00000364
EV,1,4,869,00000365
EV,1,4,870,00000366
EV,1,4,871,00000367
EV,1,4,872,00000368
EV,1,4,873,00000369
EV,1,4,874,0000036a
EV,1,4,875,0000036b
EV,1,4,876,0000036c
EV,1,4,877,0000036d
EV,1,4,878,0000036e
EV,1,4,879,0000036f
EV,1,4,880,00000370
EV,1,4,881,00000371
EV,1,4,882,00000372
EV,1,4,883,00000373
EV,1,4,884,00000374
EV,1,4,885,00000375
EV,1,4,886,00000376
EV,1,4,887,00000377
EV,1,4,888,00000378
EV,1,4,889,00000379
EV,1,4,890,0000037a
EV,1,4,891,0000037b
EV,1,4,892,0000037c
EV,1,4,893,0000037d
EV,1,4,894,0000037e
EV,1,4,895,0000037f
EV,1,4,896,00000380
EV,1,4,897,00000381
EV,1,4,898,00000382
EV,1,4,899,00000383
EV,1,4,900,00000384
EV,1,4,901,00000385
EV,1,4,902,00000386
EV,1,4,903,00000387
EV,1,4,904,00000388
EV,1,4,905,00000389
EV,1,4,906,0000038a
EV,1,4,907,0000038b
EV,1,4,908,0000038c
EV,1,4,909,0000038d
EV,1,4,910,0000038e
EV,1,4,911,0000038f
EV,1,4,912,00000390
EV,1,4,913,00000391
EV,1,4,914,00000392
EV,1,4,915,00000393
EV,1,4,916,00000394
EV,1,4,917,00000395
EV,1,4,918,00000396
EV,1,4,919,00000397
EV,1,4,920,00000398
EV,1,4,921,00000399
EV,1,4,922,0000039a
EV,1,4,923,0000039b
EV,1,4,924,0000039c
EV,1,4,925,0000039d
EV,1,4,926,0000039e
EV,1,4,927,0000039f
EV,1,4,928,000003a0
EV,1,4,929,000003a1
EV,1,4,930,000003a2
EV,1,4,931,000003a3
EV,1,4,932,000003a4
EV,1,4,933,000003a5
EV,1,4,934,000003a6
EV,1,4,935,000003a7
EV,1,4,936,000003a8
EV,1,4,937,000003a9
EV,1,4,938,000003aa
EV,1,4,939,000003ab
EV,1,4,940,000003ac
EV,1,4,941,000003ad
EV,1,4,942,000003ae
EV,1,4,943,000003af
EV,1,4,944,000003b0
EV,1,4,945,000003b1
EV,1,4,946,000003b2
EV,1,4,947,000003b3
EV,1,4,948,000003b4
EV,1,4,949,000003b5
EV,1,4,950,000003b6
EV,1,4,951,000003b7
EV,1,4,952,000003b8
EV,1,4,953,000003b9
EV,1,4,954,000003ba
EV,1,4,955,000003bb
EV,1,4,956,000003bc
EV,1,4,957,000003bd
EV,1,4,958,000003be
EV,1,4,959,000003bf
EV,1,4,960,000003c0
EV,1,4,961,000003c1
EV,1,4,962,000003c2
EV,1,4,963,000003c3
EV,1,4,964,000003c4
EV,1,4,965,000003c5
EV,1,4,966,000003c6
EV,1,4,967,000003c7
EV,1,4,968,000003c8
EV,1,4,969,000003c9
EV,1,4,970,000003ca
EV,1,4,971,000003cb
EV,1,4,972,000003cc
EV,1,4,973,000003cd
EV,1,4,974,000003ce
EV,1,4,975,000003cf
EV,1,4,976,000003d0
EV,1,4,977,000003d1
EV,1,4,978,000003d2
EV,1,4,979,000003d3
EV,1,4,980,000003d4
EV,1,4,981,000003d5
EV,1,4,982,000003d6
EV,1,4,983,000003d7
EV,1,4,984,000003d8
EV,1,4,985,000003d9
EV,1,4,986,000003da
EV,1,4,987,000003db
EV,1,4,988,000003dc
EV,1,4,989,000003dd
EV,1,4,990,000003de
EV,1,4,991,000003df
EV,1,4,992,000003e0
EV,1,4,993,000003e1
EV,1,4,994,000003e2
EV,1,4,995,000003e3
EV,1,4,996,000003e4
EV,1,4,997,000003e5
EV,1,4,998,000003e6
EV,1,4,999,000003e7
EV,1,4,1000,000003e8
EV,1,4,1001,000003e9
EV,1,4,1002,000003ea
EV,1,4,1003,000003eb
EV,1,4,1004,000003ec
EV,1,4,1005,000003ed
EV,1,4,1006,000003ee
EV,1,4,1007,000003ef
EV,1,4,1008,000003f0
EV,1,4,1009,000003f1
EV,1,4,1010,000003f2
EV,1,4,1011,000003f3
EV,1,4,1012,000003f4
EV,1,4,1013,000003f5
EV,1,4,1014,000003f6
EV,1,4,1015,000003f7
EV,1,4,1016,000003f8
EV,1,4,1017,000003f9
EV,1,4,1018,000003fa
EV,1,4,1019,000003fb
EV,1,4,1020,000003fc
EV,1,4,1021,000003fd
EV,1,4,1022,000003fe
EV,1,4,1023,000003ff
EV,1,5,0,00000000
EV,1,5,1,00000001
EV,1,5,2,00000002
EV,1,5,3,00000003
EV,1,5,4,00000004
EV,1,5,5,00000005
EV,1,5,6,00000006
EV,1,5,7,00000007
EV,1,5,8,00000008
EV,1,5,9,00000009
EV,1,5,10,0000000a
EV,1,5,11,0000000b
EV,1,5,12,0000000c
EV,1,5,13,0000000d
EV,1,5,14,0000000e
EV,1,5,15,0000000f
EV,1,5,16,00000010
EV,1,5,17,00000011
EV,1,5,18,00000012
EV,1,5,19,00000013
EV,1,5,20,00000014
EV,1,5,21,00000015
EV,1,5,22,00000016
EV,1,5,23,00000017
EV,1,5,24,00000018
EV,1,5,25,00000019
EV,1,5,26,0000001a
EV,1,5,27,0000001b
EV,1,5,28,0000001c
EV,1,5,29,0000001d
EV,1,5,30,0000001e
EV,1,5,31,0000001f
EV,1,5,32,00000020
EV,1,5,33,00000021
EV,1,5,34,00000022
EV,1,5,35,00000023
EV,1,5,36,00000024
EV,1,5,37,00000025
EV,1,5,38,00000026
EV,1,5,39,00000027
EV,1,5,40,00000028
EV,1,5,41,00000029
EV,1,5,42,0000002a
EV,1,5,43,0000002b
EV,1,5,44,0000002c
EV,1,5,45,0000002d
EV,1,5,46,0000002e
EV,1,5,47,0000002f
EV,1,5,48,00000030
EV,1,5,49,00000031
EV,1,5,50,00000032
EV,1,5,51,00000033
EV,1,5,52,00000034
EV,1,5,53,00000035
EV,1,5,54,00000036
EV,1,5,55,00000037
EV,1,5,56,00000038
EV,1,5,57,00000039
EV,1,5,58,0000003a
EV,1,5,59,0000003b
EV,1,5,60,0000003c
EV,1,5,61,0000003d
EV,1,5,62,0000003e
EV,1,5,63,0000003f
EV,1,5,64,00000040
EV,1,5,65,00000041
EV,1,5,66,00000042
EV,1,5,67,00000043
EV,1,5,68,00000044
EV,1,5,69,00000045
EV,1,5,70,00000046
EV,1,5,71,00000047
EV,1,5,72,00000048
EV,1,5,73,00000049
EV,1,5,74,0000004a
EV,1,5,75,0000004b
EV,1,5,76,0000004c
EV,1,5,77,0000004d
EV,1,5,78,0000004e
EV,1,5,79,0000004f
EV,1,5,80,00000050
EV,1,5,81,00000051
EV,1,5,82,00000052
EV,1,5,83,00000053
EV,1,5,84,00000054
EV,1,5,85,00000055
EV,1,5,86,00000056
EV,1,5,87,00000057
EV,1,5,88,00000058
EV,1,5,89,00000059
EV,1,5,90,0000005a
EV,1,5,91,0000005b
EV,1,5,92,0000005c
EV,1,5,93,0000005d
EV,1,5,94,0000005e
EV,1,5,95,0000005f
EV,1,5,96,00000060
EV,1,5,97,00000061
EV,1,5,98,00000062
EV,1,5,99,00000063
EV,1,5,100,00000064
EV,1,5,101,00000065
EV,1,5,102,00000066
EV,1,5,103,00000067
EV,1,5,104,00000068
EV,1,5,105,00000069
EV,1,5,106,0000006a
EV,1,5,107,0000006b
EV,1,5,108,0000006c
EV,1,5,109,0000006d
EV,1,5,110,0000006e
EV,1,5,111,0000006f
EV,1,5,112,00000070
EV,1,5,113,00000071
EV,1,5,114,00000072
EV,1,5,115,00000073
EV,1,5,116,00000074
EV,1,5,117,00000075
EV,1,5,118,00000076
EV,1,5,119,00000077
EV,1,5,120,00000078
EV,1,5,121,00000079
EV,1,5,122,0000007a
EV,1,5,123,0000007b
EV,1,5,124,0000007c
EV,1,5,125,0000007d
EV,1,5,126,0000007e
EV,1,5,127,0000007f
EV,1,5,128,00000080
EV,1,5,129,00000081
EV,1,5,130,00000082
EV,1,5,131,00000083
EV,1,5,132,00000084
EV,1,5,133,00000085
EV,1,5,134,00000086
EV,1,5,135,00000087
EV,1,5,136,00000088
EV,1,5,137,00000089
EV,1,5,138,0000008a
EV,1,5,139,0000008b
EV,1,5,140,0000008c
EV,1,5,141,0000008d
EV,1,5,142,0000008e
EV,1,5,143,0000008f
EV,1,5,144,00000090
EV,1,5,145,00000091
EV,1,5,146,00000092
EV,1,5,147,00000093
EV,1,5,148,00000094
EV,1,5,149,00000095
EV,1,5,150,00000096
EV,1,5,151,00000097
EV,1,5,152,00000098
EV,1,5,153,00000099
EV,1,5,154,0000009a
EV,1,5,155,0000009b
EV,1,5,156,0000009c
EV,1,5,157,0000009d
EV,1,5,158,0000009e
EV,1,5,159,0000009f
EV,1,5,160,000000a0
EV,1,5,161,000000a1
EV,1,5,162,000000a2
EV,1,5,163,000000a3
EV,1,5,164,000000a4
EV,1,5,165,000000a5
EV,1,5,166,000000a6
EV,1,5,167,000000a7
EV,1,5,168,000000a8
EV,1,5,169,000000a9
EV,1,5,170,000000aa
EV,1,5,171,000000ab
EV,1,5,172,000000ac
EV,1,5,173,000000ad
EV,1,5,174,000000ae
EV,1,5,175,000000af
EV,1,5,176,000000b0
EV,1,5,177,000000b1
EV,1,5,178,000000b2
EV,1,5,179,000000b3
EV,1,5,180,000000b4
EV,1,5,181,000000b5
EV,1,5,182,000000b6
EV,1,5,183,000000b7
EV,1,5,184,000000b8
EV,1,5,185,000000b9
EV,1,5,186,000000ba
EV,1,5,187,000000bb
EV,1,5,188,000000bc
EV,1,5,189,000000bd
EV,1,5,190,000000be
EV,1,5,191,000000bf
EV,1,5,192,000000c0
EV,1,5,193,000000c1
EV,1,5,194,000000c2
EV,1,5,195,000000c3
EV,1,5,196,000000c4
EV,1,5,197,000000c5
EV,1,5,198,000000c6
EV,1,5,199,000000c7
EV,1,5,200,000000c8
EV,1,5,201,000000c9
EV,1,5,202,000000ca
EV,1,5,203,000000cb
EV,1,5,204,000000cc
EV,1,5,205,000000cd
EV,1,5,206,000000ce
EV,1,5,207,000000cf
EV,1,5,208,000000d0
EV,1,5,209,000000d1
EV,1,5,210,000000d2
EV,1,5,211,000000d3
EV,1,5,212,000000d4
EV,1,5,213,000000d5
EV,1,5,214,000000d6
EV,1,5,215,000000d7
EV,1,5,216,000000d8
EV,1,5,217,000000d9
EV,1,5,218,000000da
EV,1,5,219,000000db
EV,1,5,220,000000dc
EV,1,5,221,000000dd
EV,1,5,222,000000de
EV,1,5,223,000000df
EV,1,5,224,000000e0
EV,1,5,225,000000e1
EV,1,5,226,000000e2
EV,1,5,227,000000e3
EV,1,5,228,000000e4
EV,1,5,229,000000e5
EV,1,5,230,000000e6
EV,1,5,231,000000e7
EV,1,5,232,000000e8
EV,1,5,233,000000e9
EV,1,5,234,000000ea
EV,1,5,235,000000eb
EV,1,5,236,000000ec
EV,1,5,237,000000ed
EV,1,5,238,000000ee
EV,1,5,239,000000ef
EV,1,5,240,000000f0
EV,1,5,241,000000f1
EV,1,5,242,000000f2
EV,1,5,243,000000f3
EV,1,5,244,000000f4
EV,1,5,245,000000f5
EV,1,5,246,000000f6
EV,1,5,247,000000f7
EV,1,5,248,000000f8
EV,1,5,249,000000f9
EV,1,5,250,000000fa
EV,1,5,251,000000fb
EV,1,5,252,000000fc
EV,1,5,253,000000fd
EV,1,5,254,000000fe
EV,1,5,255,000000ff
EV,1,5,256,00000100
EV,1,5,257,00000101
EV,1,5,258,00000102
EV,1,5,259,00000103
EV,1,5,260,00000104
EV,1,5,261,00000105
EV,1,5,262,00000106
EV,1,5,263,00000107
EV,1,5,264,00000108
EV,1,5,265,00000109
EV,1,5,266,0000010a
EV,1,5,267,0000010b
EV,1,5,268,0000010c
EV,1,5,269,0000010d
EV,1,5,270,0000010e
EV,1,5,271,0000010f
EV,1,5,272,00000110
EV,1,5,273,00000111
EV,1,5,274,00000112
EV,1,5,275,00000113
EV,1,5,276,00000114
EV,1,5,277,00000115
EV,1,5,278,00000116
EV,1,5,279,00000117
EV,1,5,280,00000118
EV,1,5,281,00000119
EV,1,5,282,0000011a
EV,1,5,283,0000011b
EV,1,5,284,0000011c
EV,1,5,285,0000011d
EV,1,5,286,0000011e
EV,1,5,287,0000011f
EV,1,5,288,00000120
EV,1,5,289,00000121
EV,1,5,290,00000122
EV,1,5,291,00000123
EV,1,5,292,00000124
EV,1,5,293,00000125
EV,1,5,294,00000126
EV,1,5,295,00000127
EV,1,5,296,00000128
EV,1,5,297,00000129
EV,1,5,298,0000012a
EV,1,5,299,0000012b
EV,1,5,300,0000012c
EV,1,5,301,0000012d
EV,1,5,302,0000012e
EV,1,5,303,0000012f
EV,1,5,304,00000130
EV,1,5,305,00000131
EV,1,5,306,00000132
EV,1,5,307,00000133
EV,1,5,308,00000134
EV,1,5,309,00000135
EV,1,5,310,00000136
EV,1,5,311,00000137
EV,1,5,312,00000138
EV,1,5,313,00000139
EV,1,5,314,0000013a
EV,1,5,315,0000013b
EV,1,5,316,0000013c
EV,1,5,317,0000013d
EV,1,5,318,0000013e
EV,1,5,319,0000013f
EV,1,5,320,00000140
EV,1,5,321,00000141
EV,1,5,322,00000142
EV,1,5,323,00000143
EV,1,5,324,00000144
EV,1,5,325,00000145
EV,1,5,326,00000146
EV,1,5,327,00000147
EV,1,5,328,00000148
EV,1,5,329,00000149
EV,1,5,330,0000014a
EV,1,5,331,0000014b
EV,1,5,332,0000014c
EV,1,5,333,0000014d
EV,1,5,334,0000014e
EV,1,5,335,0000014f
EV,1,5,336,00000150
EV,1,5,337,00000151
EV,1,5,338,00000152
EV,1,5,339,00000153
EV,1,5,340,00000154
EV,1,5,341,00000155
EV,1,5,342,00000156
EV,1,5,343,00000157
EV,1,5,344,00000158
EV,1,5,345,00000159
EV,1,5,346,0000015a
EV,1,5,347,0000015b
EV,1,5,348,0000015c
EV,1,5,349,0000015d
EV,1,5,350,0000015e
EV,1,5,351,0000015f
EV,1,5,352,00000160
EV,1,5,353,00000161
EV,1,5,354,00000162
EV,1,5,355,00000163
EV,1,5,356,00000164
EV,1,5,357,00000165
EV,1,5,358,00000166
EV,1,5,359,00000167
EV,1,5,360,00000168
EV,1,5,361,00000169
EV,1,5,362,0000016a
EV,1,5,363,0000016b
EV,1,5,364,0000016c
EV,1,5,365,0000016d
EV,1,5,366,0000016e
EV,1,5,367,0000016f
EV,1,5,368,00000170
EV,1,5,369,00000171
EV,1,5,370,00000172
EV,1,5,371,00000173
EV,1,5,372,00000174
EV,1,5,373,00000175
EV,1,5,374,00000176
EV,1,5,375,00000177
EV,1,5,376,00000178
EV,1,5,377,00000179
EV,1,5,378,0000017a
EV,1,5,379,0000017b
EV,1,5,380,0000017c
EV,1,5,381,0000017d
EV,1,5,382,0000017e
EV,1,5,383,0000017f
EV,1,5,384,00000180
EV,1,5,385,00000181
EV,1,5,386,00000182
EV,1,5,387,00000183
EV,1,5,388,00000184
EV,1,5,389,00000185
EV,1,5,390,00000186
EV,1,5,391,00000187
EV,1,5,392,00000188
EV,1,5,393,00000189
EV,1,5,394,0000018a
EV,1,5,395,0000018b
EV,1,5,396,0000018c
EV,1,5,397,0000018d
EV,1,5,398,0000018e
EV,1,5,399,0000018f
EV,1,5,400,00000190
EV,1,5,401,00000191
EV,1,5,402,00000192
EV,1,5,403,00000193
EV,1,5,404,00000194
EV,1,5,405,00000195
EV,1,5,406,00000196
EV,1,5,407,00000197
EV,1,5,408,00000198
EV,1,5,409,00000199
EV,1,5,410,0000019a
EV,1,5,411,0000019b
EV,1,5,412,0000019c
EV,1,5,413,0000019d
EV,1,5,414,0000019e
EV,1,5,415,0000019f
EV,1,5,416,000001a0
EV,1,5,417,000001a1
EV,1,5,418,000001a2
EV,1,5,419,000001a3
EV,1,5,420,000001a4
EV,1,5,421,000001a5
EV,1,5,422,000001a6
EV,1,5,423,000001a7
EV,1,5,424,000001a8
EV,1,5,425,000001a9
EV,1,5,426,000001aa
EV,1,5,427,000001ab
EV,1,5,428,000001ac
EV,1,5,429,000001ad
EV,1,5,430,000001ae
EV,1,5,431,000001af
EV,1,5,432,000001b0
EV,1,5,433,000001b1
EV,1,5,434,000001b2
EV,1,5,435,000001b3
EV,1,5,436,000001b4
EV,1,5,437,000001b5
EV,1,5,438,000001b6
EV,1,5,439,000001b7
EV,1,5,440,000001b8
EV,1,5,441,000001b9
EV,1,5,442,000001ba
EV,1,5,443,000001bb
EV,1,5,444,000001bc
EV,1,5,445,000001bd
EV,1,5,446,000001be
EV,1,5,447,000001bf
EV,1,5,448,000001c0
EV,1,5,449,000001c1
EV,1,5,450,000001c2
EV,1,5,451,000001c3
EV,1,5,452,000001c4
EV,1,5,453,000001c5
EV,1,5,454,000001c6
EV,1,5,455,000001c7
EV,1,5,456,000001c8
EV,1,5,457,000001c9
EV,1,5,458,000001ca
EV,1,5,459,000001cb
EV,1,5,460,000001cc
EV,1,5,461,000001cd
EV,1,5,462,000001ce
EV,1,5,463,000001cf
EV,1,5,464,000001d0
EV,1,5,465,000001d1
EV,1,5,466,000001d2
EV,1,5,467,000001d3
EV,1,5,468,000001d4
EV,1,5,469,000001d5
EV,1,5,470,000001d6
EV,1,5,471,000001d7
EV,1,5,472,000001d8
EV,1,5,473,000001d9
EV,1,5,474,000001da
EV,1,5,475,000001db
EV,1,5,476,000001dc
EV,1,5,477,000001dd
EV,1,5,478,000001de
EV,1,5,479,000001df
EV,1,5,480,000001e0
EV,1,5,481,000001e1
EV,1,5,482,000001e2
EV,1,5,483,000001e3
EV,1,5,484,000001e4
EV,1,5,485,000001e5
EV,1,5,486,000001e6
EV,1,5,487,000001e7
EV,1,5,488,000001e8
EV,1,5,489,000001e9
EV,1,5,490,000001ea
EV,1,5,491,000001eb
EV,1,5,492,000001ec
EV,1,5,493,000001ed
EV,1,5,494,000001ee
EV,1,5,495,000001ef
EV,1,5,496,000001f0
EV,1,5,497,000001f1
EV,1,5,498,000001f2
EV,1,5,499,000001f3
EV,1,5,500,000001f4
EV,1,5,501,000001f5
EV,1,5,502,000001f6
EV,1,5,503,000001f7
EV,1,5,504,000001f8
EV,1,5,505,000001f9
EV,1,5,506,000001fa
EV,1,5,507,000001fb
EV,1,5,508,000001fc
EV,1,5,509,000001fd
EV,1,5,510,000001fe
EV,1,5,511,000001ff
EV,1,5,512,00000200
EV,1,5,513,00000201
EV,1,5,514,00000202
EV,1,5,515,00000203
EV,1,5,516,00000204
EV,1,5,517,00000205
EV,1,5,518,00000206
EV,1,5,519,00000207
EV,1,5,520,00000208
EV,1,5,521,00000209
EV,1,5,522,0000020a
EV,1,5,523,0000020b
EV,1,5,524,0000020c
EV,1,5,525,0000020d
EV,1,5,526,0000020e
EV,1,5,527,0000020f
EV,1,5,528,00000210
EV,1,5,529,00000211
EV,1,5,530,00000212
EV,1,5,531,00000213
EV,1,5,532,00000214
EV,1,5,533,00000215
EV,1,5,534,00000216
EV,1,5,535,00000217
EV,1,5,536,00000218
EV,1,5,537,00000219
EV,1,5,538,0000021a
EV,1,5,539,0000021b
EV,1,5,540,0000021c
EV,1,5,541,0000021d
EV,1,5,542,0000021e
EV,1,5,543,0000021f
EV,1,5,544,00000220
EV,1,5,545,00000221
EV,1,5,546,00000222
EV,1,5,547,00000223
EV,1,5,548,00000224
EV,1,5,549,00000225
EV,1,5,550,00000226
EV,1,5,551,00000227
EV,1,5,552,00000228
EV,1,5,553,00000229
EV,1,5,554,0000022a
EV,1,5,555,0000022b
EV,1,5,556,0000022c
EV,1,5,557,0000022d
EV,1,5,558,0000022e
EV,1,5,559,0000022f
EV,1,5,560,00000230
EV,1,5,561,00000231
EV,1,5,562,00000232
EV,1,5,563,00000233
EV,1,5,564,00000234
EV,1,5,565,00000235
EV,1,5,566,00000236
EV,1,5,567,00000237
EV,1,5,568,00000238
EV,1,5,569,00000239
EV,1,5,570,0000023a
EV,1,5,571,0000023b
EV,1,5,572,0000023c
EV,1,5,573,0000023d
EV,1,5,574,0000023e
EV,1,5,575,0000023f
EV,1,5,576,00000240
EV,1,5,577,00000241
EV,1,5,578,00000242
EV,1,5,579,00000243
EV,1,5,580,00000244
EV,1,5,581,00000245
EV,1,5,582,00000246
EV,1,5,583,00000247
EV,1,5,584,00000248
EV,1,5,585,00000249
EV,1,5,586,0000024a
EV,1,5,587,0000024b
EV,1,5,588,0000024c
EV,1,5,589,0000024d
EV,1,5,590,0000024e
EV,1,5,591,0000024f
EV,1,5,592,00000250
EV,1,5,593,00000251
EV,1,5,594,00000252
EV,1,5,595,00000253
EV,1,5,596,00000254
EV,1,5,597,00000255
EV,1,5,598,00000256
EV,1,5,599,00000257
EV,1,5,600,00000258
EV,1,5,601,00000259
EV,1,5,602,0000025a
EV,1,5,603,0000025b
EV,1,5,604,0000025c
EV,1,5,605,0000025d
EV,1,5,606,0000025e
EV,1,5,607,0000025f
EV,1,5,608,00000260
EV,1,5,609,00000261
EV,1,5,610,00000262
EV,1,5,611,00000263
EV,1,5,612,00000264
EV,1,5,613,00000265
EV,1,5,614,00000266
EV,1,5,615,00000267
EV,1,5,616,00000268
EV,1,5,617,00000269
EV,1,5,618,0000026a
EV,1,5,619,0000026b
EV,1,5,620,0000026c
EV,1,5,621,0000026d
EV,1,5,622,0000026e
EV,1,5,623,0000026f
EV,1,5,624,00000270
EV,1,5,625,00000271
EV,1,5,626,00000272
EV,1,5,627,00000273
EV,1,5,628,00000274
EV,1,5,629,00000275
EV,1,5,630,00000276
EV,1,5,631,00000277
EV,1,5,632,00000278
EV,1,5,633,00000279
EV,1,5,634,0000027a
EV,1,5,635,0000027b
EV,1,5,636,0000027c
EV,1,5,637,0000027d
EV,1,5,638,0000027e
EV,1,5,639,0000027f
EV,1,5,640,00000280
EV,1,5,641,00000281
EV,1,5,642,00000282
EV,1,5,643,00000283
EV,1,5,644,00000284
EV,1,5,645,00000285
EV,1,5,646,00000286
EV,1,5,647,00000287
EV,1,5,648,00000288
EV,1,5,649,00000289
EV,1,5,650,0000028a
EV,1,5,651,0000028b
EV,1,5,652,0000028c
EV,1,5,653,0000028d
EV,1,5,654,0000028e
EV,1,5,655,0000028f
EV,1,5,656,00000290
EV,1,5,657,00000291
EV,1,5,658,00000292
EV,1,5,659,00000293
EV,1,5,660,00000294
EV,1,5,661,00000295
EV,1,5,662,00000296
EV,1,5,663,00000297
EV,1,5,664,00000298
EV,1,5,665,00000299
EV,1,5,666,0000029a
EV,1,5,667,0000029b
EV,1,5,668,0000029c
EV,1,5,669,0000029d
EV,1,5,670,0000029e
EV,1,5,671,0000029f
EV,1,5,672,000002a0
EV,1,5,673,000002a1
EV,1,5,674,000002a2
EV,1,5,675,000002a3
EV,1,5,676,000002a4
EV,1,5,677,000002a5
EV,1,5,678,000002a6
EV,1,5,679,000002a7
EV,1,5,680,000002a8
EV,1,5,681,000002a9
EV,1,5,682,000002aa
EV,1,5,683,000002ab
EV,1,5,684,000002ac
EV,1,5,685,000002ad
EV,1,5,686,000002ae
EV,1,5,687,000002af
EV,1,5,688,000002b0
EV,1,5,689,000002b1
EV,1,5,690,000002b2
EV,1,5,691,000002b3
EV,1,5,692,000002b4
EV,1,5,693,000002b5
EV,1,5,694,000002b6
EV,1,5,695,000002b7
EV,1,5,696,000002b8
EV,1,5,697,000002b9
EV,1,5,698,000002ba
EV,1,5,699,000002bb
EV,1,5,700,000002bc
EV,1,5,701,000002bd
EV,1,5,702,000002be
EV,1,5,703,000002bf
EV,1,5,704,000002c0
EV,1,5,705,000002c1
EV,1,5,706,000002c2
EV,1,5,707,000002c3
EV,1,5,708,000002c4
EV,1,5,709,000002c5
EV,1,5,710,000002c6
EV,1,5,711,000002c7
EV,1,5,712,000002c8
EV,1,5,713,000002c9
EV,1,5,714,000002ca
EV,1,5,715,000002cb
EV,1,5,716,000002cc
EV,1,5,717,000002cd
EV,1,5,718,000002ce
EV,1,5,719,000002cf
EV,1,5,720,000002d0
EV,1,5,721,000002d1
EV,1,5,722,000002d2
EV,1,5,723,000002d3
EV,1,5,724,000002d4
EV,1,5,725,000002d5
EV,1,5,726,000002d6
EV,1,5,727,000002d7
EV,1,5,728,000002d8
EV,1,5,729,000002d9
EV,1,5,730,000002da
EV,1,5,731,000002db
EV,1,5,732,000002dc
EV,1,5,733,000002dd
EV,1,5,734,000002de
EV,1,5,735,000002df
EV,1,5,736,000002e0
EV,1,5,737,000002e1
EV,1,5,738,000002e2
EV,1,5,739,000002e3
EV,1,5,740,000002e4
EV,1,5,741,000002e5
EV,1,5,742,000002e6
EV,1,5,743,000002e7
EV,1,5,744,000002e8
EV,1,5,745,000002e9
EV,1,5,746,000002ea
EV,1,5,747,000002eb
EV,1,5,748,000002ec
EV,1,5,749,000002ed
EV,1,5,750,000002ee
EV,1,5,751,000002ef
EV,1,5,752,000002f0
EV,1,5,753,000002f1
EV,1,5,754,000002f2
EV,1,5,755,000002f3
EV,1,5,756,000002f4
EV,1,5,757,000002f5
EV,1,5,758,000002f6
EV,1,5,759,000002f7
EV,1,5,760,000002f8
EV,1,5,761,000002f9
EV,1,5,762,000002fa
EV,1,5,763,000002fb
EV,1,5,764,000002fc
EV,1,5,765,000002fd
EV,1,5,766,000002fe
EV,1,5,767,000002ff
EV,1,5,768,00000300
EV,1,5,769,00000301
EV,1,5,770,00000302
EV,1,5,771,00000303
EV,1,5,772,00000304
EV,1,5,773,00000305
EV,1,5,774,00000306
EV,1,5,775,00000307
EV,1,5,776,00000308
EV,1,5,777,00000309
EV,1,5,778,0000030a
EV,1,5,779,0000030b
EV,1,5,780,0000030c
EV,1,5,781,0000030d
EV,1,5,782,0000030e
EV,1,5,783,0000030f
EV,1,5,784,00000310
EV,1,5,785,00000311
EV,1,5,786,00000312
EV,1,5,787,00000313
EV,1,5,788,00000314
EV,1,5,789,00000315
EV,1,5,790,00000316
EV,1,5,791,00000317
EV,1,5,792,00000318
EV,1,5,793,00000319
EV,1,5,794,0000031a
EV,1,5,795,0000031b
EV,1,5,796,0000031c
EV,1,5,797,0000031d
EV,1,5,798,0000031e
EV,1,5,799,0000031f
EV,1,5,800,00000320
EV,1,5,801,00000321
EV,1,5,802,00000322
EV,1,5,803,00000323
EV,1,5,804,00000324
EV,1,5,805,00000325
EV,1,5,806,00000326
EV,1,5,807,00000327
EV,1,5,808,00000328
EV,1,5,809,00000329
EV,1,5,810,0000032a
EV,1,5,811,0000032b
EV,1,5,812,0000032c
EV,1,5,813,0000032d
EV,1,5,814,0000032e
EV,1,5,815,0000032f
EV,1,5,816,00000330
EV,1,5,817,00000331
EV,1,5,818,00000332
EV,1,5,819,00000333
EV,1,5,820,00000334
EV,1,5,821,00000335
EV,1,5,822,00000336
EV,1,5,823,00000337
EV,1,5,824,00000338
EV,1,5,825,00000339
EV,1,5,826,0000033a
EV,1,5,827,0000033b
EV,1,5,828,0000033c
EV,1,5,829,0000033d
EV,1,5,830,0000033e
EV,1,5,831,0000033f
EV,1,5,832,00000340
EV,1,5,833,00000341
EV,1,5,834,00000342
EV,1,5,835,00000343
EV,1,5,836,00000344
EV,1,5,837,00000345
EV,1,5,838,00000346
EV,1,5,839,00000347
EV,1,5,840,00000348
EV,1,5,841,00000349
EV,1,5,842,0000034a
EV,1,5,843,0000034b
EV,1,5,844,0000034c
EV,1,5,845,0000034d
EV,1,5,846,0000034e
EV,1,5,847,0000034f
EV,1,5,848,00000350
EV,1,5,849,00000351
EV,1,5,850,00000352
EV,1,5,851,00000353
EV,1,5,852,00000354
EV,1,5,853,00000355
EV,1,5,854,00000356
EV,1,5,855,00000357
EV,1,5,856,00000358
EV,1,5,857,00000359
EV,1,5,858,0000035a
EV,1,5,859,0000035b
EV,1,5,860,0000035c
EV,1,5,861,0000035d
EV,1,5,862,0000035e
EV,1,5,863,0000035f
EV,1,5,864,00000360
EV,1,5,865,00000361
EV,1,5,866,00000362
EV,1,5,867,00000363
EV,1,5,868,00000364
EV,1,5,869,00000365
EV,1,5,870,00000366
EV,1,5,871,00000367
EV,1,5,872,00000368
EV,1,5,873,00000369
EV,1,5,874,0000036a
EV,1,5,875,0000036b
EV,1,5,876,0000036c
EV,1,5,877,0000036d
EV,1,5,878,0000036e
EV,1,5,879,0000036f
EV,1,5,880,00000370
EV,1,5,881,00000371
EV,1,5,882,00000372
EV,1,5,883,00000373
EV,1,5,884,00000374
EV,1,5,885,00000375
EV,1,5,886,00000376
EV,1,5,887,00000377
EV,1,5,888,00000378
EV,1,5,889,00000379
EV,1,5,890,0000037a
EV,1,5,891,0000037b
EV,1,5,892,0000037c
EV,1,5,893,0000037d
EV,1,5,894,0000037e
EV,1,5,895,0000037f
EV,1,5,896,00000380
EV,1,5,897,00000381
EV,1,5,898,00000382
EV,1,5,899,00000383
EV,1,5,900,00000384
EV,1,5,901,00000385
EV,1,5,902,00000386
EV,1,5,903,00000387
EV,1,5,904,00000388
EV,1,5,905,00000389
EV,1,5,906,0000038a
EV,1,5,907,0000038b
EV,1,5,908,0000038c
EV,1,5,909,0000038d
EV,1,5,910,0000038e
EV,1,5,911,0000038f
EV,1,5,912,00000390
EV,1,5,913,00000391
EV,1,5,914,00000392
EV,1,5,915,00000393
EV,1,5,916,00000394
EV,1,5,917,00000395
EV,1,5,918,00000396
EV,1,5,919,00000397
EV,1,5,920,00000398
EV,1,5,921,00000399
EV,1,5,922,0000039a
EV,1,5,923,0000039b
EV,1,5,924,0000039c
EV,1,5,925,0000039d
EV,1,5,926,0000039e
EV,1,5,927,0000039f
EV,1,5,928,000003a0
EV,1,5,929,000003a1
EV,1,5,930,000003a2
EV,1,5,931,000003a3
EV,1,5,932,000003a4
EV,1,5,933,000003a5
EV,1,5,934,000003a6
EV,1,5,935,000003a7
EV,1,5,936,000003a8
EV,1,5,937,000003a9
EV,1,5,938,000003aa
EV,1,5,939,000003ab
EV,1,5,940,000003ac
EV,1,5,941,000003ad
EV,1,5,942,000003ae
EV,1,5,943,000003af
EV,1,5,944,000003b0
EV,1,5,945,000003b1
EV,1,5,946,000003b2
EV,1,5,947,000003b3
EV,1,5,948,000003b4
EV,1,5,949,000003b5
EV,1,5,950,000003b6
EV,1,5,951,000003b7
EV,1,5,952,000003b8
EV,1,5,953,000003b9
EV,1,5,954,000003ba
EV,1,5,955,000003bb
EV,1,5,956,000003bc
EV,1,5,957,000003bd
EV,1,5,958,000003be
EV,1,5,959,000003bf
EV,1,5,960,000003c0
EV,1,5,961,000003c1
EV,1,5,962,000003c2
EV,1,5,963,000003c3
EV,1,5,964,000003c4
EV,1,5,965,000003c5
EV,1,5,966,000003c6
EV,1,5,967,000003c7
EV,1,5,968,000003c8
EV,1,5,969,000003c9
EV,1,5,970,000003ca
EV,1,5,971,000003cb
EV,1,5,972,000003cc
EV,1,5,973,000003cd
EV,1,5,974,000003ce
EV,1,5,975,000003cf
EV,1,5,976,000003d0
EV,1,5,977,000003d1
EV,1,5,978,000003d2
EV,1,5,979,000003d3
EV,1,5,980,000003d4
EV,1,5,981,000003d5
EV,1,5,982,000003d6
EV,1,5,983,000003d7
EV,1,5,984,000003d8
EV,1,5,985,000003d9
EV,1,5,986,000003da
EV,1,5,987,000003db
EV,1,5,988,000003dc
EV,1,5,989,000003dd
EV,1,5,990,000003de
EV,1,5,991,000003df
EV,1,5,992,000003e0
EV,1,5,993,000003e1
EV,1,5,994,000003e2
EV,1,5,995,000003e3
EV,1,5,996,000003e4
EV,1,5,997,000003e5
EV,1,5,998,000003e6
EV,1,5,999,000003e7
EV,1,5,1000,000003e8
EV,1,5,1001,000003e9
EV,1,5,1002,000003ea
EV,1,5,1003,000003eb
EV,1,5,1004,000003ec
EV,1,5,1005,000003ed
EV,1,5,1006,000003ee
EV,1,5,1007,000003ef
EV,1,5,1008,000003f0
EV,1,5,1009,000003f1
EV,1,5,1010,000003f2
EV,1,5,1011,000003f3
EV,1,5,1012,000003f4
EV,1,5,1013,000003f5
EV,1,5,1014,000003f6
EV,1,5,1015,000003f7
EV,1,5,1016,000003f8
EV,1,5,1017,000003f9
EV,1,5,1018,000003fa
EV,1,5,1019,000003fb
EV,1,5,1020,000003fc
EV,1,5,1021,000003fd
EV,1,5,1022,000003fe
EV,1,5,1023,000003ff
EV,1,6,0,00000000
EV,1,6,1,00000001
EV,1,6,2,00000002
EV,1,6,3,00000003
EV,1,6,4,00000004
EV,1,6,5,00000005
EV,1,6,6,00000006
EV,1,6,7,00000007
EV,1,6,8,00000008
EV,1,6,9,00000009
EV,1,6,10,0000000a
EV,1,6,11,0000000b
EV,1,6,12,0000000c
EV,1,6,13,0000000d
EV,1,6,14,0000000e
EV,1,6,15,0000000f
EV,1,6,16,00000010
EV,1,6,17,00000011
EV,1,6,18,00000012
EV,1,6,19,00000013
EV,1,6,20,00000014
EV,1,6,21,00000015
EV,1,6,22,00000016
EV,1,6,23,00000017
EV,1,6,24,00000018
EV,1,6,25,00000019
EV,1,6,26,0000001a
EV,1,6,27,0000001b
EV,1,6,28,0000001c
EV,1,6,29,0000001d
EV,1,6,30,0000001e
EV,1,6,31,0000001f
EV,1,6,32,00000020
EV,1,6,33,00000021
EV,1,6,34,00000022
EV,1,6,35,00000023
EV,1,6,36,00000024
EV,1,6,37,00000025
EV,1,6,38,00000026
EV,1,6,39,00000027
EV,1,6,40,00000028
EV,1,6,41,00000029
EV,1,6,42,0000002a
EV,1,6,43,0000002b
EV,1,6,44,0000002c
EV,1,6,45,0000002d
EV,1,6,46,0000002e
EV,1,6,47,0000002f
EV,1,6,48,00000030
EV,1,6,49,00000031
EV,1,6,50,00000032
EV,1,6,51,00000033
EV,1,6,52,00000034
EV,1,6,53,00000035
EV,1,6,54,00000036
EV,1,6,55,00000037
EV,1,6,56,00000038
EV,1,6,57,00000039
EV,1,6,58,0000003a
EV,1,6,59,0000003b
EV,1,6,60,0000003c
EV,1,6,61,0000003d
EV,1,6,62,0000003e
EV,1,6,63,0000003f
EV,1,6,64,00000040
EV,1,6,65,00000041
EV,1,6,66,00000042
EV,1,6,67,00000043
EV,1,6,68,00000044
EV,1,6,69,00000045
EV,1,6,70,00000046
EV,1,6,71,00000047
EV,1,6,72,00000048
EV,1,6,73,00000049
EV,1,6,74,0000004a
EV,1,6,75,0000004b
EV,1,6,76,0000004c
EV,1,6,77,0000004d
EV,1,6,78,0000004e
EV,1,6,79,0000004f
EV,1,6,80,00000050
EV,1,6,81,00000051
EV,1,6,82,00000052
EV,1,6,83,00000053
EV,1,6,84,00000054
EV,1,6,85,00000055
EV,1,6,86,00000056
EV,1,6,87,00000057
EV,1,6,88,00000058
EV,1,6,89,00000059
EV,1,6,90,0000005a
EV,1,6,91,0000005b
EV,1,6,92,0000005c
EV,1,6,93,0000005d
EV,1,6,94,0000005e
EV,1,6,95,0000005f
EV,1,6,96,00000060
EV,1,6,97,00000061
EV,1,6,98,00000062
EV,1,6,99,00000063
EV,1,6,100,00000064
EV,1,6,101,00000065
EV,1,6,102,00000066
EV,1,6,103,00000067
EV,1,6,104,00000068
EV,1,6,105,00000069
EV,1,6,106,0000006a
EV,1,6,107,0000006b
EV,1,6,108,0000006c
EV,1,6,109,0000006d
EV,1,6,110,0000006e
EV,1,6,111,0000006f
EV,1,6,112,00000070
EV,1,6,113,00000071
EV,1,6,114,00000072
EV,1,6,115,00000073
EV,1,6,116,00000074
EV,1,6,117,00000075
EV,1,6,118,00000076
EV,1,6,119,00000077
EV,1,6,120,00000078
EV,1,6,121,00000079
EV,1,6,122,0000007a
EV,1,6,123,0000007b
EV,1,6,124,0000007c
EV,1,6,125,0000007d
EV,1,6,126,0000007e
EV,1,6,127,0000007f
EV,1,6,128,00000080
EV,1,6,129,00000081
EV,1,6,130,00000082
EV,1,6,131,00000083
EV,1,6,132,00000084
EV,1,6,133,00000085
EV,1,6,134,00000086
EV,1,6,135,00000087
EV,1,6,136,00000088
EV,1,6,137,00000089
EV,1,6,138,0000008a
EV,1,6,139,0000008b
EV,1,6,140,0000008c
EV,1,6,141,0000008d
EV,1,6,142,0000008e
EV,1,6,143,0000008f
EV,1,6,144,00000090
EV,1,6,145,00000091
EV,1,6,146,00000092
EV,1,6,147,00000093
EV,1,6,148,00000094
EV,1,6,149,00000095
EV,1,6,150,00000096
EV,1,6,151,00000097
EV,1,6,152,00000098
EV,1,6,153,00000099
EV,1,6,154,0000009a
EV,1,6,155,0000009b
EV,1,6,156,0000009c
EV,1,6,157,0000009d
EV,1,6,158,0000009e
EV,1,6,159,0000009f
EV,1,6,160,000000a0
EV,1,6,161,000000a1
EV,1,6,162,000000a2
EV,1,6,163,000000a3
EV,1,6,164,000000a4
EV,1,6,165,000000a5
EV,1,6,166,000000a6
EV,1,6,167,000000a7
EV,1,6,168,000000a8
EV,1,6,169,000000a9
EV,1,6,170,000000aa
EV,1,6,171,000000ab
EV,1,6,172,000000ac
EV,1,6,173,000000ad
EV,1,6,174,000000ae
EV,1,6,175,000000af
EV,1,6,176,000000b0
EV,1,6,177,000000b1
EV,1,6,178,000000b2
EV,1,6,179,000000b3
EV,1,6,180,000000b4
EV,1,6,181,000000b5
EV,1,6,182,000000b6
EV,1,6,183,000000b7
EV,1,6,184,000000b8
EV,1,6,185,000000b9
EV,1,6,186,000000ba
EV,1,6,187,000000bb
EV,1,6,188,000000bc
EV,1,6,189,000000bd
EV,1,6,190,000000be
EV,1,6,191,000000bf
EV,1,6,192,000000c0
EV,1,6,193,000000c1
EV,1,6,194,000000c2
EV,1,6,195,000000c3
EV,1,6,196,000000c4
EV,1,6,197,000000c5
EV,1,6,198,000000c6
EV,1,6,199,000000c7
EV,1,6,200,000000c8
EV,1,6,201,000000c9
EV,1,6,202,000000ca
EV,1,6,203,000000cb
EV,1,6,204,000000cc
EV,1,6,205,000000cd
EV,1,6,206,000000ce
EV,1,6,207,000000cf
EV,1,6,208,000000d0
EV,1,6,209,000000d1
EV,1,6,210,000000d2
EV,1,6,211,000000d3
EV,1,6,212,000000d4
EV,1,6,213,000000d5
EV,1,6,214,000000d6
EV,1,6,215,000000d7
EV,1,6,216,000000d8
EV,1,6,217,000000d9
EV,1,6,218,000000da
EV,1,6,219,000000db
EV,1,6,220,000000dc
EV,1,6,221,000000dd
EV,1,6,222,000000de
EV,1,6,223,000000df
EV,1,6,224,000000e0
EV,1,6,225,000000e1
EV,1,6,226,000000e2
EV,1,6,227,000000e3
EV,1,6,228,000000e4
EV,1,6,229,000000e5
EV,1,6,230,000000e6
EV,1,6,231,000000e7
EV,1,6,232,000000e8
EV,1,6,233,000000e9
EV,1,6,234,000000ea
EV,1,6,235,000000eb
EV,1,6,236,000000ec
EV,1,6,237,000000ed
EV,1,6,238,000000ee
EV,1,6,239,000000ef
EV,1,6,240,000000f0
EV,1,6,241,000000f1
EV,1,6,242,000000f2
EV,1,6,243,000000f3
EV,1,6,244,000000f4
EV,1,6,245,000000f5
EV,1,6,246,000000f6
EV,1,6,247,000000f7
EV,1,6,248,000000f8
EV,1,6,249,000000f9
EV,1,6,250,000000fa
EV,1,6,251,000000fb
EV,1,6,252,000000fc
EV,1,6,253,000000fd
EV,1,6,254,000000fe
EV,1,6,255,000000ff
EV,1,6,256,00000100
EV,1,6,257,00000101
EV,1,6,258,00000102
EV,1,6,259,00000103
EV,1,6,260,00000104
EV,1,6,261,00000105
EV,1,6,262,00000106
EV,1,6,263,00000107
EV,1,6,264,00000108
EV,1,6,265,00000109
EV,1,6,266,0000010a
EV,1,6,267,0000010b
EV,1,6,268,0000010c
EV,1,6,269,0000010d
EV,1,6,270,0000010e
EV,1,6,271,0000010f
EV,1,6,272,00000110
EV,1,6,273,00000111
EV,1,6,274,00000112
EV,1,6,275,00000113
EV,1,6,276,00000114
EV,1,6,277,00000115
EV,1,6,278,00000116
EV,1,6,279,00000117
EV,1,6,280,00000118
EV,1,6,281,00000119
EV,1,6,282,0000011a
EV,1,6,283,0000011b
EV,1,6,284,0000011c
EV,1,6,285,0000011d
EV,1,6,286,0000011e
EV,1,6,287,0000011f
EV,1,6,288,00000120
EV,1,6,289,00000121
EV,1,6,290,00000122
EV,1,6,291,00000123
EV,1,6,292,00000124
EV,1,6,293,00000125
EV,1,6,294,00000126
EV,1,6,295,00000127
EV,1,6,296,00000128
EV,1,6,297,00000129
EV,1,6,298,0000012a
EV,1,6,299,0000012b
EV,1,6,300,0000012c
EV,1,6,301,0000012d
EV,1,6,302,0000012e
EV,1,6,303,0000012f
EV,1,6,304,00000130
EV,1,6,305,00000131
EV,1,6,306,00000132
EV,1,6,307,00000133
EV,1,6,308,00000134
EV,1,6,309,00000135
EV,1,6,310,00000136
EV,1,6,311,00000137
EV,1,6,312,00000138
EV,1,6,313,00000139
EV,1,6,314,0000013a
EV,1,6,315,0000013b
EV,1,6,316,0000013c
EV,1,6,317,0000013d
EV,1,6,318,0000013e
EV,1,6,319,0000013f
EV,1,6,320,00000140
EV,1,6,321,00000141
EV,1,6,322,00000142
EV,1,6,323,00000143
EV,1,6,324,00000144
EV,1,6,325,00000145
EV,1,6,326,00000146
EV,1,6,327,00000147
EV,1,6,328,00000148
EV,1,6,329,00000149
EV,1,6,330,0000014a
EV,1,6,331,0000014b
EV,1,6,332,0000014c
EV,1,6,333,0000014d
EV,1,6,334,0000014e
EV,1,6,335,0000014f
EV,1,6,336,00000150
EV,1,6,337,00000151
EV,1,6,338,00000152
EV,1,6,339,00000153
EV,1,6,340,00000154
EV,1,6,341,00000155
EV,1,6,342,00000156
EV,1,6,343,00000157
EV,1,6,344,00000158
EV,1,6,345,00000159
EV,1,6,346,0000015a
EV,1,6,347,0000015b
EV,1,6,348,0000015c
EV,1,6,349,0000015d
EV,1,6,350,0000015e
EV,1,6,351,0000015f
EV,1,6,352,00000160
EV,1,6,353,00000161
EV,1,6,354,00000162
EV,1,6,355,00000163
EV,1,6,356,00000164
EV,1,6,357,00000165
EV,1,6,358,00000166
EV,1,6,359,00000167
EV,1,6,360,00000168
EV,1,6,361,00000169
EV,1,6,362,0000016a
EV,1,6,363,0000016b
EV,1,6,364,0000016c
EV,1,6,365,0000016d
EV,1,6,366,0000016e
EV,1,6,367,0000016f
EV,1,6,368,00000170
EV,1,6,369,00000171
EV,1,6,370,00000172
EV,1,6,371,00000173
EV,1,6,372,00000174
EV,1,6,373,00000175
EV,1,6,374,00000176
EV,1,6,375,00000177
EV,1,6,376,00000178
EV,1,6,377,00000179
EV,1,6,378,0000017a
EV,1,6,379,0000017b
EV,1,6,380,0000017c
EV,1,6,381,0000017d
EV,1,6,382,0000017e
EV,1,6,383,0000017f
EV,1,6,384,00000180
EV,1,6,385,00000181
EV,1,6,386,00000182
EV,1,6,387,00000183
EV,1,6,388,00000184
EV,1,6,389,00000185
EV,1,6,390,00000186
EV,1,6,391,00000187
EV,1,6,392,00000188
EV,1,6,393,00000189
EV,1,6,394,0000018a
EV,1,6,395,0000018b
EV,1,6,396,0000018c
EV,1,6,397,0000018d
EV,1,6,398,0000018e
EV,1,6,399,0000018f
EV,1,6,400,00000190
EV,1,6,401,00000191
EV,1,6,402,00000192
EV,1,6,403,00000193
EV,1,6,404,00000194
EV,1,6,405,00000195
EV,1,6,406,00000196
EV,1,6,407,00000197
EV,1,6,408,00000198
EV,1,6,409,00000199
EV,1,6,410,0000019a
EV,1,6,411,0000019b
EV,1,6,412,0000019c
EV,1,6,413,0000019d
EV,1,6,414,0000019e
EV,1,6,415,0000019f
EV,1,6,416,000001a0
EV,1,6,417,000001a1
EV,1,6,418,000001a2
EV,1,6,419,000001a3
EV,1,6,420,000001a4
EV,1,6,421,000001a5
EV,1,6,422,000001a6
EV,1,6,423,000001a7
EV,1,6,424,000001a8
EV,1,6,425,000001a9
EV,1,6,426,000001aa
EV,1,6,427,000001ab
EV,1,6,428,000001ac
EV,1,6,429,000001ad
EV,1,6,430,000001ae
EV,1,6,431,000001af
EV,1,6,432,000001b0
EV,1,6,433,000001b1
EV,1,6,434,000001b2
EV,1,6,435,000001b3
EV,1,6,436,000001b4
EV,1,6,437,000001b5
EV,1,6,438,000001b6
EV,1,6,439,000001b7
EV,1,6,440,000001b8
EV,1,6,441,000001b9
EV,1,6,442,000001ba
EV,1,6,443,000001bb
EV,1,6,444,000001bc
EV,1,6,445,000001bd
EV,1,6,446,000001be
EV,1,6,447,000001bf
EV,1,6,448,000001c0
EV,1,6,449,000001c1
EV,1,6,450,000001c2
EV,1,6,451,000001c3
EV,1,6,452,000001c4
EV,1,6,453,000001c5
EV,1,6,454,000001c6
EV,1,6,455,000001c7
EV,1,6,456,000001c8
EV,1,6,457,000001c9
EV,1,6,458,000001ca
EV,1,6,459,000001cb
EV,1,6,460,000001cc
EV,1,6,461,000001cd
EV,1,6,462,000001ce
EV,1,6,463,000001cf
EV,1,6,464,000001d0
EV,1,6,465,000001d1
EV,1,6,466,000001d2
EV,1,6,467,000001d3
EV,1,6,468,000001d4
EV,1,6,469,000001d5
EV,1,6,470,000001d6
EV,1,6,471,000001d7
EV,1,6,472,000001d8
EV,1,6,473,000001d9
EV,1,6,474,000001da
EV,1,6,475,000001db
EV,1,6,476,000001dc
EV,1,6,477,000001dd
EV,1,6,478,000001de
EV,1,6,479,000001df
EV,1,6,480,000001e0
EV,1,6,481,000001e1
EV,1,6,482,000001e2
EV,1,6,483,000001e3
EV,1,6,484,000001e4
EV,1,6,485,000001e5
EV,1,6,486,000001e6
EV,1,6,487,000001e7
EV,1,6,488,000001e8
EV,1,6,489,000001e9
EV,1,6,490,000001ea
EV,1,6,491,000001eb
EV,1,6,492,000001ec
EV,1,6,493,000001ed
EV,1,6,494,000001ee
EV,1,6,495,000001ef
EV,1,6,496,000001f0
EV,1,6,497,000001f1
EV,1,6,498,000001f2
EV,1,6,499,000001f3
EV,1,6,500,000001f4
EV,1,6,501,000001f5
EV,1,6,502,000001f6
EV,1,6,503,000001f7
EV,1,6,504,000001f8
EV,1,6,505,000001f9
EV,1,6,506,000001fa
EV,1,6,507,000001fb
EV,1,6,508,000001fc
EV,1,6,509,000001fd
EV,1,6,510,000001fe
EV,1,6,511,000001ff
EV,1,6,512,00000200
EV,1,6,513,00000201
EV,1,6,514,00000202
EV,1,6,515,00000203
EV,1,6,516,00000204
EV,1,6,517,00000205
EV,1,6,518,00000206
EV,1,6,519,00000207
EV,1,6,520,00000208
EV,1,6,521,00000209
EV,1,6,522,0000020a
EV,1,6,523,0000020b
EV,1,6,524,0000020c
EV,1,6,525,0000020d
EV,1,6,526,0000020e
EV,1,6,527,0000020f
EV,1,6,528,00000210
EV,1,6,529,00000211
EV,1,6,530,00000212
EV,1,6,531,00000213
EV,1,6,532,00000214
EV,1,6,533,00000215
EV,1,6,534,00000216
EV,1,6,535,00000217
EV,1,6,536,00000218
EV,1,6,537,00000219
EV,1,6,538,0000021a
EV,1,6,539,0000021b
EV,1,6,540,0000021c
EV,1,6,541,0000021d
EV,1,6,542,0000021e
EV,1,6,543,0000021f
EV,1,6,544,00000220
EV,1,6,545,00000221
EV,1,6,546,00000222
EV,1,6,547,00000223
EV,1,6,548,00000224
EV,1,6,549,00000225
EV,1,6,550,00000226
EV,1,6,551,00000227
EV,1,6,552,00000228
EV,1,6,553,00000229
EV,1,6,554,0000022a
EV,1,6,555,0000022b
EV,1,6,556,0000022c
EV,1,6,557,0000022d
EV,1,6,558,0000022e
EV,1,6,559,0000022f
EV,1,6,560,00000230
EV,1,6,561,00000231
EV,1,6,562,00000232
EV,1,6,563,00000233
EV,1,6,564,00000234
EV,1,6,565,00000235
EV,1,6,566,00000236
EV,1,6,567,00000237
EV,1,6,568,00000238
EV,1,6,569,00000239
EV,1,6,570,0000023a
EV,1,6,571,0000023b
EV,1,6,572,0000023c
EV,1,6,573,0000023d
EV,1,6,574,0000023e
EV,1,6,575,0000023f
EV,1,6,576,00000240
EV,1,6,577,00000241
EV,1,6,578,00000242
EV,1,6,579,00000243
EV,1,6,580,00000244
EV,1,6,581,00000245
EV,1,6,582,00000246
EV,1,6,583,00000247
EV,1,6,584,00000248
EV,1,6,585,00000249
EV,1,6,586,0000024a
EV,1,6,587,0000024b
EV,1,6,588,0000024c
EV,1,6,589,0000024d
EV,1,6,590,0000024e
EV,1,6,591,0000024f
EV,1,6,592,00000250
EV,1,6,593,00000251
EV,1,6,594,00000252
EV,1,6,595,00000253
EV,1,6,596,00000254
EV,1,6,597,00000255
EV,1,6,598,00000256
EV,1,6,599,00000257
EV,1,6,600,00000258
EV,1,6,601,00000259
EV,1,6,602,0000025a
EV,1,6,603,0000025b
EV,1,6,604,0000025c
EV,1,6,605,0000025d
EV,1,6,606,0000025e
EV,1,6,607,0000025f
EV,1,6,608,00000260
EV,1,6,609,00000261
EV,1,6,610,00000262
EV,1,6,611,00000263
EV,1,6,612,00000264
EV,1,6,613,00000265
EV,1,6,614,00000266
EV,1,6,615,00000267
EV,1,6,616,00000268
EV,1,6,617,00000269
EV,1,6,618,0000026a
EV,1,6,619,0000026b
EV,1,6,620,0000026c
EV,1,6,621,0000026d
EV,1,6,622,0000026e
EV,1,6,623,0000026f
EV,1,6,624,00000270
EV,1,6,625,00000271
EV,1,6,626,00000272
EV,1,6,627,00000273
EV,1,6,628,00000274
EV,1,6,629,00000275
EV,1,6,630,00000276
EV,1,6,631,00000277
EV,1,6,632,00000278
EV,1,6,633,00000279
EV,1,6,634,0000027a
EV,1,6,635,0000027b
EV,1,6,636,0000027c
EV,1,6,637,0000027d
EV,1,6,638,0000027e
EV,1,6,639,0000027f
EV,1,6,640,00000280
EV,1,6,641,00000281
EV,1,6,642,00000282
EV,1,6,643,00000283
EV,1,6,644,00000284
EV,1,6,645,00000285
EV,1,6,646,00000286
EV,1,6,647,00000287
EV,1,6,648,00000288
EV,1,6,649,00000289
EV,1,6,650,0000028a
EV,1,6,651,0000028b
EV,1,6,652,0000028c
EV,1,6,653,0000028d
EV,1,6,654,0000028e
EV,1,6,655,0000028f
EV,1,6,656,00000290
EV,1,6,657,00000291
EV,1,6,658,00000292
EV,1,6,659,00000293
EV,1,6,660,00000294
EV,1,6,661,00000295
EV,1,6,662,00000296
EV,1,6,663,00000297
EV,1,6,664,00000298
EV,1,6,665,00000299
EV,1,6,666,0000029a
EV,1,6,667,0000029b
EV,1,6,668,0000029c
EV,1,6,669,0000029d
EV,1,6,670,0000029e
EV,1,6,671,0000029f
EV,1,6,672,000002a0
EV,1,6,673,000002a1
EV,1,6,674,000002a2
EV,1,6,675,000002a3
EV,1,6,676,000002a4
EV,1,6,677,000002a5
EV,1,6,678,000002a6
EV,1,6,679,000002a7
EV,1,6,680,000002a8
EV,1,6,681,000002a9
EV,1,6,682,000002aa
EV,1,6,683,000002ab
EV,1,6,684,000002ac
EV,1,6,685,000002ad
EV,1,6,686,000002ae
EV,1,6,687,000002af
EV,1,6,688,000002b0
EV,1,6,689,000002b1
EV,1,6,690,000002b2
EV,1,6,691,000002b3
EV,1,6,692,000002b4
EV,1,6,693,000002b5
EV,1,6,694,000002b6
EV,1,6,695,000002b7
EV,1,6,696,000002b8
EV,1,6,697,000002b9
EV,1,6,698,000002ba
EV,1,6,699,000002bb
EV,1,6,700,000002bc
EV,1,6,701,000002bd
EV,1,6,702,000002be
EV,1,6,703,000002bf
EV,1,6,704,000002c0
EV,1,6,705,000002c1
EV,1,6,706,000002c2
EV,1,6,707,000002c3
EV,1,6,708,000002c4
EV,1,6,709,000002c5
EV,1,6,710,000002c6
EV,1,6,711,000002c7
EV,1,6,712,000002c8
EV,1,6,713,000002c9
EV,1,6,714,000002ca
EV,1,6,715,000002cb
EV,1,6,716,000002cc
EV,1,6,717,000002cd
EV,1,6,718,000002ce
EV,1,6,719,000002cf
EV,1,6,720,000002d0
EV,1,6,721,000002d1
EV,1,6,722,000002d2
EV,1,6,723,000002d3
EV,1,6,724,000002d4
EV,1,6,725,000002d5
EV,1,6,726,000002d6
EV,1,6,727,000002d7
EV,1,6,728,000002d8
EV,1,6,729,000002d9
EV,1,6,730,000002da
EV,1,6,731,000002db
EV,1,6,732,000002dc
EV,1,6,733,000002dd
EV,1,6,734,000002de
EV,1,6,735,000002df
EV,1,6,736,000002e0
EV,1,6,737,000002e1
EV,1,6,738,000002e2
EV,1,6,739,000002e3
EV,1,6,740,000002e4
EV,1,6,741,000002e5
EV,1,6,742,000002e6
EV,1,6,743,000002e7
EV,1,6,744,000002e8
EV,1,6,745,000002e9
EV,1,6,746,000002ea
EV,1,6,747,000002eb
EV,1,6,748,000002ec
EV,1,6,749,000002ed
EV,1,6,750,000002ee
EV,1,6,751,000002ef
EV,1,6,752,000002f0
EV,1,6,753,000002f1
EV,1,6,754,000002f2
EV,1,6,755,000002f3
EV,1,6,756,000002f4
EV,1,6,757,000002f5
EV,1,6,758,000002f6
EV,1,6,759,000002f7
EV,1,6,760,000002f8
EV,1,6,761,000002f9
EV,1,6,762,000002fa
EV,1,6,763,000002fb
EV,1,6,764,000002fc
EV,1,6,765,000002fd
EV,1,6,766,000002fe
EV,1,6,767,000002ff
EV,1,6,768,00000300
EV,1,6,769,00000301
EV,1,6,770,00000302
EV,1,6,771,00000303
EV,1,6,772,00000304
EV,1,6,773,00000305
EV,1,6,774,00000306
EV,1,6,775,00000307
EV,1,6,776,00000308
EV,1,6,777,00000309
EV,1,6,778,0000030a
EV,1,6,779,0000030b
EV,1,6,780,0000030c
EV,1,6,781,0000030d
EV,1,6,782,0000030e
EV,1,6,783,0000030f
EV,1,6,784,00000310
EV,1,6,785,00000311
EV,1,6,786,00000312
EV,1,6,787,00000313
EV,1,6,788,00000314
EV,1,6,789,00000315
EV,1,6,790,00000316
EV,1,6,791,00000317
EV,1,6,792,00000318
EV,1,6,793,00000319
EV,1,6,794,0000031a
EV,1,6,795,0000031b
EV,1,6,796,0000031c
EV,1,6,797,0000031d
EV,1,6,798,0000031e
EV,1,6,799,0000031f
EV,1,6,800,00000320
EV,1,6,801,00000321
EV,1,6,802,00000322
EV,1,6,803,00000323
EV,1,6,804,00000324
EV,1,6,805,00000325
EV,1,6,806,00000326
EV,1,6,807,00000327
EV,1,6,808,00000328
EV,1,6,809,00000329
EV,1,6,810,0000032a
EV,1,6,811,0000032b
EV,1,6,812,0000032c
EV,1,6,813,0000032d
EV,1,6,814,0000032e
EV,1,6,815,0000032f
EV,1,6,816,00000330
EV,1,6,817,00000331
EV,1,6,818,00000332
EV,1,6,819,00000333
EV,1,6,820,00000334
EV,1,6,821,00000335
EV,1,6,822,00000336
EV,1,6,823,00000337
EV,1,6,824,00000338
EV,1,6,825,00000339
EV,1,6,826,0000033a
EV,1,6,827,0000033b
EV,1,6,828,0000033c
EV,1,6,829,0000033d
EV,1,6,830,0000033e
EV,1,6,831,0000033f
EV,1,6,832,00000340
EV,1,6,833,00000341
EV,1,6,834,00000342
EV,1,6,835,00000343
EV,1,6,836,00000344
EV,1,6,837,00000345
EV,1,6,838,00000346
EV,1,6,839,00000347
EV,1,6,840,00000348
EV,1,6,841,00000349
EV,1,6,842,0000034a
EV,1,6,843,0000034b
EV,1,6,844,0000034c
EV,1,6,845,0000034d
EV,1,6,846,0000034e
EV,1,6,847,0000034f
EV,1,6,848,00000350
EV,1,6,849,00000351
EV,1,6,850,00000352
EV,1,6,851,00000353
EV,1,6,852,00000354
EV,1,6,853,00000355
EV,1,6,854,00000356
EV,1,6,855,00000357
EV,1,6,856,00000358
EV,1,6,857,00000359
EV,1,6,858,0000035a
EV,1,6,859,0000035b
EV,1,6,860,0000035c
EV,1,6,861,0000035d
EV,1,6,862,0000035e
EV,1,6,863,0000035f
EV,1,6,864,00000360
EV,1,6,865,00000361
EV,1,6,866,00000362
EV,1,6,867,00000363
EV,1,6,868,00000364
EV,1,6,869,00000365
EV,1,6,870,00000366
EV,1,6,871,00000367
EV,1,6,872,00000368
EV,1,6,873,00000369
EV,1,6,874,0000036a
EV,1,6,875,0000036b
EV,1,6,876,0000036c
EV,1,6,877,0000036d
EV,1,6,878,0000036e
EV,1,6,879,0000036f
EV,1,6,880,00000370
EV,1,6,881,00000371
EV,1,6,882,00000372
EV,1,6,883,00000373
EV,1,6,884,00000374
EV,1,6,885,00000375
EV,1,6,886,00000376
EV,1,6,887,00000377
EV,1,6,888,00000378
EV,1,6,889,00000379
EV,1,6,890,0000037a
EV,1,6,891,0000037b
EV,1,6,892,0000037c
EV,1,6,893,0000037d
EV,1,6,894,0000037e
EV,1,6,895,0000037f
EV,1,6,896,00000380
EV,1,6,897,00000381
EV,1,6,898,00000382
EV,1,6,899,00000383
EV,1,6,900,00000384
EV,1,6,901,00000385
EV,1,6,902,00000386
EV,1,6,903,00000387
EV,1,6,904,00000388
EV,1,6,905,00000389
EV,1,6,906,0000038a
EV,1,6,907,0000038b
EV,1,6,908,0000038c
EV,1,6,909,0000038d
EV,1,6,910,0000038e
EV,1,6,911,0000038f
EV,1,6,912,00000390
EV,1,6,913,00000391
EV,1,6,914,00000392
EV,1,6,915,00000393
EV,1,6,916,00000394
EV,1,6,917,00000395
EV,1,6,918,00000396
EV,1,6,919,00000397
EV,1,6,920,00000398
EV,1,6,921,00000399
EV,1,6,922,0000039a
EV,1,6,923,0000039b
EV,1,6,924,0000039c
EV,1,6,925,0000039d
EV,1,6,926,0000039e
EV,1,6,927,0000039f
EV,1,6,928,000003a0
EV,1,6,929,000003a1
EV,1,6,930,000003a2
EV,1,6,931,000003a3
EV,1,6,932,000003a4
EV,1,6,933,000003a5
EV,1,6,934,000003a6
EV,1,6,935,000003a7
EV,1,6,936,000003a8
EV,1,6,937,000003a9
EV,1,6,938,000003aa
EV,1,6,939,000003ab
EV,1,6,940,000003ac
EV,1,6,941,000003ad
EV,1,6,942,000003ae
EV,1,6,943,000003af
EV,1,6,944,000003b0
EV,1,6,945,000003b1
EV,1,6,946,000003b2
EV,1,6,947,000003b3
EV,1,6,948,000003b4
EV,1,6,949,000003b5
EV,1,6,950,000003b6
EV,1,6,951,000003b7
EV,1,6,952,000003b8
EV,1,6,953,000003b9
EV,1,6,954,000003ba
EV,1,6,955,000003bb
EV,1,6,956,000003bc
EV,1,6,957,000003bd
EV,1,6,958,000003be
EV,1,6,959,000003bf
EV,1,6,960,000003c0
EV,1,6,961,000003c1
EV,1,6,962,000003c2
EV,1,6,963,000003c3
EV,1,6,964,000003c4
EV,1,6,965,000003c5
EV,1,6,966,000003c6
EV,1,6,967,000003c7
EV,1,6,968,000003c8
EV,1,6,969,000003c9
EV,1,6,970,000003ca
EV,1,6,971,000003cb
EV,1,6,972,000003cc
EV,1,6,973,000003cd
EV,1,6,974,000003ce
EV,1,6,975,000003cf
EV,1,6,976,000003d0
EV,1,6,977,000003d1
EV,1,6,978,000003d2
EV,1,6,979,000003d3
EV,1,6,980,000003d4
EV,1,6,981,000003d5
EV,1,6,982,000003d6
EV,1,6,983,000003d7
EV,1,6,984,000003d8
EV,1,6,985,000003d9
EV,1,6,986,000003da
EV,1,6,987,000003db
EV,1,6,988,000003dc
EV,1,6,989,000003dd
EV,1,6,990,000003de
EV,1,6,991,000003df
EV,1,6,992,000003e0
EV,1,6,993,000003e1
EV,1,6,994,000003e2
EV,1,6,995,000003e3
EV,1,6,996,000003e4
EV,1,6,997,000003e5
EV,1,6,998,000003e6
EV,1,6,999,000003e7
EV,1,6,1000,000003e8
EV,1,6,1001,000003e9
EV,1,6,1002,000003ea
EV,1,6,1003,000003eb
EV,1,6,1004,000003ec
EV,1,6,1005,000003ed
EV,1,6,1006,000003ee
EV,1,6,1007,000003ef
EV,1,6,1008,000003f0
EV,1,6,1009,000003f1
EV,1,6,1010,000003f2
EV,1,6,1011,000003f3
EV,1,6,1012,000003f4
EV,1,6,1013,000003f5
EV,1,6,1014,000003f6
EV,1,6,1015,000003f7
EV,1,6,1016,000003f8
EV,1,6,1017,000003f9
EV,1,6,1018,000003fa
EV,1,6,1019,000003fb
EV,1,6,1020,000003fc
EV,1,6,1021,000003fd
EV,1,6,1022,000003fe
EV,1,6,1023,000003ff
EV,1,7,0,00000000
EV,1,7,1,00000001
EV,1,7,2,00000002
EV,1,7,3,00000003
EV,1,7,4,00000004
EV,1,7,5,00000005
EV,1,7,6,00000006
EV,1,7,7,00000007
EV,1,7,8,00000008
EV,1,7,9,00000009
EV,1,7,10,0000000a
EV,1,7,11,0000000b
EV,1,7,12,0000000c
EV,1,7,13,0000000d
EV,1,7,14,0000000e
EV,1,7,15,0000000f
EV,1,7,16,00000010
EV,1,7,17,00000011
EV,1,7,18,00000012
EV,1,7,19,00000013
EV,1,7,20,00000014
EV,1,7,21,00000015
EV,1,7,22,00000016
EV,1,7,23,00000017
EV,1,7,24,00000018
EV,1,7,25,00000019
EV,1,7,26,0000001a
EV,1,7,27,0000001b
EV,1,7,28,0000001c
EV,1,7,29,0000001d
EV,1,7,30,0000001e
EV,1,7,31,0000001f
EV,1,7,32,00000020
EV,1,7,33,00000021
EV,1,7,34,00000022
EV,1,7,35,00000023
EV,1,7,36,00000024
EV,1,7,37,00000025
EV,1,7,38,00000026
EV,1,7,39,00000027
EV,1,7,40,00000028
EV,1,7,41,00000029
EV,1,7,42,0000002a
EV,1,7,43,0000002b
EV,1,7,44,0000002c
EV,1,7,45,0000002d
EV,1,7,46,0000002e
EV,1,7,47,0000002f
EV,1,7,48,00000030
EV,1,7,49,00000031
EV,1,7,50,00000032
EV,1,7,51,00000033
EV,1,7,52,00000034
EV,1,7,53,00000035
EV,1,7,54,00000036
EV,1,7,55,00000037
EV,1,7,56,00000038
EV,1,7,57,00000039
EV,1,7,58,0000003a
EV,1,7,59,0000003b
EV,1,7,60,0000003c
EV,1,7,61,0000003d
EV,1,7,62,0000003e
EV,1,7,63,0000003f
EV,1,7,64,00000040
EV,1,7,65,00000041
EV,1,7,66,00000042
EV,1,7,67,00000043
EV,1,7,68,00000044
EV,1,7,69,00000045
EV,1,7,70,00000046
EV,1,7,71,00000047
EV,1,7,72,00000048
EV,1,7,73,00000049
EV,1,7,74,0000004a
EV,1,7,75,0000004b
EV,1,7,76,0000004c
EV,1,7,77,0000004d
EV,1,7,78,0000004e
EV,1,7,79,0000004f
EV,1,7,80,00000050
EV,1,7,81,00000051
EV,1,7,82,00000052
EV,1,7,83,00000053
EV,1,7,84,00000054
EV,1,7,85,00000055
EV,1,7,86,00000056
EV,1,7,87,00000057
EV,1,7,88,00000058
EV,1,7,89,00000059
EV,1,7,90,0000005a
EV,1,7,91,0000005b
EV,1,7,92,0000005c
EV,1,7,93,0000005d
EV,1,7,94,0000005e
EV,1,7,95,0000005f
EV,1,7,96,00000060
EV,1,7,97,00000061
EV,1,7,98,00000062
EV,1,7,99,00000063
EV,1,7,100,00000064
EV,1,7,101,00000065
EV,1,7,102,00000066
EV,1,7,103,00000067
EV,1,7,104,00000068
EV,1,7,105,00000069
EV,1,7,106,0000006a
EV,1,7,107,0000006b
EV,1,7,108,0000006c
EV,1,7,109,0000006d
EV,1,7,110,0000006e
EV,1,7,111,0000006f
EV,1,7,112,00000070
EV,1,7,113,00000071
EV,1,7,114,00000072
EV,1,7,115,00000073
EV,1,7,116,00000074
EV,1,7,117,00000075
EV,1,7,118,00000076
EV,1,7,119,00000077
EV,1,7,120,00000078
EV,1,7,121,00000079
EV,1,7,122,0000007a
EV,1,7,123,0000007b
EV,1,7,124,0000007c
EV,1,7,125,0000007d
EV,1,7,126,0000007e
EV,1,7,127,0000007f
EV,1,7,128,00000080
EV,1,7,129,00000081
EV,1,7,130,00000082
EV,1,7,131,00000083
EV,1,7,132,00000084
EV,1,7,133,00000085
EV,1,7,134,00000086
EV,1,7,135,00000087
EV,1,7,136,00000088
EV,1,7,137,00000089
EV,1,7,138,0000008a
EV,1,7,139,0000008b
EV,1,7,140,0000008c
EV,1,7,141,0000008d
EV,1,7,142,0000008e
EV,1,7,143,0000008f
EV,1,7,144,00000090
EV,1,7,145,00000091
EV,1,7,146,00000092
EV,1,7,147,00000093
EV,1,7,148,00000094
EV,1,7,149,00000095
EV,1,7,150,00000096
EV,1,7,151,00000097
EV,1,7,152,00000098
EV,1,7,153,00000099
EV,1,7,154,0000009a
EV,1,7,155,0000009b
EV,1,7,156,0000009c
EV,1,7,157,0000009d
EV,1,7,158,0000009e
EV,1,7,159,0000009f
EV,1,7,160,000000a0
EV,1,7,161,000000a1
EV,1,7,162,000000a2
EV,1,7,163,000000a3
EV,1,7,164,000000a4
EV,1,7,165,000000a5
EV,1,7,166,000000a6
EV,1,7,167,000000a7
EV,1,7,168,000000a8
EV,1,7,169,000000a9
EV,1,7,170,000000aa
EV,1,7,171,000000ab
EV,1,7,172,000000ac
EV,1,7,173,000000ad
EV,1,7,174,000000ae
EV,1,7,175,000000af
EV,1,7,176,000000b0
EV,1,7,177,000000b1
EV,1,7,178,000000b2
EV,1,7,179,000000b3
EV,1,7,180,000000b4
EV,1,7,181,000000b5
EV,1,7,182,000000b6
EV,1,7,183,000000b7
EV,1,7,184,000000b8
EV,1,7,185,000000b9
EV,1,7,186,000000ba
EV,1,7,187,000000bb
EV,1,7,188,000000bc
EV,1,7,189,000000bd
EV,1,7,190,000000be
EV,1,7,191,000000bf
EV,1,7,192,000000c0
EV,1,7,193,000000c1
EV,1,7,194,000000c2
EV,1,7,195,000000c3
EV,1,7,196,000000c4
EV,1,7,197,000000c5
EV,1,7,198,000000c6
EV,1,7,199,000000c7
EV,1,7,200,000000c8
EV,1,7,201,000000c9
EV,1,7,202,000000ca
EV,1,7,203,000000cb
EV,1,7,204,000000cc
EV,1,7,205,000000cd
EV,1,7,206,000000ce
EV,1,7,207,000000cf
EV,1,7,208,000000d0
EV,1,7,209,000000d1
EV,1,7,210,000000d2
EV,1,7,211,000000d3
EV,1,7,212,000000d4
EV,1,7,213,000000d5
EV,1,7,214,000000d6
EV,1,7,215,000000d7
EV,1,7,216,000000d8
EV,1,7,217,000000d9
EV,1,7,218,000000da
EV,1,7,219,000000db
EV,1,7,220,000000dc
EV,1,7,221,000000dd
EV,1,7,222,000000de
EV,1,7,223,000000df
EV,1,7,224,000000e0
EV,1,7,225,000000e1
EV,1,7,226,000000e2
EV,1,7,227,000000e3
EV,1,7,228,000000e4
EV,1,7,229,000000e5
EV,1,7,230,000000e6
EV,1,7,231,000000e7
EV,1,7,232,000000e8
EV,1,7,233,000000e9
EV,1,7,234,000000ea
EV,1,7,235,000000eb
EV,1,7,236,000000ec
EV,1,7,237,000000ed
EV,1,7,238,000000ee
EV,1,7,239,000000ef
EV,1,7,240,000000f0
EV,1,7,241,000000f1
EV,1,7,242,000000f2
EV,1,7,243,000000f3
EV,1,7,244,000000f4
EV,1,7,245,000000f5
EV,1,7,246,000000f6
EV,1,7,247,000000f7
EV,1,7,248,000000f8
EV,1,7,249,000000f9
EV,1,7,250,000000fa
EV,1,7,251,000000fb
EV,1,7,252,000000fc
EV,1,7,253,000000fd
EV,1,7,254,000000fe
EV,1,7,255,000000ff
EV,1,7,256,00000100
EV,1,7,257,00000101
EV,1,7,258,00000102
EV,1,7,259,00000103
EV,1,7,260,00000104
EV,1,7,261,00000105
EV,1,7,262,00000106
EV,1,7,263,00000107
EV,1,7,264,00000108
EV,1,7,265,00000109
EV,1,7,266,0000010a
EV,1,7,267,0000010b
EV,1,7,268,0000010c
EV,1,7,269,0000010d
EV,1,7,270,0000010e
EV,1,7,271,0000010f
EV,1,7,272,00000110
EV,1,7,273,00000111
EV,1,7,274,00000112
EV,1,7,275,00000113
EV,1,7,276,00000114
EV,1,7,277,00000115
EV,1,7,278,00000116
EV,1,7,279,00000117
EV,1,7,280,00000118
EV,1,7,281,00000119
EV,1,7,282,0000011a
EV,1,7,283,0000011b
EV,1,7,284,0000011c
EV,1,7,285,0000011d
EV,1,7,286,0000011e
EV,1,7,287,0000011f
EV,1,7,288,00000120
EV,1,7,289,00000121
EV,1,7,290,00000122
EV,1,7,291,00000123
EV,1,7,292,00000124
EV,1,7,293,00000125
EV,1,7,294,00000126
EV,1,7,295,00000127
EV,1,7,296,00000128
EV,1,7,297,00000129
EV,1,7,298,0000012a
EV,1,7,299,0000012b
EV,1,7,300,0000012c
EV,1,7,301,0000012d
EV,1,7,302,0000012e
EV,1,7,303,0000012f
EV,1,7,304,00000130
EV,1,7,305,00000131
EV,1,7,306,00000132
EV,1,7,307,00000133
EV,1,7,308,00000134
EV,1,7,309,00000135
EV,1,7,310,00000136
EV,1,7,311,00000137
EV,1,7,312,00000138
EV,1,7,313,00000139
EV,1,7,314,0000013a
EV,1,7,315,0000013b
EV,1,7,316,0000013c
EV,1,7,317,0000013d
EV,1,7,318,0000013e
EV,1,7,319,0000013f
EV,1,7,320,00000140
EV,1,7,321,00000141
EV,1,7,322,00000142
EV,1,7,323,00000143
EV,1,7,324,00000144
EV,1,7,325,00000145
EV,1,7,326,00000146
EV,1,7,327,00000147
EV,1,7,328,00000148
EV,1,7,329,00000149
EV,1,7,330,0000014a
EV,1,7,331,0000014b
EV,1,7,332,0000014c
EV,1,7,333,0000014d
EV,1,7,334,0000014e
EV,1,7,335,0000014f
EV,1,7,336,00000150
EV,1,7,337,00000151
EV,1,7,338,00000152
EV,1,7,339,00000153
EV,1,7,340,00000154
EV,1,7,341,00000155
EV,1,7,342,00000156
EV,1,7,343,00000157
EV,1,7,344,00000158
EV,1,7,345,00000159
EV,1,7,346,0000015a
EV,1,7,347,0000015b
EV,1,7,348,0000015c
EV,1,7,349,0000015d
EV,1,7,350,0000015e
EV,1,7,351,0000015f
EV,1,7,352,00000160
EV,1,7,353,00000161
EV,1,7,354,00000162
EV,1,7,355,00000163
EV,1,7,356,00000164
EV,1,7,357,00000165
EV,1,7,358,00000166
EV,1,7,359,00000167
EV,1,7,360,00000168
EV,1,7,361,00000169
EV,1,7,362,0000016a
EV,1,7,363,0000016b
EV,1,7,364,0000016c
EV,1,7,365,0000016d
EV,1,7,366,0000016e
EV,1,7,367,0000016f
EV,1,7,368,00000170
EV,1,7,369,00000171
EV,1,7,370,00000172
EV,1,7,371,00000173
EV,1,7,372,00000174
EV,1,7,373,00000175
EV,1,7,374,00000176
EV,1,7,375,00000177
EV,1,7,376,00000178
EV,1,7,377,00000179
EV,1,7,378,0000017a
EV,1,7,379,0000017b
EV,1,7,380,0000017c
EV,1,7,381,0000017d
EV,1,7,382,0000017e
EV,1,7,383,0000017f
EV,1,7,384,00000180
EV,1,7,385,00000181
EV,1,7,386,00000182
EV,1,7,387,00000183
EV,1,7,388,00000184
EV,1,7,389,00000185
EV,1,7,390,00000186
EV,1,7,391,00000187
EV,1,7,392,00000188
EV,1,7,393,00000189
EV,1,7,394,0000018a
EV,1,7,395,0000018b
EV,1,7,396,0000018c
EV,1,7,397,0000018d
EV,1,7,398,0000018e
EV,1,7,399,0000018f
EV,1,7,400,00000190
EV,1,7,401,00000191
EV,1,7,402,00000192
EV,1,7,403,00000193
EV,1,7,404,00000194
EV,1,7,405,00000195
EV,1,7,406,00000196
EV,1,7,407,00000197
EV,1,7,408,00000198
EV,1,7,409,00000199
EV,1,7,410,0000019a
EV,1,7,411,0000019b
EV,1,7,412,0000019c
EV,1,7,413,0000019d
EV,1,7,414,0000019e
EV,1,7,415,0000019f
EV,1,7,416,000001a0
EV,1,7,417,000001a1
EV,1,7,418,000001a2
EV,1,7,419,000001a3
EV,1,7,420,000001a4
EV,1,7,421,000001a5
EV,1,7,422,000001a6
EV,1,7,423,000001a7
EV,1,7,424,000001a8
EV,1,7,425,000001a9
EV,1,7,426,000001aa
EV,1,7,427,000001ab
EV,1,7,428,000001ac
EV,1,7,429,000001ad
EV,1,7,430,000001ae
EV,1,7,431,000001af
EV,1,7,432,000001b0
EV,1,7,433,000001b1
EV,1,7,434,000001b2
EV,1,7,435,000001b3
EV,1,7,436,000001b4
EV,1,7,437,000001b5
EV,1,7,438,000001b6
EV,1,7,439,000001b7
EV,1,7,440,000001b8
EV,1,7,441,000001b9
EV,1,7,442,000001ba
EV,1,7,443,000001bb
EV,1,7,444,000001bc
EV,1,7,445,000001bd
EV,1,7,446,000001be
EV,1,7,447,000001bf
EV,1,7,448,000001c0
EV,1,7,449,000001c1
EV,1,7,450,000001c2
EV,1,7,451,000001c3
EV,1,7,452,000001c4
EV,1,7,453,000001c5
EV,1,7,454,000001c6
EV,1,7,455,000001c7
EV,1,7,456,000001c8
EV,1,7,457,000001c9
EV,1,7,458,000001ca
EV,1,7,459,000001cb
EV,1,7,460,000001cc
EV,1,7,461,000001cd
EV,1,7,462,000001ce
EV,1,7,463,000001cf
EV,1,7,464,000001d0
EV,1,7,465,000001d1
EV,1,7,466,000001d2
EV,1,7,467,000001d3
EV,1,7,468,000001d4
EV,1,7,469,000001d5
EV,1,7,470,000001d6
EV,1,7,471,000001d7
EV,1,7,472,000001d8
EV,1,7,473,000001d9
EV,1,7,474,000001da
EV,1,7,475,000001db
EV,1,7,476,000001dc
EV,1,7,477,000001dd
EV,1,7,478,000001de
EV,1,7,479,000001df
EV,1,7,480,000001e0
EV,1,7,481,000001e1
EV,1,7,482,000001e2
EV,1,7,483,000001e3
EV,1,7,484,000001e4
EV,1,7,485,000001e5
EV,1,7,486,000001e6
EV,1,7,487,000001e7
EV,1,7,488,000001e8
EV,1,7,489,000001e9
EV,1,7,490,000001ea
EV,1,7,491,000001eb
EV,1,7,492,000001ec
EV,1,7,493,000001ed
EV,1,7,494,000001ee
EV,1,7,495,000001ef
EV,1,7,496,000001f0
EV,1,7,497,000001f1
EV,1,7,498,000001f2
EV,1,7,499,000001f3
EV,1,7,500,000001f4
EV,1,7,501,000001f5
EV,1,7,502,000001f6
EV,1,7,503,000001f7
EV,1,7,504,000001f8
EV,1,7,505,000001f9
EV,1,7,506,000001fa
EV,1,7,507,000001fb
EV,1,7,508,000001fc
EV,1,7,509,000001fd
EV,1,7,510,000001fe
EV,1,7,511,000001ff
EV,1,7,512,00000200
EV,1,7,513,00000201
EV,1,7,514,00000202
EV,1,7,515,00000203
EV,1,7,516,00000204
EV,1,7,517,00000205
EV,1,7,518,00000206
EV,1,7,519,00000207
EV,1,7,520,00000208
EV,1,7,521,00000209
EV,1,7,522,0000020a
EV,1,7,523,0000020b
EV,1,7,524,0000020c
EV,1,7,525,0000020d
EV,1,7,526,0000020e
EV,1,7,527,0000020f
EV,1,7,528,00000210
EV,1,7,529,00000211
EV,1,7,530,00000212
EV,1,7,531,00000213
EV,1,7,532,00000214
EV,1,7,533,00000215
EV,1,7,534,00000216
EV,1,7,535,00000217
EV,1,7,536,00000218
EV,1,7,537,00000219
EV,1,7,538,0000021a
EV,1,7,539,0000021b
EV,1,7,540,0000021c
EV,1,7,541,0000021d
EV,1,7,542,0000021e
EV,1,7,543,0000021f
EV,1,7,544,00000220
EV,1,7,545,00000221
EV,1,7,546,00000222
EV,1,7,547,00000223
EV,1,7,548,00000224
EV,1,7,549,00000225
EV,1,7,550,00000226
EV,1,7,551,00000227
EV,1,7,552,00000228
EV,1,7,553,00000229
EV,1,7,554,0000022a
EV,1,7,555,0000022b
EV,1,7,556,0000022c
EV,1,7,557,0000022d
EV,1,7,558,0000022e
EV,1,7,559,0000022f
EV,1,7,560,00000230
EV,1,7,561,00000231
EV,1,7,562,00000232
EV,1,7,563,00000233
EV,1,7,564,00000234
EV,1,7,565,00000235
EV,1,7,566,00000236
EV,1,7,567,00000237
EV,1,7,568,00000238
EV,1,7,569,00000239
EV,1,7,570,0000023a
EV,1,7,571,0000023b
EV,1,7,572,0000023c
EV,1,7,573,0000023d
EV,1,7,574,0000023e
EV,1,7,575,0000023f
EV,1,7,576,00000240
EV,1,7,577,00000241
EV,1,7,578,00000242
EV,1,7,579,00000243
EV,1,7,580,00000244
EV,1,7,581,00000245
EV,1,7,582,00000246
EV,1,7,583,00000247
EV,1,7,584,00000248
EV,1,7,585,00000249
EV,1,7,586,0000024a
EV,1,7,587,0000024b
EV,1,7,588,0000024c
EV,1,7,589,0000024d
EV,1,7,590,0000024e
EV,1,7,591,0000024f
EV,1,7,592,00000250
EV,1,7,593,00000251
EV,1,7,594,00000252
EV,1,7,595,00000253
EV,1,7,596,00000254
EV,1,7,597,00000255
EV,1,7,598,00000256
EV,1,7,599,00000257
EV,1,7,600,00000258
EV,1,7,601,00000259
EV,1,7,602,0000025a
EV,1,7,603,0000025b
EV,1,7,604,0000025c
EV,1,7,605,0000025d
EV,1,7,606,0000025e
EV,1,7,607,0000025f
EV,1,7,608,00000260
EV,1,7,609,00000261
EV,1,7,610,00000262
EV,1,7,611,00000263
EV,1,7,612,00000264
EV,1,7,613,00000265
EV,1,7,614,00000266
EV,1,7,615,00000267
EV,1,7,616,00000268
EV,1,7,617,00000269
EV,1,7,618,0000026a
EV,1,7,619,0000026b
EV,1,7,620,0000026c
EV,1,7,621,0000026d
EV,1,7,622,0000026e
EV,1,7,623,0000026f
EV,1,7,624,00000270
EV,1,7,625,00000271
EV,1,7,626,00000272
EV,1,7,627,00000273
EV,1,7,628,00000274
EV,1,7,629,00000275
EV,1,7,630,00000276
EV,1,7,631,00000277
EV,1,7,632,00000278
EV,1,7,633,00000279
EV,1,7,634,0000027a
EV,1,7,635,0000027b
EV,1,7,636,0000027c
EV,1,7,637,0000027d
EV,1,7,638,0000027e
EV,1,7,639,0000027f
EV,1,7,640,00000280
EV,1,7,641,00000281
EV,1,7,642,00000282
EV,1,7,643,00000283
EV,1,7,644,00000284
EV,1,7,645,00000285
EV,1,7,646,00000286
EV,1,7,647,00000287
EV,1,7,648,00000288
EV,1,7,649,00000289
EV,1,7,650,0000028a
EV,1,7,651,0000028b
EV,1,7,652,0000028c
EV,1,7,653,0000028d
EV,1,7,654,0000028e
EV,1,7,655,0000028f
EV,1,7,656,00000290
EV,1,7,657,00000291
EV,1,7,658,00000292
EV,1,7,659,00000293
EV,1,7,660,00000294
EV,1,7,661,00000295
EV,1,7,662,00000296
EV,1,7,663,00000297
EV,1,7,664,00000298
EV,1,7,665,00000299
EV,1,7,666,0000029a
EV,1,7,667,0000029b
EV,1,7,668,0000029c
EV,1,7,669,0000029d
EV,1,7,670,0000029e
EV,1,7,671,0000029f
EV,1,7,672,000002a0
EV,1,7,673,000002a1
EV,1,7,674,000002a2
EV,1,7,675,000002a3
EV,1,7,676,000002a4
EV,1,7,677,000002a5
EV,1,7,678,000002a6
EV,1,7,679,000002a7
EV,1,7,680,000002a8
EV,1,7,681,000002a9
EV,1,7,682,000002aa
EV,1,7,683,000002ab
EV,1,7,684,000002ac
EV,1,7,685,000002ad
EV,1,7,686,000002ae
EV,1,7,687,000002af
EV,1,7,688,000002b0
EV,1,7,689,000002b1
EV,1,7,690,000002b2
EV,1,7,691,000002b3
EV,1,7,692,000002b4
EV,1,7,693,000002b5
EV,1,7,694,000002b6
EV,1,7,695,000002b7
EV,1,7,696,000002b8
EV,1,7,697,000002b9
EV,1,7,698,000002ba
EV,1,7,699,000002bb
EV,1,7,700,000002bc
EV,1,7,701,000002bd
EV,1,7,702,000002be
EV,1,7,703,000002bf
EV,1,7,704,000002c0
EV,1,7,705,000002c1
EV,1,7,706,000002c2
EV,1,7,707,000002c3
EV,1,7,708,000002c4
EV,1,7,709,000002c5
EV,1,7,710,000002c6
EV,1,7,711,000002c7
EV,1,7,712,000002c8
EV,1,7,713,000002c9
EV,1,7,714,000002ca
EV,1,7,715,000002cb
EV,1,7,716,000002cc
EV,1,7,717,000002cd
EV,1,7,718,000002ce
EV,1,7,719,000002cf
EV,1,7,720,000002d0
EV,1,7,721,000002d1
EV,1,7,722,000002d2
EV,1,7,723,000002d3
EV,1,7,724,000002d4
EV,1,7,725,000002d5
EV,1,7,726,000002d6
EV,1,7,727,000002d7
EV,1,7,728,000002d8
EV,1,7,729,000002d9
EV,1,7,730,000002da
EV,1,7,731,000002db
EV,1,7,732,000002dc
EV,1,7,733,000002dd
EV,1,7,734,000002de
EV,1,7,735,000002df
EV,1,7,736,000002e0
EV,1,7,737,000002e1
EV,1,7,738,000002e2
EV,1,7,739,000002e3
EV,1,7,740,000002e4
EV,1,7,741,000002e5
EV,1,7,742,000002e6
EV,1,7,743,000002e7
EV,1,7,744,000002e8
EV,1,7,745,000002e9
EV,1,7,746,000002ea
EV,1,7,747,000002eb
EV,1,7,748,000002ec
EV,1,7,749,000002ed
EV,1,7,750,000002ee
EV,1,7,751,000002ef
EV,1,7,752,000002f0
EV,1,7,753,000002f1
EV,1,7,754,000002f2
EV,1,7,755,000002f3
EV,1,7,756,000002f4
EV,1,7,757,000002f5
EV,1,7,758,000002f6
EV,1,7,759,000002f7
EV,1,7,760,000002f8
EV,1,7,761,000002f9
EV,1,7,762,000002fa
EV,1,7,763,000002fb
EV,1,7,764,000002fc
EV,1,7,765,000002fd
EV,1,7,766,000002fe
EV,1,7,767,000002ff
EV,1,7,768,00000300
EV,1,7,769,00000301
EV,1,7,770,00000302
EV,1,7,771,00000303
EV,1,7,772,00000304
EV,1,7,773,00000305
EV,1,7,774,00000306
EV,1,7,775,00000307
EV,1,7,776,00000308
EV,1,7,777,00000309
EV,1,7,778,0000030a
EV,1,7,779,0000030b
EV,1,7,780,0000030c
EV,1,7,781,0000030d
EV,1,7,782,0000030e
EV,1,7,783,0000030f
EV,1,7,784,00000310
EV,1,7,785,00000311
EV,1,7,786,00000312
EV,1,7,787,00000313
EV,1,7,788,00000314
EV,1,7,789,00000315
EV,1,7,790,00000316
EV,1,7,791,00000317
EV,1,7,792,00000318
EV,1,7,793,00000319
EV,1,7,794,0000031a
EV,1,7,795,0000031b
EV,1,7,796,0000031c
EV,1,7,797,0000031d
EV,1,7,798,0000031e
EV,1,7,799,0000031f
EV,1,7,800,00000320
EV,1,7,801,00000321
EV,1,7,802,00000322
EV,1,7,803,00000323
EV,1,7,804,00000324
EV,1,7,805,00000325
EV,1,7,806,00000326
EV,1,7,807,00000327
EV,1,7,808,00000328
EV,1,7,809,00000329
EV,1,7,810,0000032a
EV,1,7,811,0000032b
EV,1,7,812,0000032c
EV,1,7,813,0000032d
EV,1,7,814,0000032e
EV,1,7,815,0000032f
EV,1,7,816,00000330
EV,1,7,817,00000331
EV,1,7,818,00000332
EV,1,7,819,00000333
EV,1,7,820,00000334
EV,1,7,821,00000335
EV,1,7,822,00000336
EV,1,7,823,00000337
EV,1,7,824,00000338
EV,1,7,825,00000339
EV,1,7,826,0000033a
EV,1,7,827,0000033b
EV,1,7,828,0000033c
EV,1,7,829,0000033d
EV,1,7,830,0000033e
EV,1,7,831,0000033f
EV,1,7,832,00000340
EV,1,7,833,00000341
EV,1,7,834,00000342
EV,1,7,835,00000343
EV,1,7,836,00000344
EV,1,7,837,00000345
EV,1,7,838,00000346
EV,1,7,839,00000347
EV,1,7,840,00000348
EV,1,7,841,00000349
EV,1,7,842,0000034a
EV,1,7,843,0000034b
EV,1,7,844,0000034c
EV,1,7,845,0000034d
EV,1,7,846,0000034e
EV,1,7,847,0000034f
EV,1,7,848,00000350
EV,1,7,849,00000351
EV,1,7,850,00000352
EV,1,7,851,00000353
EV,1,7,852,00000354
EV,1,7,853,00000355
EV,1,7,854,00000356
EV,1,7,855,00000357
EV,1,7,856,00000358
EV,1,7,857,00000359
EV,1,7,858,0000035a
EV,1,7,859,0000035b
EV,1,7,860,0000035c
EV,1,7,861,0000035d
EV,1,7,862,0000035e
EV,1,7,863,0000035f
EV,1,7,864,00000360
EV,1,7,865,00000361
EV,1,7,866,00000362
EV,1,7,867,00000363
EV,1,7,868,00000364
EV,1,7,869,00000365
EV,1,7,870,00000366
EV,1,7,871,00000367
EV,1,7,872,00000368
EV,1,7,873,00000369
EV,1,7,874,0000036a
EV,1,7,875,0000036b
EV,1,7,876,0000036c
EV,1,7,877,0000036d
EV,1,7,878,0000036e
EV,1,7,879,0000036f
EV,1,7,880,00000370
EV,1,7,881,00000371
EV,1,7,882,00000372
EV,1,7,883,00000373
EV,1,7,884,00000374
EV,1,7,885,00000375
EV,1,7,886,00000376
EV,1,7,887,00000377
EV,1,7,888,00000378
EV,1,7,889,00000379
EV,1,7,890,0000037a
EV,1,7,891,0000037b
EV,1,7,892,0000037c
EV,1,7,893,0000037d
EV,1,7,894,0000037e
EV,1,7,895,0000037f
EV,1,7,896,00000380
EV,1,7,897,00000381
EV,1,7,898,00000382
EV,1,7,899,00000383
EV,1,7,900,00000384
EV,1,7,901,00000385
EV,1,7,902,00000386
EV,1,7,903,00000387
EV,1,7,904,00000388
EV,1,7,905,00000389
EV,1,7,906,0000038a
EV,1,7,907,0000038b
EV,1,7,908,0000038c
EV,1,7,909,0000038d
EV,1,7,910,0000038e
EV,1,7,911,0000038f
EV,1,7,912,00000390
EV,1,7,913,00000391
EV,1,7,914,00000392
EV,1,7,915,00000393
EV,1,7,916,00000394
EV,1,7,917,00000395
EV,1,7,918,00000396
EV,1,7,919,00000397
EV,1,7,920,00000398
EV,1,7,921,00000399
EV,1,7,922,0000039a
EV,1,7,923,0000039b
EV,1,7,924,0000039c
EV,1,7,925,0000039d
EV,1,7,926,0000039e
EV,1,7,927,0000039f
EV,1,7,928,000003a0
EV,1,7,929,000003a1
EV,1,7,930,000003a2
EV,1,7,931,000003a3
EV,1,7,932,000003a4
EV,1,7,933,000003a5
EV,1,7,934,000003a6
EV,1,7,935,000003a7
EV,1,7,936,000003a8
EV,1,7,937,000003a9
EV,1,7,938,000003aa
EV,1,7,939,000003ab
EV,1,7,940,000003ac
EV,1,7,941,000003ad
EV,1,7,942,000003ae
EV,1,7,943,000003af
EV,1,7,944,000003b0
EV,1,7,945,000003b1
EV,1,7,946,000003b2
EV,1,7,947,000003b3
EV,1,7,948,000003b4
EV,1,7,949,000003b5
EV,1,7,950,000003b6
EV,1,7,951,000003b7
EV,1,7,952,000003b8
EV,1,7,953,000003b9
EV,1,7,954,000003ba
EV,1,7,955,000003bb
EV,1,7,956,000003bc
EV,1,7,957,000003bd
EV,1,7,958,000003be
EV,1,7,959,000003bf
EV,1,7,960,000003c0
EV,1,7,961,000003c1
EV,1,7,962,000003c2
EV,1,7,963,000003c3
EV,1,7,964,000003c4
EV,1,7,965,000003c5
EV,1,7,966,000003c6
EV,1,7,967,000003c7
EV,1,7,968,000003c8
EV,1,7,969,000003c9
EV,1,7,970,000003ca
EV,1,7,971,000003cb
EV,1,7,972,000003cc
EV,1,7,973,000003cd
EV,1,7,974,000003ce
EV,1,7,975,000003cf
EV,1,7,976,000003d0
EV,1,7,977,000003d1
EV,1,7,978,000003d2
EV,1,7,979,000003d3
EV,1,7,980,000003d4
EV,1,7,981,000003d5
EV,1,7,982,000003d6
EV,1,7,983,000003d7
EV,1,7,984,000003d8
EV,1,7,985,000003d9
EV,1,7,986,000003da
EV,1,7,987,000003db
EV,1,7,988,000003dc
EV,1,7,989,000003dd
EV,1,7,990,000003de
EV,1,7,991,000003df
EV,1,7,992,000003e0
EV,1,7,993,000003e1
EV,1,7,994,000003e2
EV,1,7,995,000003e3
EV,1,7,996,000003e4
EV,1,7,997,000003e5
EV,1,7,998,000003e6
EV,1,7,999,000003e7
EV,1,7,1000,000003e8
EV,1,7,1001,000003e9
EV,1,7,1002,000003ea
EV,1,7,1003,000003eb
EV,1,7,1004,000003ec
EV,1,7,1005,000003ed
EV,1,7,1006,000003ee
EV,1,7,1007,000003ef
EV,1,7,1008,000003f0
EV,1,7,1009,000003f1
EV,1,7,1010,000003f2
EV,1,7,1011,000003f3
EV,1,7,1012,000003f4
EV,1,7,1013,000003f5
EV,1,7,1014,000003f6
EV,1,7,1015,000003f7
EV,1,7,1016,000003f8
EV,1,7,1017,000003f9
EV,1,7,1018,000003fa
EV,1,7,1019,000003fb
EV,1,7,1020,000003fc
EV,1,7,1021,000003fd
EV,1,7,1022,000003fe
EV,1,7,1023,000003ff
EVSWEEP-END,9216,3bc837e4
